,mean_fit_time,std_fit_time,mean_score_time,std_score_time,param_scaler__scaler_name,param_outlier_remover__threshold,param_outlier_remover__outlier_method,param_outlier_remover__n_neighbors,param_outlier_remover__metric_LOF,param_outlier_remover__max_samples_IF,param_outlier_remover__estimators_IF,param_outlier_remover__contamination_LOF,param_outlier_remover__contamination_IF,param_imputer__simple_strategy_num,param_imputer__knn_scaling_method,param_imputer__knn_neighbors,param_imputer__iterative_max_iter,param_imputer__imputation_method,params,split0_test_score,mean_test_score,std_test_score,rank_test_score
0,2.3528661727905273,0.0,4.77677583694458,0.0,standard,4.0,LOF,20,minkowski,0.7,200,0.01,0.5,median,robust,15,20,simple,"{'scaler__scaler_name': 'standard', 'outlier_remover__threshold': 4, 'outlier_remover__outlier_method': 'LOF', 'outlier_remover__n_neighbors': 20, 'outlier_remover__metric_LOF': 'minkowski', 'outlier_remover__max_samples_IF': 0.7, 'outlier_remover__estimators_IF': 200, 'outlier_remover__contamination_LOF': 0.01, 'outlier_remover__contamination_IF': 0.5, 'imputer__simple_strategy_num': 'median', 'imputer__knn_scaling_method': 'robust', 'imputer__knn_neighbors': 15, 'imputer__iterative_max_iter': 20, 'imputer__imputation_method': 'simple'}",-0.8524733452107515,-0.8524733452107515,0.0,135
1,4.910153865814209,0.0,6.900380849838257,0.0,robust,2.0,LOF,90,euclidean,0.7,200,0.3,0.25,median,minmax,26,50,iterative,"{'scaler__scaler_name': 'robust', 'outlier_remover__threshold': 2, 'outlier_remover__outlier_method': 'LOF', 'outlier_remover__n_neighbors': 90, 'outlier_remover__metric_LOF': 'euclidean', 'outlier_remover__max_samples_IF': 0.7, 'outlier_remover__estimators_IF': 200, 'outlier_remover__contamination_LOF': 0.3, 'outlier_remover__contamination_IF': 0.25, 'imputer__simple_strategy_num': 'median', 'imputer__knn_scaling_method': 'minmax', 'imputer__knn_neighbors': 26, 'imputer__iterative_max_iter': 50, 'imputer__imputation_method': 'iterative'}",-0.31143646525332624,-0.31143646525332624,0.0,45
2,8.792964696884155,0.0,9.366828203201294,0.0,robust,4.0,LOF,70,manhattan,1.0,100,0.25,0.1,mean,standard,5,5,iterative,"{'scaler__scaler_name': 'robust', 'outlier_remover__threshold': 4, 'outlier_remover__outlier_method': 'LOF', 'outlier_remover__n_neighbors': 70, 'outlier_remover__metric_LOF': 'manhattan', 'outlier_remover__max_samples_IF': 1.0, 'outlier_remover__estimators_IF': 100, 'outlier_remover__contamination_LOF': 0.25, 'outlier_remover__contamination_IF': 0.1, 'imputer__simple_strategy_num': 'mean', 'imputer__knn_scaling_method': 'standard', 'imputer__knn_neighbors': 5, 'imputer__iterative_max_iter': 5, 'imputer__imputation_method': 'iterative'}",-0.4022070278820375,-0.4022070278820375,0.0,58
3,2.9896597862243652,0.0,1.9612140655517578,0.0,standard,4.0,z_score,70,chebyshev,0.5,50,0.03,0.15,median,minmax,19,10,iterative,"{'scaler__scaler_name': 'standard', 'outlier_remover__threshold': 4, 'outlier_remover__outlier_method': 'z_score', 'outlier_remover__n_neighbors': 70, 'outlier_remover__metric_LOF': 'chebyshev', 'outlier_remover__max_samples_IF': 0.5, 'outlier_remover__estimators_IF': 50, 'outlier_remover__contamination_LOF': 0.03, 'outlier_remover__contamination_IF': 0.15, 'imputer__simple_strategy_num': 'median', 'imputer__knn_scaling_method': 'minmax', 'imputer__knn_neighbors': 19, 'imputer__iterative_max_iter': 10, 'imputer__imputation_method': 'iterative'}",-1.0,-1.0,0.0,136
4,0.5075640678405762,0.0,0.5633149147033691,0.0,standard,2.0,z_score,90,minkowski,auto,200,0.03,0.05,median,standard,3,20,simple,"{'scaler__scaler_name': 'standard', 'outlier_remover__threshold': 2, 'outlier_remover__outlier_method': 'z_score', 'outlier_remover__n_neighbors': 90, 'outlier_remover__metric_LOF': 'minkowski', 'outlier_remover__max_samples_IF': 'auto', 'outlier_remover__estimators_IF': 200, 'outlier_remover__contamination_LOF': 0.03, 'outlier_remover__contamination_IF': 0.05, 'imputer__simple_strategy_num': 'median', 'imputer__knn_scaling_method': 'standard', 'imputer__knn_neighbors': 3, 'imputer__iterative_max_iter': 20, 'imputer__imputation_method': 'simple'}",-1.0,-1.0,0.0,136
5,2.3247997760772705,0.0,5.101712226867676,0.0,minmax,3.0,Isolation_Forest,20,manhattan,0.5,50,0.25,0.15,mean,minmax,21,20,iterative,"{'scaler__scaler_name': 'minmax', 'outlier_remover__threshold': 3, 'outlier_remover__outlier_method': 'Isolation_Forest', 'outlier_remover__n_neighbors': 20, 'outlier_remover__metric_LOF': 'manhattan', 'outlier_remover__max_samples_IF': 0.5, 'outlier_remover__estimators_IF': 50, 'outlier_remover__contamination_LOF': 0.25, 'outlier_remover__contamination_IF': 0.15, 'imputer__simple_strategy_num': 'mean', 'imputer__knn_scaling_method': 'minmax', 'imputer__knn_neighbors': 21, 'imputer__iterative_max_iter': 20, 'imputer__imputation_method': 'iterative'}",-0.5828511541106689,-0.5828511541106689,0.0,84
6,7.215707778930664,0.0,7.364799976348877,0.0,standard,2.0,z_score,90,minkowski,0.7,150,0.01,0.03,median,robust,12,10,knn,"{'scaler__scaler_name': 'standard', 'outlier_remover__threshold': 2, 'outlier_remover__outlier_method': 'z_score', 'outlier_remover__n_neighbors': 90, 'outlier_remover__metric_LOF': 'minkowski', 'outlier_remover__max_samples_IF': 0.7, 'outlier_remover__estimators_IF': 150, 'outlier_remover__contamination_LOF': 0.01, 'outlier_remover__contamination_IF': 0.03, 'imputer__simple_strategy_num': 'median', 'imputer__knn_scaling_method': 'robust', 'imputer__knn_neighbors': 12, 'imputer__iterative_max_iter': 10, 'imputer__imputation_method': 'knn'}",-1.0,-1.0,0.0,136
7,0.773129940032959,0.0,3.6273891925811768,0.0,robust,3.0,Isolation_Forest,90,chebyshev,auto,100,0.1,0.05,median,robust,29,50,simple,"{'scaler__scaler_name': 'robust', 'outlier_remover__threshold': 3, 'outlier_remover__outlier_method': 'Isolation_Forest', 'outlier_remover__n_neighbors': 90, 'outlier_remover__metric_LOF': 'chebyshev', 'outlier_remover__max_samples_IF': 'auto', 'outlier_remover__estimators_IF': 100, 'outlier_remover__contamination_LOF': 0.1, 'outlier_remover__contamination_IF': 0.05, 'imputer__simple_strategy_num': 'median', 'imputer__knn_scaling_method': 'robust', 'imputer__knn_neighbors': 29, 'imputer__iterative_max_iter': 50, 'imputer__imputation_method': 'simple'}",-0.6728612436865079,-0.6728612436865079,0.0,100
8,6.9793171882629395,0.0,9.12076187133789,0.0,minmax,4.0,LOF,20,manhattan,0.7,150,0.5,0.5,median,standard,27,10,iterative,"{'scaler__scaler_name': 'minmax', 'outlier_remover__threshold': 4, 'outlier_remover__outlier_method': 'LOF', 'outlier_remover__n_neighbors': 20, 'outlier_remover__metric_LOF': 'manhattan', 'outlier_remover__max_samples_IF': 0.7, 'outlier_remover__estimators_IF': 150, 'outlier_remover__contamination_LOF': 0.5, 'outlier_remover__contamination_IF': 0.5, 'imputer__simple_strategy_num': 'median', 'imputer__knn_scaling_method': 'standard', 'imputer__knn_neighbors': 27, 'imputer__iterative_max_iter': 10, 'imputer__imputation_method': 'iterative'}",0.024038165853059908,0.024038165853059908,0.0,20
9,1.808272123336792,0.0,2.0902609825134277,0.0,standard,4.0,z_score,10,chebyshev,auto,200,0.25,0.05,mean,standard,27,20,iterative,"{'scaler__scaler_name': 'standard', 'outlier_remover__threshold': 4, 'outlier_remover__outlier_method': 'z_score', 'outlier_remover__n_neighbors': 10, 'outlier_remover__metric_LOF': 'chebyshev', 'outlier_remover__max_samples_IF': 'auto', 'outlier_remover__estimators_IF': 200, 'outlier_remover__contamination_LOF': 0.25, 'outlier_remover__contamination_IF': 0.05, 'imputer__simple_strategy_num': 'mean', 'imputer__knn_scaling_method': 'standard', 'imputer__knn_neighbors': 27, 'imputer__iterative_max_iter': 20, 'imputer__imputation_method': 'iterative'}",-1.0,-1.0,0.0,136
10,8.056354761123657,0.0,10.893712043762207,0.0,standard,4.0,Isolation_Forest,30,chebyshev,0.5,150,0.25,0.01,median,standard,24,5,knn,"{'scaler__scaler_name': 'standard', 'outlier_remover__threshold': 4, 'outlier_remover__outlier_method': 'Isolation_Forest', 'outlier_remover__n_neighbors': 30, 'outlier_remover__metric_LOF': 'chebyshev', 'outlier_remover__max_samples_IF': 0.5, 'outlier_remover__estimators_IF': 150, 'outlier_remover__contamination_LOF': 0.25, 'outlier_remover__contamination_IF': 0.01, 'imputer__simple_strategy_num': 'median', 'imputer__knn_scaling_method': 'standard', 'imputer__knn_neighbors': 24, 'imputer__iterative_max_iter': 5, 'imputer__imputation_method': 'knn'}",-0.8053521732670554,-0.8053521732670554,0.0,129
11,5.006924152374268,0.0,7.699113845825195,0.0,standard,3.0,LOF,50,manhattan,1.0,100,0.15,0.25,median,minmax,7,5,simple,"{'scaler__scaler_name': 'standard', 'outlier_remover__threshold': 3, 'outlier_remover__outlier_method': 'LOF', 'outlier_remover__n_neighbors': 50, 'outlier_remover__metric_LOF': 'manhattan', 'outlier_remover__max_samples_IF': 1.0, 'outlier_remover__estimators_IF': 100, 'outlier_remover__contamination_LOF': 0.15, 'outlier_remover__contamination_IF': 0.25, 'imputer__simple_strategy_num': 'median', 'imputer__knn_scaling_method': 'minmax', 'imputer__knn_neighbors': 7, 'imputer__iterative_max_iter': 5, 'imputer__imputation_method': 'simple'}",-0.5337560456482572,-0.5337560456482572,0.0,69
12,7.802466154098511,0.0,11.39388108253479,0.0,standard,4.0,LOF,70,minkowski,1.0,150,0.03,0.03,mean,standard,17,5,knn,"{'scaler__scaler_name': 'standard', 'outlier_remover__threshold': 4, 'outlier_remover__outlier_method': 'LOF', 'outlier_remover__n_neighbors': 70, 'outlier_remover__metric_LOF': 'minkowski', 'outlier_remover__max_samples_IF': 1.0, 'outlier_remover__estimators_IF': 150, 'outlier_remover__contamination_LOF': 0.03, 'outlier_remover__contamination_IF': 0.03, 'imputer__simple_strategy_num': 'mean', 'imputer__knn_scaling_method': 'standard', 'imputer__knn_neighbors': 17, 'imputer__iterative_max_iter': 5, 'imputer__imputation_method': 'knn'}",-0.7561101900939109,-0.7561101900939109,0.0,112
13,1.643559217453003,0.0,1.8317947387695312,0.0,robust,2.0,z_score,50,manhattan,0.5,200,0.05,0.25,mean,robust,26,20,iterative,"{'scaler__scaler_name': 'robust', 'outlier_remover__threshold': 2, 'outlier_remover__outlier_method': 'z_score', 'outlier_remover__n_neighbors': 50, 'outlier_remover__metric_LOF': 'manhattan', 'outlier_remover__max_samples_IF': 0.5, 'outlier_remover__estimators_IF': 200, 'outlier_remover__contamination_LOF': 0.05, 'outlier_remover__contamination_IF': 0.25, 'imputer__simple_strategy_num': 'mean', 'imputer__knn_scaling_method': 'robust', 'imputer__knn_neighbors': 26, 'imputer__iterative_max_iter': 20, 'imputer__imputation_method': 'iterative'}",-1.0,-1.0,0.0,136
14,11.37149691581726,0.0,14.41903305053711,0.0,standard,2.5,LOF,10,manhattan,0.5,150,0.3,0.1,median,robust,8,20,knn,"{'scaler__scaler_name': 'standard', 'outlier_remover__threshold': 2.5, 'outlier_remover__outlier_method': 'LOF', 'outlier_remover__n_neighbors': 10, 'outlier_remover__metric_LOF': 'manhattan', 'outlier_remover__max_samples_IF': 0.5, 'outlier_remover__estimators_IF': 150, 'outlier_remover__contamination_LOF': 0.3, 'outlier_remover__contamination_IF': 0.1, 'imputer__simple_strategy_num': 'median', 'imputer__knn_scaling_method': 'robust', 'imputer__knn_neighbors': 8, 'imputer__iterative_max_iter': 20, 'imputer__imputation_method': 'knn'}",-0.3218999371879297,-0.3218999371879297,0.0,48
15,1.7457959651947021,0.0,1.962040901184082,0.0,robust,2.5,z_score,5,chebyshev,0.5,200,0.3,0.1,mean,minmax,4,20,iterative,"{'scaler__scaler_name': 'robust', 'outlier_remover__threshold': 2.5, 'outlier_remover__outlier_method': 'z_score', 'outlier_remover__n_neighbors': 5, 'outlier_remover__metric_LOF': 'chebyshev', 'outlier_remover__max_samples_IF': 0.5, 'outlier_remover__estimators_IF': 200, 'outlier_remover__contamination_LOF': 0.3, 'outlier_remover__contamination_IF': 0.1, 'imputer__simple_strategy_num': 'mean', 'imputer__knn_scaling_method': 'minmax', 'imputer__knn_neighbors': 4, 'imputer__iterative_max_iter': 20, 'imputer__imputation_method': 'iterative'}",-1.0,-1.0,0.0,136
16,6.547161102294922,0.0,7.435142993927002,0.0,robust,2.5,z_score,30,minkowski,auto,50,0.3,0.05,mean,robust,21,50,knn,"{'scaler__scaler_name': 'robust', 'outlier_remover__threshold': 2.5, 'outlier_remover__outlier_method': 'z_score', 'outlier_remover__n_neighbors': 30, 'outlier_remover__metric_LOF': 'minkowski', 'outlier_remover__max_samples_IF': 'auto', 'outlier_remover__estimators_IF': 50, 'outlier_remover__contamination_LOF': 0.3, 'outlier_remover__contamination_IF': 0.05, 'imputer__simple_strategy_num': 'mean', 'imputer__knn_scaling_method': 'robust', 'imputer__knn_neighbors': 21, 'imputer__iterative_max_iter': 50, 'imputer__imputation_method': 'knn'}",-1.0,-1.0,0.0,136
17,0.4032900333404541,0.0,0.4712529182434082,0.0,robust,2.5,z_score,50,minkowski,1.0,150,0.05,0.3,mean,minmax,3,5,simple,"{'scaler__scaler_name': 'robust', 'outlier_remover__threshold': 2.5, 'outlier_remover__outlier_method': 'z_score', 'outlier_remover__n_neighbors': 50, 'outlier_remover__metric_LOF': 'minkowski', 'outlier_remover__max_samples_IF': 1.0, 'outlier_remover__estimators_IF': 150, 'outlier_remover__contamination_LOF': 0.05, 'outlier_remover__contamination_IF': 0.3, 'imputer__simple_strategy_num': 'mean', 'imputer__knn_scaling_method': 'minmax', 'imputer__knn_neighbors': 3, 'imputer__iterative_max_iter': 5, 'imputer__imputation_method': 'simple'}",-1.0,-1.0,0.0,136
18,1.0277822017669678,0.0,3.943866729736328,0.0,robust,3.0,Isolation_Forest,100,chebyshev,0.7,100,0.3,0.15,mean,standard,19,50,simple,"{'scaler__scaler_name': 'robust', 'outlier_remover__threshold': 3, 'outlier_remover__outlier_method': 'Isolation_Forest', 'outlier_remover__n_neighbors': 100, 'outlier_remover__metric_LOF': 'chebyshev', 'outlier_remover__max_samples_IF': 0.7, 'outlier_remover__estimators_IF': 100, 'outlier_remover__contamination_LOF': 0.3, 'outlier_remover__contamination_IF': 0.15, 'imputer__simple_strategy_num': 'mean', 'imputer__knn_scaling_method': 'standard', 'imputer__knn_neighbors': 19, 'imputer__iterative_max_iter': 50, 'imputer__imputation_method': 'simple'}",-0.2504646579579508,-0.2504646579579508,0.0,30
19,9.201103925704956,0.0,11.568430185317993,0.0,standard,3.0,Isolation_Forest,20,chebyshev,0.7,200,0.5,0.5,median,robust,6,10,knn,"{'scaler__scaler_name': 'standard', 'outlier_remover__threshold': 3, 'outlier_remover__outlier_method': 'Isolation_Forest', 'outlier_remover__n_neighbors': 20, 'outlier_remover__metric_LOF': 'chebyshev', 'outlier_remover__max_samples_IF': 0.7, 'outlier_remover__estimators_IF': 200, 'outlier_remover__contamination_LOF': 0.5, 'outlier_remover__contamination_IF': 0.5, 'imputer__simple_strategy_num': 'median', 'imputer__knn_scaling_method': 'robust', 'imputer__knn_neighbors': 6, 'imputer__iterative_max_iter': 10, 'imputer__imputation_method': 'knn'}",0.1294559558563374,0.1294559558563374,0.0,11
20,1.8251111507415771,0.0,1.5109000205993652,0.0,standard,3.0,z_score,10,manhattan,0.5,100,0.05,0.25,mean,robust,5,50,iterative,"{'scaler__scaler_name': 'standard', 'outlier_remover__threshold': 3, 'outlier_remover__outlier_method': 'z_score', 'outlier_remover__n_neighbors': 10, 'outlier_remover__metric_LOF': 'manhattan', 'outlier_remover__max_samples_IF': 0.5, 'outlier_remover__estimators_IF': 100, 'outlier_remover__contamination_LOF': 0.05, 'outlier_remover__contamination_IF': 0.25, 'imputer__simple_strategy_num': 'mean', 'imputer__knn_scaling_method': 'robust', 'imputer__knn_neighbors': 5, 'imputer__iterative_max_iter': 50, 'imputer__imputation_method': 'iterative'}",-1.0,-1.0,0.0,136
21,2.6958870887756348,0.0,5.44279408454895,0.0,minmax,3.0,Isolation_Forest,10,minkowski,auto,50,0.01,0.5,mean,minmax,25,10,iterative,"{'scaler__scaler_name': 'minmax', 'outlier_remover__threshold': 3, 'outlier_remover__outlier_method': 'Isolation_Forest', 'outlier_remover__n_neighbors': 10, 'outlier_remover__metric_LOF': 'minkowski', 'outlier_remover__max_samples_IF': 'auto', 'outlier_remover__estimators_IF': 50, 'outlier_remover__contamination_LOF': 0.01, 'outlier_remover__contamination_IF': 0.5, 'imputer__simple_strategy_num': 'mean', 'imputer__knn_scaling_method': 'minmax', 'imputer__knn_neighbors': 25, 'imputer__iterative_max_iter': 10, 'imputer__imputation_method': 'iterative'}",0.25554066647934903,0.25554066647934903,0.0,2
22,1.009221076965332,0.0,3.6412699222564697,0.0,minmax,2.5,Isolation_Forest,20,manhattan,0.7,50,0.1,0.25,mean,minmax,22,10,simple,"{'scaler__scaler_name': 'minmax', 'outlier_remover__threshold': 2.5, 'outlier_remover__outlier_method': 'Isolation_Forest', 'outlier_remover__n_neighbors': 20, 'outlier_remover__metric_LOF': 'manhattan', 'outlier_remover__max_samples_IF': 0.7, 'outlier_remover__estimators_IF': 50, 'outlier_remover__contamination_LOF': 0.1, 'outlier_remover__contamination_IF': 0.25, 'imputer__simple_strategy_num': 'mean', 'imputer__knn_scaling_method': 'minmax', 'imputer__knn_neighbors': 22, 'imputer__iterative_max_iter': 10, 'imputer__imputation_method': 'simple'}",-0.13437720357785043,-0.13437720357785043,0.0,22
23,4.120152235031128,0.0,6.74250602722168,0.0,standard,2.0,LOF,100,euclidean,0.7,100,0.5,0.1,median,standard,7,5,iterative,"{'scaler__scaler_name': 'standard', 'outlier_remover__threshold': 2, 'outlier_remover__outlier_method': 'LOF', 'outlier_remover__n_neighbors': 100, 'outlier_remover__metric_LOF': 'euclidean', 'outlier_remover__max_samples_IF': 0.7, 'outlier_remover__estimators_IF': 100, 'outlier_remover__contamination_LOF': 0.5, 'outlier_remover__contamination_IF': 0.1, 'imputer__simple_strategy_num': 'median', 'imputer__knn_scaling_method': 'standard', 'imputer__knn_neighbors': 7, 'imputer__iterative_max_iter': 5, 'imputer__imputation_method': 'iterative'}",0.058292966835236194,0.058292966835236194,0.0,15
24,7.301806211471558,0.0,9.592845916748047,0.0,robust,3.5,LOF,50,chebyshev,auto,150,0.03,0.03,median,standard,7,10,simple,"{'scaler__scaler_name': 'robust', 'outlier_remover__threshold': 3.5, 'outlier_remover__outlier_method': 'LOF', 'outlier_remover__n_neighbors': 50, 'outlier_remover__metric_LOF': 'chebyshev', 'outlier_remover__max_samples_IF': 'auto', 'outlier_remover__estimators_IF': 150, 'outlier_remover__contamination_LOF': 0.03, 'outlier_remover__contamination_IF': 0.03, 'imputer__simple_strategy_num': 'median', 'imputer__knn_scaling_method': 'standard', 'imputer__knn_neighbors': 7, 'imputer__iterative_max_iter': 10, 'imputer__imputation_method': 'simple'}",-0.7570106308512143,-0.7570106308512143,0.0,114
25,1.560776948928833,0.0,4.196439027786255,0.0,minmax,3.5,Isolation_Forest,10,manhattan,0.5,150,0.3,0.25,median,minmax,16,20,simple,"{'scaler__scaler_name': 'minmax', 'outlier_remover__threshold': 3.5, 'outlier_remover__outlier_method': 'Isolation_Forest', 'outlier_remover__n_neighbors': 10, 'outlier_remover__metric_LOF': 'manhattan', 'outlier_remover__max_samples_IF': 0.5, 'outlier_remover__estimators_IF': 150, 'outlier_remover__contamination_LOF': 0.3, 'outlier_remover__contamination_IF': 0.25, 'imputer__simple_strategy_num': 'median', 'imputer__knn_scaling_method': 'minmax', 'imputer__knn_neighbors': 16, 'imputer__iterative_max_iter': 20, 'imputer__imputation_method': 'simple'}",-0.36367827589067153,-0.36367827589067153,0.0,55
26,1.9576270580291748,0.0,1.6371889114379883,0.0,robust,3.0,z_score,10,euclidean,1.0,150,0.15,0.15,median,standard,16,5,iterative,"{'scaler__scaler_name': 'robust', 'outlier_remover__threshold': 3, 'outlier_remover__outlier_method': 'z_score', 'outlier_remover__n_neighbors': 10, 'outlier_remover__metric_LOF': 'euclidean', 'outlier_remover__max_samples_IF': 1.0, 'outlier_remover__estimators_IF': 150, 'outlier_remover__contamination_LOF': 0.15, 'outlier_remover__contamination_IF': 0.15, 'imputer__simple_strategy_num': 'median', 'imputer__knn_scaling_method': 'standard', 'imputer__knn_neighbors': 16, 'imputer__iterative_max_iter': 5, 'imputer__imputation_method': 'iterative'}",-1.0,-1.0,0.0,136
27,0.5133590698242188,0.0,0.5215778350830078,0.0,minmax,3.5,z_score,70,manhattan,0.7,50,0.03,0.3,mean,standard,26,50,simple,"{'scaler__scaler_name': 'minmax', 'outlier_remover__threshold': 3.5, 'outlier_remover__outlier_method': 'z_score', 'outlier_remover__n_neighbors': 70, 'outlier_remover__metric_LOF': 'manhattan', 'outlier_remover__max_samples_IF': 0.7, 'outlier_remover__estimators_IF': 50, 'outlier_remover__contamination_LOF': 0.03, 'outlier_remover__contamination_IF': 0.3, 'imputer__simple_strategy_num': 'mean', 'imputer__knn_scaling_method': 'standard', 'imputer__knn_neighbors': 26, 'imputer__iterative_max_iter': 50, 'imputer__imputation_method': 'simple'}",-1.0,-1.0,0.0,136
28,0.4923691749572754,0.0,0.5375878810882568,0.0,robust,3.5,z_score,5,manhattan,1.0,150,0.25,0.3,mean,minmax,12,10,simple,"{'scaler__scaler_name': 'robust', 'outlier_remover__threshold': 3.5, 'outlier_remover__outlier_method': 'z_score', 'outlier_remover__n_neighbors': 5, 'outlier_remover__metric_LOF': 'manhattan', 'outlier_remover__max_samples_IF': 1.0, 'outlier_remover__estimators_IF': 150, 'outlier_remover__contamination_LOF': 0.25, 'outlier_remover__contamination_IF': 0.3, 'imputer__simple_strategy_num': 'mean', 'imputer__knn_scaling_method': 'minmax', 'imputer__knn_neighbors': 12, 'imputer__iterative_max_iter': 10, 'imputer__imputation_method': 'simple'}",-1.0,-1.0,0.0,136
29,1.5797219276428223,0.0,4.323429107666016,0.0,minmax,3.5,Isolation_Forest,10,minkowski,1.0,150,0.15,0.1,mean,minmax,8,10,simple,"{'scaler__scaler_name': 'minmax', 'outlier_remover__threshold': 3.5, 'outlier_remover__outlier_method': 'Isolation_Forest', 'outlier_remover__n_neighbors': 10, 'outlier_remover__metric_LOF': 'minkowski', 'outlier_remover__max_samples_IF': 1.0, 'outlier_remover__estimators_IF': 150, 'outlier_remover__contamination_LOF': 0.15, 'outlier_remover__contamination_IF': 0.1, 'imputer__simple_strategy_num': 'mean', 'imputer__knn_scaling_method': 'minmax', 'imputer__knn_neighbors': 8, 'imputer__iterative_max_iter': 10, 'imputer__imputation_method': 'simple'}",-0.3578503756003964,-0.3578503756003964,0.0,53
30,7.722116947174072,0.0,10.738250970840454,0.0,robust,3.5,LOF,5,minkowski,0.7,150,0.25,0.25,mean,minmax,28,10,knn,"{'scaler__scaler_name': 'robust', 'outlier_remover__threshold': 3.5, 'outlier_remover__outlier_method': 'LOF', 'outlier_remover__n_neighbors': 5, 'outlier_remover__metric_LOF': 'minkowski', 'outlier_remover__max_samples_IF': 0.7, 'outlier_remover__estimators_IF': 150, 'outlier_remover__contamination_LOF': 0.25, 'outlier_remover__contamination_IF': 0.25, 'imputer__simple_strategy_num': 'mean', 'imputer__knn_scaling_method': 'minmax', 'imputer__knn_neighbors': 28, 'imputer__iterative_max_iter': 10, 'imputer__imputation_method': 'knn'}",-0.49880301794974385,-0.49880301794974385,0.0,65
31,8.231132984161377,0.0,10.616984128952026,0.0,standard,3.5,LOF,30,minkowski,auto,150,0.5,0.1,median,minmax,22,5,knn,"{'scaler__scaler_name': 'standard', 'outlier_remover__threshold': 3.5, 'outlier_remover__outlier_method': 'LOF', 'outlier_remover__n_neighbors': 30, 'outlier_remover__metric_LOF': 'minkowski', 'outlier_remover__max_samples_IF': 'auto', 'outlier_remover__estimators_IF': 150, 'outlier_remover__contamination_LOF': 0.5, 'outlier_remover__contamination_IF': 0.1, 'imputer__simple_strategy_num': 'median', 'imputer__knn_scaling_method': 'minmax', 'imputer__knn_neighbors': 22, 'imputer__iterative_max_iter': 5, 'imputer__imputation_method': 'knn'}",0.11713048483614755,0.11713048483614755,0.0,13
32,10.677852869033813,0.0,13.886216163635254,0.0,robust,3.0,LOF,5,manhattan,auto,100,0.3,0.03,mean,minmax,8,20,knn,"{'scaler__scaler_name': 'robust', 'outlier_remover__threshold': 3, 'outlier_remover__outlier_method': 'LOF', 'outlier_remover__n_neighbors': 5, 'outlier_remover__metric_LOF': 'manhattan', 'outlier_remover__max_samples_IF': 'auto', 'outlier_remover__estimators_IF': 100, 'outlier_remover__contamination_LOF': 0.3, 'outlier_remover__contamination_IF': 0.03, 'imputer__simple_strategy_num': 'mean', 'imputer__knn_scaling_method': 'minmax', 'imputer__knn_neighbors': 8, 'imputer__iterative_max_iter': 20, 'imputer__imputation_method': 'knn'}",-0.416189675089267,-0.416189675089267,0.0,61
33,1.6205999851226807,0.0,4.31971001625061,0.0,standard,3.0,LOF,30,euclidean,0.5,200,0.01,0.15,mean,standard,27,5,simple,"{'scaler__scaler_name': 'standard', 'outlier_remover__threshold': 3, 'outlier_remover__outlier_method': 'LOF', 'outlier_remover__n_neighbors': 30, 'outlier_remover__metric_LOF': 'euclidean', 'outlier_remover__max_samples_IF': 0.5, 'outlier_remover__estimators_IF': 200, 'outlier_remover__contamination_LOF': 0.01, 'outlier_remover__contamination_IF': 0.15, 'imputer__simple_strategy_num': 'mean', 'imputer__knn_scaling_method': 'standard', 'imputer__knn_neighbors': 27, 'imputer__iterative_max_iter': 5, 'imputer__imputation_method': 'simple'}",-0.5613902343715853,-0.5613902343715853,0.0,74
34,0.5281119346618652,0.0,0.4960150718688965,0.0,minmax,2.0,z_score,5,chebyshev,auto,200,0.5,0.03,median,robust,23,20,simple,"{'scaler__scaler_name': 'minmax', 'outlier_remover__threshold': 2, 'outlier_remover__outlier_method': 'z_score', 'outlier_remover__n_neighbors': 5, 'outlier_remover__metric_LOF': 'chebyshev', 'outlier_remover__max_samples_IF': 'auto', 'outlier_remover__estimators_IF': 200, 'outlier_remover__contamination_LOF': 0.5, 'outlier_remover__contamination_IF': 0.03, 'imputer__simple_strategy_num': 'median', 'imputer__knn_scaling_method': 'robust', 'imputer__knn_neighbors': 23, 'imputer__iterative_max_iter': 20, 'imputer__imputation_method': 'simple'}",-1.0,-1.0,0.0,136
35,8.110438346862793,0.0,10.254179000854492,0.0,robust,4.0,LOF,10,minkowski,1.0,200,0.03,0.3,median,standard,30,50,knn,"{'scaler__scaler_name': 'robust', 'outlier_remover__threshold': 4, 'outlier_remover__outlier_method': 'LOF', 'outlier_remover__n_neighbors': 10, 'outlier_remover__metric_LOF': 'minkowski', 'outlier_remover__max_samples_IF': 1.0, 'outlier_remover__estimators_IF': 200, 'outlier_remover__contamination_LOF': 0.03, 'outlier_remover__contamination_IF': 0.3, 'imputer__simple_strategy_num': 'median', 'imputer__knn_scaling_method': 'standard', 'imputer__knn_neighbors': 30, 'imputer__iterative_max_iter': 50, 'imputer__imputation_method': 'knn'}",-0.7641765659733828,-0.7641765659733828,0.0,119
36,2.0222573280334473,0.0,1.7678337097167969,0.0,standard,4.0,z_score,50,euclidean,0.5,200,0.01,0.03,mean,robust,12,10,iterative,"{'scaler__scaler_name': 'standard', 'outlier_remover__threshold': 4, 'outlier_remover__outlier_method': 'z_score', 'outlier_remover__n_neighbors': 50, 'outlier_remover__metric_LOF': 'euclidean', 'outlier_remover__max_samples_IF': 0.5, 'outlier_remover__estimators_IF': 200, 'outlier_remover__contamination_LOF': 0.01, 'outlier_remover__contamination_IF': 0.03, 'imputer__simple_strategy_num': 'mean', 'imputer__knn_scaling_method': 'robust', 'imputer__knn_neighbors': 12, 'imputer__iterative_max_iter': 10, 'imputer__imputation_method': 'iterative'}",-1.0,-1.0,0.0,136
37,14.102118015289307,0.0,17.723461151123047,0.0,standard,3.0,LOF,100,chebyshev,1.0,100,0.03,0.5,median,standard,18,10,knn,"{'scaler__scaler_name': 'standard', 'outlier_remover__threshold': 3, 'outlier_remover__outlier_method': 'LOF', 'outlier_remover__n_neighbors': 100, 'outlier_remover__metric_LOF': 'chebyshev', 'outlier_remover__max_samples_IF': 1.0, 'outlier_remover__estimators_IF': 100, 'outlier_remover__contamination_LOF': 0.03, 'outlier_remover__contamination_IF': 0.5, 'imputer__simple_strategy_num': 'median', 'imputer__knn_scaling_method': 'standard', 'imputer__knn_neighbors': 18, 'imputer__iterative_max_iter': 10, 'imputer__imputation_method': 'knn'}",-0.748151368233879,-0.748151368233879,0.0,111
38,7.5804243087768555,0.0,12.285116910934448,0.0,minmax,2.0,LOF,30,minkowski,0.7,100,0.05,0.25,mean,robust,9,50,knn,"{'scaler__scaler_name': 'minmax', 'outlier_remover__threshold': 2, 'outlier_remover__outlier_method': 'LOF', 'outlier_remover__n_neighbors': 30, 'outlier_remover__metric_LOF': 'minkowski', 'outlier_remover__max_samples_IF': 0.7, 'outlier_remover__estimators_IF': 100, 'outlier_remover__contamination_LOF': 0.05, 'outlier_remover__contamination_IF': 0.25, 'imputer__simple_strategy_num': 'mean', 'imputer__knn_scaling_method': 'robust', 'imputer__knn_neighbors': 9, 'imputer__iterative_max_iter': 50, 'imputer__imputation_method': 'knn'}",-0.7044079297089142,-0.7044079297089142,0.0,105
39,8.154234170913696,0.0,6.854767084121704,0.0,standard,3.5,z_score,5,euclidean,auto,200,0.15,0.5,median,standard,26,10,knn,"{'scaler__scaler_name': 'standard', 'outlier_remover__threshold': 3.5, 'outlier_remover__outlier_method': 'z_score', 'outlier_remover__n_neighbors': 5, 'outlier_remover__metric_LOF': 'euclidean', 'outlier_remover__max_samples_IF': 'auto', 'outlier_remover__estimators_IF': 200, 'outlier_remover__contamination_LOF': 0.15, 'outlier_remover__contamination_IF': 0.5, 'imputer__simple_strategy_num': 'median', 'imputer__knn_scaling_method': 'standard', 'imputer__knn_neighbors': 26, 'imputer__iterative_max_iter': 10, 'imputer__imputation_method': 'knn'}",-1.0,-1.0,0.0,136
40,9.797209024429321,0.0,10.903172254562378,0.0,robust,3.5,Isolation_Forest,20,chebyshev,1.0,200,0.05,0.01,mean,standard,27,20,knn,"{'scaler__scaler_name': 'robust', 'outlier_remover__threshold': 3.5, 'outlier_remover__outlier_method': 'Isolation_Forest', 'outlier_remover__n_neighbors': 20, 'outlier_remover__metric_LOF': 'chebyshev', 'outlier_remover__max_samples_IF': 1.0, 'outlier_remover__estimators_IF': 200, 'outlier_remover__contamination_LOF': 0.05, 'outlier_remover__contamination_IF': 0.01, 'imputer__simple_strategy_num': 'mean', 'imputer__knn_scaling_method': 'standard', 'imputer__knn_neighbors': 27, 'imputer__iterative_max_iter': 20, 'imputer__imputation_method': 'knn'}",-0.7778618884669647,-0.7778618884669647,0.0,123
41,11.719283103942871,0.0,14.745686054229736,0.0,robust,3.0,LOF,90,manhattan,0.5,50,0.3,0.3,mean,standard,30,5,knn,"{'scaler__scaler_name': 'robust', 'outlier_remover__threshold': 3, 'outlier_remover__outlier_method': 'LOF', 'outlier_remover__n_neighbors': 90, 'outlier_remover__metric_LOF': 'manhattan', 'outlier_remover__max_samples_IF': 0.5, 'outlier_remover__estimators_IF': 50, 'outlier_remover__contamination_LOF': 0.3, 'outlier_remover__contamination_IF': 0.3, 'imputer__simple_strategy_num': 'mean', 'imputer__knn_scaling_method': 'standard', 'imputer__knn_neighbors': 30, 'imputer__iterative_max_iter': 5, 'imputer__imputation_method': 'knn'}",-0.20581154479572533,-0.20581154479572533,0.0,25
42,6.5219199657440186,0.0,7.171763896942139,0.0,robust,4.0,z_score,70,minkowski,0.5,150,0.3,0.15,median,standard,12,10,knn,"{'scaler__scaler_name': 'robust', 'outlier_remover__threshold': 4, 'outlier_remover__outlier_method': 'z_score', 'outlier_remover__n_neighbors': 70, 'outlier_remover__metric_LOF': 'minkowski', 'outlier_remover__max_samples_IF': 0.5, 'outlier_remover__estimators_IF': 150, 'outlier_remover__contamination_LOF': 0.3, 'outlier_remover__contamination_IF': 0.15, 'imputer__simple_strategy_num': 'median', 'imputer__knn_scaling_method': 'standard', 'imputer__knn_neighbors': 12, 'imputer__iterative_max_iter': 10, 'imputer__imputation_method': 'knn'}",-1.0,-1.0,0.0,136
43,0.8824598789215088,0.0,3.607351064682007,0.0,standard,3.5,Isolation_Forest,50,minkowski,1.0,50,0.1,0.1,median,robust,25,10,simple,"{'scaler__scaler_name': 'standard', 'outlier_remover__threshold': 3.5, 'outlier_remover__outlier_method': 'Isolation_Forest', 'outlier_remover__n_neighbors': 50, 'outlier_remover__metric_LOF': 'minkowski', 'outlier_remover__max_samples_IF': 1.0, 'outlier_remover__estimators_IF': 50, 'outlier_remover__contamination_LOF': 0.1, 'outlier_remover__contamination_IF': 0.1, 'imputer__simple_strategy_num': 'median', 'imputer__knn_scaling_method': 'robust', 'imputer__knn_neighbors': 25, 'imputer__iterative_max_iter': 10, 'imputer__imputation_method': 'simple'}",-0.6643299654182928,-0.6643299654182928,0.0,94
44,5.980262041091919,0.0,8.87661099433899,0.0,standard,4.0,LOF,10,manhattan,1.0,150,0.25,0.15,median,minmax,11,20,iterative,"{'scaler__scaler_name': 'standard', 'outlier_remover__threshold': 4, 'outlier_remover__outlier_method': 'LOF', 'outlier_remover__n_neighbors': 10, 'outlier_remover__metric_LOF': 'manhattan', 'outlier_remover__max_samples_IF': 1.0, 'outlier_remover__estimators_IF': 150, 'outlier_remover__contamination_LOF': 0.25, 'outlier_remover__contamination_IF': 0.15, 'imputer__simple_strategy_num': 'median', 'imputer__knn_scaling_method': 'minmax', 'imputer__knn_neighbors': 11, 'imputer__iterative_max_iter': 20, 'imputer__imputation_method': 'iterative'}",-0.45854226398738523,-0.45854226398738523,0.0,63
45,14.840403079986572,0.0,18.0896418094635,0.0,standard,3.5,LOF,90,chebyshev,auto,200,0.5,0.05,median,minmax,7,10,knn,"{'scaler__scaler_name': 'standard', 'outlier_remover__threshold': 3.5, 'outlier_remover__outlier_method': 'LOF', 'outlier_remover__n_neighbors': 90, 'outlier_remover__metric_LOF': 'chebyshev', 'outlier_remover__max_samples_IF': 'auto', 'outlier_remover__estimators_IF': 200, 'outlier_remover__contamination_LOF': 0.5, 'outlier_remover__contamination_IF': 0.05, 'imputer__simple_strategy_num': 'median', 'imputer__knn_scaling_method': 'minmax', 'imputer__knn_neighbors': 7, 'imputer__iterative_max_iter': 10, 'imputer__imputation_method': 'knn'}",0.1313409467642888,0.1313409467642888,0.0,10
46,1.573591947555542,0.0,4.387561082839966,0.0,standard,2.0,LOF,30,euclidean,1.0,50,0.03,0.03,mean,minmax,23,5,simple,"{'scaler__scaler_name': 'standard', 'outlier_remover__threshold': 2, 'outlier_remover__outlier_method': 'LOF', 'outlier_remover__n_neighbors': 30, 'outlier_remover__metric_LOF': 'euclidean', 'outlier_remover__max_samples_IF': 1.0, 'outlier_remover__estimators_IF': 50, 'outlier_remover__contamination_LOF': 0.03, 'outlier_remover__contamination_IF': 0.03, 'imputer__simple_strategy_num': 'mean', 'imputer__knn_scaling_method': 'minmax', 'imputer__knn_neighbors': 23, 'imputer__iterative_max_iter': 5, 'imputer__imputation_method': 'simple'}",-0.5211676420107438,-0.5211676420107438,0.0,68
47,6.917212009429932,0.0,9.19893479347229,0.0,robust,2.5,LOF,50,manhattan,auto,100,0.15,0.25,median,minmax,4,50,iterative,"{'scaler__scaler_name': 'robust', 'outlier_remover__threshold': 2.5, 'outlier_remover__outlier_method': 'LOF', 'outlier_remover__n_neighbors': 50, 'outlier_remover__metric_LOF': 'manhattan', 'outlier_remover__max_samples_IF': 'auto', 'outlier_remover__estimators_IF': 100, 'outlier_remover__contamination_LOF': 0.15, 'outlier_remover__contamination_IF': 0.25, 'imputer__simple_strategy_num': 'median', 'imputer__knn_scaling_method': 'minmax', 'imputer__knn_neighbors': 4, 'imputer__iterative_max_iter': 50, 'imputer__imputation_method': 'iterative'}",-0.5853948804905468,-0.5853948804905468,0.0,85
48,4.3070900440216064,0.0,6.30033802986145,0.0,standard,3.5,LOF,70,euclidean,1.0,100,0.5,0.1,mean,robust,6,5,iterative,"{'scaler__scaler_name': 'standard', 'outlier_remover__threshold': 3.5, 'outlier_remover__outlier_method': 'LOF', 'outlier_remover__n_neighbors': 70, 'outlier_remover__metric_LOF': 'euclidean', 'outlier_remover__max_samples_IF': 1.0, 'outlier_remover__estimators_IF': 100, 'outlier_remover__contamination_LOF': 0.5, 'outlier_remover__contamination_IF': 0.1, 'imputer__simple_strategy_num': 'mean', 'imputer__knn_scaling_method': 'robust', 'imputer__knn_neighbors': 6, 'imputer__iterative_max_iter': 5, 'imputer__imputation_method': 'iterative'}",0.054591521377052706,0.054591521377052706,0.0,18
49,0.9596688747406006,0.0,3.806291103363037,0.0,standard,4.0,Isolation_Forest,50,manhattan,auto,150,0.1,0.15,mean,minmax,4,5,simple,"{'scaler__scaler_name': 'standard', 'outlier_remover__threshold': 4, 'outlier_remover__outlier_method': 'Isolation_Forest', 'outlier_remover__n_neighbors': 50, 'outlier_remover__metric_LOF': 'manhattan', 'outlier_remover__max_samples_IF': 'auto', 'outlier_remover__estimators_IF': 150, 'outlier_remover__contamination_LOF': 0.1, 'outlier_remover__contamination_IF': 0.15, 'imputer__simple_strategy_num': 'mean', 'imputer__knn_scaling_method': 'minmax', 'imputer__knn_neighbors': 4, 'imputer__iterative_max_iter': 5, 'imputer__imputation_method': 'simple'}",-0.26012916385230656,-0.26012916385230656,0.0,34
50,6.848567008972168,0.0,6.949985027313232,0.0,standard,2.5,z_score,90,manhattan,0.7,50,0.05,0.03,mean,robust,17,10,knn,"{'scaler__scaler_name': 'standard', 'outlier_remover__threshold': 2.5, 'outlier_remover__outlier_method': 'z_score', 'outlier_remover__n_neighbors': 90, 'outlier_remover__metric_LOF': 'manhattan', 'outlier_remover__max_samples_IF': 0.7, 'outlier_remover__estimators_IF': 50, 'outlier_remover__contamination_LOF': 0.05, 'outlier_remover__contamination_IF': 0.03, 'imputer__simple_strategy_num': 'mean', 'imputer__knn_scaling_method': 'robust', 'imputer__knn_neighbors': 17, 'imputer__iterative_max_iter': 10, 'imputer__imputation_method': 'knn'}",-1.0,-1.0,0.0,136
51,1.8609890937805176,0.0,2.414379119873047,0.0,robust,3.0,z_score,30,chebyshev,0.5,100,0.15,0.1,median,standard,12,5,iterative,"{'scaler__scaler_name': 'robust', 'outlier_remover__threshold': 3, 'outlier_remover__outlier_method': 'z_score', 'outlier_remover__n_neighbors': 30, 'outlier_remover__metric_LOF': 'chebyshev', 'outlier_remover__max_samples_IF': 0.5, 'outlier_remover__estimators_IF': 100, 'outlier_remover__contamination_LOF': 0.15, 'outlier_remover__contamination_IF': 0.1, 'imputer__simple_strategy_num': 'median', 'imputer__knn_scaling_method': 'standard', 'imputer__knn_neighbors': 12, 'imputer__iterative_max_iter': 5, 'imputer__imputation_method': 'iterative'}",-1.0,-1.0,0.0,136
52,2.7975142002105713,0.0,4.78413987159729,0.0,standard,2.5,Isolation_Forest,100,manhattan,0.5,50,0.5,0.15,median,robust,12,5,iterative,"{'scaler__scaler_name': 'standard', 'outlier_remover__threshold': 2.5, 'outlier_remover__outlier_method': 'Isolation_Forest', 'outlier_remover__n_neighbors': 100, 'outlier_remover__metric_LOF': 'manhattan', 'outlier_remover__max_samples_IF': 0.5, 'outlier_remover__estimators_IF': 50, 'outlier_remover__contamination_LOF': 0.5, 'outlier_remover__contamination_IF': 0.15, 'imputer__simple_strategy_num': 'median', 'imputer__knn_scaling_method': 'robust', 'imputer__knn_neighbors': 12, 'imputer__iterative_max_iter': 5, 'imputer__imputation_method': 'iterative'}",-0.5828455689197636,-0.5828455689197636,0.0,83
53,4.656388759613037,0.0,7.437297105789185,0.0,standard,3.0,LOF,10,manhattan,0.7,200,0.3,0.1,median,minmax,4,5,simple,"{'scaler__scaler_name': 'standard', 'outlier_remover__threshold': 3, 'outlier_remover__outlier_method': 'LOF', 'outlier_remover__n_neighbors': 10, 'outlier_remover__metric_LOF': 'manhattan', 'outlier_remover__max_samples_IF': 0.7, 'outlier_remover__estimators_IF': 200, 'outlier_remover__contamination_LOF': 0.3, 'outlier_remover__contamination_IF': 0.1, 'imputer__simple_strategy_num': 'median', 'imputer__knn_scaling_method': 'minmax', 'imputer__knn_neighbors': 4, 'imputer__iterative_max_iter': 5, 'imputer__imputation_method': 'simple'}",-0.3568301950320185,-0.3568301950320185,0.0,52
54,0.4814901351928711,0.0,0.49945497512817383,0.0,minmax,2.5,z_score,90,euclidean,0.5,100,0.3,0.3,median,robust,21,50,simple,"{'scaler__scaler_name': 'minmax', 'outlier_remover__threshold': 2.5, 'outlier_remover__outlier_method': 'z_score', 'outlier_remover__n_neighbors': 90, 'outlier_remover__metric_LOF': 'euclidean', 'outlier_remover__max_samples_IF': 0.5, 'outlier_remover__estimators_IF': 100, 'outlier_remover__contamination_LOF': 0.3, 'outlier_remover__contamination_IF': 0.3, 'imputer__simple_strategy_num': 'median', 'imputer__knn_scaling_method': 'robust', 'imputer__knn_neighbors': 21, 'imputer__iterative_max_iter': 50, 'imputer__imputation_method': 'simple'}",-1.0,-1.0,0.0,136
55,6.274438858032227,0.0,6.702453136444092,0.0,minmax,2.0,z_score,20,manhattan,0.5,50,0.3,0.15,mean,standard,5,20,knn,"{'scaler__scaler_name': 'minmax', 'outlier_remover__threshold': 2, 'outlier_remover__outlier_method': 'z_score', 'outlier_remover__n_neighbors': 20, 'outlier_remover__metric_LOF': 'manhattan', 'outlier_remover__max_samples_IF': 0.5, 'outlier_remover__estimators_IF': 50, 'outlier_remover__contamination_LOF': 0.3, 'outlier_remover__contamination_IF': 0.15, 'imputer__simple_strategy_num': 'mean', 'imputer__knn_scaling_method': 'standard', 'imputer__knn_neighbors': 5, 'imputer__iterative_max_iter': 20, 'imputer__imputation_method': 'knn'}",-1.0,-1.0,0.0,136
56,5.304991960525513,0.0,7.865730047225952,0.0,robust,3.5,LOF,90,manhattan,auto,200,0.03,0.03,median,robust,22,20,simple,"{'scaler__scaler_name': 'robust', 'outlier_remover__threshold': 3.5, 'outlier_remover__outlier_method': 'LOF', 'outlier_remover__n_neighbors': 90, 'outlier_remover__metric_LOF': 'manhattan', 'outlier_remover__max_samples_IF': 'auto', 'outlier_remover__estimators_IF': 200, 'outlier_remover__contamination_LOF': 0.03, 'outlier_remover__contamination_IF': 0.03, 'imputer__simple_strategy_num': 'median', 'imputer__knn_scaling_method': 'robust', 'imputer__knn_neighbors': 22, 'imputer__iterative_max_iter': 20, 'imputer__imputation_method': 'simple'}",-0.7270870839066751,-0.7270870839066751,0.0,108
57,1.4900782108306885,0.0,4.292691946029663,0.0,minmax,3.0,LOF,5,euclidean,1.0,200,0.03,0.1,mean,minmax,20,20,simple,"{'scaler__scaler_name': 'minmax', 'outlier_remover__threshold': 3, 'outlier_remover__outlier_method': 'LOF', 'outlier_remover__n_neighbors': 5, 'outlier_remover__metric_LOF': 'euclidean', 'outlier_remover__max_samples_IF': 1.0, 'outlier_remover__estimators_IF': 200, 'outlier_remover__contamination_LOF': 0.03, 'outlier_remover__contamination_IF': 0.1, 'imputer__simple_strategy_num': 'mean', 'imputer__knn_scaling_method': 'minmax', 'imputer__knn_neighbors': 20, 'imputer__iterative_max_iter': 20, 'imputer__imputation_method': 'simple'}",-0.5422824260953565,-0.5422824260953565,0.0,70
58,7.768110990524292,0.0,11.167906045913696,0.0,robust,2.5,LOF,20,euclidean,0.7,200,0.3,0.25,mean,minmax,23,5,knn,"{'scaler__scaler_name': 'robust', 'outlier_remover__threshold': 2.5, 'outlier_remover__outlier_method': 'LOF', 'outlier_remover__n_neighbors': 20, 'outlier_remover__metric_LOF': 'euclidean', 'outlier_remover__max_samples_IF': 0.7, 'outlier_remover__estimators_IF': 200, 'outlier_remover__contamination_LOF': 0.3, 'outlier_remover__contamination_IF': 0.25, 'imputer__simple_strategy_num': 'mean', 'imputer__knn_scaling_method': 'minmax', 'imputer__knn_neighbors': 23, 'imputer__iterative_max_iter': 5, 'imputer__imputation_method': 'knn'}",-0.2684351968132241,-0.2684351968132241,0.0,37
59,7.3732452392578125,0.0,10.206836938858032,0.0,robust,3.5,Isolation_Forest,50,minkowski,0.5,150,0.05,0.1,median,standard,13,20,knn,"{'scaler__scaler_name': 'robust', 'outlier_remover__threshold': 3.5, 'outlier_remover__outlier_method': 'Isolation_Forest', 'outlier_remover__n_neighbors': 50, 'outlier_remover__metric_LOF': 'minkowski', 'outlier_remover__max_samples_IF': 0.5, 'outlier_remover__estimators_IF': 150, 'outlier_remover__contamination_LOF': 0.05, 'outlier_remover__contamination_IF': 0.1, 'imputer__simple_strategy_num': 'median', 'imputer__knn_scaling_method': 'standard', 'imputer__knn_neighbors': 13, 'imputer__iterative_max_iter': 20, 'imputer__imputation_method': 'knn'}",-0.6022705518486207,-0.6022705518486207,0.0,88
60,1.94712495803833,0.0,4.693159103393555,0.0,standard,3.0,LOF,50,euclidean,0.7,100,0.25,0.05,median,standard,17,10,simple,"{'scaler__scaler_name': 'standard', 'outlier_remover__threshold': 3, 'outlier_remover__outlier_method': 'LOF', 'outlier_remover__n_neighbors': 50, 'outlier_remover__metric_LOF': 'euclidean', 'outlier_remover__max_samples_IF': 0.7, 'outlier_remover__estimators_IF': 100, 'outlier_remover__contamination_LOF': 0.25, 'outlier_remover__contamination_IF': 0.05, 'imputer__simple_strategy_num': 'median', 'imputer__knn_scaling_method': 'standard', 'imputer__knn_neighbors': 17, 'imputer__iterative_max_iter': 10, 'imputer__imputation_method': 'simple'}",-0.34010787311311425,-0.34010787311311425,0.0,50
61,12.333202123641968,0.0,13.963701009750366,0.0,robust,4.0,LOF,90,manhattan,0.5,200,0.01,0.01,median,standard,18,10,knn,"{'scaler__scaler_name': 'robust', 'outlier_remover__threshold': 4, 'outlier_remover__outlier_method': 'LOF', 'outlier_remover__n_neighbors': 90, 'outlier_remover__metric_LOF': 'manhattan', 'outlier_remover__max_samples_IF': 0.5, 'outlier_remover__estimators_IF': 200, 'outlier_remover__contamination_LOF': 0.01, 'outlier_remover__contamination_IF': 0.01, 'imputer__simple_strategy_num': 'median', 'imputer__knn_scaling_method': 'standard', 'imputer__knn_neighbors': 18, 'imputer__iterative_max_iter': 10, 'imputer__imputation_method': 'knn'}",-0.7683732489560998,-0.7683732489560998,0.0,122
62,7.330352783203125,0.0,9.939263105392456,0.0,minmax,3.5,LOF,100,manhattan,1.0,100,0.5,0.01,median,robust,14,5,iterative,"{'scaler__scaler_name': 'minmax', 'outlier_remover__threshold': 3.5, 'outlier_remover__outlier_method': 'LOF', 'outlier_remover__n_neighbors': 100, 'outlier_remover__metric_LOF': 'manhattan', 'outlier_remover__max_samples_IF': 1.0, 'outlier_remover__estimators_IF': 100, 'outlier_remover__contamination_LOF': 0.5, 'outlier_remover__contamination_IF': 0.01, 'imputer__simple_strategy_num': 'median', 'imputer__knn_scaling_method': 'robust', 'imputer__knn_neighbors': 14, 'imputer__iterative_max_iter': 5, 'imputer__imputation_method': 'iterative'}",0.056871740883634773,0.056871740883634773,0.0,16
63,7.87136697769165,0.0,10.287134885787964,0.0,robust,2.0,LOF,100,chebyshev,1.0,200,0.3,0.03,median,robust,15,5,simple,"{'scaler__scaler_name': 'robust', 'outlier_remover__threshold': 2, 'outlier_remover__outlier_method': 'LOF', 'outlier_remover__n_neighbors': 100, 'outlier_remover__metric_LOF': 'chebyshev', 'outlier_remover__max_samples_IF': 1.0, 'outlier_remover__estimators_IF': 200, 'outlier_remover__contamination_LOF': 0.3, 'outlier_remover__contamination_IF': 0.03, 'imputer__simple_strategy_num': 'median', 'imputer__knn_scaling_method': 'robust', 'imputer__knn_neighbors': 15, 'imputer__iterative_max_iter': 5, 'imputer__imputation_method': 'simple'}",-0.21493493013740253,-0.21493493013740253,0.0,27
64,0.8169460296630859,0.0,3.4226369857788086,0.0,robust,3.0,Isolation_Forest,90,minkowski,0.7,50,0.1,0.15,mean,minmax,6,50,simple,"{'scaler__scaler_name': 'robust', 'outlier_remover__threshold': 3, 'outlier_remover__outlier_method': 'Isolation_Forest', 'outlier_remover__n_neighbors': 90, 'outlier_remover__metric_LOF': 'minkowski', 'outlier_remover__max_samples_IF': 0.7, 'outlier_remover__estimators_IF': 50, 'outlier_remover__contamination_LOF': 0.1, 'outlier_remover__contamination_IF': 0.15, 'imputer__simple_strategy_num': 'mean', 'imputer__knn_scaling_method': 'minmax', 'imputer__knn_neighbors': 6, 'imputer__iterative_max_iter': 50, 'imputer__imputation_method': 'simple'}",-0.25079197646776336,-0.25079197646776336,0.0,31
65,11.46346402168274,0.0,14.344094038009644,0.0,robust,2.0,LOF,30,manhattan,1.0,100,0.15,0.01,median,standard,13,10,knn,"{'scaler__scaler_name': 'robust', 'outlier_remover__threshold': 2, 'outlier_remover__outlier_method': 'LOF', 'outlier_remover__n_neighbors': 30, 'outlier_remover__metric_LOF': 'manhattan', 'outlier_remover__max_samples_IF': 1.0, 'outlier_remover__estimators_IF': 100, 'outlier_remover__contamination_LOF': 0.15, 'outlier_remover__contamination_IF': 0.01, 'imputer__simple_strategy_num': 'median', 'imputer__knn_scaling_method': 'standard', 'imputer__knn_neighbors': 13, 'imputer__iterative_max_iter': 10, 'imputer__imputation_method': 'knn'}",-0.5051133877332828,-0.5051133877332828,0.0,66
66,0.4663808345794678,0.0,0.4371938705444336,0.0,minmax,3.0,z_score,5,manhattan,0.7,200,0.15,0.15,mean,minmax,24,20,simple,"{'scaler__scaler_name': 'minmax', 'outlier_remover__threshold': 3, 'outlier_remover__outlier_method': 'z_score', 'outlier_remover__n_neighbors': 5, 'outlier_remover__metric_LOF': 'manhattan', 'outlier_remover__max_samples_IF': 0.7, 'outlier_remover__estimators_IF': 200, 'outlier_remover__contamination_LOF': 0.15, 'outlier_remover__contamination_IF': 0.15, 'imputer__simple_strategy_num': 'mean', 'imputer__knn_scaling_method': 'minmax', 'imputer__knn_neighbors': 24, 'imputer__iterative_max_iter': 20, 'imputer__imputation_method': 'simple'}",-1.0,-1.0,0.0,136
67,2.094025135040283,0.0,1.7598490715026855,0.0,robust,3.5,z_score,50,euclidean,1.0,200,0.15,0.5,median,robust,6,10,iterative,"{'scaler__scaler_name': 'robust', 'outlier_remover__threshold': 3.5, 'outlier_remover__outlier_method': 'z_score', 'outlier_remover__n_neighbors': 50, 'outlier_remover__metric_LOF': 'euclidean', 'outlier_remover__max_samples_IF': 1.0, 'outlier_remover__estimators_IF': 200, 'outlier_remover__contamination_LOF': 0.15, 'outlier_remover__contamination_IF': 0.5, 'imputer__simple_strategy_num': 'median', 'imputer__knn_scaling_method': 'robust', 'imputer__knn_neighbors': 6, 'imputer__iterative_max_iter': 10, 'imputer__imputation_method': 'iterative'}",-1.0,-1.0,0.0,136
68,8.83933401107788,0.0,11.697475910186768,0.0,minmax,2.5,LOF,100,minkowski,1.0,100,0.25,0.5,mean,minmax,6,5,knn,"{'scaler__scaler_name': 'minmax', 'outlier_remover__threshold': 2.5, 'outlier_remover__outlier_method': 'LOF', 'outlier_remover__n_neighbors': 100, 'outlier_remover__metric_LOF': 'minkowski', 'outlier_remover__max_samples_IF': 1.0, 'outlier_remover__estimators_IF': 100, 'outlier_remover__contamination_LOF': 0.25, 'outlier_remover__contamination_IF': 0.5, 'imputer__simple_strategy_num': 'mean', 'imputer__knn_scaling_method': 'minmax', 'imputer__knn_neighbors': 6, 'imputer__iterative_max_iter': 5, 'imputer__imputation_method': 'knn'}",-0.29917533166968363,-0.29917533166968363,0.0,43
69,6.952821969985962,0.0,9.911450147628784,0.0,standard,4.0,LOF,5,chebyshev,auto,50,0.15,0.15,mean,minmax,6,10,simple,"{'scaler__scaler_name': 'standard', 'outlier_remover__threshold': 4, 'outlier_remover__outlier_method': 'LOF', 'outlier_remover__n_neighbors': 5, 'outlier_remover__metric_LOF': 'chebyshev', 'outlier_remover__max_samples_IF': 'auto', 'outlier_remover__estimators_IF': 50, 'outlier_remover__contamination_LOF': 0.15, 'outlier_remover__contamination_IF': 0.15, 'imputer__simple_strategy_num': 'mean', 'imputer__knn_scaling_method': 'minmax', 'imputer__knn_neighbors': 6, 'imputer__iterative_max_iter': 10, 'imputer__imputation_method': 'simple'}",-0.41595148192309744,-0.41595148192309744,0.0,60
70,2.883772850036621,0.0,5.389729022979736,0.0,robust,2.5,Isolation_Forest,20,chebyshev,0.5,150,0.5,0.05,median,minmax,20,10,iterative,"{'scaler__scaler_name': 'robust', 'outlier_remover__threshold': 2.5, 'outlier_remover__outlier_method': 'Isolation_Forest', 'outlier_remover__n_neighbors': 20, 'outlier_remover__metric_LOF': 'chebyshev', 'outlier_remover__max_samples_IF': 0.5, 'outlier_remover__estimators_IF': 150, 'outlier_remover__contamination_LOF': 0.5, 'outlier_remover__contamination_IF': 0.05, 'imputer__simple_strategy_num': 'median', 'imputer__knn_scaling_method': 'minmax', 'imputer__knn_neighbors': 20, 'imputer__iterative_max_iter': 10, 'imputer__imputation_method': 'iterative'}",-0.7613498559016743,-0.7613498559016743,0.0,117
71,1.9915838241577148,0.0,2.0580501556396484,0.0,minmax,4.0,z_score,50,chebyshev,1.0,50,0.15,0.25,median,standard,16,5,iterative,"{'scaler__scaler_name': 'minmax', 'outlier_remover__threshold': 4, 'outlier_remover__outlier_method': 'z_score', 'outlier_remover__n_neighbors': 50, 'outlier_remover__metric_LOF': 'chebyshev', 'outlier_remover__max_samples_IF': 1.0, 'outlier_remover__estimators_IF': 50, 'outlier_remover__contamination_LOF': 0.15, 'outlier_remover__contamination_IF': 0.25, 'imputer__simple_strategy_num': 'median', 'imputer__knn_scaling_method': 'standard', 'imputer__knn_neighbors': 16, 'imputer__iterative_max_iter': 5, 'imputer__imputation_method': 'iterative'}",-1.0,-1.0,0.0,136
72,5.163494348526001,0.0,7.5034496784210205,0.0,standard,2.0,LOF,30,manhattan,0.7,200,0.05,0.01,mean,standard,17,20,simple,"{'scaler__scaler_name': 'standard', 'outlier_remover__threshold': 2, 'outlier_remover__outlier_method': 'LOF', 'outlier_remover__n_neighbors': 30, 'outlier_remover__metric_LOF': 'manhattan', 'outlier_remover__max_samples_IF': 0.7, 'outlier_remover__estimators_IF': 200, 'outlier_remover__contamination_LOF': 0.05, 'outlier_remover__contamination_IF': 0.01, 'imputer__simple_strategy_num': 'mean', 'imputer__knn_scaling_method': 'standard', 'imputer__knn_neighbors': 17, 'imputer__iterative_max_iter': 20, 'imputer__imputation_method': 'simple'}",-0.46896897576652824,-0.46896897576652824,0.0,64
73,2.4408960342407227,0.0,5.169262886047363,0.0,standard,3.0,Isolation_Forest,50,chebyshev,auto,150,0.03,0.25,median,robust,3,5,iterative,"{'scaler__scaler_name': 'standard', 'outlier_remover__threshold': 3, 'outlier_remover__outlier_method': 'Isolation_Forest', 'outlier_remover__n_neighbors': 50, 'outlier_remover__metric_LOF': 'chebyshev', 'outlier_remover__max_samples_IF': 'auto', 'outlier_remover__estimators_IF': 150, 'outlier_remover__contamination_LOF': 0.03, 'outlier_remover__contamination_IF': 0.25, 'imputer__simple_strategy_num': 'median', 'imputer__knn_scaling_method': 'robust', 'imputer__knn_neighbors': 3, 'imputer__iterative_max_iter': 5, 'imputer__imputation_method': 'iterative'}",-0.25685739719736606,-0.25685739719736606,0.0,32
74,2.058694362640381,0.0,4.68061375617981,0.0,minmax,2.5,Isolation_Forest,100,chebyshev,1.0,200,0.25,0.1,median,robust,27,50,simple,"{'scaler__scaler_name': 'minmax', 'outlier_remover__threshold': 2.5, 'outlier_remover__outlier_method': 'Isolation_Forest', 'outlier_remover__n_neighbors': 100, 'outlier_remover__metric_LOF': 'chebyshev', 'outlier_remover__max_samples_IF': 1.0, 'outlier_remover__estimators_IF': 200, 'outlier_remover__contamination_LOF': 0.25, 'outlier_remover__contamination_IF': 0.1, 'imputer__simple_strategy_num': 'median', 'imputer__knn_scaling_method': 'robust', 'imputer__knn_neighbors': 27, 'imputer__iterative_max_iter': 50, 'imputer__imputation_method': 'simple'}",-0.6596496739903854,-0.6596496739903854,0.0,93
75,2.7074930667877197,0.0,5.3862011432647705,0.0,robust,2.0,Isolation_Forest,70,euclidean,0.5,100,0.05,0.3,median,minmax,29,10,iterative,"{'scaler__scaler_name': 'robust', 'outlier_remover__threshold': 2, 'outlier_remover__outlier_method': 'Isolation_Forest', 'outlier_remover__n_neighbors': 70, 'outlier_remover__metric_LOF': 'euclidean', 'outlier_remover__max_samples_IF': 0.5, 'outlier_remover__estimators_IF': 100, 'outlier_remover__contamination_LOF': 0.05, 'outlier_remover__contamination_IF': 0.3, 'imputer__simple_strategy_num': 'median', 'imputer__knn_scaling_method': 'minmax', 'imputer__knn_neighbors': 29, 'imputer__iterative_max_iter': 10, 'imputer__imputation_method': 'iterative'}",-0.29857302326634755,-0.29857302326634755,0.0,42
76,0.49981689453125,0.0,0.41123104095458984,0.0,robust,2.5,z_score,5,chebyshev,auto,100,0.01,0.5,mean,minmax,14,50,simple,"{'scaler__scaler_name': 'robust', 'outlier_remover__threshold': 2.5, 'outlier_remover__outlier_method': 'z_score', 'outlier_remover__n_neighbors': 5, 'outlier_remover__metric_LOF': 'chebyshev', 'outlier_remover__max_samples_IF': 'auto', 'outlier_remover__estimators_IF': 100, 'outlier_remover__contamination_LOF': 0.01, 'outlier_remover__contamination_IF': 0.5, 'imputer__simple_strategy_num': 'mean', 'imputer__knn_scaling_method': 'minmax', 'imputer__knn_neighbors': 14, 'imputer__iterative_max_iter': 50, 'imputer__imputation_method': 'simple'}",-1.0,-1.0,0.0,136
77,2.41633677482605,0.0,5.027209043502808,0.0,standard,2.5,LOF,70,euclidean,0.5,50,0.03,0.03,median,robust,9,50,simple,"{'scaler__scaler_name': 'standard', 'outlier_remover__threshold': 2.5, 'outlier_remover__outlier_method': 'LOF', 'outlier_remover__n_neighbors': 70, 'outlier_remover__metric_LOF': 'euclidean', 'outlier_remover__max_samples_IF': 0.5, 'outlier_remover__estimators_IF': 50, 'outlier_remover__contamination_LOF': 0.03, 'outlier_remover__contamination_IF': 0.03, 'imputer__simple_strategy_num': 'median', 'imputer__knn_scaling_method': 'robust', 'imputer__knn_neighbors': 9, 'imputer__iterative_max_iter': 50, 'imputer__imputation_method': 'simple'}",-0.7975620114379582,-0.7975620114379582,0.0,127
78,0.47140002250671387,0.0,0.4473891258239746,0.0,robust,2.0,z_score,10,manhattan,0.5,100,0.25,0.03,mean,minmax,5,50,simple,"{'scaler__scaler_name': 'robust', 'outlier_remover__threshold': 2, 'outlier_remover__outlier_method': 'z_score', 'outlier_remover__n_neighbors': 10, 'outlier_remover__metric_LOF': 'manhattan', 'outlier_remover__max_samples_IF': 0.5, 'outlier_remover__estimators_IF': 100, 'outlier_remover__contamination_LOF': 0.25, 'outlier_remover__contamination_IF': 0.03, 'imputer__simple_strategy_num': 'mean', 'imputer__knn_scaling_method': 'minmax', 'imputer__knn_neighbors': 5, 'imputer__iterative_max_iter': 50, 'imputer__imputation_method': 'simple'}",-1.0,-1.0,0.0,136
79,2.248016834259033,0.0,1.8961012363433838,0.0,standard,2.0,z_score,30,euclidean,0.5,200,0.1,0.01,median,minmax,8,10,iterative,"{'scaler__scaler_name': 'standard', 'outlier_remover__threshold': 2, 'outlier_remover__outlier_method': 'z_score', 'outlier_remover__n_neighbors': 30, 'outlier_remover__metric_LOF': 'euclidean', 'outlier_remover__max_samples_IF': 0.5, 'outlier_remover__estimators_IF': 200, 'outlier_remover__contamination_LOF': 0.1, 'outlier_remover__contamination_IF': 0.01, 'imputer__simple_strategy_num': 'median', 'imputer__knn_scaling_method': 'minmax', 'imputer__knn_neighbors': 8, 'imputer__iterative_max_iter': 10, 'imputer__imputation_method': 'iterative'}",-1.0,-1.0,0.0,136
80,1.015669822692871,0.0,3.78164005279541,0.0,robust,2.5,Isolation_Forest,100,minkowski,auto,100,0.25,0.05,median,minmax,21,50,simple,"{'scaler__scaler_name': 'robust', 'outlier_remover__threshold': 2.5, 'outlier_remover__outlier_method': 'Isolation_Forest', 'outlier_remover__n_neighbors': 100, 'outlier_remover__metric_LOF': 'minkowski', 'outlier_remover__max_samples_IF': 'auto', 'outlier_remover__estimators_IF': 100, 'outlier_remover__contamination_LOF': 0.25, 'outlier_remover__contamination_IF': 0.05, 'imputer__simple_strategy_num': 'median', 'imputer__knn_scaling_method': 'minmax', 'imputer__knn_neighbors': 21, 'imputer__iterative_max_iter': 50, 'imputer__imputation_method': 'simple'}",-0.6728612436865079,-0.6728612436865079,0.0,100
81,10.483138084411621,0.0,12.052972793579102,0.0,standard,2.5,LOF,100,chebyshev,1.0,50,0.03,0.5,mean,standard,21,20,iterative,"{'scaler__scaler_name': 'standard', 'outlier_remover__threshold': 2.5, 'outlier_remover__outlier_method': 'LOF', 'outlier_remover__n_neighbors': 100, 'outlier_remover__metric_LOF': 'chebyshev', 'outlier_remover__max_samples_IF': 1.0, 'outlier_remover__estimators_IF': 50, 'outlier_remover__contamination_LOF': 0.03, 'outlier_remover__contamination_IF': 0.5, 'imputer__simple_strategy_num': 'mean', 'imputer__knn_scaling_method': 'standard', 'imputer__knn_neighbors': 21, 'imputer__iterative_max_iter': 20, 'imputer__imputation_method': 'iterative'}",-0.7966101958911055,-0.7966101958911055,0.0,126
82,0.4312319755554199,0.0,0.43918418884277344,0.0,standard,4.0,z_score,100,manhattan,1.0,200,0.01,0.5,mean,standard,29,20,simple,"{'scaler__scaler_name': 'standard', 'outlier_remover__threshold': 4, 'outlier_remover__outlier_method': 'z_score', 'outlier_remover__n_neighbors': 100, 'outlier_remover__metric_LOF': 'manhattan', 'outlier_remover__max_samples_IF': 1.0, 'outlier_remover__estimators_IF': 200, 'outlier_remover__contamination_LOF': 0.01, 'outlier_remover__contamination_IF': 0.5, 'imputer__simple_strategy_num': 'mean', 'imputer__knn_scaling_method': 'standard', 'imputer__knn_neighbors': 29, 'imputer__iterative_max_iter': 20, 'imputer__imputation_method': 'simple'}",-1.0,-1.0,0.0,136
83,2.487238883972168,0.0,5.539173126220703,0.0,standard,3.5,Isolation_Forest,30,manhattan,auto,100,0.01,0.15,median,standard,6,50,iterative,"{'scaler__scaler_name': 'standard', 'outlier_remover__threshold': 3.5, 'outlier_remover__outlier_method': 'Isolation_Forest', 'outlier_remover__n_neighbors': 30, 'outlier_remover__metric_LOF': 'manhattan', 'outlier_remover__max_samples_IF': 'auto', 'outlier_remover__estimators_IF': 100, 'outlier_remover__contamination_LOF': 0.01, 'outlier_remover__contamination_IF': 0.15, 'imputer__simple_strategy_num': 'median', 'imputer__knn_scaling_method': 'standard', 'imputer__knn_neighbors': 6, 'imputer__iterative_max_iter': 50, 'imputer__imputation_method': 'iterative'}",-0.5682454334396254,-0.5682454334396254,0.0,77
84,0.5334117412567139,0.0,0.5340471267700195,0.0,robust,3.0,z_score,100,minkowski,auto,200,0.03,0.01,median,minmax,28,50,simple,"{'scaler__scaler_name': 'robust', 'outlier_remover__threshold': 3, 'outlier_remover__outlier_method': 'z_score', 'outlier_remover__n_neighbors': 100, 'outlier_remover__metric_LOF': 'minkowski', 'outlier_remover__max_samples_IF': 'auto', 'outlier_remover__estimators_IF': 200, 'outlier_remover__contamination_LOF': 0.03, 'outlier_remover__contamination_IF': 0.01, 'imputer__simple_strategy_num': 'median', 'imputer__knn_scaling_method': 'minmax', 'imputer__knn_neighbors': 28, 'imputer__iterative_max_iter': 50, 'imputer__imputation_method': 'simple'}",-1.0,-1.0,0.0,136
85,2.0780580043792725,0.0,2.2160229682922363,0.0,minmax,3.0,z_score,90,chebyshev,0.5,200,0.1,0.01,mean,minmax,21,10,iterative,"{'scaler__scaler_name': 'minmax', 'outlier_remover__threshold': 3, 'outlier_remover__outlier_method': 'z_score', 'outlier_remover__n_neighbors': 90, 'outlier_remover__metric_LOF': 'chebyshev', 'outlier_remover__max_samples_IF': 0.5, 'outlier_remover__estimators_IF': 200, 'outlier_remover__contamination_LOF': 0.1, 'outlier_remover__contamination_IF': 0.01, 'imputer__simple_strategy_num': 'mean', 'imputer__knn_scaling_method': 'minmax', 'imputer__knn_neighbors': 21, 'imputer__iterative_max_iter': 10, 'imputer__imputation_method': 'iterative'}",-1.0,-1.0,0.0,136
86,0.9620099067687988,0.0,3.856308937072754,0.0,standard,3.5,Isolation_Forest,100,manhattan,0.5,50,0.01,0.15,median,standard,10,10,simple,"{'scaler__scaler_name': 'standard', 'outlier_remover__threshold': 3.5, 'outlier_remover__outlier_method': 'Isolation_Forest', 'outlier_remover__n_neighbors': 100, 'outlier_remover__metric_LOF': 'manhattan', 'outlier_remover__max_samples_IF': 0.5, 'outlier_remover__estimators_IF': 50, 'outlier_remover__contamination_LOF': 0.01, 'outlier_remover__contamination_IF': 0.15, 'imputer__simple_strategy_num': 'median', 'imputer__knn_scaling_method': 'standard', 'imputer__knn_neighbors': 10, 'imputer__iterative_max_iter': 10, 'imputer__imputation_method': 'simple'}",-0.5649380488183557,-0.5649380488183557,0.0,76
87,1.7209069728851318,0.0,4.376840114593506,0.0,minmax,2.5,LOF,20,euclidean,auto,100,0.01,0.25,mean,standard,17,20,simple,"{'scaler__scaler_name': 'minmax', 'outlier_remover__threshold': 2.5, 'outlier_remover__outlier_method': 'LOF', 'outlier_remover__n_neighbors': 20, 'outlier_remover__metric_LOF': 'euclidean', 'outlier_remover__max_samples_IF': 'auto', 'outlier_remover__estimators_IF': 100, 'outlier_remover__contamination_LOF': 0.01, 'outlier_remover__contamination_IF': 0.25, 'imputer__simple_strategy_num': 'mean', 'imputer__knn_scaling_method': 'standard', 'imputer__knn_neighbors': 17, 'imputer__iterative_max_iter': 20, 'imputer__imputation_method': 'simple'}",-0.5577653441740681,-0.5577653441740681,0.0,73
88,7.766273021697998,0.0,10.959664106369019,0.0,robust,3.0,Isolation_Forest,100,minkowski,0.7,200,0.25,0.03,mean,robust,18,10,knn,"{'scaler__scaler_name': 'robust', 'outlier_remover__threshold': 3, 'outlier_remover__outlier_method': 'Isolation_Forest', 'outlier_remover__n_neighbors': 100, 'outlier_remover__metric_LOF': 'minkowski', 'outlier_remover__max_samples_IF': 0.7, 'outlier_remover__estimators_IF': 200, 'outlier_remover__contamination_LOF': 0.25, 'outlier_remover__contamination_IF': 0.03, 'imputer__simple_strategy_num': 'mean', 'imputer__knn_scaling_method': 'robust', 'imputer__knn_neighbors': 18, 'imputer__iterative_max_iter': 10, 'imputer__imputation_method': 'knn'}",-0.7213397440559893,-0.7213397440559893,0.0,107
89,6.540117979049683,0.0,7.1940178871154785,0.0,minmax,2.0,z_score,70,chebyshev,1.0,100,0.01,0.25,median,minmax,12,10,knn,"{'scaler__scaler_name': 'minmax', 'outlier_remover__threshold': 2, 'outlier_remover__outlier_method': 'z_score', 'outlier_remover__n_neighbors': 70, 'outlier_remover__metric_LOF': 'chebyshev', 'outlier_remover__max_samples_IF': 1.0, 'outlier_remover__estimators_IF': 100, 'outlier_remover__contamination_LOF': 0.01, 'outlier_remover__contamination_IF': 0.25, 'imputer__simple_strategy_num': 'median', 'imputer__knn_scaling_method': 'minmax', 'imputer__knn_neighbors': 12, 'imputer__iterative_max_iter': 10, 'imputer__imputation_method': 'knn'}",-1.0,-1.0,0.0,136
90,1.8026490211486816,0.0,1.7612299919128418,0.0,robust,2.5,z_score,70,manhattan,0.5,50,0.1,0.15,median,minmax,20,50,iterative,"{'scaler__scaler_name': 'robust', 'outlier_remover__threshold': 2.5, 'outlier_remover__outlier_method': 'z_score', 'outlier_remover__n_neighbors': 70, 'outlier_remover__metric_LOF': 'manhattan', 'outlier_remover__max_samples_IF': 0.5, 'outlier_remover__estimators_IF': 50, 'outlier_remover__contamination_LOF': 0.1, 'outlier_remover__contamination_IF': 0.15, 'imputer__simple_strategy_num': 'median', 'imputer__knn_scaling_method': 'minmax', 'imputer__knn_neighbors': 20, 'imputer__iterative_max_iter': 50, 'imputer__imputation_method': 'iterative'}",-1.0,-1.0,0.0,136
91,3.1934196949005127,0.0,5.636444330215454,0.0,standard,4.0,LOF,30,minkowski,auto,200,0.05,0.15,mean,minmax,28,10,iterative,"{'scaler__scaler_name': 'standard', 'outlier_remover__threshold': 4, 'outlier_remover__outlier_method': 'LOF', 'outlier_remover__n_neighbors': 30, 'outlier_remover__metric_LOF': 'minkowski', 'outlier_remover__max_samples_IF': 'auto', 'outlier_remover__estimators_IF': 200, 'outlier_remover__contamination_LOF': 0.05, 'outlier_remover__contamination_IF': 0.15, 'imputer__simple_strategy_num': 'mean', 'imputer__knn_scaling_method': 'minmax', 'imputer__knn_neighbors': 28, 'imputer__iterative_max_iter': 10, 'imputer__imputation_method': 'iterative'}",-0.7666139909314275,-0.7666139909314275,0.0,120
92,7.767751216888428,0.0,11.305683851242065,0.0,robust,3.0,LOF,30,euclidean,auto,100,0.05,0.3,median,robust,28,20,knn,"{'scaler__scaler_name': 'robust', 'outlier_remover__threshold': 3, 'outlier_remover__outlier_method': 'LOF', 'outlier_remover__n_neighbors': 30, 'outlier_remover__metric_LOF': 'euclidean', 'outlier_remover__max_samples_IF': 'auto', 'outlier_remover__estimators_IF': 100, 'outlier_remover__contamination_LOF': 0.05, 'outlier_remover__contamination_IF': 0.3, 'imputer__simple_strategy_num': 'median', 'imputer__knn_scaling_method': 'robust', 'imputer__knn_neighbors': 28, 'imputer__iterative_max_iter': 20, 'imputer__imputation_method': 'knn'}",-0.7091482956818848,-0.7091482956818848,0.0,106
93,0.9240372180938721,0.0,3.9684526920318604,0.0,standard,4.0,Isolation_Forest,30,minkowski,0.5,100,0.5,0.15,median,minmax,9,10,simple,"{'scaler__scaler_name': 'standard', 'outlier_remover__threshold': 4, 'outlier_remover__outlier_method': 'Isolation_Forest', 'outlier_remover__n_neighbors': 30, 'outlier_remover__metric_LOF': 'minkowski', 'outlier_remover__max_samples_IF': 0.5, 'outlier_remover__estimators_IF': 100, 'outlier_remover__contamination_LOF': 0.5, 'outlier_remover__contamination_IF': 0.15, 'imputer__simple_strategy_num': 'median', 'imputer__knn_scaling_method': 'minmax', 'imputer__knn_neighbors': 9, 'imputer__iterative_max_iter': 10, 'imputer__imputation_method': 'simple'}",-0.5623593687712956,-0.5623593687712956,0.0,75
94,2.168260097503662,0.0,5.24006724357605,0.0,minmax,2.5,Isolation_Forest,90,chebyshev,auto,150,0.01,0.01,mean,robust,28,10,iterative,"{'scaler__scaler_name': 'minmax', 'outlier_remover__threshold': 2.5, 'outlier_remover__outlier_method': 'Isolation_Forest', 'outlier_remover__n_neighbors': 90, 'outlier_remover__metric_LOF': 'chebyshev', 'outlier_remover__max_samples_IF': 'auto', 'outlier_remover__estimators_IF': 150, 'outlier_remover__contamination_LOF': 0.01, 'outlier_remover__contamination_IF': 0.01, 'imputer__simple_strategy_num': 'mean', 'imputer__knn_scaling_method': 'robust', 'imputer__knn_neighbors': 28, 'imputer__iterative_max_iter': 10, 'imputer__imputation_method': 'iterative'}",-0.8305202786535841,-0.8305202786535841,0.0,133
95,0.5163688659667969,0.0,0.6305379867553711,0.0,robust,2.0,z_score,5,euclidean,0.7,50,0.15,0.5,median,standard,13,20,simple,"{'scaler__scaler_name': 'robust', 'outlier_remover__threshold': 2, 'outlier_remover__outlier_method': 'z_score', 'outlier_remover__n_neighbors': 5, 'outlier_remover__metric_LOF': 'euclidean', 'outlier_remover__max_samples_IF': 0.7, 'outlier_remover__estimators_IF': 50, 'outlier_remover__contamination_LOF': 0.15, 'outlier_remover__contamination_IF': 0.5, 'imputer__simple_strategy_num': 'median', 'imputer__knn_scaling_method': 'standard', 'imputer__knn_neighbors': 13, 'imputer__iterative_max_iter': 20, 'imputer__imputation_method': 'simple'}",-1.0,-1.0,0.0,136
96,1.9698569774627686,0.0,1.7073931694030762,0.0,minmax,2.5,z_score,5,euclidean,1.0,50,0.1,0.3,median,robust,22,20,iterative,"{'scaler__scaler_name': 'minmax', 'outlier_remover__threshold': 2.5, 'outlier_remover__outlier_method': 'z_score', 'outlier_remover__n_neighbors': 5, 'outlier_remover__metric_LOF': 'euclidean', 'outlier_remover__max_samples_IF': 1.0, 'outlier_remover__estimators_IF': 50, 'outlier_remover__contamination_LOF': 0.1, 'outlier_remover__contamination_IF': 0.3, 'imputer__simple_strategy_num': 'median', 'imputer__knn_scaling_method': 'robust', 'imputer__knn_neighbors': 22, 'imputer__iterative_max_iter': 20, 'imputer__imputation_method': 'iterative'}",-1.0,-1.0,0.0,136
97,1.2441749572753906,0.0,3.8776180744171143,0.0,standard,2.5,Isolation_Forest,30,manhattan,1.0,100,0.05,0.1,mean,standard,8,10,simple,"{'scaler__scaler_name': 'standard', 'outlier_remover__threshold': 2.5, 'outlier_remover__outlier_method': 'Isolation_Forest', 'outlier_remover__n_neighbors': 30, 'outlier_remover__metric_LOF': 'manhattan', 'outlier_remover__max_samples_IF': 1.0, 'outlier_remover__estimators_IF': 100, 'outlier_remover__contamination_LOF': 0.05, 'outlier_remover__contamination_IF': 0.1, 'imputer__simple_strategy_num': 'mean', 'imputer__knn_scaling_method': 'standard', 'imputer__knn_neighbors': 8, 'imputer__iterative_max_iter': 10, 'imputer__imputation_method': 'simple'}",-0.3615603811908112,-0.3615603811908112,0.0,54
98,2.072523832321167,0.0,4.810471057891846,0.0,minmax,3.0,LOF,70,euclidean,0.5,150,0.3,0.1,mean,robust,16,50,simple,"{'scaler__scaler_name': 'minmax', 'outlier_remover__threshold': 3, 'outlier_remover__outlier_method': 'LOF', 'outlier_remover__n_neighbors': 70, 'outlier_remover__metric_LOF': 'euclidean', 'outlier_remover__max_samples_IF': 0.5, 'outlier_remover__estimators_IF': 150, 'outlier_remover__contamination_LOF': 0.3, 'outlier_remover__contamination_IF': 0.1, 'imputer__simple_strategy_num': 'mean', 'imputer__knn_scaling_method': 'robust', 'imputer__knn_neighbors': 16, 'imputer__iterative_max_iter': 50, 'imputer__imputation_method': 'simple'}",-0.01532657254420092,-0.01532657254420092,0.0,21
99,6.257539987564087,0.0,9.417888164520264,0.0,standard,2.0,LOF,10,manhattan,0.7,50,0.1,0.03,median,standard,26,10,iterative,"{'scaler__scaler_name': 'standard', 'outlier_remover__threshold': 2, 'outlier_remover__outlier_method': 'LOF', 'outlier_remover__n_neighbors': 10, 'outlier_remover__metric_LOF': 'manhattan', 'outlier_remover__max_samples_IF': 0.7, 'outlier_remover__estimators_IF': 50, 'outlier_remover__contamination_LOF': 0.1, 'outlier_remover__contamination_IF': 0.03, 'imputer__simple_strategy_num': 'median', 'imputer__knn_scaling_method': 'standard', 'imputer__knn_neighbors': 26, 'imputer__iterative_max_iter': 10, 'imputer__imputation_method': 'iterative'}",-0.7013188675814946,-0.7013188675814946,0.0,104
100,2.134185791015625,0.0,5.67388391494751,0.0,robust,2.0,Isolation_Forest,30,manhattan,1.0,50,0.15,0.05,median,minmax,6,5,iterative,"{'scaler__scaler_name': 'robust', 'outlier_remover__threshold': 2, 'outlier_remover__outlier_method': 'Isolation_Forest', 'outlier_remover__n_neighbors': 30, 'outlier_remover__metric_LOF': 'manhattan', 'outlier_remover__max_samples_IF': 1.0, 'outlier_remover__estimators_IF': 50, 'outlier_remover__contamination_LOF': 0.15, 'outlier_remover__contamination_IF': 0.05, 'imputer__simple_strategy_num': 'median', 'imputer__knn_scaling_method': 'minmax', 'imputer__knn_neighbors': 6, 'imputer__iterative_max_iter': 5, 'imputer__imputation_method': 'iterative'}",-0.7595058177194225,-0.7595058177194225,0.0,116
101,7.432190179824829,0.0,6.526538133621216,0.0,minmax,2.5,z_score,10,chebyshev,0.5,200,0.25,0.03,mean,robust,29,20,knn,"{'scaler__scaler_name': 'minmax', 'outlier_remover__threshold': 2.5, 'outlier_remover__outlier_method': 'z_score', 'outlier_remover__n_neighbors': 10, 'outlier_remover__metric_LOF': 'chebyshev', 'outlier_remover__max_samples_IF': 0.5, 'outlier_remover__estimators_IF': 200, 'outlier_remover__contamination_LOF': 0.25, 'outlier_remover__contamination_IF': 0.03, 'imputer__simple_strategy_num': 'mean', 'imputer__knn_scaling_method': 'robust', 'imputer__knn_neighbors': 29, 'imputer__iterative_max_iter': 20, 'imputer__imputation_method': 'knn'}",-1.0,-1.0,0.0,136
102,3.599339008331299,0.0,5.592695236206055,0.0,minmax,3.5,Isolation_Forest,50,chebyshev,0.7,150,0.01,0.15,mean,standard,19,50,iterative,"{'scaler__scaler_name': 'minmax', 'outlier_remover__threshold': 3.5, 'outlier_remover__outlier_method': 'Isolation_Forest', 'outlier_remover__n_neighbors': 50, 'outlier_remover__metric_LOF': 'chebyshev', 'outlier_remover__max_samples_IF': 0.7, 'outlier_remover__estimators_IF': 150, 'outlier_remover__contamination_LOF': 0.01, 'outlier_remover__contamination_IF': 0.15, 'imputer__simple_strategy_num': 'mean', 'imputer__knn_scaling_method': 'standard', 'imputer__knn_neighbors': 19, 'imputer__iterative_max_iter': 50, 'imputer__imputation_method': 'iterative'}",-0.582428039549535,-0.582428039549535,0.0,81
103,9.396294832229614,0.0,11.814586162567139,0.0,minmax,2.0,LOF,100,chebyshev,0.7,50,0.5,0.3,mean,minmax,24,10,iterative,"{'scaler__scaler_name': 'minmax', 'outlier_remover__threshold': 2, 'outlier_remover__outlier_method': 'LOF', 'outlier_remover__n_neighbors': 100, 'outlier_remover__metric_LOF': 'chebyshev', 'outlier_remover__max_samples_IF': 0.7, 'outlier_remover__estimators_IF': 50, 'outlier_remover__contamination_LOF': 0.5, 'outlier_remover__contamination_IF': 0.3, 'imputer__simple_strategy_num': 'mean', 'imputer__knn_scaling_method': 'minmax', 'imputer__knn_neighbors': 24, 'imputer__iterative_max_iter': 10, 'imputer__imputation_method': 'iterative'}",0.055051825300681416,0.055051825300681416,0.0,17
104,7.472492218017578,0.0,9.614542722702026,0.0,robust,4.0,Isolation_Forest,5,manhattan,0.5,100,0.05,0.1,median,robust,11,10,knn,"{'scaler__scaler_name': 'robust', 'outlier_remover__threshold': 4, 'outlier_remover__outlier_method': 'Isolation_Forest', 'outlier_remover__n_neighbors': 5, 'outlier_remover__metric_LOF': 'manhattan', 'outlier_remover__max_samples_IF': 0.5, 'outlier_remover__estimators_IF': 100, 'outlier_remover__contamination_LOF': 0.05, 'outlier_remover__contamination_IF': 0.1, 'imputer__simple_strategy_num': 'median', 'imputer__knn_scaling_method': 'robust', 'imputer__knn_neighbors': 11, 'imputer__iterative_max_iter': 10, 'imputer__imputation_method': 'knn'}",-0.6077559223870805,-0.6077559223870805,0.0,89
105,7.120476007461548,0.0,6.626324892044067,0.0,standard,3.0,z_score,30,euclidean,auto,100,0.25,0.05,median,standard,16,5,knn,"{'scaler__scaler_name': 'standard', 'outlier_remover__threshold': 3, 'outlier_remover__outlier_method': 'z_score', 'outlier_remover__n_neighbors': 30, 'outlier_remover__metric_LOF': 'euclidean', 'outlier_remover__max_samples_IF': 'auto', 'outlier_remover__estimators_IF': 100, 'outlier_remover__contamination_LOF': 0.25, 'outlier_remover__contamination_IF': 0.05, 'imputer__simple_strategy_num': 'median', 'imputer__knn_scaling_method': 'standard', 'imputer__knn_neighbors': 16, 'imputer__iterative_max_iter': 5, 'imputer__imputation_method': 'knn'}",-1.0,-1.0,0.0,136
106,8.368056058883667,0.0,10.829543113708496,0.0,standard,4.0,LOF,50,euclidean,0.5,200,0.1,0.05,mean,minmax,6,5,knn,"{'scaler__scaler_name': 'standard', 'outlier_remover__threshold': 4, 'outlier_remover__outlier_method': 'LOF', 'outlier_remover__n_neighbors': 50, 'outlier_remover__metric_LOF': 'euclidean', 'outlier_remover__max_samples_IF': 0.5, 'outlier_remover__estimators_IF': 200, 'outlier_remover__contamination_LOF': 0.1, 'outlier_remover__contamination_IF': 0.05, 'imputer__simple_strategy_num': 'mean', 'imputer__knn_scaling_method': 'minmax', 'imputer__knn_neighbors': 6, 'imputer__iterative_max_iter': 5, 'imputer__imputation_method': 'knn'}",-0.6139676590942889,-0.6139676590942889,0.0,91
107,8.26636290550232,0.0,11.31368112564087,0.0,standard,2.0,LOF,50,euclidean,0.5,50,0.3,0.25,median,standard,26,20,knn,"{'scaler__scaler_name': 'standard', 'outlier_remover__threshold': 2, 'outlier_remover__outlier_method': 'LOF', 'outlier_remover__n_neighbors': 50, 'outlier_remover__metric_LOF': 'euclidean', 'outlier_remover__max_samples_IF': 0.5, 'outlier_remover__estimators_IF': 50, 'outlier_remover__contamination_LOF': 0.3, 'outlier_remover__contamination_IF': 0.25, 'imputer__simple_strategy_num': 'median', 'imputer__knn_scaling_method': 'standard', 'imputer__knn_neighbors': 26, 'imputer__iterative_max_iter': 20, 'imputer__imputation_method': 'knn'}",-0.21684175968914718,-0.21684175968914718,0.0,28
108,2.365885019302368,0.0,5.045663118362427,0.0,minmax,2.5,Isolation_Forest,20,chebyshev,0.7,100,0.1,0.01,median,standard,20,20,iterative,"{'scaler__scaler_name': 'minmax', 'outlier_remover__threshold': 2.5, 'outlier_remover__outlier_method': 'Isolation_Forest', 'outlier_remover__n_neighbors': 20, 'outlier_remover__metric_LOF': 'chebyshev', 'outlier_remover__max_samples_IF': 0.7, 'outlier_remover__estimators_IF': 100, 'outlier_remover__contamination_LOF': 0.1, 'outlier_remover__contamination_IF': 0.01, 'imputer__simple_strategy_num': 'median', 'imputer__knn_scaling_method': 'standard', 'imputer__knn_neighbors': 20, 'imputer__iterative_max_iter': 20, 'imputer__imputation_method': 'iterative'}",-0.8285855149292805,-0.8285855149292805,0.0,131
109,1.836972951889038,0.0,4.412448167800903,0.0,robust,3.0,Isolation_Forest,30,euclidean,0.5,100,0.3,0.5,median,minmax,11,20,simple,"{'scaler__scaler_name': 'robust', 'outlier_remover__threshold': 3, 'outlier_remover__outlier_method': 'Isolation_Forest', 'outlier_remover__n_neighbors': 30, 'outlier_remover__metric_LOF': 'euclidean', 'outlier_remover__max_samples_IF': 0.5, 'outlier_remover__estimators_IF': 100, 'outlier_remover__contamination_LOF': 0.3, 'outlier_remover__contamination_IF': 0.5, 'imputer__simple_strategy_num': 'median', 'imputer__knn_scaling_method': 'minmax', 'imputer__knn_neighbors': 11, 'imputer__iterative_max_iter': 20, 'imputer__imputation_method': 'simple'}",0.1797665589323402,0.1797665589323402,0.0,5
110,1.493232011795044,0.0,4.3494579792022705,0.0,minmax,4.0,Isolation_Forest,100,euclidean,0.5,200,0.5,0.1,mean,minmax,17,20,simple,"{'scaler__scaler_name': 'minmax', 'outlier_remover__threshold': 4, 'outlier_remover__outlier_method': 'Isolation_Forest', 'outlier_remover__n_neighbors': 100, 'outlier_remover__metric_LOF': 'euclidean', 'outlier_remover__max_samples_IF': 0.5, 'outlier_remover__estimators_IF': 200, 'outlier_remover__contamination_LOF': 0.5, 'outlier_remover__contamination_IF': 0.1, 'imputer__simple_strategy_num': 'mean', 'imputer__knn_scaling_method': 'minmax', 'imputer__knn_neighbors': 17, 'imputer__iterative_max_iter': 20, 'imputer__imputation_method': 'simple'}",-0.35117951212804915,-0.35117951212804915,0.0,51
111,2.0458662509918213,0.0,4.730943918228149,0.0,standard,3.0,Isolation_Forest,50,minkowski,1.0,100,0.01,0.5,median,standard,12,50,simple,"{'scaler__scaler_name': 'standard', 'outlier_remover__threshold': 3, 'outlier_remover__outlier_method': 'Isolation_Forest', 'outlier_remover__n_neighbors': 50, 'outlier_remover__metric_LOF': 'minkowski', 'outlier_remover__max_samples_IF': 1.0, 'outlier_remover__estimators_IF': 100, 'outlier_remover__contamination_LOF': 0.01, 'outlier_remover__contamination_IF': 0.5, 'imputer__simple_strategy_num': 'median', 'imputer__knn_scaling_method': 'standard', 'imputer__knn_neighbors': 12, 'imputer__iterative_max_iter': 50, 'imputer__imputation_method': 'simple'}",0.15477123378808708,0.15477123378808708,0.0,6
112,1.7674601078033447,0.0,1.773794174194336,0.0,robust,3.5,z_score,10,chebyshev,1.0,150,0.5,0.01,median,robust,30,20,iterative,"{'scaler__scaler_name': 'robust', 'outlier_remover__threshold': 3.5, 'outlier_remover__outlier_method': 'z_score', 'outlier_remover__n_neighbors': 10, 'outlier_remover__metric_LOF': 'chebyshev', 'outlier_remover__max_samples_IF': 1.0, 'outlier_remover__estimators_IF': 150, 'outlier_remover__contamination_LOF': 0.5, 'outlier_remover__contamination_IF': 0.01, 'imputer__simple_strategy_num': 'median', 'imputer__knn_scaling_method': 'robust', 'imputer__knn_neighbors': 30, 'imputer__iterative_max_iter': 20, 'imputer__imputation_method': 'iterative'}",-1.0,-1.0,0.0,136
113,8.014779090881348,0.0,10.466978073120117,0.0,standard,2.5,LOF,5,minkowski,0.5,50,0.5,0.03,median,minmax,21,5,knn,"{'scaler__scaler_name': 'standard', 'outlier_remover__threshold': 2.5, 'outlier_remover__outlier_method': 'LOF', 'outlier_remover__n_neighbors': 5, 'outlier_remover__metric_LOF': 'minkowski', 'outlier_remover__max_samples_IF': 0.5, 'outlier_remover__estimators_IF': 50, 'outlier_remover__contamination_LOF': 0.5, 'outlier_remover__contamination_IF': 0.03, 'imputer__simple_strategy_num': 'median', 'imputer__knn_scaling_method': 'minmax', 'imputer__knn_neighbors': 21, 'imputer__iterative_max_iter': 5, 'imputer__imputation_method': 'knn'}",-0.15672914913410155,-0.15672914913410155,0.0,23
114,0.4541289806365967,0.0,0.46433496475219727,0.0,robust,3.5,z_score,20,manhattan,0.7,50,0.03,0.3,mean,standard,15,5,simple,"{'scaler__scaler_name': 'robust', 'outlier_remover__threshold': 3.5, 'outlier_remover__outlier_method': 'z_score', 'outlier_remover__n_neighbors': 20, 'outlier_remover__metric_LOF': 'manhattan', 'outlier_remover__max_samples_IF': 0.7, 'outlier_remover__estimators_IF': 50, 'outlier_remover__contamination_LOF': 0.03, 'outlier_remover__contamination_IF': 0.3, 'imputer__simple_strategy_num': 'mean', 'imputer__knn_scaling_method': 'standard', 'imputer__knn_neighbors': 15, 'imputer__iterative_max_iter': 5, 'imputer__imputation_method': 'simple'}",-1.0,-1.0,0.0,136
115,6.540639877319336,0.0,9.003484010696411,0.0,standard,2.0,LOF,20,chebyshev,auto,200,0.1,0.01,mean,robust,12,20,simple,"{'scaler__scaler_name': 'standard', 'outlier_remover__threshold': 2, 'outlier_remover__outlier_method': 'LOF', 'outlier_remover__n_neighbors': 20, 'outlier_remover__metric_LOF': 'chebyshev', 'outlier_remover__max_samples_IF': 'auto', 'outlier_remover__estimators_IF': 200, 'outlier_remover__contamination_LOF': 0.1, 'outlier_remover__contamination_IF': 0.01, 'imputer__simple_strategy_num': 'mean', 'imputer__knn_scaling_method': 'robust', 'imputer__knn_neighbors': 12, 'imputer__iterative_max_iter': 20, 'imputer__imputation_method': 'simple'}",-0.4047790824016606,-0.4047790824016606,0.0,59
116,7.630031108856201,0.0,10.653827905654907,0.0,minmax,4.0,Isolation_Forest,30,manhattan,0.5,200,0.1,0.3,mean,robust,22,50,knn,"{'scaler__scaler_name': 'minmax', 'outlier_remover__threshold': 4, 'outlier_remover__outlier_method': 'Isolation_Forest', 'outlier_remover__n_neighbors': 30, 'outlier_remover__metric_LOF': 'manhattan', 'outlier_remover__max_samples_IF': 0.5, 'outlier_remover__estimators_IF': 200, 'outlier_remover__contamination_LOF': 0.1, 'outlier_remover__contamination_IF': 0.3, 'imputer__simple_strategy_num': 'mean', 'imputer__knn_scaling_method': 'robust', 'imputer__knn_neighbors': 22, 'imputer__iterative_max_iter': 50, 'imputer__imputation_method': 'knn'}",-0.24374162286574674,-0.24374162286574674,0.0,29
117,7.55907130241394,0.0,11.7339768409729,0.0,minmax,2.5,Isolation_Forest,10,euclidean,0.5,100,0.05,0.5,median,minmax,23,5,knn,"{'scaler__scaler_name': 'minmax', 'outlier_remover__threshold': 2.5, 'outlier_remover__outlier_method': 'Isolation_Forest', 'outlier_remover__n_neighbors': 10, 'outlier_remover__metric_LOF': 'euclidean', 'outlier_remover__max_samples_IF': 0.5, 'outlier_remover__estimators_IF': 100, 'outlier_remover__contamination_LOF': 0.05, 'outlier_remover__contamination_IF': 0.5, 'imputer__simple_strategy_num': 'median', 'imputer__knn_scaling_method': 'minmax', 'imputer__knn_neighbors': 23, 'imputer__iterative_max_iter': 5, 'imputer__imputation_method': 'knn'}",0.14236276549997398,0.14236276549997398,0.0,7
118,2.0313479900360107,0.0,1.9621539115905762,0.0,standard,3.5,z_score,30,manhattan,0.5,100,0.01,0.01,median,robust,6,5,iterative,"{'scaler__scaler_name': 'standard', 'outlier_remover__threshold': 3.5, 'outlier_remover__outlier_method': 'z_score', 'outlier_remover__n_neighbors': 30, 'outlier_remover__metric_LOF': 'manhattan', 'outlier_remover__max_samples_IF': 0.5, 'outlier_remover__estimators_IF': 100, 'outlier_remover__contamination_LOF': 0.01, 'outlier_remover__contamination_IF': 0.01, 'imputer__simple_strategy_num': 'median', 'imputer__knn_scaling_method': 'robust', 'imputer__knn_neighbors': 6, 'imputer__iterative_max_iter': 5, 'imputer__imputation_method': 'iterative'}",-1.0,-1.0,0.0,136
119,2.5146050453186035,0.0,5.399350881576538,0.0,minmax,3.5,Isolation_Forest,50,chebyshev,0.5,100,0.3,0.1,mean,robust,23,20,iterative,"{'scaler__scaler_name': 'minmax', 'outlier_remover__threshold': 3.5, 'outlier_remover__outlier_method': 'Isolation_Forest', 'outlier_remover__n_neighbors': 50, 'outlier_remover__metric_LOF': 'chebyshev', 'outlier_remover__max_samples_IF': 0.5, 'outlier_remover__estimators_IF': 100, 'outlier_remover__contamination_LOF': 0.3, 'outlier_remover__contamination_IF': 0.1, 'imputer__simple_strategy_num': 'mean', 'imputer__knn_scaling_method': 'robust', 'imputer__knn_neighbors': 23, 'imputer__iterative_max_iter': 20, 'imputer__imputation_method': 'iterative'}",-0.6728441931627644,-0.6728441931627644,0.0,99
120,0.4631228446960449,0.0,0.5071518421173096,0.0,minmax,2.0,z_score,100,chebyshev,0.7,150,0.15,0.03,median,minmax,13,20,simple,"{'scaler__scaler_name': 'minmax', 'outlier_remover__threshold': 2, 'outlier_remover__outlier_method': 'z_score', 'outlier_remover__n_neighbors': 100, 'outlier_remover__metric_LOF': 'chebyshev', 'outlier_remover__max_samples_IF': 0.7, 'outlier_remover__estimators_IF': 150, 'outlier_remover__contamination_LOF': 0.15, 'outlier_remover__contamination_IF': 0.03, 'imputer__simple_strategy_num': 'median', 'imputer__knn_scaling_method': 'minmax', 'imputer__knn_neighbors': 13, 'imputer__iterative_max_iter': 20, 'imputer__imputation_method': 'simple'}",-1.0,-1.0,0.0,136
121,3.4143269062042236,0.0,5.946220874786377,0.0,minmax,4.0,Isolation_Forest,20,minkowski,0.7,200,0.1,0.3,mean,standard,23,5,iterative,"{'scaler__scaler_name': 'minmax', 'outlier_remover__threshold': 4, 'outlier_remover__outlier_method': 'Isolation_Forest', 'outlier_remover__n_neighbors': 20, 'outlier_remover__metric_LOF': 'minkowski', 'outlier_remover__max_samples_IF': 0.7, 'outlier_remover__estimators_IF': 200, 'outlier_remover__contamination_LOF': 0.1, 'outlier_remover__contamination_IF': 0.3, 'imputer__simple_strategy_num': 'mean', 'imputer__knn_scaling_method': 'standard', 'imputer__knn_neighbors': 23, 'imputer__iterative_max_iter': 5, 'imputer__imputation_method': 'iterative'}",-0.2875187238078085,-0.2875187238078085,0.0,41
122,8.651854038238525,0.0,11.54761791229248,0.0,standard,3.0,Isolation_Forest,10,chebyshev,0.7,200,0.05,0.25,median,standard,26,5,knn,"{'scaler__scaler_name': 'standard', 'outlier_remover__threshold': 3, 'outlier_remover__outlier_method': 'Isolation_Forest', 'outlier_remover__n_neighbors': 10, 'outlier_remover__metric_LOF': 'chebyshev', 'outlier_remover__max_samples_IF': 0.7, 'outlier_remover__estimators_IF': 200, 'outlier_remover__contamination_LOF': 0.05, 'outlier_remover__contamination_IF': 0.25, 'imputer__simple_strategy_num': 'median', 'imputer__knn_scaling_method': 'standard', 'imputer__knn_neighbors': 26, 'imputer__iterative_max_iter': 5, 'imputer__imputation_method': 'knn'}",-0.30296779647124145,-0.30296779647124145,0.0,44
123,9.802495002746582,0.0,11.811320066452026,0.0,minmax,4.0,LOF,100,euclidean,1.0,200,0.5,0.03,mean,minmax,14,20,knn,"{'scaler__scaler_name': 'minmax', 'outlier_remover__threshold': 4, 'outlier_remover__outlier_method': 'LOF', 'outlier_remover__n_neighbors': 100, 'outlier_remover__metric_LOF': 'euclidean', 'outlier_remover__max_samples_IF': 1.0, 'outlier_remover__estimators_IF': 200, 'outlier_remover__contamination_LOF': 0.5, 'outlier_remover__contamination_IF': 0.03, 'imputer__simple_strategy_num': 'mean', 'imputer__knn_scaling_method': 'minmax', 'imputer__knn_neighbors': 14, 'imputer__iterative_max_iter': 20, 'imputer__imputation_method': 'knn'}",0.13855200961253591,0.13855200961253591,0.0,8
124,2.991356134414673,0.0,5.566415786743164,0.0,robust,2.0,LOF,5,euclidean,0.5,50,0.15,0.01,median,standard,30,5,iterative,"{'scaler__scaler_name': 'robust', 'outlier_remover__threshold': 2, 'outlier_remover__outlier_method': 'LOF', 'outlier_remover__n_neighbors': 5, 'outlier_remover__metric_LOF': 'euclidean', 'outlier_remover__max_samples_IF': 0.5, 'outlier_remover__estimators_IF': 50, 'outlier_remover__contamination_LOF': 0.15, 'outlier_remover__contamination_IF': 0.01, 'imputer__simple_strategy_num': 'median', 'imputer__knn_scaling_method': 'standard', 'imputer__knn_neighbors': 30, 'imputer__iterative_max_iter': 5, 'imputer__imputation_method': 'iterative'}",-0.6701678120396496,-0.6701678120396496,0.0,95
125,8.230584859848022,0.0,10.345444202423096,0.0,minmax,2.0,Isolation_Forest,10,euclidean,0.5,150,0.5,0.1,median,standard,25,20,knn,"{'scaler__scaler_name': 'minmax', 'outlier_remover__threshold': 2, 'outlier_remover__outlier_method': 'Isolation_Forest', 'outlier_remover__n_neighbors': 10, 'outlier_remover__metric_LOF': 'euclidean', 'outlier_remover__max_samples_IF': 0.5, 'outlier_remover__estimators_IF': 150, 'outlier_remover__contamination_LOF': 0.5, 'outlier_remover__contamination_IF': 0.1, 'imputer__simple_strategy_num': 'median', 'imputer__knn_scaling_method': 'standard', 'imputer__knn_neighbors': 25, 'imputer__iterative_max_iter': 20, 'imputer__imputation_method': 'knn'}",-0.6227093757068801,-0.6227093757068801,0.0,92
126,2.671973943710327,0.0,5.379976034164429,0.0,standard,2.5,Isolation_Forest,70,manhattan,1.0,150,0.3,0.1,mean,minmax,19,10,iterative,"{'scaler__scaler_name': 'standard', 'outlier_remover__threshold': 2.5, 'outlier_remover__outlier_method': 'Isolation_Forest', 'outlier_remover__n_neighbors': 70, 'outlier_remover__metric_LOF': 'manhattan', 'outlier_remover__max_samples_IF': 1.0, 'outlier_remover__estimators_IF': 150, 'outlier_remover__contamination_LOF': 0.3, 'outlier_remover__contamination_IF': 0.1, 'imputer__simple_strategy_num': 'mean', 'imputer__knn_scaling_method': 'minmax', 'imputer__knn_neighbors': 19, 'imputer__iterative_max_iter': 10, 'imputer__imputation_method': 'iterative'}",-0.671976739042334,-0.671976739042334,0.0,97
127,10.637498140335083,0.0,14.856220006942749,0.0,minmax,3.0,LOF,10,manhattan,0.5,150,0.01,0.5,median,robust,16,5,knn,"{'scaler__scaler_name': 'minmax', 'outlier_remover__threshold': 3, 'outlier_remover__outlier_method': 'LOF', 'outlier_remover__n_neighbors': 10, 'outlier_remover__metric_LOF': 'manhattan', 'outlier_remover__max_samples_IF': 0.5, 'outlier_remover__estimators_IF': 150, 'outlier_remover__contamination_LOF': 0.01, 'outlier_remover__contamination_IF': 0.5, 'imputer__simple_strategy_num': 'median', 'imputer__knn_scaling_method': 'robust', 'imputer__knn_neighbors': 16, 'imputer__iterative_max_iter': 5, 'imputer__imputation_method': 'knn'}",-0.7682504716511717,-0.7682504716511717,0.0,121
128,6.764965295791626,0.0,8.57576870918274,0.0,robust,4.0,z_score,10,manhattan,1.0,200,0.3,0.01,mean,standard,21,50,knn,"{'scaler__scaler_name': 'robust', 'outlier_remover__threshold': 4, 'outlier_remover__outlier_method': 'z_score', 'outlier_remover__n_neighbors': 10, 'outlier_remover__metric_LOF': 'manhattan', 'outlier_remover__max_samples_IF': 1.0, 'outlier_remover__estimators_IF': 200, 'outlier_remover__contamination_LOF': 0.3, 'outlier_remover__contamination_IF': 0.01, 'imputer__simple_strategy_num': 'mean', 'imputer__knn_scaling_method': 'standard', 'imputer__knn_neighbors': 21, 'imputer__iterative_max_iter': 50, 'imputer__imputation_method': 'knn'}",-1.0,-1.0,0.0,136
129,8.407840013504028,0.0,9.634263038635254,0.0,robust,3.5,Isolation_Forest,20,manhattan,1.0,50,0.25,0.01,median,standard,18,50,knn,"{'scaler__scaler_name': 'robust', 'outlier_remover__threshold': 3.5, 'outlier_remover__outlier_method': 'Isolation_Forest', 'outlier_remover__n_neighbors': 20, 'outlier_remover__metric_LOF': 'manhattan', 'outlier_remover__max_samples_IF': 1.0, 'outlier_remover__estimators_IF': 50, 'outlier_remover__contamination_LOF': 0.25, 'outlier_remover__contamination_IF': 0.01, 'imputer__simple_strategy_num': 'median', 'imputer__knn_scaling_method': 'standard', 'imputer__knn_neighbors': 18, 'imputer__iterative_max_iter': 50, 'imputer__imputation_method': 'knn'}",-0.7785780303639,-0.7785780303639,0.0,124
130,7.899837970733643,0.0,6.6456780433654785,0.0,minmax,2.5,z_score,100,euclidean,auto,50,0.25,0.5,mean,standard,27,50,knn,"{'scaler__scaler_name': 'minmax', 'outlier_remover__threshold': 2.5, 'outlier_remover__outlier_method': 'z_score', 'outlier_remover__n_neighbors': 100, 'outlier_remover__metric_LOF': 'euclidean', 'outlier_remover__max_samples_IF': 'auto', 'outlier_remover__estimators_IF': 50, 'outlier_remover__contamination_LOF': 0.25, 'outlier_remover__contamination_IF': 0.5, 'imputer__simple_strategy_num': 'mean', 'imputer__knn_scaling_method': 'standard', 'imputer__knn_neighbors': 27, 'imputer__iterative_max_iter': 50, 'imputer__imputation_method': 'knn'}",-1.0,-1.0,0.0,136
131,7.764399766921997,0.0,10.63982605934143,0.0,robust,2.0,LOF,10,euclidean,1.0,100,0.05,0.05,mean,standard,5,10,knn,"{'scaler__scaler_name': 'robust', 'outlier_remover__threshold': 2, 'outlier_remover__outlier_method': 'LOF', 'outlier_remover__n_neighbors': 10, 'outlier_remover__metric_LOF': 'euclidean', 'outlier_remover__max_samples_IF': 1.0, 'outlier_remover__estimators_IF': 100, 'outlier_remover__contamination_LOF': 0.05, 'outlier_remover__contamination_IF': 0.05, 'imputer__simple_strategy_num': 'mean', 'imputer__knn_scaling_method': 'standard', 'imputer__knn_neighbors': 5, 'imputer__iterative_max_iter': 10, 'imputer__imputation_method': 'knn'}",-0.7373505781398232,-0.7373505781398232,0.0,110
132,7.244869947433472,0.0,9.595474243164062,0.0,standard,3.5,LOF,10,chebyshev,auto,150,0.3,0.05,median,robust,30,50,simple,"{'scaler__scaler_name': 'standard', 'outlier_remover__threshold': 3.5, 'outlier_remover__outlier_method': 'LOF', 'outlier_remover__n_neighbors': 10, 'outlier_remover__metric_LOF': 'chebyshev', 'outlier_remover__max_samples_IF': 'auto', 'outlier_remover__estimators_IF': 150, 'outlier_remover__contamination_LOF': 0.3, 'outlier_remover__contamination_IF': 0.05, 'imputer__simple_strategy_num': 'median', 'imputer__knn_scaling_method': 'robust', 'imputer__knn_neighbors': 30, 'imputer__iterative_max_iter': 50, 'imputer__imputation_method': 'simple'}",-0.3696694219307073,-0.3696694219307073,0.0,56
133,0.4358201026916504,0.0,0.4056251049041748,0.0,minmax,3.5,z_score,90,chebyshev,1.0,150,0.05,0.25,mean,standard,25,10,simple,"{'scaler__scaler_name': 'minmax', 'outlier_remover__threshold': 3.5, 'outlier_remover__outlier_method': 'z_score', 'outlier_remover__n_neighbors': 90, 'outlier_remover__metric_LOF': 'chebyshev', 'outlier_remover__max_samples_IF': 1.0, 'outlier_remover__estimators_IF': 150, 'outlier_remover__contamination_LOF': 0.05, 'outlier_remover__contamination_IF': 0.25, 'imputer__simple_strategy_num': 'mean', 'imputer__knn_scaling_method': 'standard', 'imputer__knn_neighbors': 25, 'imputer__iterative_max_iter': 10, 'imputer__imputation_method': 'simple'}",-1.0,-1.0,0.0,136
134,1.8206217288970947,0.0,1.9223370552062988,0.0,minmax,2.0,z_score,70,chebyshev,auto,100,0.25,0.05,mean,standard,8,10,iterative,"{'scaler__scaler_name': 'minmax', 'outlier_remover__threshold': 2, 'outlier_remover__outlier_method': 'z_score', 'outlier_remover__n_neighbors': 70, 'outlier_remover__metric_LOF': 'chebyshev', 'outlier_remover__max_samples_IF': 'auto', 'outlier_remover__estimators_IF': 100, 'outlier_remover__contamination_LOF': 0.25, 'outlier_remover__contamination_IF': 0.05, 'imputer__simple_strategy_num': 'mean', 'imputer__knn_scaling_method': 'standard', 'imputer__knn_neighbors': 8, 'imputer__iterative_max_iter': 10, 'imputer__imputation_method': 'iterative'}",-1.0,-1.0,0.0,136
135,1.6153950691223145,0.0,4.050553798675537,0.0,minmax,3.0,Isolation_Forest,90,manhattan,auto,100,0.1,0.5,median,minmax,24,50,simple,"{'scaler__scaler_name': 'minmax', 'outlier_remover__threshold': 3, 'outlier_remover__outlier_method': 'Isolation_Forest', 'outlier_remover__n_neighbors': 90, 'outlier_remover__metric_LOF': 'manhattan', 'outlier_remover__max_samples_IF': 'auto', 'outlier_remover__estimators_IF': 100, 'outlier_remover__contamination_LOF': 0.1, 'outlier_remover__contamination_IF': 0.5, 'imputer__simple_strategy_num': 'median', 'imputer__knn_scaling_method': 'minmax', 'imputer__knn_neighbors': 24, 'imputer__iterative_max_iter': 50, 'imputer__imputation_method': 'simple'}",0.18054123014643858,0.18054123014643858,0.0,4
136,0.7180249691009521,0.0,3.5524628162384033,0.0,minmax,2.0,Isolation_Forest,50,minkowski,1.0,50,0.1,0.1,mean,minmax,8,50,simple,"{'scaler__scaler_name': 'minmax', 'outlier_remover__threshold': 2, 'outlier_remover__outlier_method': 'Isolation_Forest', 'outlier_remover__n_neighbors': 50, 'outlier_remover__metric_LOF': 'minkowski', 'outlier_remover__max_samples_IF': 1.0, 'outlier_remover__estimators_IF': 50, 'outlier_remover__contamination_LOF': 0.1, 'outlier_remover__contamination_IF': 0.1, 'imputer__simple_strategy_num': 'mean', 'imputer__knn_scaling_method': 'minmax', 'imputer__knn_neighbors': 8, 'imputer__iterative_max_iter': 50, 'imputer__imputation_method': 'simple'}",-0.3710715076147947,-0.3710715076147947,0.0,57
137,2.1895341873168945,0.0,4.997761011123657,0.0,robust,2.0,LOF,30,minkowski,auto,200,0.5,0.03,mean,standard,4,20,simple,"{'scaler__scaler_name': 'robust', 'outlier_remover__threshold': 2, 'outlier_remover__outlier_method': 'LOF', 'outlier_remover__n_neighbors': 30, 'outlier_remover__metric_LOF': 'minkowski', 'outlier_remover__max_samples_IF': 'auto', 'outlier_remover__estimators_IF': 200, 'outlier_remover__contamination_LOF': 0.5, 'outlier_remover__contamination_IF': 0.03, 'imputer__simple_strategy_num': 'mean', 'imputer__knn_scaling_method': 'standard', 'imputer__knn_neighbors': 4, 'imputer__iterative_max_iter': 20, 'imputer__imputation_method': 'simple'}",0.2931933182893035,0.2931933182893035,0.0,1
138,1.662034034729004,0.0,4.485222101211548,0.0,minmax,2.5,LOF,30,minkowski,auto,50,0.01,0.03,mean,robust,12,5,simple,"{'scaler__scaler_name': 'minmax', 'outlier_remover__threshold': 2.5, 'outlier_remover__outlier_method': 'LOF', 'outlier_remover__n_neighbors': 30, 'outlier_remover__metric_LOF': 'minkowski', 'outlier_remover__max_samples_IF': 'auto', 'outlier_remover__estimators_IF': 50, 'outlier_remover__contamination_LOF': 0.01, 'outlier_remover__contamination_IF': 0.03, 'imputer__simple_strategy_num': 'mean', 'imputer__knn_scaling_method': 'robust', 'imputer__knn_neighbors': 12, 'imputer__iterative_max_iter': 5, 'imputer__imputation_method': 'simple'}",-0.5557746875695884,-0.5557746875695884,0.0,71
139,1.8386168479919434,0.0,2.0179121494293213,0.0,robust,4.0,z_score,20,minkowski,0.5,50,0.3,0.25,mean,standard,5,5,iterative,"{'scaler__scaler_name': 'robust', 'outlier_remover__threshold': 4, 'outlier_remover__outlier_method': 'z_score', 'outlier_remover__n_neighbors': 20, 'outlier_remover__metric_LOF': 'minkowski', 'outlier_remover__max_samples_IF': 0.5, 'outlier_remover__estimators_IF': 50, 'outlier_remover__contamination_LOF': 0.3, 'outlier_remover__contamination_IF': 0.25, 'imputer__simple_strategy_num': 'mean', 'imputer__knn_scaling_method': 'standard', 'imputer__knn_neighbors': 5, 'imputer__iterative_max_iter': 5, 'imputer__imputation_method': 'iterative'}",-1.0,-1.0,0.0,136
140,1.7766332626342773,0.0,4.463629961013794,0.0,minmax,4.0,Isolation_Forest,20,chebyshev,0.7,200,0.3,0.05,median,minmax,11,50,simple,"{'scaler__scaler_name': 'minmax', 'outlier_remover__threshold': 4, 'outlier_remover__outlier_method': 'Isolation_Forest', 'outlier_remover__n_neighbors': 20, 'outlier_remover__metric_LOF': 'chebyshev', 'outlier_remover__max_samples_IF': 0.7, 'outlier_remover__estimators_IF': 200, 'outlier_remover__contamination_LOF': 0.3, 'outlier_remover__contamination_IF': 0.05, 'imputer__simple_strategy_num': 'median', 'imputer__knn_scaling_method': 'minmax', 'imputer__knn_neighbors': 11, 'imputer__iterative_max_iter': 50, 'imputer__imputation_method': 'simple'}",-0.7566813987168988,-0.7566813987168988,0.0,113
141,10.958357095718384,0.0,14.787481784820557,0.0,minmax,4.0,LOF,70,manhattan,1.0,150,0.1,0.03,median,robust,4,5,knn,"{'scaler__scaler_name': 'minmax', 'outlier_remover__threshold': 4, 'outlier_remover__outlier_method': 'LOF', 'outlier_remover__n_neighbors': 70, 'outlier_remover__metric_LOF': 'manhattan', 'outlier_remover__max_samples_IF': 1.0, 'outlier_remover__estimators_IF': 150, 'outlier_remover__contamination_LOF': 0.1, 'outlier_remover__contamination_IF': 0.03, 'imputer__simple_strategy_num': 'median', 'imputer__knn_scaling_method': 'robust', 'imputer__knn_neighbors': 4, 'imputer__iterative_max_iter': 5, 'imputer__imputation_method': 'knn'}",-0.5802613652097174,-0.5802613652097174,0.0,79
142,6.624792814254761,0.0,6.820618152618408,0.0,minmax,4.0,z_score,20,minkowski,1.0,100,0.1,0.5,mean,minmax,24,50,knn,"{'scaler__scaler_name': 'minmax', 'outlier_remover__threshold': 4, 'outlier_remover__outlier_method': 'z_score', 'outlier_remover__n_neighbors': 20, 'outlier_remover__metric_LOF': 'minkowski', 'outlier_remover__max_samples_IF': 1.0, 'outlier_remover__estimators_IF': 100, 'outlier_remover__contamination_LOF': 0.1, 'outlier_remover__contamination_IF': 0.5, 'imputer__simple_strategy_num': 'mean', 'imputer__knn_scaling_method': 'minmax', 'imputer__knn_neighbors': 24, 'imputer__iterative_max_iter': 50, 'imputer__imputation_method': 'knn'}",-1.0,-1.0,0.0,136
143,7.829247951507568,0.0,10.480905055999756,0.0,standard,2.5,LOF,90,chebyshev,0.5,50,0.5,0.25,median,minmax,21,5,simple,"{'scaler__scaler_name': 'standard', 'outlier_remover__threshold': 2.5, 'outlier_remover__outlier_method': 'LOF', 'outlier_remover__n_neighbors': 90, 'outlier_remover__metric_LOF': 'chebyshev', 'outlier_remover__max_samples_IF': 0.5, 'outlier_remover__estimators_IF': 50, 'outlier_remover__contamination_LOF': 0.5, 'outlier_remover__contamination_IF': 0.25, 'imputer__simple_strategy_num': 'median', 'imputer__knn_scaling_method': 'minmax', 'imputer__knn_neighbors': 21, 'imputer__iterative_max_iter': 5, 'imputer__imputation_method': 'simple'}",0.10628268685139425,0.10628268685139425,0.0,14
144,0.5060677528381348,0.0,0.42328405380249023,0.0,minmax,4.0,z_score,10,manhattan,0.7,100,0.03,0.03,mean,minmax,29,10,simple,"{'scaler__scaler_name': 'minmax', 'outlier_remover__threshold': 4, 'outlier_remover__outlier_method': 'z_score', 'outlier_remover__n_neighbors': 10, 'outlier_remover__metric_LOF': 'manhattan', 'outlier_remover__max_samples_IF': 0.7, 'outlier_remover__estimators_IF': 100, 'outlier_remover__contamination_LOF': 0.03, 'outlier_remover__contamination_IF': 0.03, 'imputer__simple_strategy_num': 'mean', 'imputer__knn_scaling_method': 'minmax', 'imputer__knn_neighbors': 29, 'imputer__iterative_max_iter': 10, 'imputer__imputation_method': 'simple'}",-1.0,-1.0,0.0,136
145,7.233980894088745,0.0,10.188605070114136,0.0,minmax,2.0,Isolation_Forest,90,manhattan,0.7,50,0.5,0.3,median,minmax,25,20,knn,"{'scaler__scaler_name': 'minmax', 'outlier_remover__threshold': 2, 'outlier_remover__outlier_method': 'Isolation_Forest', 'outlier_remover__n_neighbors': 90, 'outlier_remover__metric_LOF': 'manhattan', 'outlier_remover__max_samples_IF': 0.7, 'outlier_remover__estimators_IF': 50, 'outlier_remover__contamination_LOF': 0.5, 'outlier_remover__contamination_IF': 0.3, 'imputer__simple_strategy_num': 'median', 'imputer__knn_scaling_method': 'minmax', 'imputer__knn_neighbors': 25, 'imputer__iterative_max_iter': 20, 'imputer__imputation_method': 'knn'}",-0.25958515311021624,-0.25958515311021624,0.0,33
146,1.7500488758087158,0.0,1.815223217010498,0.0,minmax,2.5,z_score,100,manhattan,auto,150,0.05,0.01,median,minmax,29,5,iterative,"{'scaler__scaler_name': 'minmax', 'outlier_remover__threshold': 2.5, 'outlier_remover__outlier_method': 'z_score', 'outlier_remover__n_neighbors': 100, 'outlier_remover__metric_LOF': 'manhattan', 'outlier_remover__max_samples_IF': 'auto', 'outlier_remover__estimators_IF': 150, 'outlier_remover__contamination_LOF': 0.05, 'outlier_remover__contamination_IF': 0.01, 'imputer__simple_strategy_num': 'median', 'imputer__knn_scaling_method': 'minmax', 'imputer__knn_neighbors': 29, 'imputer__iterative_max_iter': 5, 'imputer__imputation_method': 'iterative'}",-1.0,-1.0,0.0,136
147,2.348296880722046,0.0,5.331631898880005,0.0,robust,3.0,Isolation_Forest,10,manhattan,auto,150,0.15,0.1,median,standard,23,10,iterative,"{'scaler__scaler_name': 'robust', 'outlier_remover__threshold': 3, 'outlier_remover__outlier_method': 'Isolation_Forest', 'outlier_remover__n_neighbors': 10, 'outlier_remover__metric_LOF': 'manhattan', 'outlier_remover__max_samples_IF': 'auto', 'outlier_remover__estimators_IF': 150, 'outlier_remover__contamination_LOF': 0.15, 'outlier_remover__contamination_IF': 0.1, 'imputer__simple_strategy_num': 'median', 'imputer__knn_scaling_method': 'standard', 'imputer__knn_neighbors': 23, 'imputer__iterative_max_iter': 10, 'imputer__imputation_method': 'iterative'}",-0.6722889501590443,-0.6722889501590443,0.0,98
148,0.9090418815612793,0.0,3.6188530921936035,0.0,robust,4.0,Isolation_Forest,100,chebyshev,auto,50,0.25,0.3,median,minmax,28,50,simple,"{'scaler__scaler_name': 'robust', 'outlier_remover__threshold': 4, 'outlier_remover__outlier_method': 'Isolation_Forest', 'outlier_remover__n_neighbors': 100, 'outlier_remover__metric_LOF': 'chebyshev', 'outlier_remover__max_samples_IF': 'auto', 'outlier_remover__estimators_IF': 50, 'outlier_remover__contamination_LOF': 0.25, 'outlier_remover__contamination_IF': 0.3, 'imputer__simple_strategy_num': 'median', 'imputer__knn_scaling_method': 'minmax', 'imputer__knn_neighbors': 28, 'imputer__iterative_max_iter': 50, 'imputer__imputation_method': 'simple'}",-0.2061348192351089,-0.2061348192351089,0.0,26
149,14.000834941864014,0.0,16.246753931045532,0.0,standard,3.5,LOF,100,chebyshev,auto,100,0.1,0.25,mean,standard,10,5,knn,"{'scaler__scaler_name': 'standard', 'outlier_remover__threshold': 3.5, 'outlier_remover__outlier_method': 'LOF', 'outlier_remover__n_neighbors': 100, 'outlier_remover__metric_LOF': 'chebyshev', 'outlier_remover__max_samples_IF': 'auto', 'outlier_remover__estimators_IF': 100, 'outlier_remover__contamination_LOF': 0.1, 'outlier_remover__contamination_IF': 0.25, 'imputer__simple_strategy_num': 'mean', 'imputer__knn_scaling_method': 'standard', 'imputer__knn_neighbors': 10, 'imputer__iterative_max_iter': 5, 'imputer__imputation_method': 'knn'}",-0.5788961565018532,-0.5788961565018532,0.0,78
150,0.42662906646728516,0.0,0.3726489543914795,0.0,minmax,3.0,z_score,30,euclidean,0.5,150,0.1,0.01,mean,minmax,14,10,simple,"{'scaler__scaler_name': 'minmax', 'outlier_remover__threshold': 3, 'outlier_remover__outlier_method': 'z_score', 'outlier_remover__n_neighbors': 30, 'outlier_remover__metric_LOF': 'euclidean', 'outlier_remover__max_samples_IF': 0.5, 'outlier_remover__estimators_IF': 150, 'outlier_remover__contamination_LOF': 0.1, 'outlier_remover__contamination_IF': 0.01, 'imputer__simple_strategy_num': 'mean', 'imputer__knn_scaling_method': 'minmax', 'imputer__knn_neighbors': 14, 'imputer__iterative_max_iter': 10, 'imputer__imputation_method': 'simple'}",-1.0,-1.0,0.0,136
151,8.627677202224731,0.0,11.455095767974854,0.0,minmax,3.5,LOF,70,euclidean,auto,200,0.05,0.3,mean,robust,22,5,knn,"{'scaler__scaler_name': 'minmax', 'outlier_remover__threshold': 3.5, 'outlier_remover__outlier_method': 'LOF', 'outlier_remover__n_neighbors': 70, 'outlier_remover__metric_LOF': 'euclidean', 'outlier_remover__max_samples_IF': 'auto', 'outlier_remover__estimators_IF': 200, 'outlier_remover__contamination_LOF': 0.05, 'outlier_remover__contamination_IF': 0.3, 'imputer__simple_strategy_num': 'mean', 'imputer__knn_scaling_method': 'robust', 'imputer__knn_neighbors': 22, 'imputer__iterative_max_iter': 5, 'imputer__imputation_method': 'knn'}",-0.6707431397757093,-0.6707431397757093,0.0,96
152,0.48924994468688965,0.0,0.4989302158355713,0.0,robust,3.0,z_score,70,euclidean,0.7,50,0.1,0.25,mean,minmax,28,5,simple,"{'scaler__scaler_name': 'robust', 'outlier_remover__threshold': 3, 'outlier_remover__outlier_method': 'z_score', 'outlier_remover__n_neighbors': 70, 'outlier_remover__metric_LOF': 'euclidean', 'outlier_remover__max_samples_IF': 0.7, 'outlier_remover__estimators_IF': 50, 'outlier_remover__contamination_LOF': 0.1, 'outlier_remover__contamination_IF': 0.25, 'imputer__simple_strategy_num': 'mean', 'imputer__knn_scaling_method': 'minmax', 'imputer__knn_neighbors': 28, 'imputer__iterative_max_iter': 5, 'imputer__imputation_method': 'simple'}",-1.0,-1.0,0.0,136
153,2.061185121536255,0.0,1.8884737491607666,0.0,standard,2.5,z_score,20,manhattan,0.7,150,0.5,0.3,mean,standard,28,10,iterative,"{'scaler__scaler_name': 'standard', 'outlier_remover__threshold': 2.5, 'outlier_remover__outlier_method': 'z_score', 'outlier_remover__n_neighbors': 20, 'outlier_remover__metric_LOF': 'manhattan', 'outlier_remover__max_samples_IF': 0.7, 'outlier_remover__estimators_IF': 150, 'outlier_remover__contamination_LOF': 0.5, 'outlier_remover__contamination_IF': 0.3, 'imputer__simple_strategy_num': 'mean', 'imputer__knn_scaling_method': 'standard', 'imputer__knn_neighbors': 28, 'imputer__iterative_max_iter': 10, 'imputer__imputation_method': 'iterative'}",-1.0,-1.0,0.0,136
154,6.264763832092285,0.0,8.570216178894043,0.0,minmax,2.5,LOF,20,manhattan,0.5,200,0.15,0.25,median,minmax,27,50,iterative,"{'scaler__scaler_name': 'minmax', 'outlier_remover__threshold': 2.5, 'outlier_remover__outlier_method': 'LOF', 'outlier_remover__n_neighbors': 20, 'outlier_remover__metric_LOF': 'manhattan', 'outlier_remover__max_samples_IF': 0.5, 'outlier_remover__estimators_IF': 200, 'outlier_remover__contamination_LOF': 0.15, 'outlier_remover__contamination_IF': 0.25, 'imputer__simple_strategy_num': 'median', 'imputer__knn_scaling_method': 'minmax', 'imputer__knn_neighbors': 27, 'imputer__iterative_max_iter': 50, 'imputer__imputation_method': 'iterative'}",-0.5994275277798834,-0.5994275277798834,0.0,86
155,6.79551100730896,0.0,7.050400972366333,0.0,robust,3.5,z_score,50,manhattan,auto,200,0.15,0.25,mean,minmax,26,10,knn,"{'scaler__scaler_name': 'robust', 'outlier_remover__threshold': 3.5, 'outlier_remover__outlier_method': 'z_score', 'outlier_remover__n_neighbors': 50, 'outlier_remover__metric_LOF': 'manhattan', 'outlier_remover__max_samples_IF': 'auto', 'outlier_remover__estimators_IF': 200, 'outlier_remover__contamination_LOF': 0.15, 'outlier_remover__contamination_IF': 0.25, 'imputer__simple_strategy_num': 'mean', 'imputer__knn_scaling_method': 'minmax', 'imputer__knn_neighbors': 26, 'imputer__iterative_max_iter': 10, 'imputer__imputation_method': 'knn'}",-1.0,-1.0,0.0,136
156,6.788444757461548,0.0,9.465501308441162,0.0,standard,3.5,Isolation_Forest,50,euclidean,auto,150,0.25,0.01,median,standard,5,10,knn,"{'scaler__scaler_name': 'standard', 'outlier_remover__threshold': 3.5, 'outlier_remover__outlier_method': 'Isolation_Forest', 'outlier_remover__n_neighbors': 50, 'outlier_remover__metric_LOF': 'euclidean', 'outlier_remover__max_samples_IF': 'auto', 'outlier_remover__estimators_IF': 150, 'outlier_remover__contamination_LOF': 0.25, 'outlier_remover__contamination_IF': 0.01, 'imputer__simple_strategy_num': 'median', 'imputer__knn_scaling_method': 'standard', 'imputer__knn_neighbors': 5, 'imputer__iterative_max_iter': 10, 'imputer__imputation_method': 'knn'}",-0.7867807358950273,-0.7867807358950273,0.0,125
157,7.2505011558532715,0.0,10.592756032943726,0.0,standard,2.0,Isolation_Forest,10,minkowski,0.5,200,0.01,0.05,mean,robust,20,20,knn,"{'scaler__scaler_name': 'standard', 'outlier_remover__threshold': 2, 'outlier_remover__outlier_method': 'Isolation_Forest', 'outlier_remover__n_neighbors': 10, 'outlier_remover__metric_LOF': 'minkowski', 'outlier_remover__max_samples_IF': 0.5, 'outlier_remover__estimators_IF': 200, 'outlier_remover__contamination_LOF': 0.01, 'outlier_remover__contamination_IF': 0.05, 'imputer__simple_strategy_num': 'mean', 'imputer__knn_scaling_method': 'robust', 'imputer__knn_neighbors': 20, 'imputer__iterative_max_iter': 20, 'imputer__imputation_method': 'knn'}",-0.6796068712206426,-0.6796068712206426,0.0,103
158,7.5563859939575195,0.0,10.685560941696167,0.0,standard,2.0,Isolation_Forest,50,chebyshev,auto,150,0.25,0.25,mean,robust,3,50,knn,"{'scaler__scaler_name': 'standard', 'outlier_remover__threshold': 2, 'outlier_remover__outlier_method': 'Isolation_Forest', 'outlier_remover__n_neighbors': 50, 'outlier_remover__metric_LOF': 'chebyshev', 'outlier_remover__max_samples_IF': 'auto', 'outlier_remover__estimators_IF': 150, 'outlier_remover__contamination_LOF': 0.25, 'outlier_remover__contamination_IF': 0.25, 'imputer__simple_strategy_num': 'mean', 'imputer__knn_scaling_method': 'robust', 'imputer__knn_neighbors': 3, 'imputer__iterative_max_iter': 50, 'imputer__imputation_method': 'knn'}",-0.3185842772560375,-0.3185842772560375,0.0,46
159,2.839235782623291,0.0,5.3204851150512695,0.0,minmax,3.5,Isolation_Forest,5,euclidean,1.0,150,0.25,0.15,median,minmax,15,50,iterative,"{'scaler__scaler_name': 'minmax', 'outlier_remover__threshold': 3.5, 'outlier_remover__outlier_method': 'Isolation_Forest', 'outlier_remover__n_neighbors': 5, 'outlier_remover__metric_LOF': 'euclidean', 'outlier_remover__max_samples_IF': 1.0, 'outlier_remover__estimators_IF': 150, 'outlier_remover__contamination_LOF': 0.25, 'outlier_remover__contamination_IF': 0.15, 'imputer__simple_strategy_num': 'median', 'imputer__knn_scaling_method': 'minmax', 'imputer__knn_neighbors': 15, 'imputer__iterative_max_iter': 50, 'imputer__imputation_method': 'iterative'}",-0.5821281452245171,-0.5821281452245171,0.0,80
160,2.810582160949707,0.0,5.495661020278931,0.0,robust,2.5,Isolation_Forest,20,chebyshev,1.0,150,0.5,0.01,median,minmax,6,10,iterative,"{'scaler__scaler_name': 'robust', 'outlier_remover__threshold': 2.5, 'outlier_remover__outlier_method': 'Isolation_Forest', 'outlier_remover__n_neighbors': 20, 'outlier_remover__metric_LOF': 'chebyshev', 'outlier_remover__max_samples_IF': 1.0, 'outlier_remover__estimators_IF': 150, 'outlier_remover__contamination_LOF': 0.5, 'outlier_remover__contamination_IF': 0.01, 'imputer__simple_strategy_num': 'median', 'imputer__knn_scaling_method': 'minmax', 'imputer__knn_neighbors': 6, 'imputer__iterative_max_iter': 10, 'imputer__imputation_method': 'iterative'}",-0.8289280737848451,-0.8289280737848451,0.0,132
161,6.232745170593262,0.0,9.213558912277222,0.0,standard,4.0,LOF,5,manhattan,auto,50,0.01,0.3,median,minmax,20,5,iterative,"{'scaler__scaler_name': 'standard', 'outlier_remover__threshold': 4, 'outlier_remover__outlier_method': 'LOF', 'outlier_remover__n_neighbors': 5, 'outlier_remover__metric_LOF': 'manhattan', 'outlier_remover__max_samples_IF': 'auto', 'outlier_remover__estimators_IF': 50, 'outlier_remover__contamination_LOF': 0.01, 'outlier_remover__contamination_IF': 0.3, 'imputer__simple_strategy_num': 'median', 'imputer__knn_scaling_method': 'minmax', 'imputer__knn_neighbors': 20, 'imputer__iterative_max_iter': 5, 'imputer__imputation_method': 'iterative'}",-0.837711997783929,-0.837711997783929,0.0,134
162,1.244189977645874,0.0,3.842500925064087,0.0,minmax,4.0,Isolation_Forest,70,chebyshev,auto,200,0.03,0.25,median,minmax,29,10,simple,"{'scaler__scaler_name': 'minmax', 'outlier_remover__threshold': 4, 'outlier_remover__outlier_method': 'Isolation_Forest', 'outlier_remover__n_neighbors': 70, 'outlier_remover__metric_LOF': 'chebyshev', 'outlier_remover__max_samples_IF': 'auto', 'outlier_remover__estimators_IF': 200, 'outlier_remover__contamination_LOF': 0.03, 'outlier_remover__contamination_IF': 0.25, 'imputer__simple_strategy_num': 'median', 'imputer__knn_scaling_method': 'minmax', 'imputer__knn_neighbors': 29, 'imputer__iterative_max_iter': 10, 'imputer__imputation_method': 'simple'}",-0.26833042586554146,-0.26833042586554146,0.0,36
163,5.988548755645752,0.0,8.321705341339111,0.0,minmax,4.0,LOF,100,manhattan,auto,100,0.1,0.5,mean,robust,7,10,simple,"{'scaler__scaler_name': 'minmax', 'outlier_remover__threshold': 4, 'outlier_remover__outlier_method': 'LOF', 'outlier_remover__n_neighbors': 100, 'outlier_remover__metric_LOF': 'manhattan', 'outlier_remover__max_samples_IF': 'auto', 'outlier_remover__estimators_IF': 100, 'outlier_remover__contamination_LOF': 0.1, 'outlier_remover__contamination_IF': 0.5, 'imputer__simple_strategy_num': 'mean', 'imputer__knn_scaling_method': 'robust', 'imputer__knn_neighbors': 7, 'imputer__iterative_max_iter': 10, 'imputer__imputation_method': 'simple'}",-0.3188209790712754,-0.3188209790712754,0.0,47
164,7.690317153930664,0.0,10.20637583732605,0.0,minmax,2.5,LOF,70,manhattan,auto,100,0.5,0.3,mean,minmax,23,10,iterative,"{'scaler__scaler_name': 'minmax', 'outlier_remover__threshold': 2.5, 'outlier_remover__outlier_method': 'LOF', 'outlier_remover__n_neighbors': 70, 'outlier_remover__metric_LOF': 'manhattan', 'outlier_remover__max_samples_IF': 'auto', 'outlier_remover__estimators_IF': 100, 'outlier_remover__contamination_LOF': 0.5, 'outlier_remover__contamination_IF': 0.3, 'imputer__simple_strategy_num': 'mean', 'imputer__knn_scaling_method': 'minmax', 'imputer__knn_neighbors': 23, 'imputer__iterative_max_iter': 10, 'imputer__imputation_method': 'iterative'}",0.05408113696483387,0.05408113696483387,0.0,19
165,0.5283100605010986,0.0,0.6598649024963379,0.0,robust,3.0,z_score,10,chebyshev,0.7,100,0.25,0.1,mean,standard,9,5,simple,"{'scaler__scaler_name': 'robust', 'outlier_remover__threshold': 3, 'outlier_remover__outlier_method': 'z_score', 'outlier_remover__n_neighbors': 10, 'outlier_remover__metric_LOF': 'chebyshev', 'outlier_remover__max_samples_IF': 0.7, 'outlier_remover__estimators_IF': 100, 'outlier_remover__contamination_LOF': 0.25, 'outlier_remover__contamination_IF': 0.1, 'imputer__simple_strategy_num': 'mean', 'imputer__knn_scaling_method': 'standard', 'imputer__knn_neighbors': 9, 'imputer__iterative_max_iter': 5, 'imputer__imputation_method': 'simple'}",-1.0,-1.0,0.0,136
166,7.660006999969482,0.0,11.572702169418335,0.0,standard,2.5,LOF,5,minkowski,0.5,50,0.25,0.25,mean,standard,25,50,knn,"{'scaler__scaler_name': 'standard', 'outlier_remover__threshold': 2.5, 'outlier_remover__outlier_method': 'LOF', 'outlier_remover__n_neighbors': 5, 'outlier_remover__metric_LOF': 'minkowski', 'outlier_remover__max_samples_IF': 0.5, 'outlier_remover__estimators_IF': 50, 'outlier_remover__contamination_LOF': 0.25, 'outlier_remover__contamination_IF': 0.25, 'imputer__simple_strategy_num': 'mean', 'imputer__knn_scaling_method': 'standard', 'imputer__knn_neighbors': 25, 'imputer__iterative_max_iter': 50, 'imputer__imputation_method': 'knn'}",-0.5143584675380194,-0.5143584675380194,0.0,67
167,10.109390020370483,0.0,12.864264965057373,0.0,robust,4.0,LOF,90,euclidean,0.7,200,0.5,0.03,median,minmax,29,50,knn,"{'scaler__scaler_name': 'robust', 'outlier_remover__threshold': 4, 'outlier_remover__outlier_method': 'LOF', 'outlier_remover__n_neighbors': 90, 'outlier_remover__metric_LOF': 'euclidean', 'outlier_remover__max_samples_IF': 0.7, 'outlier_remover__estimators_IF': 200, 'outlier_remover__contamination_LOF': 0.5, 'outlier_remover__contamination_IF': 0.03, 'imputer__simple_strategy_num': 'median', 'imputer__knn_scaling_method': 'minmax', 'imputer__knn_neighbors': 29, 'imputer__iterative_max_iter': 50, 'imputer__imputation_method': 'knn'}",0.1885497540853088,0.1885497540853088,0.0,3
168,8.245925188064575,0.0,8.247488021850586,0.0,standard,3.0,z_score,50,chebyshev,0.7,150,0.03,0.25,median,standard,3,50,knn,"{'scaler__scaler_name': 'standard', 'outlier_remover__threshold': 3, 'outlier_remover__outlier_method': 'z_score', 'outlier_remover__n_neighbors': 50, 'outlier_remover__metric_LOF': 'chebyshev', 'outlier_remover__max_samples_IF': 0.7, 'outlier_remover__estimators_IF': 150, 'outlier_remover__contamination_LOF': 0.03, 'outlier_remover__contamination_IF': 0.25, 'imputer__simple_strategy_num': 'median', 'imputer__knn_scaling_method': 'standard', 'imputer__knn_neighbors': 3, 'imputer__iterative_max_iter': 50, 'imputer__imputation_method': 'knn'}",-1.0,-1.0,0.0,136
169,8.575363159179688,0.0,11.065898895263672,0.0,minmax,2.0,Isolation_Forest,70,manhattan,1.0,150,0.1,0.1,mean,robust,26,50,knn,"{'scaler__scaler_name': 'minmax', 'outlier_remover__threshold': 2, 'outlier_remover__outlier_method': 'Isolation_Forest', 'outlier_remover__n_neighbors': 70, 'outlier_remover__metric_LOF': 'manhattan', 'outlier_remover__max_samples_IF': 1.0, 'outlier_remover__estimators_IF': 150, 'outlier_remover__contamination_LOF': 0.1, 'outlier_remover__contamination_IF': 0.1, 'imputer__simple_strategy_num': 'mean', 'imputer__knn_scaling_method': 'robust', 'imputer__knn_neighbors': 26, 'imputer__iterative_max_iter': 50, 'imputer__imputation_method': 'knn'}",-0.6078007602331382,-0.6078007602331382,0.0,90
170,0.49210286140441895,0.0,0.4322192668914795,0.0,minmax,2.5,z_score,100,manhattan,0.5,50,0.05,0.25,mean,robust,3,5,simple,"{'scaler__scaler_name': 'minmax', 'outlier_remover__threshold': 2.5, 'outlier_remover__outlier_method': 'z_score', 'outlier_remover__n_neighbors': 100, 'outlier_remover__metric_LOF': 'manhattan', 'outlier_remover__max_samples_IF': 0.5, 'outlier_remover__estimators_IF': 50, 'outlier_remover__contamination_LOF': 0.05, 'outlier_remover__contamination_IF': 0.25, 'imputer__simple_strategy_num': 'mean', 'imputer__knn_scaling_method': 'robust', 'imputer__knn_neighbors': 3, 'imputer__iterative_max_iter': 5, 'imputer__imputation_method': 'simple'}",-1.0,-1.0,0.0,136
171,7.167290210723877,0.0,7.109007835388184,0.0,robust,3.5,z_score,90,minkowski,auto,50,0.5,0.05,median,minmax,27,5,knn,"{'scaler__scaler_name': 'robust', 'outlier_remover__threshold': 3.5, 'outlier_remover__outlier_method': 'z_score', 'outlier_remover__n_neighbors': 90, 'outlier_remover__metric_LOF': 'minkowski', 'outlier_remover__max_samples_IF': 'auto', 'outlier_remover__estimators_IF': 50, 'outlier_remover__contamination_LOF': 0.5, 'outlier_remover__contamination_IF': 0.05, 'imputer__simple_strategy_num': 'median', 'imputer__knn_scaling_method': 'minmax', 'imputer__knn_neighbors': 27, 'imputer__iterative_max_iter': 5, 'imputer__imputation_method': 'knn'}",-1.0,-1.0,0.0,136
172,0.47641611099243164,0.0,0.47906923294067383,0.0,robust,3.5,z_score,90,minkowski,0.5,200,0.05,0.3,median,standard,16,10,simple,"{'scaler__scaler_name': 'robust', 'outlier_remover__threshold': 3.5, 'outlier_remover__outlier_method': 'z_score', 'outlier_remover__n_neighbors': 90, 'outlier_remover__metric_LOF': 'minkowski', 'outlier_remover__max_samples_IF': 0.5, 'outlier_remover__estimators_IF': 200, 'outlier_remover__contamination_LOF': 0.05, 'outlier_remover__contamination_IF': 0.3, 'imputer__simple_strategy_num': 'median', 'imputer__knn_scaling_method': 'standard', 'imputer__knn_neighbors': 16, 'imputer__iterative_max_iter': 10, 'imputer__imputation_method': 'simple'}",-1.0,-1.0,0.0,136
173,14.693012952804565,0.0,16.603003978729248,0.0,standard,4.0,LOF,100,chebyshev,0.5,200,0.5,0.1,mean,minmax,4,5,knn,"{'scaler__scaler_name': 'standard', 'outlier_remover__threshold': 4, 'outlier_remover__outlier_method': 'LOF', 'outlier_remover__n_neighbors': 100, 'outlier_remover__metric_LOF': 'chebyshev', 'outlier_remover__max_samples_IF': 0.5, 'outlier_remover__estimators_IF': 200, 'outlier_remover__contamination_LOF': 0.5, 'outlier_remover__contamination_IF': 0.1, 'imputer__simple_strategy_num': 'mean', 'imputer__knn_scaling_method': 'minmax', 'imputer__knn_neighbors': 4, 'imputer__iterative_max_iter': 5, 'imputer__imputation_method': 'knn'}",0.13558456240667668,0.13558456240667668,0.0,9
174,8.525456190109253,0.0,11.72380805015564,0.0,minmax,3.0,Isolation_Forest,10,manhattan,0.5,200,0.25,0.5,median,robust,3,20,knn,"{'scaler__scaler_name': 'minmax', 'outlier_remover__threshold': 3, 'outlier_remover__outlier_method': 'Isolation_Forest', 'outlier_remover__n_neighbors': 10, 'outlier_remover__metric_LOF': 'manhattan', 'outlier_remover__max_samples_IF': 0.5, 'outlier_remover__estimators_IF': 200, 'outlier_remover__contamination_LOF': 0.25, 'outlier_remover__contamination_IF': 0.5, 'imputer__simple_strategy_num': 'median', 'imputer__knn_scaling_method': 'robust', 'imputer__knn_neighbors': 3, 'imputer__iterative_max_iter': 20, 'imputer__imputation_method': 'knn'}",0.1201025917583543,0.1201025917583543,0.0,12
175,6.918977975845337,0.0,9.076634883880615,0.0,standard,2.0,LOF,30,chebyshev,auto,50,0.03,0.03,median,minmax,23,10,simple,"{'scaler__scaler_name': 'standard', 'outlier_remover__threshold': 2, 'outlier_remover__outlier_method': 'LOF', 'outlier_remover__n_neighbors': 30, 'outlier_remover__metric_LOF': 'chebyshev', 'outlier_remover__max_samples_IF': 'auto', 'outlier_remover__estimators_IF': 50, 'outlier_remover__contamination_LOF': 0.03, 'outlier_remover__contamination_IF': 0.03, 'imputer__simple_strategy_num': 'median', 'imputer__knn_scaling_method': 'minmax', 'imputer__knn_neighbors': 23, 'imputer__iterative_max_iter': 10, 'imputer__imputation_method': 'simple'}",-0.8163750872213136,-0.8163750872213136,0.0,130
176,7.070566892623901,0.0,9.73084020614624,0.0,standard,2.5,Isolation_Forest,30,euclidean,auto,150,0.1,0.3,mean,robust,27,50,knn,"{'scaler__scaler_name': 'standard', 'outlier_remover__threshold': 2.5, 'outlier_remover__outlier_method': 'Isolation_Forest', 'outlier_remover__n_neighbors': 30, 'outlier_remover__metric_LOF': 'euclidean', 'outlier_remover__max_samples_IF': 'auto', 'outlier_remover__estimators_IF': 150, 'outlier_remover__contamination_LOF': 0.1, 'outlier_remover__contamination_IF': 0.3, 'imputer__simple_strategy_num': 'mean', 'imputer__knn_scaling_method': 'robust', 'imputer__knn_neighbors': 27, 'imputer__iterative_max_iter': 50, 'imputer__imputation_method': 'knn'}",-0.2769384413243908,-0.2769384413243908,0.0,40
177,2.6785330772399902,0.0,5.432351112365723,0.0,robust,4.0,Isolation_Forest,70,manhattan,0.7,150,0.01,0.1,mean,standard,14,50,iterative,"{'scaler__scaler_name': 'robust', 'outlier_remover__threshold': 4, 'outlier_remover__outlier_method': 'Isolation_Forest', 'outlier_remover__n_neighbors': 70, 'outlier_remover__metric_LOF': 'manhattan', 'outlier_remover__max_samples_IF': 0.7, 'outlier_remover__estimators_IF': 150, 'outlier_remover__contamination_LOF': 0.01, 'outlier_remover__contamination_IF': 0.1, 'imputer__simple_strategy_num': 'mean', 'imputer__knn_scaling_method': 'standard', 'imputer__knn_neighbors': 14, 'imputer__iterative_max_iter': 50, 'imputer__imputation_method': 'iterative'}",-0.673094375258717,-0.673094375258717,0.0,102
178,2.144129991531372,0.0,4.56132698059082,0.0,minmax,4.0,Isolation_Forest,90,euclidean,1.0,200,0.25,0.15,median,minmax,9,10,simple,"{'scaler__scaler_name': 'minmax', 'outlier_remover__threshold': 4, 'outlier_remover__outlier_method': 'Isolation_Forest', 'outlier_remover__n_neighbors': 90, 'outlier_remover__metric_LOF': 'euclidean', 'outlier_remover__max_samples_IF': 1.0, 'outlier_remover__estimators_IF': 200, 'outlier_remover__contamination_LOF': 0.25, 'outlier_remover__contamination_IF': 0.15, 'imputer__simple_strategy_num': 'median', 'imputer__knn_scaling_method': 'minmax', 'imputer__knn_neighbors': 9, 'imputer__iterative_max_iter': 10, 'imputer__imputation_method': 'simple'}",-0.5560649407808971,-0.5560649407808971,0.0,72
179,1.6394267082214355,0.0,4.5114569664001465,0.0,robust,3.5,LOF,30,euclidean,0.5,200,0.05,0.25,mean,robust,17,50,simple,"{'scaler__scaler_name': 'robust', 'outlier_remover__threshold': 3.5, 'outlier_remover__outlier_method': 'LOF', 'outlier_remover__n_neighbors': 30, 'outlier_remover__metric_LOF': 'euclidean', 'outlier_remover__max_samples_IF': 0.5, 'outlier_remover__estimators_IF': 200, 'outlier_remover__contamination_LOF': 0.05, 'outlier_remover__contamination_IF': 0.25, 'imputer__simple_strategy_num': 'mean', 'imputer__knn_scaling_method': 'robust', 'imputer__knn_neighbors': 17, 'imputer__iterative_max_iter': 50, 'imputer__imputation_method': 'simple'}",-0.4386421763177515,-0.4386421763177515,0.0,62
180,6.628403902053833,0.0,6.665574073791504,0.0,standard,4.0,z_score,100,minkowski,auto,100,0.25,0.01,mean,minmax,6,20,knn,"{'scaler__scaler_name': 'standard', 'outlier_remover__threshold': 4, 'outlier_remover__outlier_method': 'z_score', 'outlier_remover__n_neighbors': 100, 'outlier_remover__metric_LOF': 'minkowski', 'outlier_remover__max_samples_IF': 'auto', 'outlier_remover__estimators_IF': 100, 'outlier_remover__contamination_LOF': 0.25, 'outlier_remover__contamination_IF': 0.01, 'imputer__simple_strategy_num': 'mean', 'imputer__knn_scaling_method': 'minmax', 'imputer__knn_neighbors': 6, 'imputer__iterative_max_iter': 20, 'imputer__imputation_method': 'knn'}",-1.0,-1.0,0.0,136
181,0.4692530632019043,0.0,0.6096718311309814,0.0,robust,4.0,z_score,100,manhattan,auto,150,0.01,0.01,median,robust,4,10,simple,"{'scaler__scaler_name': 'robust', 'outlier_remover__threshold': 4, 'outlier_remover__outlier_method': 'z_score', 'outlier_remover__n_neighbors': 100, 'outlier_remover__metric_LOF': 'manhattan', 'outlier_remover__max_samples_IF': 'auto', 'outlier_remover__estimators_IF': 150, 'outlier_remover__contamination_LOF': 0.01, 'outlier_remover__contamination_IF': 0.01, 'imputer__simple_strategy_num': 'median', 'imputer__knn_scaling_method': 'robust', 'imputer__knn_neighbors': 4, 'imputer__iterative_max_iter': 10, 'imputer__imputation_method': 'simple'}",-1.0,-1.0,0.0,136
182,8.393018960952759,0.0,11.87394404411316,0.0,minmax,3.0,LOF,90,chebyshev,auto,150,0.15,0.03,median,standard,22,5,iterative,"{'scaler__scaler_name': 'minmax', 'outlier_remover__threshold': 3, 'outlier_remover__outlier_method': 'LOF', 'outlier_remover__n_neighbors': 90, 'outlier_remover__metric_LOF': 'chebyshev', 'outlier_remover__max_samples_IF': 'auto', 'outlier_remover__estimators_IF': 150, 'outlier_remover__contamination_LOF': 0.15, 'outlier_remover__contamination_IF': 0.03, 'imputer__simple_strategy_num': 'median', 'imputer__knn_scaling_method': 'standard', 'imputer__knn_neighbors': 22, 'imputer__iterative_max_iter': 5, 'imputer__imputation_method': 'iterative'}",-0.5828104767291286,-0.5828104767291286,0.0,82
183,6.163299798965454,0.0,6.714088201522827,0.0,minmax,2.5,z_score,90,minkowski,0.7,100,0.3,0.1,mean,standard,15,50,knn,"{'scaler__scaler_name': 'minmax', 'outlier_remover__threshold': 2.5, 'outlier_remover__outlier_method': 'z_score', 'outlier_remover__n_neighbors': 90, 'outlier_remover__metric_LOF': 'minkowski', 'outlier_remover__max_samples_IF': 0.7, 'outlier_remover__estimators_IF': 100, 'outlier_remover__contamination_LOF': 0.3, 'outlier_remover__contamination_IF': 0.1, 'imputer__simple_strategy_num': 'mean', 'imputer__knn_scaling_method': 'standard', 'imputer__knn_neighbors': 15, 'imputer__iterative_max_iter': 50, 'imputer__imputation_method': 'knn'}",-1.0,-1.0,0.0,136
184,1.8461861610412598,0.0,4.484328985214233,0.0,minmax,2.5,Isolation_Forest,5,manhattan,1.0,200,0.25,0.15,mean,robust,6,20,simple,"{'scaler__scaler_name': 'minmax', 'outlier_remover__threshold': 2.5, 'outlier_remover__outlier_method': 'Isolation_Forest', 'outlier_remover__n_neighbors': 5, 'outlier_remover__metric_LOF': 'manhattan', 'outlier_remover__max_samples_IF': 1.0, 'outlier_remover__estimators_IF': 200, 'outlier_remover__contamination_LOF': 0.25, 'outlier_remover__contamination_IF': 0.15, 'imputer__simple_strategy_num': 'mean', 'imputer__knn_scaling_method': 'robust', 'imputer__knn_neighbors': 6, 'imputer__iterative_max_iter': 20, 'imputer__imputation_method': 'simple'}",-0.26243282012512753,-0.26243282012512753,0.0,35
185,1.3344950675964355,0.0,4.015053987503052,0.0,minmax,2.5,Isolation_Forest,5,euclidean,0.7,150,0.5,0.15,mean,minmax,24,20,simple,"{'scaler__scaler_name': 'minmax', 'outlier_remover__threshold': 2.5, 'outlier_remover__outlier_method': 'Isolation_Forest', 'outlier_remover__n_neighbors': 5, 'outlier_remover__metric_LOF': 'euclidean', 'outlier_remover__max_samples_IF': 0.7, 'outlier_remover__estimators_IF': 150, 'outlier_remover__contamination_LOF': 0.5, 'outlier_remover__contamination_IF': 0.15, 'imputer__simple_strategy_num': 'mean', 'imputer__knn_scaling_method': 'minmax', 'imputer__knn_neighbors': 24, 'imputer__iterative_max_iter': 20, 'imputer__imputation_method': 'simple'}",-0.27640847427247633,-0.27640847427247633,0.0,39
186,2.2637391090393066,0.0,1.976128101348877,0.0,robust,2.5,z_score,30,minkowski,1.0,50,0.03,0.1,median,robust,29,5,iterative,"{'scaler__scaler_name': 'robust', 'outlier_remover__threshold': 2.5, 'outlier_remover__outlier_method': 'z_score', 'outlier_remover__n_neighbors': 30, 'outlier_remover__metric_LOF': 'minkowski', 'outlier_remover__max_samples_IF': 1.0, 'outlier_remover__estimators_IF': 50, 'outlier_remover__contamination_LOF': 0.03, 'outlier_remover__contamination_IF': 0.1, 'imputer__simple_strategy_num': 'median', 'imputer__knn_scaling_method': 'robust', 'imputer__knn_neighbors': 29, 'imputer__iterative_max_iter': 5, 'imputer__imputation_method': 'iterative'}",-1.0,-1.0,0.0,136
187,8.957633018493652,0.0,10.692337036132812,0.0,robust,2.5,LOF,5,chebyshev,0.7,150,0.5,0.05,mean,robust,17,5,iterative,"{'scaler__scaler_name': 'robust', 'outlier_remover__threshold': 2.5, 'outlier_remover__outlier_method': 'LOF', 'outlier_remover__n_neighbors': 5, 'outlier_remover__metric_LOF': 'chebyshev', 'outlier_remover__max_samples_IF': 0.7, 'outlier_remover__estimators_IF': 150, 'outlier_remover__contamination_LOF': 0.5, 'outlier_remover__contamination_IF': 0.05, 'imputer__simple_strategy_num': 'mean', 'imputer__knn_scaling_method': 'robust', 'imputer__knn_neighbors': 17, 'imputer__iterative_max_iter': 5, 'imputer__imputation_method': 'iterative'}",-0.16845446025527805,-0.16845446025527805,0.0,24
188,1.058915138244629,0.0,3.8468680381774902,0.0,minmax,2.5,Isolation_Forest,70,manhattan,auto,150,0.3,0.1,mean,standard,22,5,simple,"{'scaler__scaler_name': 'minmax', 'outlier_remover__threshold': 2.5, 'outlier_remover__outlier_method': 'Isolation_Forest', 'outlier_remover__n_neighbors': 70, 'outlier_remover__metric_LOF': 'manhattan', 'outlier_remover__max_samples_IF': 'auto', 'outlier_remover__estimators_IF': 150, 'outlier_remover__contamination_LOF': 0.3, 'outlier_remover__contamination_IF': 0.1, 'imputer__simple_strategy_num': 'mean', 'imputer__knn_scaling_method': 'standard', 'imputer__knn_neighbors': 22, 'imputer__iterative_max_iter': 5, 'imputer__imputation_method': 'simple'}",-0.3261821957160908,-0.3261821957160908,0.0,49
189,7.007328033447266,0.0,6.596344232559204,0.0,minmax,3.0,z_score,10,euclidean,0.7,200,0.01,0.05,mean,minmax,8,50,knn,"{'scaler__scaler_name': 'minmax', 'outlier_remover__threshold': 3, 'outlier_remover__outlier_method': 'z_score', 'outlier_remover__n_neighbors': 10, 'outlier_remover__metric_LOF': 'euclidean', 'outlier_remover__max_samples_IF': 0.7, 'outlier_remover__estimators_IF': 200, 'outlier_remover__contamination_LOF': 0.01, 'outlier_remover__contamination_IF': 0.05, 'imputer__simple_strategy_num': 'mean', 'imputer__knn_scaling_method': 'minmax', 'imputer__knn_neighbors': 8, 'imputer__iterative_max_iter': 50, 'imputer__imputation_method': 'knn'}",-1.0,-1.0,0.0,136
190,13.368258953094482,0.0,16.68280029296875,0.0,standard,3.0,LOF,90,chebyshev,0.5,100,0.03,0.03,median,minmax,26,20,knn,"{'scaler__scaler_name': 'standard', 'outlier_remover__threshold': 3, 'outlier_remover__outlier_method': 'LOF', 'outlier_remover__n_neighbors': 90, 'outlier_remover__metric_LOF': 'chebyshev', 'outlier_remover__max_samples_IF': 0.5, 'outlier_remover__estimators_IF': 100, 'outlier_remover__contamination_LOF': 0.03, 'outlier_remover__contamination_IF': 0.03, 'imputer__simple_strategy_num': 'median', 'imputer__knn_scaling_method': 'minmax', 'imputer__knn_neighbors': 26, 'imputer__iterative_max_iter': 20, 'imputer__imputation_method': 'knn'}",-0.7584683063022769,-0.7584683063022769,0.0,115
191,0.4540121555328369,0.0,0.45783281326293945,0.0,minmax,2.5,z_score,10,minkowski,0.7,50,0.03,0.3,median,robust,21,50,simple,"{'scaler__scaler_name': 'minmax', 'outlier_remover__threshold': 2.5, 'outlier_remover__outlier_method': 'z_score', 'outlier_remover__n_neighbors': 10, 'outlier_remover__metric_LOF': 'minkowski', 'outlier_remover__max_samples_IF': 0.7, 'outlier_remover__estimators_IF': 50, 'outlier_remover__contamination_LOF': 0.03, 'outlier_remover__contamination_IF': 0.3, 'imputer__simple_strategy_num': 'median', 'imputer__knn_scaling_method': 'robust', 'imputer__knn_neighbors': 21, 'imputer__iterative_max_iter': 50, 'imputer__imputation_method': 'simple'}",-1.0,-1.0,0.0,136
192,7.32417106628418,0.0,9.944803953170776,0.0,standard,3.0,Isolation_Forest,5,euclidean,0.7,150,0.5,0.03,median,standard,27,5,knn,"{'scaler__scaler_name': 'standard', 'outlier_remover__threshold': 3, 'outlier_remover__outlier_method': 'Isolation_Forest', 'outlier_remover__n_neighbors': 5, 'outlier_remover__metric_LOF': 'euclidean', 'outlier_remover__max_samples_IF': 0.7, 'outlier_remover__estimators_IF': 150, 'outlier_remover__contamination_LOF': 0.5, 'outlier_remover__contamination_IF': 0.03, 'imputer__simple_strategy_num': 'median', 'imputer__knn_scaling_method': 'standard', 'imputer__knn_neighbors': 27, 'imputer__iterative_max_iter': 5, 'imputer__imputation_method': 'knn'}",-0.7638312855985903,-0.7638312855985903,0.0,118
193,1.4908599853515625,0.0,4.122004985809326,0.0,standard,2.0,Isolation_Forest,5,manhattan,1.0,150,0.15,0.15,mean,minmax,19,5,simple,"{'scaler__scaler_name': 'standard', 'outlier_remover__threshold': 2, 'outlier_remover__outlier_method': 'Isolation_Forest', 'outlier_remover__n_neighbors': 5, 'outlier_remover__metric_LOF': 'manhattan', 'outlier_remover__max_samples_IF': 1.0, 'outlier_remover__estimators_IF': 150, 'outlier_remover__contamination_LOF': 0.15, 'outlier_remover__contamination_IF': 0.15, 'imputer__simple_strategy_num': 'mean', 'imputer__knn_scaling_method': 'minmax', 'imputer__knn_neighbors': 19, 'imputer__iterative_max_iter': 5, 'imputer__imputation_method': 'simple'}",-0.27088786498854983,-0.27088786498854983,0.0,38
194,1.1000850200653076,0.0,4.287546157836914,0.0,standard,4.0,Isolation_Forest,10,minkowski,1.0,100,0.01,0.03,median,standard,7,5,simple,"{'scaler__scaler_name': 'standard', 'outlier_remover__threshold': 4, 'outlier_remover__outlier_method': 'Isolation_Forest', 'outlier_remover__n_neighbors': 10, 'outlier_remover__metric_LOF': 'minkowski', 'outlier_remover__max_samples_IF': 1.0, 'outlier_remover__estimators_IF': 100, 'outlier_remover__contamination_LOF': 0.01, 'outlier_remover__contamination_IF': 0.03, 'imputer__simple_strategy_num': 'median', 'imputer__knn_scaling_method': 'standard', 'imputer__knn_neighbors': 7, 'imputer__iterative_max_iter': 5, 'imputer__imputation_method': 'simple'}",-0.8022032853993895,-0.8022032853993895,0.0,128
195,1.8352131843566895,0.0,1.9718098640441895,0.0,standard,3.0,z_score,50,euclidean,0.5,50,0.25,0.01,mean,robust,4,5,iterative,"{'scaler__scaler_name': 'standard', 'outlier_remover__threshold': 3, 'outlier_remover__outlier_method': 'z_score', 'outlier_remover__n_neighbors': 50, 'outlier_remover__metric_LOF': 'euclidean', 'outlier_remover__max_samples_IF': 0.5, 'outlier_remover__estimators_IF': 50, 'outlier_remover__contamination_LOF': 0.25, 'outlier_remover__contamination_IF': 0.01, 'imputer__simple_strategy_num': 'mean', 'imputer__knn_scaling_method': 'robust', 'imputer__knn_neighbors': 4, 'imputer__iterative_max_iter': 5, 'imputer__imputation_method': 'iterative'}",-1.0,-1.0,0.0,136
196,8.440002202987671,0.0,8.519907712936401,0.0,standard,2.5,Isolation_Forest,100,minkowski,1.0,200,0.01,0.05,mean,standard,23,5,knn,"{'scaler__scaler_name': 'standard', 'outlier_remover__threshold': 2.5, 'outlier_remover__outlier_method': 'Isolation_Forest', 'outlier_remover__n_neighbors': 100, 'outlier_remover__metric_LOF': 'minkowski', 'outlier_remover__max_samples_IF': 1.0, 'outlier_remover__estimators_IF': 200, 'outlier_remover__contamination_LOF': 0.01, 'outlier_remover__contamination_IF': 0.05, 'imputer__simple_strategy_num': 'mean', 'imputer__knn_scaling_method': 'standard', 'imputer__knn_neighbors': 23, 'imputer__iterative_max_iter': 5, 'imputer__imputation_method': 'knn'}",-0.727119101333663,-0.727119101333663,0.0,109
197,1.8666749000549316,0.0,1.6923127174377441,0.0,standard,4.0,z_score,30,euclidean,0.5,50,0.15,0.3,mean,standard,15,20,iterative,"{'scaler__scaler_name': 'standard', 'outlier_remover__threshold': 4, 'outlier_remover__outlier_method': 'z_score', 'outlier_remover__n_neighbors': 30, 'outlier_remover__metric_LOF': 'euclidean', 'outlier_remover__max_samples_IF': 0.5, 'outlier_remover__estimators_IF': 50, 'outlier_remover__contamination_LOF': 0.15, 'outlier_remover__contamination_IF': 0.3, 'imputer__simple_strategy_num': 'mean', 'imputer__knn_scaling_method': 'standard', 'imputer__knn_neighbors': 15, 'imputer__iterative_max_iter': 20, 'imputer__imputation_method': 'iterative'}",-1.0,-1.0,0.0,136
198,7.42316198348999,0.0,7.545717000961304,0.0,minmax,2.0,Isolation_Forest,5,minkowski,0.5,100,0.01,0.1,median,robust,13,10,knn,"{'scaler__scaler_name': 'minmax', 'outlier_remover__threshold': 2, 'outlier_remover__outlier_method': 'Isolation_Forest', 'outlier_remover__n_neighbors': 5, 'outlier_remover__metric_LOF': 'minkowski', 'outlier_remover__max_samples_IF': 0.5, 'outlier_remover__estimators_IF': 100, 'outlier_remover__contamination_LOF': 0.01, 'outlier_remover__contamination_IF': 0.1, 'imputer__simple_strategy_num': 'median', 'imputer__knn_scaling_method': 'robust', 'imputer__knn_neighbors': 13, 'imputer__iterative_max_iter': 10, 'imputer__imputation_method': 'knn'}",-0.6014495681257107,-0.6014495681257107,0.0,87
199,1.7502830028533936,0.0,1.7619681358337402,0.0,robust,3.0,z_score,100,euclidean,0.7,100,0.03,0.5,median,standard,9,50,iterative,"{'scaler__scaler_name': 'robust', 'outlier_remover__threshold': 3, 'outlier_remover__outlier_method': 'z_score', 'outlier_remover__n_neighbors': 100, 'outlier_remover__metric_LOF': 'euclidean', 'outlier_remover__max_samples_IF': 0.7, 'outlier_remover__estimators_IF': 100, 'outlier_remover__contamination_LOF': 0.03, 'outlier_remover__contamination_IF': 0.5, 'imputer__simple_strategy_num': 'median', 'imputer__knn_scaling_method': 'standard', 'imputer__knn_neighbors': 9, 'imputer__iterative_max_iter': 50, 'imputer__imputation_method': 'iterative'}",-1.0,-1.0,0.0,136
