,mean_fit_time,std_fit_time,mean_score_time,std_score_time,param_scaler__scaler_name,param_outlier_remover__threshold,param_outlier_remover__outlier_method,param_outlier_remover__n_neighbors,param_outlier_remover__metric_LOF,param_outlier_remover__max_samples_IF,param_outlier_remover__estimators_IF,param_outlier_remover__contamination_LOF,param_outlier_remover__contamination_IF,param_imputer__simple_strategy_num,param_imputer__knn_scaling_method,param_imputer__knn_neighbors,param_imputer__iterative_max_iter,param_imputer__imputation_method,params,split0_test_score,mean_test_score,std_test_score,rank_test_score
0,0.6061758995056152,0.0,0.44716405868530273,0.0,minmax,2.0,z_score,100,minkowski,0.5,50,0.1,0.15,mean,minmax,30,20,simple,"{'scaler__scaler_name': 'minmax', 'outlier_remover__threshold': 2, 'outlier_remover__outlier_method': 'z_score', 'outlier_remover__n_neighbors': 100, 'outlier_remover__metric_LOF': 'minkowski', 'outlier_remover__max_samples_IF': 0.5, 'outlier_remover__estimators_IF': 50, 'outlier_remover__contamination_LOF': 0.1, 'outlier_remover__contamination_IF': 0.15, 'imputer__simple_strategy_num': 'mean', 'imputer__knn_scaling_method': 'minmax', 'imputer__knn_neighbors': 30, 'imputer__iterative_max_iter': 20, 'imputer__imputation_method': 'simple'}",-1.0,-1.0,0.0,132
1,8.772104978561401,0.0,11.884005069732666,0.0,robust,2.0,LOF,20,euclidean,0.7,150,0.05,0.3,median,minmax,8,10,knn,"{'scaler__scaler_name': 'robust', 'outlier_remover__threshold': 2, 'outlier_remover__outlier_method': 'LOF', 'outlier_remover__n_neighbors': 20, 'outlier_remover__metric_LOF': 'euclidean', 'outlier_remover__max_samples_IF': 0.7, 'outlier_remover__estimators_IF': 150, 'outlier_remover__contamination_LOF': 0.05, 'outlier_remover__contamination_IF': 0.3, 'imputer__simple_strategy_num': 'median', 'imputer__knn_scaling_method': 'minmax', 'imputer__knn_neighbors': 8, 'imputer__iterative_max_iter': 10, 'imputer__imputation_method': 'knn'}",-0.7270541012157977,-0.7270541012157977,0.0,92
2,7.742732763290405,0.0,8.181671142578125,0.0,minmax,2.0,z_score,100,manhattan,1.0,200,0.01,0.25,mean,standard,22,5,knn,"{'scaler__scaler_name': 'minmax', 'outlier_remover__threshold': 2, 'outlier_remover__outlier_method': 'z_score', 'outlier_remover__n_neighbors': 100, 'outlier_remover__metric_LOF': 'manhattan', 'outlier_remover__max_samples_IF': 1.0, 'outlier_remover__estimators_IF': 200, 'outlier_remover__contamination_LOF': 0.01, 'outlier_remover__contamination_IF': 0.25, 'imputer__simple_strategy_num': 'mean', 'imputer__knn_scaling_method': 'standard', 'imputer__knn_neighbors': 22, 'imputer__iterative_max_iter': 5, 'imputer__imputation_method': 'knn'}",-1.0,-1.0,0.0,132
3,7.800226926803589,0.0,8.204581022262573,0.0,minmax,3.5,z_score,90,minkowski,0.7,100,0.1,0.03,mean,standard,16,20,knn,"{'scaler__scaler_name': 'minmax', 'outlier_remover__threshold': 3.5, 'outlier_remover__outlier_method': 'z_score', 'outlier_remover__n_neighbors': 90, 'outlier_remover__metric_LOF': 'minkowski', 'outlier_remover__max_samples_IF': 0.7, 'outlier_remover__estimators_IF': 100, 'outlier_remover__contamination_LOF': 0.1, 'outlier_remover__contamination_IF': 0.03, 'imputer__simple_strategy_num': 'mean', 'imputer__knn_scaling_method': 'standard', 'imputer__knn_neighbors': 16, 'imputer__iterative_max_iter': 20, 'imputer__imputation_method': 'knn'}",-1.0,-1.0,0.0,132
4,3.5845038890838623,0.0,6.142473220825195,0.0,standard,2.5,Isolation_Forest,50,manhattan,1.0,200,0.15,0.15,median,robust,14,10,iterative,"{'scaler__scaler_name': 'standard', 'outlier_remover__threshold': 2.5, 'outlier_remover__outlier_method': 'Isolation_Forest', 'outlier_remover__n_neighbors': 50, 'outlier_remover__metric_LOF': 'manhattan', 'outlier_remover__max_samples_IF': 1.0, 'outlier_remover__estimators_IF': 200, 'outlier_remover__contamination_LOF': 0.15, 'outlier_remover__contamination_IF': 0.15, 'imputer__simple_strategy_num': 'median', 'imputer__knn_scaling_method': 'robust', 'imputer__knn_neighbors': 14, 'imputer__iterative_max_iter': 10, 'imputer__imputation_method': 'iterative'}",-0.582935680160656,-0.582935680160656,0.0,75
5,9.64652705192566,0.0,12.228397130966187,0.0,robust,4.0,Isolation_Forest,5,minkowski,1.0,200,0.15,0.5,mean,standard,3,5,knn,"{'scaler__scaler_name': 'robust', 'outlier_remover__threshold': 4, 'outlier_remover__outlier_method': 'Isolation_Forest', 'outlier_remover__n_neighbors': 5, 'outlier_remover__metric_LOF': 'minkowski', 'outlier_remover__max_samples_IF': 1.0, 'outlier_remover__estimators_IF': 200, 'outlier_remover__contamination_LOF': 0.15, 'outlier_remover__contamination_IF': 0.5, 'imputer__simple_strategy_num': 'mean', 'imputer__knn_scaling_method': 'standard', 'imputer__knn_neighbors': 3, 'imputer__iterative_max_iter': 5, 'imputer__imputation_method': 'knn'}",0.15737208315690354,0.15737208315690354,0.0,2
6,6.751635789871216,0.0,6.1283111572265625,0.0,minmax,2.5,z_score,50,manhattan,1.0,100,0.3,0.5,mean,robust,27,50,knn,"{'scaler__scaler_name': 'minmax', 'outlier_remover__threshold': 2.5, 'outlier_remover__outlier_method': 'z_score', 'outlier_remover__n_neighbors': 50, 'outlier_remover__metric_LOF': 'manhattan', 'outlier_remover__max_samples_IF': 1.0, 'outlier_remover__estimators_IF': 100, 'outlier_remover__contamination_LOF': 0.3, 'outlier_remover__contamination_IF': 0.5, 'imputer__simple_strategy_num': 'mean', 'imputer__knn_scaling_method': 'robust', 'imputer__knn_neighbors': 27, 'imputer__iterative_max_iter': 50, 'imputer__imputation_method': 'knn'}",-1.0,-1.0,0.0,132
7,2.409947156906128,0.0,5.0571630001068115,0.0,minmax,3.0,Isolation_Forest,90,manhattan,0.5,100,0.01,0.15,median,robust,12,20,iterative,"{'scaler__scaler_name': 'minmax', 'outlier_remover__threshold': 3, 'outlier_remover__outlier_method': 'Isolation_Forest', 'outlier_remover__n_neighbors': 90, 'outlier_remover__metric_LOF': 'manhattan', 'outlier_remover__max_samples_IF': 0.5, 'outlier_remover__estimators_IF': 100, 'outlier_remover__contamination_LOF': 0.01, 'outlier_remover__contamination_IF': 0.15, 'imputer__simple_strategy_num': 'median', 'imputer__knn_scaling_method': 'robust', 'imputer__knn_neighbors': 12, 'imputer__iterative_max_iter': 20, 'imputer__imputation_method': 'iterative'}",-0.5820546460908262,-0.5820546460908262,0.0,73
8,0.49121999740600586,0.0,0.4811439514160156,0.0,minmax,3.0,z_score,70,chebyshev,0.7,200,0.01,0.05,mean,standard,22,50,simple,"{'scaler__scaler_name': 'minmax', 'outlier_remover__threshold': 3, 'outlier_remover__outlier_method': 'z_score', 'outlier_remover__n_neighbors': 70, 'outlier_remover__metric_LOF': 'chebyshev', 'outlier_remover__max_samples_IF': 0.7, 'outlier_remover__estimators_IF': 200, 'outlier_remover__contamination_LOF': 0.01, 'outlier_remover__contamination_IF': 0.05, 'imputer__simple_strategy_num': 'mean', 'imputer__knn_scaling_method': 'standard', 'imputer__knn_neighbors': 22, 'imputer__iterative_max_iter': 50, 'imputer__imputation_method': 'simple'}",-1.0,-1.0,0.0,132
9,13.859287023544312,0.0,16.422183752059937,0.0,standard,2.5,LOF,30,chebyshev,1.0,100,0.03,0.05,median,standard,28,10,knn,"{'scaler__scaler_name': 'standard', 'outlier_remover__threshold': 2.5, 'outlier_remover__outlier_method': 'LOF', 'outlier_remover__n_neighbors': 30, 'outlier_remover__metric_LOF': 'chebyshev', 'outlier_remover__max_samples_IF': 1.0, 'outlier_remover__estimators_IF': 100, 'outlier_remover__contamination_LOF': 0.03, 'outlier_remover__contamination_IF': 0.05, 'imputer__simple_strategy_num': 'median', 'imputer__knn_scaling_method': 'standard', 'imputer__knn_neighbors': 28, 'imputer__iterative_max_iter': 10, 'imputer__imputation_method': 'knn'}",-0.7811879679136292,-0.7811879679136292,0.0,111
10,2.5226869583129883,0.0,5.564831972122192,0.0,standard,4.0,Isolation_Forest,30,euclidean,0.5,200,0.5,0.01,mean,standard,16,20,iterative,"{'scaler__scaler_name': 'standard', 'outlier_remover__threshold': 4, 'outlier_remover__outlier_method': 'Isolation_Forest', 'outlier_remover__n_neighbors': 30, 'outlier_remover__metric_LOF': 'euclidean', 'outlier_remover__max_samples_IF': 0.5, 'outlier_remover__estimators_IF': 200, 'outlier_remover__contamination_LOF': 0.5, 'outlier_remover__contamination_IF': 0.01, 'imputer__simple_strategy_num': 'mean', 'imputer__knn_scaling_method': 'standard', 'imputer__knn_neighbors': 16, 'imputer__iterative_max_iter': 20, 'imputer__imputation_method': 'iterative'}",-0.829243749270392,-0.829243749270392,0.0,127
11,2.9794089794158936,0.0,6.54430890083313,0.0,minmax,2.0,Isolation_Forest,50,minkowski,0.5,200,0.1,0.05,mean,standard,28,50,iterative,"{'scaler__scaler_name': 'minmax', 'outlier_remover__threshold': 2, 'outlier_remover__outlier_method': 'Isolation_Forest', 'outlier_remover__n_neighbors': 50, 'outlier_remover__metric_LOF': 'minkowski', 'outlier_remover__max_samples_IF': 0.5, 'outlier_remover__estimators_IF': 200, 'outlier_remover__contamination_LOF': 0.1, 'outlier_remover__contamination_IF': 0.05, 'imputer__simple_strategy_num': 'mean', 'imputer__knn_scaling_method': 'standard', 'imputer__knn_neighbors': 28, 'imputer__iterative_max_iter': 50, 'imputer__imputation_method': 'iterative'}",-0.761766445572399,-0.761766445572399,0.0,104
12,2.2126657962799072,0.0,2.0885181427001953,0.0,minmax,2.5,z_score,70,minkowski,auto,150,0.05,0.5,mean,standard,18,20,iterative,"{'scaler__scaler_name': 'minmax', 'outlier_remover__threshold': 2.5, 'outlier_remover__outlier_method': 'z_score', 'outlier_remover__n_neighbors': 70, 'outlier_remover__metric_LOF': 'minkowski', 'outlier_remover__max_samples_IF': 'auto', 'outlier_remover__estimators_IF': 150, 'outlier_remover__contamination_LOF': 0.05, 'outlier_remover__contamination_IF': 0.5, 'imputer__simple_strategy_num': 'mean', 'imputer__knn_scaling_method': 'standard', 'imputer__knn_neighbors': 18, 'imputer__iterative_max_iter': 20, 'imputer__imputation_method': 'iterative'}",-1.0,-1.0,0.0,132
13,6.674818992614746,0.0,9.337893962860107,0.0,minmax,2.0,LOF,10,manhattan,0.5,200,0.5,0.5,mean,minmax,29,20,iterative,"{'scaler__scaler_name': 'minmax', 'outlier_remover__threshold': 2, 'outlier_remover__outlier_method': 'LOF', 'outlier_remover__n_neighbors': 10, 'outlier_remover__metric_LOF': 'manhattan', 'outlier_remover__max_samples_IF': 0.5, 'outlier_remover__estimators_IF': 200, 'outlier_remover__contamination_LOF': 0.5, 'outlier_remover__contamination_IF': 0.5, 'imputer__simple_strategy_num': 'mean', 'imputer__knn_scaling_method': 'minmax', 'imputer__knn_neighbors': 29, 'imputer__iterative_max_iter': 20, 'imputer__imputation_method': 'iterative'}",-0.029656231256613836,-0.029656231256613836,0.0,9
14,13.307466983795166,0.0,17.333443880081177,0.0,minmax,2.5,LOF,5,chebyshev,0.7,150,0.1,0.3,median,minmax,15,20,knn,"{'scaler__scaler_name': 'minmax', 'outlier_remover__threshold': 2.5, 'outlier_remover__outlier_method': 'LOF', 'outlier_remover__n_neighbors': 5, 'outlier_remover__metric_LOF': 'chebyshev', 'outlier_remover__max_samples_IF': 0.7, 'outlier_remover__estimators_IF': 150, 'outlier_remover__contamination_LOF': 0.1, 'outlier_remover__contamination_IF': 0.3, 'imputer__simple_strategy_num': 'median', 'imputer__knn_scaling_method': 'minmax', 'imputer__knn_neighbors': 15, 'imputer__iterative_max_iter': 20, 'imputer__imputation_method': 'knn'}",-0.7273388666666262,-0.7273388666666262,0.0,93
15,0.4331667423248291,0.0,0.43108415603637695,0.0,standard,4.0,z_score,20,chebyshev,0.7,50,0.03,0.05,median,standard,26,20,simple,"{'scaler__scaler_name': 'standard', 'outlier_remover__threshold': 4, 'outlier_remover__outlier_method': 'z_score', 'outlier_remover__n_neighbors': 20, 'outlier_remover__metric_LOF': 'chebyshev', 'outlier_remover__max_samples_IF': 0.7, 'outlier_remover__estimators_IF': 50, 'outlier_remover__contamination_LOF': 0.03, 'outlier_remover__contamination_IF': 0.05, 'imputer__simple_strategy_num': 'median', 'imputer__knn_scaling_method': 'standard', 'imputer__knn_neighbors': 26, 'imputer__iterative_max_iter': 20, 'imputer__imputation_method': 'simple'}",-1.0,-1.0,0.0,132
16,0.8567788600921631,0.0,3.610084056854248,0.0,robust,3.5,Isolation_Forest,70,euclidean,auto,100,0.25,0.25,mean,minmax,16,10,simple,"{'scaler__scaler_name': 'robust', 'outlier_remover__threshold': 3.5, 'outlier_remover__outlier_method': 'Isolation_Forest', 'outlier_remover__n_neighbors': 70, 'outlier_remover__metric_LOF': 'euclidean', 'outlier_remover__max_samples_IF': 'auto', 'outlier_remover__estimators_IF': 100, 'outlier_remover__contamination_LOF': 0.25, 'outlier_remover__contamination_IF': 0.25, 'imputer__simple_strategy_num': 'mean', 'imputer__knn_scaling_method': 'minmax', 'imputer__knn_neighbors': 16, 'imputer__iterative_max_iter': 10, 'imputer__imputation_method': 'simple'}",-0.08006710698344673,-0.08006710698344673,0.0,12
17,6.761192083358765,0.0,6.691149950027466,0.0,standard,2.0,z_score,10,minkowski,auto,200,0.01,0.5,median,robust,20,10,knn,"{'scaler__scaler_name': 'standard', 'outlier_remover__threshold': 2, 'outlier_remover__outlier_method': 'z_score', 'outlier_remover__n_neighbors': 10, 'outlier_remover__metric_LOF': 'minkowski', 'outlier_remover__max_samples_IF': 'auto', 'outlier_remover__estimators_IF': 200, 'outlier_remover__contamination_LOF': 0.01, 'outlier_remover__contamination_IF': 0.5, 'imputer__simple_strategy_num': 'median', 'imputer__knn_scaling_method': 'robust', 'imputer__knn_neighbors': 20, 'imputer__iterative_max_iter': 10, 'imputer__imputation_method': 'knn'}",-1.0,-1.0,0.0,132
18,1.7448410987854004,0.0,1.9796948432922363,0.0,minmax,3.0,z_score,70,minkowski,auto,50,0.1,0.05,median,standard,5,10,iterative,"{'scaler__scaler_name': 'minmax', 'outlier_remover__threshold': 3, 'outlier_remover__outlier_method': 'z_score', 'outlier_remover__n_neighbors': 70, 'outlier_remover__metric_LOF': 'minkowski', 'outlier_remover__max_samples_IF': 'auto', 'outlier_remover__estimators_IF': 50, 'outlier_remover__contamination_LOF': 0.1, 'outlier_remover__contamination_IF': 0.05, 'imputer__simple_strategy_num': 'median', 'imputer__knn_scaling_method': 'standard', 'imputer__knn_neighbors': 5, 'imputer__iterative_max_iter': 10, 'imputer__imputation_method': 'iterative'}",-1.0,-1.0,0.0,132
19,0.5341169834136963,0.0,0.49153780937194824,0.0,robust,2.0,z_score,20,manhattan,0.5,50,0.25,0.3,median,standard,18,10,simple,"{'scaler__scaler_name': 'robust', 'outlier_remover__threshold': 2, 'outlier_remover__outlier_method': 'z_score', 'outlier_remover__n_neighbors': 20, 'outlier_remover__metric_LOF': 'manhattan', 'outlier_remover__max_samples_IF': 0.5, 'outlier_remover__estimators_IF': 50, 'outlier_remover__contamination_LOF': 0.25, 'outlier_remover__contamination_IF': 0.3, 'imputer__simple_strategy_num': 'median', 'imputer__knn_scaling_method': 'standard', 'imputer__knn_neighbors': 18, 'imputer__iterative_max_iter': 10, 'imputer__imputation_method': 'simple'}",-1.0,-1.0,0.0,132
20,0.48476600646972656,0.0,0.49667811393737793,0.0,robust,3.0,z_score,30,minkowski,0.7,150,0.01,0.05,mean,minmax,28,50,simple,"{'scaler__scaler_name': 'robust', 'outlier_remover__threshold': 3, 'outlier_remover__outlier_method': 'z_score', 'outlier_remover__n_neighbors': 30, 'outlier_remover__metric_LOF': 'minkowski', 'outlier_remover__max_samples_IF': 0.7, 'outlier_remover__estimators_IF': 150, 'outlier_remover__contamination_LOF': 0.01, 'outlier_remover__contamination_IF': 0.05, 'imputer__simple_strategy_num': 'mean', 'imputer__knn_scaling_method': 'minmax', 'imputer__knn_neighbors': 28, 'imputer__iterative_max_iter': 50, 'imputer__imputation_method': 'simple'}",-1.0,-1.0,0.0,132
21,0.5024440288543701,0.0,0.4590871334075928,0.0,robust,2.0,z_score,30,euclidean,0.5,100,0.3,0.15,mean,robust,19,20,simple,"{'scaler__scaler_name': 'robust', 'outlier_remover__threshold': 2, 'outlier_remover__outlier_method': 'z_score', 'outlier_remover__n_neighbors': 30, 'outlier_remover__metric_LOF': 'euclidean', 'outlier_remover__max_samples_IF': 0.5, 'outlier_remover__estimators_IF': 100, 'outlier_remover__contamination_LOF': 0.3, 'outlier_remover__contamination_IF': 0.15, 'imputer__simple_strategy_num': 'mean', 'imputer__knn_scaling_method': 'robust', 'imputer__knn_neighbors': 19, 'imputer__iterative_max_iter': 20, 'imputer__imputation_method': 'simple'}",-1.0,-1.0,0.0,132
22,6.001219034194946,0.0,8.799901008605957,0.0,minmax,2.0,LOF,5,manhattan,auto,150,0.3,0.01,median,minmax,14,5,iterative,"{'scaler__scaler_name': 'minmax', 'outlier_remover__threshold': 2, 'outlier_remover__outlier_method': 'LOF', 'outlier_remover__n_neighbors': 5, 'outlier_remover__metric_LOF': 'manhattan', 'outlier_remover__max_samples_IF': 'auto', 'outlier_remover__estimators_IF': 150, 'outlier_remover__contamination_LOF': 0.3, 'outlier_remover__contamination_IF': 0.01, 'imputer__simple_strategy_num': 'median', 'imputer__knn_scaling_method': 'minmax', 'imputer__knn_neighbors': 14, 'imputer__iterative_max_iter': 5, 'imputer__imputation_method': 'iterative'}",-0.4561340616003729,-0.4561340616003729,0.0,54
23,6.516829967498779,0.0,6.800810813903809,0.0,minmax,2.5,z_score,70,chebyshev,1.0,50,0.05,0.15,mean,minmax,15,50,knn,"{'scaler__scaler_name': 'minmax', 'outlier_remover__threshold': 2.5, 'outlier_remover__outlier_method': 'z_score', 'outlier_remover__n_neighbors': 70, 'outlier_remover__metric_LOF': 'chebyshev', 'outlier_remover__max_samples_IF': 1.0, 'outlier_remover__estimators_IF': 50, 'outlier_remover__contamination_LOF': 0.05, 'outlier_remover__contamination_IF': 0.15, 'imputer__simple_strategy_num': 'mean', 'imputer__knn_scaling_method': 'minmax', 'imputer__knn_neighbors': 15, 'imputer__iterative_max_iter': 50, 'imputer__imputation_method': 'knn'}",-1.0,-1.0,0.0,132
24,7.0812389850616455,0.0,9.866436243057251,0.0,robust,2.5,LOF,20,chebyshev,0.7,150,0.15,0.25,mean,minmax,29,10,simple,"{'scaler__scaler_name': 'robust', 'outlier_remover__threshold': 2.5, 'outlier_remover__outlier_method': 'LOF', 'outlier_remover__n_neighbors': 20, 'outlier_remover__metric_LOF': 'chebyshev', 'outlier_remover__max_samples_IF': 0.7, 'outlier_remover__estimators_IF': 150, 'outlier_remover__contamination_LOF': 0.15, 'outlier_remover__contamination_IF': 0.25, 'imputer__simple_strategy_num': 'mean', 'imputer__knn_scaling_method': 'minmax', 'imputer__knn_neighbors': 29, 'imputer__iterative_max_iter': 10, 'imputer__imputation_method': 'simple'}",-0.27467013465219364,-0.27467013465219364,0.0,31
25,7.10959267616272,0.0,7.16679310798645,0.0,robust,3.5,z_score,5,minkowski,auto,50,0.25,0.01,median,minmax,30,10,knn,"{'scaler__scaler_name': 'robust', 'outlier_remover__threshold': 3.5, 'outlier_remover__outlier_method': 'z_score', 'outlier_remover__n_neighbors': 5, 'outlier_remover__metric_LOF': 'minkowski', 'outlier_remover__max_samples_IF': 'auto', 'outlier_remover__estimators_IF': 50, 'outlier_remover__contamination_LOF': 0.25, 'outlier_remover__contamination_IF': 0.01, 'imputer__simple_strategy_num': 'median', 'imputer__knn_scaling_method': 'minmax', 'imputer__knn_neighbors': 30, 'imputer__iterative_max_iter': 10, 'imputer__imputation_method': 'knn'}",-1.0,-1.0,0.0,132
26,1.7183458805084229,0.0,1.713705062866211,0.0,robust,2.0,z_score,70,chebyshev,1.0,100,0.05,0.03,median,minmax,12,50,iterative,"{'scaler__scaler_name': 'robust', 'outlier_remover__threshold': 2, 'outlier_remover__outlier_method': 'z_score', 'outlier_remover__n_neighbors': 70, 'outlier_remover__metric_LOF': 'chebyshev', 'outlier_remover__max_samples_IF': 1.0, 'outlier_remover__estimators_IF': 100, 'outlier_remover__contamination_LOF': 0.05, 'outlier_remover__contamination_IF': 0.03, 'imputer__simple_strategy_num': 'median', 'imputer__knn_scaling_method': 'minmax', 'imputer__knn_neighbors': 12, 'imputer__iterative_max_iter': 50, 'imputer__imputation_method': 'iterative'}",-1.0,-1.0,0.0,132
27,1.2066690921783447,0.0,4.061999082565308,0.0,standard,4.0,Isolation_Forest,50,manhattan,1.0,100,0.15,0.03,median,minmax,19,5,simple,"{'scaler__scaler_name': 'standard', 'outlier_remover__threshold': 4, 'outlier_remover__outlier_method': 'Isolation_Forest', 'outlier_remover__n_neighbors': 50, 'outlier_remover__metric_LOF': 'manhattan', 'outlier_remover__max_samples_IF': 1.0, 'outlier_remover__estimators_IF': 100, 'outlier_remover__contamination_LOF': 0.15, 'outlier_remover__contamination_IF': 0.03, 'imputer__simple_strategy_num': 'median', 'imputer__knn_scaling_method': 'minmax', 'imputer__knn_neighbors': 19, 'imputer__iterative_max_iter': 5, 'imputer__imputation_method': 'simple'}",-0.8022032853993895,-0.8022032853993895,0.0,117
28,6.680394887924194,0.0,7.362362861633301,0.0,minmax,2.0,z_score,20,manhattan,0.7,200,0.1,0.05,median,robust,14,50,knn,"{'scaler__scaler_name': 'minmax', 'outlier_remover__threshold': 2, 'outlier_remover__outlier_method': 'z_score', 'outlier_remover__n_neighbors': 20, 'outlier_remover__metric_LOF': 'manhattan', 'outlier_remover__max_samples_IF': 0.7, 'outlier_remover__estimators_IF': 200, 'outlier_remover__contamination_LOF': 0.1, 'outlier_remover__contamination_IF': 0.05, 'imputer__simple_strategy_num': 'median', 'imputer__knn_scaling_method': 'robust', 'imputer__knn_neighbors': 14, 'imputer__iterative_max_iter': 50, 'imputer__imputation_method': 'knn'}",-1.0,-1.0,0.0,132
29,1.7992157936096191,0.0,4.644413232803345,0.0,minmax,4.0,LOF,70,minkowski,auto,200,0.15,0.5,mean,minmax,13,5,simple,"{'scaler__scaler_name': 'minmax', 'outlier_remover__threshold': 4, 'outlier_remover__outlier_method': 'LOF', 'outlier_remover__n_neighbors': 70, 'outlier_remover__metric_LOF': 'minkowski', 'outlier_remover__max_samples_IF': 'auto', 'outlier_remover__estimators_IF': 200, 'outlier_remover__contamination_LOF': 0.15, 'outlier_remover__contamination_IF': 0.5, 'imputer__simple_strategy_num': 'mean', 'imputer__knn_scaling_method': 'minmax', 'imputer__knn_neighbors': 13, 'imputer__iterative_max_iter': 5, 'imputer__imputation_method': 'simple'}",-0.23871415733279924,-0.23871415733279924,0.0,25
30,7.5801050662994385,0.0,6.588968992233276,0.0,minmax,2.0,z_score,10,minkowski,1.0,100,0.1,0.05,mean,minmax,6,20,knn,"{'scaler__scaler_name': 'minmax', 'outlier_remover__threshold': 2, 'outlier_remover__outlier_method': 'z_score', 'outlier_remover__n_neighbors': 10, 'outlier_remover__metric_LOF': 'minkowski', 'outlier_remover__max_samples_IF': 1.0, 'outlier_remover__estimators_IF': 100, 'outlier_remover__contamination_LOF': 0.1, 'outlier_remover__contamination_IF': 0.05, 'imputer__simple_strategy_num': 'mean', 'imputer__knn_scaling_method': 'minmax', 'imputer__knn_neighbors': 6, 'imputer__iterative_max_iter': 20, 'imputer__imputation_method': 'knn'}",-1.0,-1.0,0.0,132
31,7.323373079299927,0.0,10.472695112228394,0.0,robust,2.0,LOF,5,minkowski,0.5,200,0.01,0.5,mean,standard,14,50,knn,"{'scaler__scaler_name': 'robust', 'outlier_remover__threshold': 2, 'outlier_remover__outlier_method': 'LOF', 'outlier_remover__n_neighbors': 5, 'outlier_remover__metric_LOF': 'minkowski', 'outlier_remover__max_samples_IF': 0.5, 'outlier_remover__estimators_IF': 200, 'outlier_remover__contamination_LOF': 0.01, 'outlier_remover__contamination_IF': 0.5, 'imputer__simple_strategy_num': 'mean', 'imputer__knn_scaling_method': 'standard', 'imputer__knn_neighbors': 14, 'imputer__iterative_max_iter': 50, 'imputer__imputation_method': 'knn'}",-0.7930784130369288,-0.7930784130369288,0.0,115
32,7.5839409828186035,0.0,10.407819032669067,0.0,standard,3.5,Isolation_Forest,50,euclidean,1.0,100,0.03,0.1,median,minmax,9,10,knn,"{'scaler__scaler_name': 'standard', 'outlier_remover__threshold': 3.5, 'outlier_remover__outlier_method': 'Isolation_Forest', 'outlier_remover__n_neighbors': 50, 'outlier_remover__metric_LOF': 'euclidean', 'outlier_remover__max_samples_IF': 1.0, 'outlier_remover__estimators_IF': 100, 'outlier_remover__contamination_LOF': 0.03, 'outlier_remover__contamination_IF': 0.1, 'imputer__simple_strategy_num': 'median', 'imputer__knn_scaling_method': 'minmax', 'imputer__knn_neighbors': 9, 'imputer__iterative_max_iter': 10, 'imputer__imputation_method': 'knn'}",-0.6376102079022574,-0.6376102079022574,0.0,80
33,8.92232084274292,0.0,11.969871282577515,0.0,standard,2.5,Isolation_Forest,90,manhattan,1.0,200,0.15,0.5,mean,minmax,9,10,knn,"{'scaler__scaler_name': 'standard', 'outlier_remover__threshold': 2.5, 'outlier_remover__outlier_method': 'Isolation_Forest', 'outlier_remover__n_neighbors': 90, 'outlier_remover__metric_LOF': 'manhattan', 'outlier_remover__max_samples_IF': 1.0, 'outlier_remover__estimators_IF': 200, 'outlier_remover__contamination_LOF': 0.15, 'outlier_remover__contamination_IF': 0.5, 'imputer__simple_strategy_num': 'mean', 'imputer__knn_scaling_method': 'minmax', 'imputer__knn_neighbors': 9, 'imputer__iterative_max_iter': 10, 'imputer__imputation_method': 'knn'}",0.1303086422125067,0.1303086422125067,0.0,3
34,7.589805841445923,0.0,11.072650909423828,0.0,robust,2.0,LOF,20,euclidean,1.0,150,0.05,0.25,mean,standard,16,20,knn,"{'scaler__scaler_name': 'robust', 'outlier_remover__threshold': 2, 'outlier_remover__outlier_method': 'LOF', 'outlier_remover__n_neighbors': 20, 'outlier_remover__metric_LOF': 'euclidean', 'outlier_remover__max_samples_IF': 1.0, 'outlier_remover__estimators_IF': 150, 'outlier_remover__contamination_LOF': 0.05, 'outlier_remover__contamination_IF': 0.25, 'imputer__simple_strategy_num': 'mean', 'imputer__knn_scaling_method': 'standard', 'imputer__knn_neighbors': 16, 'imputer__iterative_max_iter': 20, 'imputer__imputation_method': 'knn'}",-0.7249274307626611,-0.7249274307626611,0.0,90
35,0.5595877170562744,0.0,0.46935391426086426,0.0,standard,2.0,z_score,70,manhattan,0.7,150,0.5,0.1,median,robust,9,50,simple,"{'scaler__scaler_name': 'standard', 'outlier_remover__threshold': 2, 'outlier_remover__outlier_method': 'z_score', 'outlier_remover__n_neighbors': 70, 'outlier_remover__metric_LOF': 'manhattan', 'outlier_remover__max_samples_IF': 0.7, 'outlier_remover__estimators_IF': 150, 'outlier_remover__contamination_LOF': 0.5, 'outlier_remover__contamination_IF': 0.1, 'imputer__simple_strategy_num': 'median', 'imputer__knn_scaling_method': 'robust', 'imputer__knn_neighbors': 9, 'imputer__iterative_max_iter': 50, 'imputer__imputation_method': 'simple'}",-1.0,-1.0,0.0,132
36,1.4429829120635986,0.0,4.117693901062012,0.0,standard,2.5,Isolation_Forest,5,minkowski,0.7,150,0.3,0.15,median,minmax,12,5,simple,"{'scaler__scaler_name': 'standard', 'outlier_remover__threshold': 2.5, 'outlier_remover__outlier_method': 'Isolation_Forest', 'outlier_remover__n_neighbors': 5, 'outlier_remover__metric_LOF': 'minkowski', 'outlier_remover__max_samples_IF': 0.7, 'outlier_remover__estimators_IF': 150, 'outlier_remover__contamination_LOF': 0.3, 'outlier_remover__contamination_IF': 0.15, 'imputer__simple_strategy_num': 'median', 'imputer__knn_scaling_method': 'minmax', 'imputer__knn_neighbors': 12, 'imputer__iterative_max_iter': 5, 'imputer__imputation_method': 'simple'}",-0.569027857447742,-0.569027857447742,0.0,68
37,7.599506378173828,0.0,10.212918758392334,0.0,robust,2.5,Isolation_Forest,90,manhattan,0.5,100,0.1,0.15,median,minmax,18,20,knn,"{'scaler__scaler_name': 'robust', 'outlier_remover__threshold': 2.5, 'outlier_remover__outlier_method': 'Isolation_Forest', 'outlier_remover__n_neighbors': 90, 'outlier_remover__metric_LOF': 'manhattan', 'outlier_remover__max_samples_IF': 0.5, 'outlier_remover__estimators_IF': 100, 'outlier_remover__contamination_LOF': 0.1, 'outlier_remover__contamination_IF': 0.15, 'imputer__simple_strategy_num': 'median', 'imputer__knn_scaling_method': 'minmax', 'imputer__knn_neighbors': 18, 'imputer__iterative_max_iter': 20, 'imputer__imputation_method': 'knn'}",-0.5161900433842764,-0.5161900433842764,0.0,60
38,6.583931922912598,0.0,6.9602210521698,0.0,minmax,2.5,z_score,70,euclidean,auto,50,0.15,0.5,mean,minmax,26,50,knn,"{'scaler__scaler_name': 'minmax', 'outlier_remover__threshold': 2.5, 'outlier_remover__outlier_method': 'z_score', 'outlier_remover__n_neighbors': 70, 'outlier_remover__metric_LOF': 'euclidean', 'outlier_remover__max_samples_IF': 'auto', 'outlier_remover__estimators_IF': 50, 'outlier_remover__contamination_LOF': 0.15, 'outlier_remover__contamination_IF': 0.5, 'imputer__simple_strategy_num': 'mean', 'imputer__knn_scaling_method': 'minmax', 'imputer__knn_neighbors': 26, 'imputer__iterative_max_iter': 50, 'imputer__imputation_method': 'knn'}",-1.0,-1.0,0.0,132
39,0.562993049621582,0.0,0.46160387992858887,0.0,robust,4.0,z_score,100,euclidean,1.0,100,0.03,0.05,median,robust,28,5,simple,"{'scaler__scaler_name': 'robust', 'outlier_remover__threshold': 4, 'outlier_remover__outlier_method': 'z_score', 'outlier_remover__n_neighbors': 100, 'outlier_remover__metric_LOF': 'euclidean', 'outlier_remover__max_samples_IF': 1.0, 'outlier_remover__estimators_IF': 100, 'outlier_remover__contamination_LOF': 0.03, 'outlier_remover__contamination_IF': 0.05, 'imputer__simple_strategy_num': 'median', 'imputer__knn_scaling_method': 'robust', 'imputer__knn_neighbors': 28, 'imputer__iterative_max_iter': 5, 'imputer__imputation_method': 'simple'}",-1.0,-1.0,0.0,132
40,2.2174630165100098,0.0,5.18464994430542,0.0,robust,3.5,Isolation_Forest,100,manhattan,0.5,100,0.15,0.15,median,standard,17,10,iterative,"{'scaler__scaler_name': 'robust', 'outlier_remover__threshold': 3.5, 'outlier_remover__outlier_method': 'Isolation_Forest', 'outlier_remover__n_neighbors': 100, 'outlier_remover__metric_LOF': 'manhattan', 'outlier_remover__max_samples_IF': 0.5, 'outlier_remover__estimators_IF': 100, 'outlier_remover__contamination_LOF': 0.15, 'outlier_remover__contamination_IF': 0.15, 'imputer__simple_strategy_num': 'median', 'imputer__knn_scaling_method': 'standard', 'imputer__knn_neighbors': 17, 'imputer__iterative_max_iter': 10, 'imputer__imputation_method': 'iterative'}",-0.5820505282522573,-0.5820505282522573,0.0,72
41,1.5929841995239258,0.0,4.290180921554565,0.0,standard,2.0,LOF,5,minkowski,1.0,50,0.25,0.05,mean,robust,10,20,simple,"{'scaler__scaler_name': 'standard', 'outlier_remover__threshold': 2, 'outlier_remover__outlier_method': 'LOF', 'outlier_remover__n_neighbors': 5, 'outlier_remover__metric_LOF': 'minkowski', 'outlier_remover__max_samples_IF': 1.0, 'outlier_remover__estimators_IF': 50, 'outlier_remover__contamination_LOF': 0.25, 'outlier_remover__contamination_IF': 0.05, 'imputer__simple_strategy_num': 'mean', 'imputer__knn_scaling_method': 'robust', 'imputer__knn_neighbors': 10, 'imputer__iterative_max_iter': 20, 'imputer__imputation_method': 'simple'}",-0.28808863774059074,-0.28808863774059074,0.0,32
42,9.48667287826538,0.0,10.989299058914185,0.0,standard,3.5,LOF,50,euclidean,auto,50,0.03,0.05,median,robust,17,20,knn,"{'scaler__scaler_name': 'standard', 'outlier_remover__threshold': 3.5, 'outlier_remover__outlier_method': 'LOF', 'outlier_remover__n_neighbors': 50, 'outlier_remover__metric_LOF': 'euclidean', 'outlier_remover__max_samples_IF': 'auto', 'outlier_remover__estimators_IF': 50, 'outlier_remover__contamination_LOF': 0.03, 'outlier_remover__contamination_IF': 0.05, 'imputer__simple_strategy_num': 'median', 'imputer__knn_scaling_method': 'robust', 'imputer__knn_neighbors': 17, 'imputer__iterative_max_iter': 20, 'imputer__imputation_method': 'knn'}",-0.7249298680369618,-0.7249298680369618,0.0,91
43,7.905492305755615,0.0,7.279839992523193,0.0,minmax,3.0,z_score,10,chebyshev,auto,50,0.01,0.05,median,minmax,12,5,knn,"{'scaler__scaler_name': 'minmax', 'outlier_remover__threshold': 3, 'outlier_remover__outlier_method': 'z_score', 'outlier_remover__n_neighbors': 10, 'outlier_remover__metric_LOF': 'chebyshev', 'outlier_remover__max_samples_IF': 'auto', 'outlier_remover__estimators_IF': 50, 'outlier_remover__contamination_LOF': 0.01, 'outlier_remover__contamination_IF': 0.05, 'imputer__simple_strategy_num': 'median', 'imputer__knn_scaling_method': 'minmax', 'imputer__knn_neighbors': 12, 'imputer__iterative_max_iter': 5, 'imputer__imputation_method': 'knn'}",-1.0,-1.0,0.0,132
44,1.0201408863067627,0.0,4.706501007080078,0.0,minmax,3.0,Isolation_Forest,30,minkowski,0.5,100,0.03,0.05,median,minmax,29,50,simple,"{'scaler__scaler_name': 'minmax', 'outlier_remover__threshold': 3, 'outlier_remover__outlier_method': 'Isolation_Forest', 'outlier_remover__n_neighbors': 30, 'outlier_remover__metric_LOF': 'minkowski', 'outlier_remover__max_samples_IF': 0.5, 'outlier_remover__estimators_IF': 100, 'outlier_remover__contamination_LOF': 0.03, 'outlier_remover__contamination_IF': 0.05, 'imputer__simple_strategy_num': 'median', 'imputer__knn_scaling_method': 'minmax', 'imputer__knn_neighbors': 29, 'imputer__iterative_max_iter': 50, 'imputer__imputation_method': 'simple'}",-0.7514084753487914,-0.7514084753487914,0.0,99
45,7.697620868682861,0.0,7.493160963058472,0.0,robust,2.5,z_score,90,manhattan,1.0,200,0.25,0.03,median,minmax,27,20,knn,"{'scaler__scaler_name': 'robust', 'outlier_remover__threshold': 2.5, 'outlier_remover__outlier_method': 'z_score', 'outlier_remover__n_neighbors': 90, 'outlier_remover__metric_LOF': 'manhattan', 'outlier_remover__max_samples_IF': 1.0, 'outlier_remover__estimators_IF': 200, 'outlier_remover__contamination_LOF': 0.25, 'outlier_remover__contamination_IF': 0.03, 'imputer__simple_strategy_num': 'median', 'imputer__knn_scaling_method': 'minmax', 'imputer__knn_neighbors': 27, 'imputer__iterative_max_iter': 20, 'imputer__imputation_method': 'knn'}",-1.0,-1.0,0.0,132
46,1.760265827178955,0.0,2.009805202484131,0.0,minmax,3.0,z_score,90,minkowski,0.5,200,0.5,0.03,mean,minmax,3,5,iterative,"{'scaler__scaler_name': 'minmax', 'outlier_remover__threshold': 3, 'outlier_remover__outlier_method': 'z_score', 'outlier_remover__n_neighbors': 90, 'outlier_remover__metric_LOF': 'minkowski', 'outlier_remover__max_samples_IF': 0.5, 'outlier_remover__estimators_IF': 200, 'outlier_remover__contamination_LOF': 0.5, 'outlier_remover__contamination_IF': 0.03, 'imputer__simple_strategy_num': 'mean', 'imputer__knn_scaling_method': 'minmax', 'imputer__knn_neighbors': 3, 'imputer__iterative_max_iter': 5, 'imputer__imputation_method': 'iterative'}",-1.0,-1.0,0.0,132
47,7.705219984054565,0.0,9.500617027282715,0.0,minmax,2.5,Isolation_Forest,90,minkowski,auto,150,0.25,0.03,mean,standard,19,5,knn,"{'scaler__scaler_name': 'minmax', 'outlier_remover__threshold': 2.5, 'outlier_remover__outlier_method': 'Isolation_Forest', 'outlier_remover__n_neighbors': 90, 'outlier_remover__metric_LOF': 'minkowski', 'outlier_remover__max_samples_IF': 'auto', 'outlier_remover__estimators_IF': 150, 'outlier_remover__contamination_LOF': 0.25, 'outlier_remover__contamination_IF': 0.03, 'imputer__simple_strategy_num': 'mean', 'imputer__knn_scaling_method': 'standard', 'imputer__knn_neighbors': 19, 'imputer__iterative_max_iter': 5, 'imputer__imputation_method': 'knn'}",-0.730336306382113,-0.730336306382113,0.0,95
48,0.4015920162200928,0.0,0.44611692428588867,0.0,standard,2.0,z_score,20,chebyshev,0.5,200,0.25,0.03,mean,robust,10,50,simple,"{'scaler__scaler_name': 'standard', 'outlier_remover__threshold': 2, 'outlier_remover__outlier_method': 'z_score', 'outlier_remover__n_neighbors': 20, 'outlier_remover__metric_LOF': 'chebyshev', 'outlier_remover__max_samples_IF': 0.5, 'outlier_remover__estimators_IF': 200, 'outlier_remover__contamination_LOF': 0.25, 'outlier_remover__contamination_IF': 0.03, 'imputer__simple_strategy_num': 'mean', 'imputer__knn_scaling_method': 'robust', 'imputer__knn_neighbors': 10, 'imputer__iterative_max_iter': 50, 'imputer__imputation_method': 'simple'}",-1.0,-1.0,0.0,132
49,1.6129980087280273,0.0,4.385281085968018,0.0,minmax,4.0,LOF,20,minkowski,0.5,100,0.01,0.5,mean,robust,28,20,simple,"{'scaler__scaler_name': 'minmax', 'outlier_remover__threshold': 4, 'outlier_remover__outlier_method': 'LOF', 'outlier_remover__n_neighbors': 20, 'outlier_remover__metric_LOF': 'minkowski', 'outlier_remover__max_samples_IF': 0.5, 'outlier_remover__estimators_IF': 100, 'outlier_remover__contamination_LOF': 0.01, 'outlier_remover__contamination_IF': 0.5, 'imputer__simple_strategy_num': 'mean', 'imputer__knn_scaling_method': 'robust', 'imputer__knn_neighbors': 28, 'imputer__iterative_max_iter': 20, 'imputer__imputation_method': 'simple'}",-0.5577653441740681,-0.5577653441740681,0.0,65
50,1.9514679908752441,0.0,4.445624828338623,0.0,robust,3.0,LOF,50,minkowski,1.0,50,0.15,0.05,median,minmax,5,20,simple,"{'scaler__scaler_name': 'robust', 'outlier_remover__threshold': 3, 'outlier_remover__outlier_method': 'LOF', 'outlier_remover__n_neighbors': 50, 'outlier_remover__metric_LOF': 'minkowski', 'outlier_remover__max_samples_IF': 1.0, 'outlier_remover__estimators_IF': 50, 'outlier_remover__contamination_LOF': 0.15, 'outlier_remover__contamination_IF': 0.05, 'imputer__simple_strategy_num': 'median', 'imputer__knn_scaling_method': 'minmax', 'imputer__knn_neighbors': 5, 'imputer__iterative_max_iter': 20, 'imputer__imputation_method': 'simple'}",-0.4918751549034098,-0.4918751549034098,0.0,57
51,0.47067785263061523,0.0,0.43155407905578613,0.0,robust,2.0,z_score,70,minkowski,0.5,150,0.15,0.5,mean,minmax,4,10,simple,"{'scaler__scaler_name': 'robust', 'outlier_remover__threshold': 2, 'outlier_remover__outlier_method': 'z_score', 'outlier_remover__n_neighbors': 70, 'outlier_remover__metric_LOF': 'minkowski', 'outlier_remover__max_samples_IF': 0.5, 'outlier_remover__estimators_IF': 150, 'outlier_remover__contamination_LOF': 0.15, 'outlier_remover__contamination_IF': 0.5, 'imputer__simple_strategy_num': 'mean', 'imputer__knn_scaling_method': 'minmax', 'imputer__knn_neighbors': 4, 'imputer__iterative_max_iter': 10, 'imputer__imputation_method': 'simple'}",-1.0,-1.0,0.0,132
52,7.502672910690308,0.0,11.1701819896698,0.0,standard,3.0,LOF,10,euclidean,0.7,200,0.05,0.1,mean,minmax,15,20,knn,"{'scaler__scaler_name': 'standard', 'outlier_remover__threshold': 3, 'outlier_remover__outlier_method': 'LOF', 'outlier_remover__n_neighbors': 10, 'outlier_remover__metric_LOF': 'euclidean', 'outlier_remover__max_samples_IF': 0.7, 'outlier_remover__estimators_IF': 200, 'outlier_remover__contamination_LOF': 0.05, 'outlier_remover__contamination_IF': 0.1, 'imputer__simple_strategy_num': 'mean', 'imputer__knn_scaling_method': 'minmax', 'imputer__knn_neighbors': 15, 'imputer__iterative_max_iter': 20, 'imputer__imputation_method': 'knn'}",-0.7697532159560134,-0.7697532159560134,0.0,110
53,6.20024299621582,0.0,7.312520980834961,0.0,standard,2.5,z_score,90,chebyshev,1.0,200,0.05,0.3,median,minmax,23,5,knn,"{'scaler__scaler_name': 'standard', 'outlier_remover__threshold': 2.5, 'outlier_remover__outlier_method': 'z_score', 'outlier_remover__n_neighbors': 90, 'outlier_remover__metric_LOF': 'chebyshev', 'outlier_remover__max_samples_IF': 1.0, 'outlier_remover__estimators_IF': 200, 'outlier_remover__contamination_LOF': 0.05, 'outlier_remover__contamination_IF': 0.3, 'imputer__simple_strategy_num': 'median', 'imputer__knn_scaling_method': 'minmax', 'imputer__knn_neighbors': 23, 'imputer__iterative_max_iter': 5, 'imputer__imputation_method': 'knn'}",-1.0,-1.0,0.0,132
54,1.7126119136810303,0.0,4.499934196472168,0.0,minmax,2.0,Isolation_Forest,50,manhattan,1.0,200,0.15,0.03,mean,standard,7,20,simple,"{'scaler__scaler_name': 'minmax', 'outlier_remover__threshold': 2, 'outlier_remover__outlier_method': 'Isolation_Forest', 'outlier_remover__n_neighbors': 50, 'outlier_remover__metric_LOF': 'manhattan', 'outlier_remover__max_samples_IF': 1.0, 'outlier_remover__estimators_IF': 200, 'outlier_remover__contamination_LOF': 0.15, 'outlier_remover__contamination_IF': 0.03, 'imputer__simple_strategy_num': 'mean', 'imputer__knn_scaling_method': 'standard', 'imputer__knn_neighbors': 7, 'imputer__iterative_max_iter': 20, 'imputer__imputation_method': 'simple'}",-0.4907046521827315,-0.4907046521827315,0.0,56
55,1.8740429878234863,0.0,2.509761095046997,0.0,minmax,3.0,z_score,50,minkowski,0.5,50,0.03,0.1,mean,standard,20,20,iterative,"{'scaler__scaler_name': 'minmax', 'outlier_remover__threshold': 3, 'outlier_remover__outlier_method': 'z_score', 'outlier_remover__n_neighbors': 50, 'outlier_remover__metric_LOF': 'minkowski', 'outlier_remover__max_samples_IF': 0.5, 'outlier_remover__estimators_IF': 50, 'outlier_remover__contamination_LOF': 0.03, 'outlier_remover__contamination_IF': 0.1, 'imputer__simple_strategy_num': 'mean', 'imputer__knn_scaling_method': 'standard', 'imputer__knn_neighbors': 20, 'imputer__iterative_max_iter': 20, 'imputer__imputation_method': 'iterative'}",-1.0,-1.0,0.0,132
56,2.9238369464874268,0.0,4.714237928390503,0.0,robust,3.0,Isolation_Forest,20,euclidean,1.0,50,0.15,0.01,mean,robust,19,20,iterative,"{'scaler__scaler_name': 'robust', 'outlier_remover__threshold': 3, 'outlier_remover__outlier_method': 'Isolation_Forest', 'outlier_remover__n_neighbors': 20, 'outlier_remover__metric_LOF': 'euclidean', 'outlier_remover__max_samples_IF': 1.0, 'outlier_remover__estimators_IF': 50, 'outlier_remover__contamination_LOF': 0.15, 'outlier_remover__contamination_IF': 0.01, 'imputer__simple_strategy_num': 'mean', 'imputer__knn_scaling_method': 'robust', 'imputer__knn_neighbors': 19, 'imputer__iterative_max_iter': 20, 'imputer__imputation_method': 'iterative'}",-0.8287308595783993,-0.8287308595783993,0.0,124
57,2.7113537788391113,0.0,5.3653953075408936,0.0,robust,2.5,Isolation_Forest,50,euclidean,0.7,150,0.5,0.25,mean,robust,4,50,iterative,"{'scaler__scaler_name': 'robust', 'outlier_remover__threshold': 2.5, 'outlier_remover__outlier_method': 'Isolation_Forest', 'outlier_remover__n_neighbors': 50, 'outlier_remover__metric_LOF': 'euclidean', 'outlier_remover__max_samples_IF': 0.7, 'outlier_remover__estimators_IF': 150, 'outlier_remover__contamination_LOF': 0.5, 'outlier_remover__contamination_IF': 0.25, 'imputer__simple_strategy_num': 'mean', 'imputer__knn_scaling_method': 'robust', 'imputer__knn_neighbors': 4, 'imputer__iterative_max_iter': 50, 'imputer__imputation_method': 'iterative'}",-0.3950196920973008,-0.3950196920973008,0.0,46
58,1.647162914276123,0.0,4.476608991622925,0.0,minmax,3.5,LOF,30,euclidean,1.0,150,0.25,0.03,mean,minmax,29,20,simple,"{'scaler__scaler_name': 'minmax', 'outlier_remover__threshold': 3.5, 'outlier_remover__outlier_method': 'LOF', 'outlier_remover__n_neighbors': 30, 'outlier_remover__metric_LOF': 'euclidean', 'outlier_remover__max_samples_IF': 1.0, 'outlier_remover__estimators_IF': 150, 'outlier_remover__contamination_LOF': 0.25, 'outlier_remover__contamination_IF': 0.03, 'imputer__simple_strategy_num': 'mean', 'imputer__knn_scaling_method': 'minmax', 'imputer__knn_neighbors': 29, 'imputer__iterative_max_iter': 20, 'imputer__imputation_method': 'simple'}",-0.10078279092369753,-0.10078279092369753,0.0,13
59,13.219288110733032,0.0,15.987051963806152,0.0,robust,2.5,LOF,10,chebyshev,1.0,200,0.03,0.15,median,robust,23,5,knn,"{'scaler__scaler_name': 'robust', 'outlier_remover__threshold': 2.5, 'outlier_remover__outlier_method': 'LOF', 'outlier_remover__n_neighbors': 10, 'outlier_remover__metric_LOF': 'chebyshev', 'outlier_remover__max_samples_IF': 1.0, 'outlier_remover__estimators_IF': 200, 'outlier_remover__contamination_LOF': 0.03, 'outlier_remover__contamination_IF': 0.15, 'imputer__simple_strategy_num': 'median', 'imputer__knn_scaling_method': 'robust', 'imputer__knn_neighbors': 23, 'imputer__iterative_max_iter': 5, 'imputer__imputation_method': 'knn'}",-0.7424508548391852,-0.7424508548391852,0.0,97
60,2.3356809616088867,0.0,4.9721338748931885,0.0,robust,2.0,Isolation_Forest,10,manhattan,1.0,50,0.03,0.3,mean,minmax,23,10,iterative,"{'scaler__scaler_name': 'robust', 'outlier_remover__threshold': 2, 'outlier_remover__outlier_method': 'Isolation_Forest', 'outlier_remover__n_neighbors': 10, 'outlier_remover__metric_LOF': 'manhattan', 'outlier_remover__max_samples_IF': 1.0, 'outlier_remover__estimators_IF': 50, 'outlier_remover__contamination_LOF': 0.03, 'outlier_remover__contamination_IF': 0.3, 'imputer__simple_strategy_num': 'mean', 'imputer__knn_scaling_method': 'minmax', 'imputer__knn_neighbors': 23, 'imputer__iterative_max_iter': 10, 'imputer__imputation_method': 'iterative'}",-0.3075167264927621,-0.3075167264927621,0.0,36
61,7.845274925231934,0.0,11.046318054199219,0.0,minmax,3.0,LOF,30,euclidean,0.5,50,0.05,0.5,median,minmax,10,20,knn,"{'scaler__scaler_name': 'minmax', 'outlier_remover__threshold': 3, 'outlier_remover__outlier_method': 'LOF', 'outlier_remover__n_neighbors': 30, 'outlier_remover__metric_LOF': 'euclidean', 'outlier_remover__max_samples_IF': 0.5, 'outlier_remover__estimators_IF': 50, 'outlier_remover__contamination_LOF': 0.05, 'outlier_remover__contamination_IF': 0.5, 'imputer__simple_strategy_num': 'median', 'imputer__knn_scaling_method': 'minmax', 'imputer__knn_neighbors': 10, 'imputer__iterative_max_iter': 20, 'imputer__imputation_method': 'knn'}",-0.7473676948866446,-0.7473676948866446,0.0,98
62,6.728005886077881,0.0,10.154172897338867,0.0,minmax,2.0,Isolation_Forest,100,manhattan,0.5,50,0.3,0.15,median,minmax,7,50,knn,"{'scaler__scaler_name': 'minmax', 'outlier_remover__threshold': 2, 'outlier_remover__outlier_method': 'Isolation_Forest', 'outlier_remover__n_neighbors': 100, 'outlier_remover__metric_LOF': 'manhattan', 'outlier_remover__max_samples_IF': 0.5, 'outlier_remover__estimators_IF': 50, 'outlier_remover__contamination_LOF': 0.3, 'outlier_remover__contamination_IF': 0.15, 'imputer__simple_strategy_num': 'median', 'imputer__knn_scaling_method': 'minmax', 'imputer__knn_neighbors': 7, 'imputer__iterative_max_iter': 50, 'imputer__imputation_method': 'knn'}",-0.5360453529216647,-0.5360453529216647,0.0,64
63,3.992239236831665,0.0,5.890432596206665,0.0,robust,2.0,Isolation_Forest,70,minkowski,0.7,150,0.03,0.5,median,robust,20,50,iterative,"{'scaler__scaler_name': 'robust', 'outlier_remover__threshold': 2, 'outlier_remover__outlier_method': 'Isolation_Forest', 'outlier_remover__n_neighbors': 70, 'outlier_remover__metric_LOF': 'minkowski', 'outlier_remover__max_samples_IF': 0.7, 'outlier_remover__estimators_IF': 150, 'outlier_remover__contamination_LOF': 0.03, 'outlier_remover__contamination_IF': 0.5, 'imputer__simple_strategy_num': 'median', 'imputer__knn_scaling_method': 'robust', 'imputer__knn_neighbors': 20, 'imputer__iterative_max_iter': 50, 'imputer__imputation_method': 'iterative'}",0.12674990755445842,0.12674990755445842,0.0,4
64,8.924636840820312,0.0,11.57254695892334,0.0,minmax,3.5,LOF,20,chebyshev,0.5,200,0.3,0.1,median,robust,6,10,iterative,"{'scaler__scaler_name': 'minmax', 'outlier_remover__threshold': 3.5, 'outlier_remover__outlier_method': 'LOF', 'outlier_remover__n_neighbors': 20, 'outlier_remover__metric_LOF': 'chebyshev', 'outlier_remover__max_samples_IF': 0.5, 'outlier_remover__estimators_IF': 200, 'outlier_remover__contamination_LOF': 0.3, 'outlier_remover__contamination_IF': 0.1, 'imputer__simple_strategy_num': 'median', 'imputer__knn_scaling_method': 'robust', 'imputer__knn_neighbors': 6, 'imputer__iterative_max_iter': 10, 'imputer__imputation_method': 'iterative'}",-0.33030253297917883,-0.33030253297917883,0.0,39
65,2.2587029933929443,0.0,1.6657869815826416,0.0,standard,3.5,z_score,5,euclidean,0.7,200,0.03,0.05,median,standard,27,50,iterative,"{'scaler__scaler_name': 'standard', 'outlier_remover__threshold': 3.5, 'outlier_remover__outlier_method': 'z_score', 'outlier_remover__n_neighbors': 5, 'outlier_remover__metric_LOF': 'euclidean', 'outlier_remover__max_samples_IF': 0.7, 'outlier_remover__estimators_IF': 200, 'outlier_remover__contamination_LOF': 0.03, 'outlier_remover__contamination_IF': 0.05, 'imputer__simple_strategy_num': 'median', 'imputer__knn_scaling_method': 'standard', 'imputer__knn_neighbors': 27, 'imputer__iterative_max_iter': 50, 'imputer__imputation_method': 'iterative'}",-1.0,-1.0,0.0,132
66,6.778418064117432,0.0,7.53739595413208,0.0,minmax,2.5,z_score,10,euclidean,0.7,100,0.1,0.25,median,standard,21,10,knn,"{'scaler__scaler_name': 'minmax', 'outlier_remover__threshold': 2.5, 'outlier_remover__outlier_method': 'z_score', 'outlier_remover__n_neighbors': 10, 'outlier_remover__metric_LOF': 'euclidean', 'outlier_remover__max_samples_IF': 0.7, 'outlier_remover__estimators_IF': 100, 'outlier_remover__contamination_LOF': 0.1, 'outlier_remover__contamination_IF': 0.25, 'imputer__simple_strategy_num': 'median', 'imputer__knn_scaling_method': 'standard', 'imputer__knn_neighbors': 21, 'imputer__iterative_max_iter': 10, 'imputer__imputation_method': 'knn'}",-1.0,-1.0,0.0,132
67,7.734047889709473,0.0,7.859955072402954,0.0,robust,2.0,z_score,100,chebyshev,0.7,150,0.25,0.05,median,standard,3,50,knn,"{'scaler__scaler_name': 'robust', 'outlier_remover__threshold': 2, 'outlier_remover__outlier_method': 'z_score', 'outlier_remover__n_neighbors': 100, 'outlier_remover__metric_LOF': 'chebyshev', 'outlier_remover__max_samples_IF': 0.7, 'outlier_remover__estimators_IF': 150, 'outlier_remover__contamination_LOF': 0.25, 'outlier_remover__contamination_IF': 0.05, 'imputer__simple_strategy_num': 'median', 'imputer__knn_scaling_method': 'standard', 'imputer__knn_neighbors': 3, 'imputer__iterative_max_iter': 50, 'imputer__imputation_method': 'knn'}",-1.0,-1.0,0.0,132
68,2.006298065185547,0.0,1.708507776260376,0.0,robust,4.0,z_score,30,chebyshev,0.7,50,0.01,0.05,mean,minmax,8,10,iterative,"{'scaler__scaler_name': 'robust', 'outlier_remover__threshold': 4, 'outlier_remover__outlier_method': 'z_score', 'outlier_remover__n_neighbors': 30, 'outlier_remover__metric_LOF': 'chebyshev', 'outlier_remover__max_samples_IF': 0.7, 'outlier_remover__estimators_IF': 50, 'outlier_remover__contamination_LOF': 0.01, 'outlier_remover__contamination_IF': 0.05, 'imputer__simple_strategy_num': 'mean', 'imputer__knn_scaling_method': 'minmax', 'imputer__knn_neighbors': 8, 'imputer__iterative_max_iter': 10, 'imputer__imputation_method': 'iterative'}",-1.0,-1.0,0.0,132
69,1.9365370273590088,0.0,1.679337978363037,0.0,minmax,3.0,z_score,100,manhattan,0.5,100,0.03,0.5,median,minmax,15,10,iterative,"{'scaler__scaler_name': 'minmax', 'outlier_remover__threshold': 3, 'outlier_remover__outlier_method': 'z_score', 'outlier_remover__n_neighbors': 100, 'outlier_remover__metric_LOF': 'manhattan', 'outlier_remover__max_samples_IF': 0.5, 'outlier_remover__estimators_IF': 100, 'outlier_remover__contamination_LOF': 0.03, 'outlier_remover__contamination_IF': 0.5, 'imputer__simple_strategy_num': 'median', 'imputer__knn_scaling_method': 'minmax', 'imputer__knn_neighbors': 15, 'imputer__iterative_max_iter': 10, 'imputer__imputation_method': 'iterative'}",-1.0,-1.0,0.0,132
70,1.7095022201538086,0.0,4.4289281368255615,0.0,minmax,4.0,LOF,20,euclidean,0.7,50,0.3,0.25,mean,minmax,8,50,simple,"{'scaler__scaler_name': 'minmax', 'outlier_remover__threshold': 4, 'outlier_remover__outlier_method': 'LOF', 'outlier_remover__n_neighbors': 20, 'outlier_remover__metric_LOF': 'euclidean', 'outlier_remover__max_samples_IF': 0.7, 'outlier_remover__estimators_IF': 50, 'outlier_remover__contamination_LOF': 0.3, 'outlier_remover__contamination_IF': 0.25, 'imputer__simple_strategy_num': 'mean', 'imputer__knn_scaling_method': 'minmax', 'imputer__knn_neighbors': 8, 'imputer__iterative_max_iter': 50, 'imputer__imputation_method': 'simple'}",-0.059129357832825455,-0.059129357832825455,0.0,11
71,1.6854572296142578,0.0,4.57703971862793,0.0,robust,3.0,LOF,50,minkowski,1.0,50,0.01,0.1,mean,standard,8,20,simple,"{'scaler__scaler_name': 'robust', 'outlier_remover__threshold': 3, 'outlier_remover__outlier_method': 'LOF', 'outlier_remover__n_neighbors': 50, 'outlier_remover__metric_LOF': 'minkowski', 'outlier_remover__max_samples_IF': 1.0, 'outlier_remover__estimators_IF': 50, 'outlier_remover__contamination_LOF': 0.01, 'outlier_remover__contamination_IF': 0.1, 'imputer__simple_strategy_num': 'mean', 'imputer__knn_scaling_method': 'standard', 'imputer__knn_neighbors': 8, 'imputer__iterative_max_iter': 20, 'imputer__imputation_method': 'simple'}",-0.510901047581559,-0.510901047581559,0.0,59
72,1.8103020191192627,0.0,4.895287036895752,0.0,standard,2.5,Isolation_Forest,100,euclidean,1.0,200,0.01,0.15,mean,robust,20,10,simple,"{'scaler__scaler_name': 'standard', 'outlier_remover__threshold': 2.5, 'outlier_remover__outlier_method': 'Isolation_Forest', 'outlier_remover__n_neighbors': 100, 'outlier_remover__metric_LOF': 'euclidean', 'outlier_remover__max_samples_IF': 1.0, 'outlier_remover__estimators_IF': 200, 'outlier_remover__contamination_LOF': 0.01, 'outlier_remover__contamination_IF': 0.15, 'imputer__simple_strategy_num': 'mean', 'imputer__knn_scaling_method': 'robust', 'imputer__knn_neighbors': 20, 'imputer__iterative_max_iter': 10, 'imputer__imputation_method': 'simple'}",-0.2634128149462478,-0.2634128149462478,0.0,29
73,1.4582676887512207,0.0,4.4959800243377686,0.0,minmax,2.5,LOF,10,minkowski,0.7,50,0.03,0.01,mean,robust,30,50,simple,"{'scaler__scaler_name': 'minmax', 'outlier_remover__threshold': 2.5, 'outlier_remover__outlier_method': 'LOF', 'outlier_remover__n_neighbors': 10, 'outlier_remover__metric_LOF': 'minkowski', 'outlier_remover__max_samples_IF': 0.7, 'outlier_remover__estimators_IF': 50, 'outlier_remover__contamination_LOF': 0.03, 'outlier_remover__contamination_IF': 0.01, 'imputer__simple_strategy_num': 'mean', 'imputer__knn_scaling_method': 'robust', 'imputer__knn_neighbors': 30, 'imputer__iterative_max_iter': 50, 'imputer__imputation_method': 'simple'}",-0.5269508605200985,-0.5269508605200985,0.0,63
74,2.2368221282958984,0.0,5.053386926651001,0.0,robust,4.0,Isolation_Forest,90,minkowski,0.5,50,0.05,0.01,median,minmax,12,20,iterative,"{'scaler__scaler_name': 'robust', 'outlier_remover__threshold': 4, 'outlier_remover__outlier_method': 'Isolation_Forest', 'outlier_remover__n_neighbors': 90, 'outlier_remover__metric_LOF': 'minkowski', 'outlier_remover__max_samples_IF': 0.5, 'outlier_remover__estimators_IF': 50, 'outlier_remover__contamination_LOF': 0.05, 'outlier_remover__contamination_IF': 0.01, 'imputer__simple_strategy_num': 'median', 'imputer__knn_scaling_method': 'minmax', 'imputer__knn_neighbors': 12, 'imputer__iterative_max_iter': 20, 'imputer__imputation_method': 'iterative'}",-0.829066165131968,-0.829066165131968,0.0,126
75,7.506799221038818,0.0,9.921477794647217,0.0,robust,2.5,Isolation_Forest,100,minkowski,0.5,50,0.03,0.05,mean,robust,20,20,knn,"{'scaler__scaler_name': 'robust', 'outlier_remover__threshold': 2.5, 'outlier_remover__outlier_method': 'Isolation_Forest', 'outlier_remover__n_neighbors': 100, 'outlier_remover__metric_LOF': 'minkowski', 'outlier_remover__max_samples_IF': 0.5, 'outlier_remover__estimators_IF': 50, 'outlier_remover__contamination_LOF': 0.03, 'outlier_remover__contamination_IF': 0.05, 'imputer__simple_strategy_num': 'mean', 'imputer__knn_scaling_method': 'robust', 'imputer__knn_neighbors': 20, 'imputer__iterative_max_iter': 20, 'imputer__imputation_method': 'knn'}",-0.6804531116592119,-0.6804531116592119,0.0,83
76,8.54412293434143,0.0,10.672000885009766,0.0,robust,3.5,LOF,20,euclidean,0.7,150,0.01,0.25,mean,standard,4,5,knn,"{'scaler__scaler_name': 'robust', 'outlier_remover__threshold': 3.5, 'outlier_remover__outlier_method': 'LOF', 'outlier_remover__n_neighbors': 20, 'outlier_remover__metric_LOF': 'euclidean', 'outlier_remover__max_samples_IF': 0.7, 'outlier_remover__estimators_IF': 150, 'outlier_remover__contamination_LOF': 0.01, 'outlier_remover__contamination_IF': 0.25, 'imputer__simple_strategy_num': 'mean', 'imputer__knn_scaling_method': 'standard', 'imputer__knn_neighbors': 4, 'imputer__iterative_max_iter': 5, 'imputer__imputation_method': 'knn'}",-0.787745768056052,-0.787745768056052,0.0,113
77,1.8523449897766113,0.0,1.819559097290039,0.0,robust,3.0,z_score,10,manhattan,auto,200,0.03,0.15,median,minmax,28,5,iterative,"{'scaler__scaler_name': 'robust', 'outlier_remover__threshold': 3, 'outlier_remover__outlier_method': 'z_score', 'outlier_remover__n_neighbors': 10, 'outlier_remover__metric_LOF': 'manhattan', 'outlier_remover__max_samples_IF': 'auto', 'outlier_remover__estimators_IF': 200, 'outlier_remover__contamination_LOF': 0.03, 'outlier_remover__contamination_IF': 0.15, 'imputer__simple_strategy_num': 'median', 'imputer__knn_scaling_method': 'minmax', 'imputer__knn_neighbors': 28, 'imputer__iterative_max_iter': 5, 'imputer__imputation_method': 'iterative'}",-1.0,-1.0,0.0,132
78,2.841337203979492,0.0,5.368589878082275,0.0,minmax,3.5,Isolation_Forest,100,manhattan,0.7,100,0.1,0.3,mean,robust,11,5,iterative,"{'scaler__scaler_name': 'minmax', 'outlier_remover__threshold': 3.5, 'outlier_remover__outlier_method': 'Isolation_Forest', 'outlier_remover__n_neighbors': 100, 'outlier_remover__metric_LOF': 'manhattan', 'outlier_remover__max_samples_IF': 0.7, 'outlier_remover__estimators_IF': 100, 'outlier_remover__contamination_LOF': 0.1, 'outlier_remover__contamination_IF': 0.3, 'imputer__simple_strategy_num': 'mean', 'imputer__knn_scaling_method': 'robust', 'imputer__knn_neighbors': 11, 'imputer__iterative_max_iter': 5, 'imputer__imputation_method': 'iterative'}",-0.3027536378819301,-0.3027536378819301,0.0,35
79,6.748630046844482,0.0,9.51466703414917,0.0,standard,3.0,LOF,90,manhattan,0.7,200,0.25,0.03,mean,standard,12,50,iterative,"{'scaler__scaler_name': 'standard', 'outlier_remover__threshold': 3, 'outlier_remover__outlier_method': 'LOF', 'outlier_remover__n_neighbors': 90, 'outlier_remover__metric_LOF': 'manhattan', 'outlier_remover__max_samples_IF': 0.7, 'outlier_remover__estimators_IF': 200, 'outlier_remover__contamination_LOF': 0.25, 'outlier_remover__contamination_IF': 0.03, 'imputer__simple_strategy_num': 'mean', 'imputer__knn_scaling_method': 'standard', 'imputer__knn_neighbors': 12, 'imputer__iterative_max_iter': 50, 'imputer__imputation_method': 'iterative'}",-0.4007724779312449,-0.4007724779312449,0.0,52
80,1.434370994567871,0.0,4.350161075592041,0.0,minmax,4.0,Isolation_Forest,50,minkowski,0.5,200,0.25,0.01,median,standard,24,20,simple,"{'scaler__scaler_name': 'minmax', 'outlier_remover__threshold': 4, 'outlier_remover__outlier_method': 'Isolation_Forest', 'outlier_remover__n_neighbors': 50, 'outlier_remover__metric_LOF': 'minkowski', 'outlier_remover__max_samples_IF': 0.5, 'outlier_remover__estimators_IF': 200, 'outlier_remover__contamination_LOF': 0.25, 'outlier_remover__contamination_IF': 0.01, 'imputer__simple_strategy_num': 'median', 'imputer__knn_scaling_method': 'standard', 'imputer__knn_neighbors': 24, 'imputer__iterative_max_iter': 20, 'imputer__imputation_method': 'simple'}",-0.8319391802682875,-0.8319391802682875,0.0,129
81,0.4358551502227783,0.0,0.49558305740356445,0.0,standard,3.0,z_score,20,euclidean,0.5,200,0.03,0.25,median,robust,23,50,simple,"{'scaler__scaler_name': 'standard', 'outlier_remover__threshold': 3, 'outlier_remover__outlier_method': 'z_score', 'outlier_remover__n_neighbors': 20, 'outlier_remover__metric_LOF': 'euclidean', 'outlier_remover__max_samples_IF': 0.5, 'outlier_remover__estimators_IF': 200, 'outlier_remover__contamination_LOF': 0.03, 'outlier_remover__contamination_IF': 0.25, 'imputer__simple_strategy_num': 'median', 'imputer__knn_scaling_method': 'robust', 'imputer__knn_neighbors': 23, 'imputer__iterative_max_iter': 50, 'imputer__imputation_method': 'simple'}",-1.0,-1.0,0.0,132
82,11.239282131195068,0.0,14.131979942321777,0.0,minmax,3.5,LOF,50,manhattan,1.0,50,0.05,0.03,mean,standard,30,5,knn,"{'scaler__scaler_name': 'minmax', 'outlier_remover__threshold': 3.5, 'outlier_remover__outlier_method': 'LOF', 'outlier_remover__n_neighbors': 50, 'outlier_remover__metric_LOF': 'manhattan', 'outlier_remover__max_samples_IF': 1.0, 'outlier_remover__estimators_IF': 50, 'outlier_remover__contamination_LOF': 0.05, 'outlier_remover__contamination_IF': 0.03, 'imputer__simple_strategy_num': 'mean', 'imputer__knn_scaling_method': 'standard', 'imputer__knn_neighbors': 30, 'imputer__iterative_max_iter': 5, 'imputer__imputation_method': 'knn'}",-0.7091328363103049,-0.7091328363103049,0.0,87
83,7.4827561378479,0.0,7.748211860656738,0.0,minmax,4.0,z_score,30,chebyshev,0.5,200,0.3,0.3,mean,standard,3,10,knn,"{'scaler__scaler_name': 'minmax', 'outlier_remover__threshold': 4, 'outlier_remover__outlier_method': 'z_score', 'outlier_remover__n_neighbors': 30, 'outlier_remover__metric_LOF': 'chebyshev', 'outlier_remover__max_samples_IF': 0.5, 'outlier_remover__estimators_IF': 200, 'outlier_remover__contamination_LOF': 0.3, 'outlier_remover__contamination_IF': 0.3, 'imputer__simple_strategy_num': 'mean', 'imputer__knn_scaling_method': 'standard', 'imputer__knn_neighbors': 3, 'imputer__iterative_max_iter': 10, 'imputer__imputation_method': 'knn'}",-1.0,-1.0,0.0,132
84,1.5704600811004639,0.0,4.142127990722656,0.0,robust,3.0,LOF,10,euclidean,1.0,200,0.03,0.25,mean,minmax,6,20,simple,"{'scaler__scaler_name': 'robust', 'outlier_remover__threshold': 3, 'outlier_remover__outlier_method': 'LOF', 'outlier_remover__n_neighbors': 10, 'outlier_remover__metric_LOF': 'euclidean', 'outlier_remover__max_samples_IF': 1.0, 'outlier_remover__estimators_IF': 200, 'outlier_remover__contamination_LOF': 0.03, 'outlier_remover__contamination_IF': 0.25, 'imputer__simple_strategy_num': 'mean', 'imputer__knn_scaling_method': 'minmax', 'imputer__knn_neighbors': 6, 'imputer__iterative_max_iter': 20, 'imputer__imputation_method': 'simple'}",-0.49505838018253445,-0.49505838018253445,0.0,58
85,3.324514865875244,0.0,6.278139114379883,0.0,standard,3.0,Isolation_Forest,20,manhattan,1.0,200,0.05,0.25,mean,robust,13,50,iterative,"{'scaler__scaler_name': 'standard', 'outlier_remover__threshold': 3, 'outlier_remover__outlier_method': 'Isolation_Forest', 'outlier_remover__n_neighbors': 20, 'outlier_remover__metric_LOF': 'manhattan', 'outlier_remover__max_samples_IF': 1.0, 'outlier_remover__estimators_IF': 200, 'outlier_remover__contamination_LOF': 0.05, 'outlier_remover__contamination_IF': 0.25, 'imputer__simple_strategy_num': 'mean', 'imputer__knn_scaling_method': 'robust', 'imputer__knn_neighbors': 13, 'imputer__iterative_max_iter': 50, 'imputer__imputation_method': 'iterative'}",-0.39896007905500025,-0.39896007905500025,0.0,48
86,2.0109848976135254,0.0,4.932099103927612,0.0,minmax,2.0,Isolation_Forest,30,minkowski,0.7,50,0.3,0.05,mean,standard,18,50,iterative,"{'scaler__scaler_name': 'minmax', 'outlier_remover__threshold': 2, 'outlier_remover__outlier_method': 'Isolation_Forest', 'outlier_remover__n_neighbors': 30, 'outlier_remover__metric_LOF': 'minkowski', 'outlier_remover__max_samples_IF': 0.7, 'outlier_remover__estimators_IF': 50, 'outlier_remover__contamination_LOF': 0.3, 'outlier_remover__contamination_IF': 0.05, 'imputer__simple_strategy_num': 'mean', 'imputer__knn_scaling_method': 'standard', 'imputer__knn_neighbors': 18, 'imputer__iterative_max_iter': 50, 'imputer__imputation_method': 'iterative'}",-0.7592446417108316,-0.7592446417108316,0.0,102
87,6.537731170654297,0.0,9.005216836929321,0.0,standard,4.0,LOF,100,manhattan,1.0,200,0.1,0.01,mean,standard,15,20,iterative,"{'scaler__scaler_name': 'standard', 'outlier_remover__threshold': 4, 'outlier_remover__outlier_method': 'LOF', 'outlier_remover__n_neighbors': 100, 'outlier_remover__metric_LOF': 'manhattan', 'outlier_remover__max_samples_IF': 1.0, 'outlier_remover__estimators_IF': 200, 'outlier_remover__contamination_LOF': 0.1, 'outlier_remover__contamination_IF': 0.01, 'imputer__simple_strategy_num': 'mean', 'imputer__knn_scaling_method': 'standard', 'imputer__knn_neighbors': 15, 'imputer__iterative_max_iter': 20, 'imputer__imputation_method': 'iterative'}",-0.6713542083699628,-0.6713542083699628,0.0,82
88,0.9083418846130371,0.0,3.6732921600341797,0.0,minmax,3.5,Isolation_Forest,20,minkowski,auto,200,0.1,0.01,median,minmax,19,20,simple,"{'scaler__scaler_name': 'minmax', 'outlier_remover__threshold': 3.5, 'outlier_remover__outlier_method': 'Isolation_Forest', 'outlier_remover__n_neighbors': 20, 'outlier_remover__metric_LOF': 'minkowski', 'outlier_remover__max_samples_IF': 'auto', 'outlier_remover__estimators_IF': 200, 'outlier_remover__contamination_LOF': 0.1, 'outlier_remover__contamination_IF': 0.01, 'imputer__simple_strategy_num': 'median', 'imputer__knn_scaling_method': 'minmax', 'imputer__knn_neighbors': 19, 'imputer__iterative_max_iter': 20, 'imputer__imputation_method': 'simple'}",-0.8094565202384792,-0.8094565202384792,0.0,119
89,7.68975305557251,0.0,10.22762393951416,0.0,robust,3.0,Isolation_Forest,30,euclidean,0.7,150,0.15,0.3,mean,robust,24,20,knn,"{'scaler__scaler_name': 'robust', 'outlier_remover__threshold': 3, 'outlier_remover__outlier_method': 'Isolation_Forest', 'outlier_remover__n_neighbors': 30, 'outlier_remover__metric_LOF': 'euclidean', 'outlier_remover__max_samples_IF': 0.7, 'outlier_remover__estimators_IF': 150, 'outlier_remover__contamination_LOF': 0.15, 'outlier_remover__contamination_IF': 0.3, 'imputer__simple_strategy_num': 'mean', 'imputer__knn_scaling_method': 'robust', 'imputer__knn_neighbors': 24, 'imputer__iterative_max_iter': 20, 'imputer__imputation_method': 'knn'}",-0.2582399772882294,-0.2582399772882294,0.0,27
90,7.928741216659546,0.0,10.454774856567383,0.0,minmax,4.0,LOF,70,euclidean,auto,100,0.03,0.15,mean,minmax,30,20,knn,"{'scaler__scaler_name': 'minmax', 'outlier_remover__threshold': 4, 'outlier_remover__outlier_method': 'LOF', 'outlier_remover__n_neighbors': 70, 'outlier_remover__metric_LOF': 'euclidean', 'outlier_remover__max_samples_IF': 'auto', 'outlier_remover__estimators_IF': 100, 'outlier_remover__contamination_LOF': 0.03, 'outlier_remover__contamination_IF': 0.15, 'imputer__simple_strategy_num': 'mean', 'imputer__knn_scaling_method': 'minmax', 'imputer__knn_neighbors': 30, 'imputer__iterative_max_iter': 20, 'imputer__imputation_method': 'knn'}",-0.7642226539596267,-0.7642226539596267,0.0,106
91,6.507269859313965,0.0,9.369612216949463,0.0,standard,4.0,LOF,5,chebyshev,0.7,200,0.01,0.3,mean,robust,21,10,simple,"{'scaler__scaler_name': 'standard', 'outlier_remover__threshold': 4, 'outlier_remover__outlier_method': 'LOF', 'outlier_remover__n_neighbors': 5, 'outlier_remover__metric_LOF': 'chebyshev', 'outlier_remover__max_samples_IF': 0.7, 'outlier_remover__estimators_IF': 200, 'outlier_remover__contamination_LOF': 0.01, 'outlier_remover__contamination_IF': 0.3, 'imputer__simple_strategy_num': 'mean', 'imputer__knn_scaling_method': 'robust', 'imputer__knn_neighbors': 21, 'imputer__iterative_max_iter': 10, 'imputer__imputation_method': 'simple'}",-0.5733462771575568,-0.5733462771575568,0.0,69
92,0.43614721298217773,0.0,0.45803284645080566,0.0,standard,2.5,z_score,20,minkowski,auto,200,0.3,0.1,mean,standard,26,50,simple,"{'scaler__scaler_name': 'standard', 'outlier_remover__threshold': 2.5, 'outlier_remover__outlier_method': 'z_score', 'outlier_remover__n_neighbors': 20, 'outlier_remover__metric_LOF': 'minkowski', 'outlier_remover__max_samples_IF': 'auto', 'outlier_remover__estimators_IF': 200, 'outlier_remover__contamination_LOF': 0.3, 'outlier_remover__contamination_IF': 0.1, 'imputer__simple_strategy_num': 'mean', 'imputer__knn_scaling_method': 'standard', 'imputer__knn_neighbors': 26, 'imputer__iterative_max_iter': 50, 'imputer__imputation_method': 'simple'}",-1.0,-1.0,0.0,132
93,6.146034002304077,0.0,6.8553361892700195,0.0,standard,3.0,z_score,90,minkowski,1.0,50,0.01,0.15,mean,robust,10,20,knn,"{'scaler__scaler_name': 'standard', 'outlier_remover__threshold': 3, 'outlier_remover__outlier_method': 'z_score', 'outlier_remover__n_neighbors': 90, 'outlier_remover__metric_LOF': 'minkowski', 'outlier_remover__max_samples_IF': 1.0, 'outlier_remover__estimators_IF': 50, 'outlier_remover__contamination_LOF': 0.01, 'outlier_remover__contamination_IF': 0.15, 'imputer__simple_strategy_num': 'mean', 'imputer__knn_scaling_method': 'robust', 'imputer__knn_neighbors': 10, 'imputer__iterative_max_iter': 20, 'imputer__imputation_method': 'knn'}",-1.0,-1.0,0.0,132
94,1.1515038013458252,0.0,4.037563323974609,0.0,minmax,3.5,Isolation_Forest,5,chebyshev,0.5,100,0.01,0.15,mean,standard,3,20,simple,"{'scaler__scaler_name': 'minmax', 'outlier_remover__threshold': 3.5, 'outlier_remover__outlier_method': 'Isolation_Forest', 'outlier_remover__n_neighbors': 5, 'outlier_remover__metric_LOF': 'chebyshev', 'outlier_remover__max_samples_IF': 0.5, 'outlier_remover__estimators_IF': 100, 'outlier_remover__contamination_LOF': 0.01, 'outlier_remover__contamination_IF': 0.15, 'imputer__simple_strategy_num': 'mean', 'imputer__knn_scaling_method': 'standard', 'imputer__knn_neighbors': 3, 'imputer__iterative_max_iter': 20, 'imputer__imputation_method': 'simple'}",-0.269563253806035,-0.269563253806035,0.0,30
95,7.507781267166138,0.0,11.207197904586792,0.0,standard,2.5,Isolation_Forest,10,euclidean,0.7,150,0.5,0.1,median,standard,24,50,knn,"{'scaler__scaler_name': 'standard', 'outlier_remover__threshold': 2.5, 'outlier_remover__outlier_method': 'Isolation_Forest', 'outlier_remover__n_neighbors': 10, 'outlier_remover__metric_LOF': 'euclidean', 'outlier_remover__max_samples_IF': 0.7, 'outlier_remover__estimators_IF': 150, 'outlier_remover__contamination_LOF': 0.5, 'outlier_remover__contamination_IF': 0.1, 'imputer__simple_strategy_num': 'median', 'imputer__knn_scaling_method': 'standard', 'imputer__knn_neighbors': 24, 'imputer__iterative_max_iter': 50, 'imputer__imputation_method': 'knn'}",-0.6210603012802942,-0.6210603012802942,0.0,79
96,8.477662086486816,0.0,11.636849164962769,0.0,robust,2.5,LOF,90,minkowski,auto,100,0.3,0.03,median,standard,15,50,knn,"{'scaler__scaler_name': 'robust', 'outlier_remover__threshold': 2.5, 'outlier_remover__outlier_method': 'LOF', 'outlier_remover__n_neighbors': 90, 'outlier_remover__metric_LOF': 'minkowski', 'outlier_remover__max_samples_IF': 'auto', 'outlier_remover__estimators_IF': 100, 'outlier_remover__contamination_LOF': 0.3, 'outlier_remover__contamination_IF': 0.03, 'imputer__simple_strategy_num': 'median', 'imputer__knn_scaling_method': 'standard', 'imputer__knn_neighbors': 15, 'imputer__iterative_max_iter': 50, 'imputer__imputation_method': 'knn'}",-0.20508316631296183,-0.20508316631296183,0.0,18
97,6.7355101108551025,0.0,7.409104824066162,0.0,minmax,2.0,z_score,20,manhattan,0.7,150,0.03,0.05,median,robust,24,20,knn,"{'scaler__scaler_name': 'minmax', 'outlier_remover__threshold': 2, 'outlier_remover__outlier_method': 'z_score', 'outlier_remover__n_neighbors': 20, 'outlier_remover__metric_LOF': 'manhattan', 'outlier_remover__max_samples_IF': 0.7, 'outlier_remover__estimators_IF': 150, 'outlier_remover__contamination_LOF': 0.03, 'outlier_remover__contamination_IF': 0.05, 'imputer__simple_strategy_num': 'median', 'imputer__knn_scaling_method': 'robust', 'imputer__knn_neighbors': 24, 'imputer__iterative_max_iter': 20, 'imputer__imputation_method': 'knn'}",-1.0,-1.0,0.0,132
98,0.8202989101409912,0.0,3.5813441276550293,0.0,robust,2.0,Isolation_Forest,50,chebyshev,0.5,50,0.3,0.3,mean,minmax,7,20,simple,"{'scaler__scaler_name': 'robust', 'outlier_remover__threshold': 2, 'outlier_remover__outlier_method': 'Isolation_Forest', 'outlier_remover__n_neighbors': 50, 'outlier_remover__metric_LOF': 'chebyshev', 'outlier_remover__max_samples_IF': 0.5, 'outlier_remover__estimators_IF': 50, 'outlier_remover__contamination_LOF': 0.3, 'outlier_remover__contamination_IF': 0.3, 'imputer__simple_strategy_num': 'mean', 'imputer__knn_scaling_method': 'minmax', 'imputer__knn_neighbors': 7, 'imputer__iterative_max_iter': 20, 'imputer__imputation_method': 'simple'}",-0.0006080658354494812,-0.0006080658354494812,0.0,7
99,1.5472848415374756,0.0,4.728487968444824,0.0,minmax,4.0,Isolation_Forest,5,chebyshev,0.5,150,0.3,0.3,median,standard,27,20,simple,"{'scaler__scaler_name': 'minmax', 'outlier_remover__threshold': 4, 'outlier_remover__outlier_method': 'Isolation_Forest', 'outlier_remover__n_neighbors': 5, 'outlier_remover__metric_LOF': 'chebyshev', 'outlier_remover__max_samples_IF': 0.5, 'outlier_remover__estimators_IF': 150, 'outlier_remover__contamination_LOF': 0.3, 'outlier_remover__contamination_IF': 0.3, 'imputer__simple_strategy_num': 'median', 'imputer__knn_scaling_method': 'standard', 'imputer__knn_neighbors': 27, 'imputer__iterative_max_iter': 20, 'imputer__imputation_method': 'simple'}",-0.26199516038219,-0.26199516038219,0.0,28
100,7.2452521324157715,0.0,10.191216707229614,0.0,robust,2.0,LOF,100,manhattan,auto,100,0.15,0.1,mean,robust,24,5,iterative,"{'scaler__scaler_name': 'robust', 'outlier_remover__threshold': 2, 'outlier_remover__outlier_method': 'LOF', 'outlier_remover__n_neighbors': 100, 'outlier_remover__metric_LOF': 'manhattan', 'outlier_remover__max_samples_IF': 'auto', 'outlier_remover__estimators_IF': 100, 'outlier_remover__contamination_LOF': 0.15, 'outlier_remover__contamination_IF': 0.1, 'imputer__simple_strategy_num': 'mean', 'imputer__knn_scaling_method': 'robust', 'imputer__knn_neighbors': 24, 'imputer__iterative_max_iter': 5, 'imputer__imputation_method': 'iterative'}",-0.581428003949258,-0.581428003949258,0.0,70
101,5.771491050720215,0.0,8.953588008880615,0.0,robust,4.0,LOF,70,manhattan,1.0,150,0.25,0.01,median,standard,5,20,simple,"{'scaler__scaler_name': 'robust', 'outlier_remover__threshold': 4, 'outlier_remover__outlier_method': 'LOF', 'outlier_remover__n_neighbors': 70, 'outlier_remover__metric_LOF': 'manhattan', 'outlier_remover__max_samples_IF': 1.0, 'outlier_remover__estimators_IF': 150, 'outlier_remover__contamination_LOF': 0.25, 'outlier_remover__contamination_IF': 0.01, 'imputer__simple_strategy_num': 'median', 'imputer__knn_scaling_method': 'standard', 'imputer__knn_neighbors': 5, 'imputer__iterative_max_iter': 20, 'imputer__imputation_method': 'simple'}",-0.2977737257132523,-0.2977737257132523,0.0,34
102,1.9820280075073242,0.0,1.9387662410736084,0.0,minmax,4.0,z_score,70,chebyshev,0.7,200,0.01,0.01,median,robust,27,20,iterative,"{'scaler__scaler_name': 'minmax', 'outlier_remover__threshold': 4, 'outlier_remover__outlier_method': 'z_score', 'outlier_remover__n_neighbors': 70, 'outlier_remover__metric_LOF': 'chebyshev', 'outlier_remover__max_samples_IF': 0.7, 'outlier_remover__estimators_IF': 200, 'outlier_remover__contamination_LOF': 0.01, 'outlier_remover__contamination_IF': 0.01, 'imputer__simple_strategy_num': 'median', 'imputer__knn_scaling_method': 'robust', 'imputer__knn_neighbors': 27, 'imputer__iterative_max_iter': 20, 'imputer__imputation_method': 'iterative'}",-1.0,-1.0,0.0,132
103,2.8267951011657715,0.0,5.314809083938599,0.0,standard,4.0,Isolation_Forest,5,minkowski,0.5,100,0.5,0.25,median,standard,30,20,iterative,"{'scaler__scaler_name': 'standard', 'outlier_remover__threshold': 4, 'outlier_remover__outlier_method': 'Isolation_Forest', 'outlier_remover__n_neighbors': 5, 'outlier_remover__metric_LOF': 'minkowski', 'outlier_remover__max_samples_IF': 0.5, 'outlier_remover__estimators_IF': 100, 'outlier_remover__contamination_LOF': 0.5, 'outlier_remover__contamination_IF': 0.25, 'imputer__simple_strategy_num': 'median', 'imputer__knn_scaling_method': 'standard', 'imputer__knn_neighbors': 30, 'imputer__iterative_max_iter': 20, 'imputer__imputation_method': 'iterative'}",-0.3942673611502941,-0.3942673611502941,0.0,45
104,0.8577401638031006,0.0,3.677654981613159,0.0,standard,3.5,Isolation_Forest,30,minkowski,auto,150,0.5,0.1,median,robust,16,50,simple,"{'scaler__scaler_name': 'standard', 'outlier_remover__threshold': 3.5, 'outlier_remover__outlier_method': 'Isolation_Forest', 'outlier_remover__n_neighbors': 30, 'outlier_remover__metric_LOF': 'minkowski', 'outlier_remover__max_samples_IF': 'auto', 'outlier_remover__estimators_IF': 150, 'outlier_remover__contamination_LOF': 0.5, 'outlier_remover__contamination_IF': 0.1, 'imputer__simple_strategy_num': 'median', 'imputer__knn_scaling_method': 'robust', 'imputer__knn_neighbors': 16, 'imputer__iterative_max_iter': 50, 'imputer__imputation_method': 'simple'}",-0.6076099913245117,-0.6076099913245117,0.0,76
105,11.783774852752686,0.0,15.518851280212402,0.0,robust,3.5,LOF,70,manhattan,0.7,50,0.3,0.3,median,minmax,16,5,knn,"{'scaler__scaler_name': 'robust', 'outlier_remover__threshold': 3.5, 'outlier_remover__outlier_method': 'LOF', 'outlier_remover__n_neighbors': 70, 'outlier_remover__metric_LOF': 'manhattan', 'outlier_remover__max_samples_IF': 0.7, 'outlier_remover__estimators_IF': 50, 'outlier_remover__contamination_LOF': 0.3, 'outlier_remover__contamination_IF': 0.3, 'imputer__simple_strategy_num': 'median', 'imputer__knn_scaling_method': 'minmax', 'imputer__knn_neighbors': 16, 'imputer__iterative_max_iter': 5, 'imputer__imputation_method': 'knn'}",-0.21231161928798564,-0.21231161928798564,0.0,20
106,4.33079981803894,0.0,8.166325092315674,0.0,standard,3.5,LOF,10,manhattan,auto,200,0.1,0.1,median,robust,28,5,simple,"{'scaler__scaler_name': 'standard', 'outlier_remover__threshold': 3.5, 'outlier_remover__outlier_method': 'LOF', 'outlier_remover__n_neighbors': 10, 'outlier_remover__metric_LOF': 'manhattan', 'outlier_remover__max_samples_IF': 'auto', 'outlier_remover__estimators_IF': 200, 'outlier_remover__contamination_LOF': 0.1, 'outlier_remover__contamination_IF': 0.1, 'imputer__simple_strategy_num': 'median', 'imputer__knn_scaling_method': 'robust', 'imputer__knn_neighbors': 28, 'imputer__iterative_max_iter': 5, 'imputer__imputation_method': 'simple'}",-0.717061333568794,-0.717061333568794,0.0,88
107,6.7608137130737305,0.0,11.190922021865845,0.0,standard,2.0,Isolation_Forest,100,chebyshev,0.5,100,0.5,0.25,median,robust,9,5,knn,"{'scaler__scaler_name': 'standard', 'outlier_remover__threshold': 2, 'outlier_remover__outlier_method': 'Isolation_Forest', 'outlier_remover__n_neighbors': 100, 'outlier_remover__metric_LOF': 'chebyshev', 'outlier_remover__max_samples_IF': 0.5, 'outlier_remover__estimators_IF': 100, 'outlier_remover__contamination_LOF': 0.5, 'outlier_remover__contamination_IF': 0.25, 'imputer__simple_strategy_num': 'median', 'imputer__knn_scaling_method': 'robust', 'imputer__knn_neighbors': 9, 'imputer__iterative_max_iter': 5, 'imputer__imputation_method': 'knn'}",-0.33800206144796296,-0.33800206144796296,0.0,40
108,7.481582880020142,0.0,11.57141900062561,0.0,standard,3.5,LOF,20,euclidean,1.0,150,0.01,0.25,mean,minmax,18,50,knn,"{'scaler__scaler_name': 'standard', 'outlier_remover__threshold': 3.5, 'outlier_remover__outlier_method': 'LOF', 'outlier_remover__n_neighbors': 20, 'outlier_remover__metric_LOF': 'euclidean', 'outlier_remover__max_samples_IF': 1.0, 'outlier_remover__estimators_IF': 150, 'outlier_remover__contamination_LOF': 0.01, 'outlier_remover__contamination_IF': 0.25, 'imputer__simple_strategy_num': 'mean', 'imputer__knn_scaling_method': 'minmax', 'imputer__knn_neighbors': 18, 'imputer__iterative_max_iter': 50, 'imputer__imputation_method': 'knn'}",-0.8220334077899775,-0.8220334077899775,0.0,123
109,13.928807258605957,0.0,16.986395835876465,0.0,minmax,3.0,LOF,50,chebyshev,0.7,50,0.3,0.01,median,robust,7,20,knn,"{'scaler__scaler_name': 'minmax', 'outlier_remover__threshold': 3, 'outlier_remover__outlier_method': 'LOF', 'outlier_remover__n_neighbors': 50, 'outlier_remover__metric_LOF': 'chebyshev', 'outlier_remover__max_samples_IF': 0.7, 'outlier_remover__estimators_IF': 50, 'outlier_remover__contamination_LOF': 0.3, 'outlier_remover__contamination_IF': 0.01, 'imputer__simple_strategy_num': 'median', 'imputer__knn_scaling_method': 'robust', 'imputer__knn_neighbors': 7, 'imputer__iterative_max_iter': 20, 'imputer__imputation_method': 'knn'}",-0.2191385770638197,-0.2191385770638197,0.0,21
110,0.4807150363922119,0.0,0.4761080741882324,0.0,minmax,3.0,z_score,20,manhattan,auto,200,0.01,0.15,mean,minmax,24,50,simple,"{'scaler__scaler_name': 'minmax', 'outlier_remover__threshold': 3, 'outlier_remover__outlier_method': 'z_score', 'outlier_remover__n_neighbors': 20, 'outlier_remover__metric_LOF': 'manhattan', 'outlier_remover__max_samples_IF': 'auto', 'outlier_remover__estimators_IF': 200, 'outlier_remover__contamination_LOF': 0.01, 'outlier_remover__contamination_IF': 0.15, 'imputer__simple_strategy_num': 'mean', 'imputer__knn_scaling_method': 'minmax', 'imputer__knn_neighbors': 24, 'imputer__iterative_max_iter': 50, 'imputer__imputation_method': 'simple'}",-1.0,-1.0,0.0,132
111,3.565399646759033,0.0,6.04065728187561,0.0,standard,2.0,Isolation_Forest,30,euclidean,0.7,150,0.03,0.25,median,minmax,12,10,iterative,"{'scaler__scaler_name': 'standard', 'outlier_remover__threshold': 2, 'outlier_remover__outlier_method': 'Isolation_Forest', 'outlier_remover__n_neighbors': 30, 'outlier_remover__metric_LOF': 'euclidean', 'outlier_remover__max_samples_IF': 0.7, 'outlier_remover__estimators_IF': 150, 'outlier_remover__contamination_LOF': 0.03, 'outlier_remover__contamination_IF': 0.25, 'imputer__simple_strategy_num': 'median', 'imputer__knn_scaling_method': 'minmax', 'imputer__knn_neighbors': 12, 'imputer__iterative_max_iter': 10, 'imputer__imputation_method': 'iterative'}",-0.3950197813973101,-0.3950197813973101,0.0,47
112,3.6722412109375,0.0,5.946157932281494,0.0,minmax,3.5,LOF,30,minkowski,1.0,50,0.01,0.05,median,robust,13,20,iterative,"{'scaler__scaler_name': 'minmax', 'outlier_remover__threshold': 3.5, 'outlier_remover__outlier_method': 'LOF', 'outlier_remover__n_neighbors': 30, 'outlier_remover__metric_LOF': 'minkowski', 'outlier_remover__max_samples_IF': 1.0, 'outlier_remover__estimators_IF': 50, 'outlier_remover__contamination_LOF': 0.01, 'outlier_remover__contamination_IF': 0.05, 'imputer__simple_strategy_num': 'median', 'imputer__knn_scaling_method': 'robust', 'imputer__knn_neighbors': 13, 'imputer__iterative_max_iter': 20, 'imputer__imputation_method': 'iterative'}",-0.8313632985406944,-0.8313632985406944,0.0,128
113,2.011192798614502,0.0,5.46516489982605,0.0,minmax,3.0,Isolation_Forest,100,manhattan,auto,50,0.15,0.25,median,minmax,15,50,iterative,"{'scaler__scaler_name': 'minmax', 'outlier_remover__threshold': 3, 'outlier_remover__outlier_method': 'Isolation_Forest', 'outlier_remover__n_neighbors': 100, 'outlier_remover__metric_LOF': 'manhattan', 'outlier_remover__max_samples_IF': 'auto', 'outlier_remover__estimators_IF': 50, 'outlier_remover__contamination_LOF': 0.15, 'outlier_remover__contamination_IF': 0.25, 'imputer__simple_strategy_num': 'median', 'imputer__knn_scaling_method': 'minmax', 'imputer__knn_neighbors': 15, 'imputer__iterative_max_iter': 50, 'imputer__imputation_method': 'iterative'}",-0.389469687565303,-0.389469687565303,0.0,44
114,4.169712066650391,0.0,6.308138847351074,0.0,standard,3.5,LOF,10,minkowski,0.5,150,0.5,0.05,mean,standard,12,20,iterative,"{'scaler__scaler_name': 'standard', 'outlier_remover__threshold': 3.5, 'outlier_remover__outlier_method': 'LOF', 'outlier_remover__n_neighbors': 10, 'outlier_remover__metric_LOF': 'minkowski', 'outlier_remover__max_samples_IF': 0.5, 'outlier_remover__estimators_IF': 150, 'outlier_remover__contamination_LOF': 0.5, 'outlier_remover__contamination_IF': 0.05, 'imputer__simple_strategy_num': 'mean', 'imputer__knn_scaling_method': 'standard', 'imputer__knn_neighbors': 12, 'imputer__iterative_max_iter': 20, 'imputer__imputation_method': 'iterative'}",-0.038946790397099806,-0.038946790397099806,0.0,10
115,2.4868321418762207,0.0,2.039719820022583,0.0,standard,2.0,z_score,10,manhattan,0.5,150,0.1,0.01,mean,standard,12,50,iterative,"{'scaler__scaler_name': 'standard', 'outlier_remover__threshold': 2, 'outlier_remover__outlier_method': 'z_score', 'outlier_remover__n_neighbors': 10, 'outlier_remover__metric_LOF': 'manhattan', 'outlier_remover__max_samples_IF': 0.5, 'outlier_remover__estimators_IF': 150, 'outlier_remover__contamination_LOF': 0.1, 'outlier_remover__contamination_IF': 0.01, 'imputer__simple_strategy_num': 'mean', 'imputer__knn_scaling_method': 'standard', 'imputer__knn_neighbors': 12, 'imputer__iterative_max_iter': 50, 'imputer__imputation_method': 'iterative'}",-1.0,-1.0,0.0,132
116,7.376086950302124,0.0,10.416048049926758,0.0,minmax,3.0,Isolation_Forest,30,manhattan,1.0,100,0.15,0.03,mean,robust,21,50,knn,"{'scaler__scaler_name': 'minmax', 'outlier_remover__threshold': 3, 'outlier_remover__outlier_method': 'Isolation_Forest', 'outlier_remover__n_neighbors': 30, 'outlier_remover__metric_LOF': 'manhattan', 'outlier_remover__max_samples_IF': 1.0, 'outlier_remover__estimators_IF': 100, 'outlier_remover__contamination_LOF': 0.15, 'outlier_remover__contamination_IF': 0.03, 'imputer__simple_strategy_num': 'mean', 'imputer__knn_scaling_method': 'robust', 'imputer__knn_neighbors': 21, 'imputer__iterative_max_iter': 50, 'imputer__imputation_method': 'knn'}",-0.7209183216956508,-0.7209183216956508,0.0,89
117,1.0960190296173096,0.0,3.7167911529541016,0.0,standard,3.5,Isolation_Forest,50,manhattan,0.7,100,0.03,0.05,median,minmax,17,50,simple,"{'scaler__scaler_name': 'standard', 'outlier_remover__threshold': 3.5, 'outlier_remover__outlier_method': 'Isolation_Forest', 'outlier_remover__n_neighbors': 50, 'outlier_remover__metric_LOF': 'manhattan', 'outlier_remover__max_samples_IF': 0.7, 'outlier_remover__estimators_IF': 100, 'outlier_remover__contamination_LOF': 0.03, 'outlier_remover__contamination_IF': 0.05, 'imputer__simple_strategy_num': 'median', 'imputer__knn_scaling_method': 'minmax', 'imputer__knn_neighbors': 17, 'imputer__iterative_max_iter': 50, 'imputer__imputation_method': 'simple'}",-0.7668061393907527,-0.7668061393907527,0.0,109
118,7.210828065872192,0.0,9.698532819747925,0.0,minmax,2.0,Isolation_Forest,5,chebyshev,auto,100,0.15,0.05,mean,minmax,20,20,knn,"{'scaler__scaler_name': 'minmax', 'outlier_remover__threshold': 2, 'outlier_remover__outlier_method': 'Isolation_Forest', 'outlier_remover__n_neighbors': 5, 'outlier_remover__metric_LOF': 'chebyshev', 'outlier_remover__max_samples_IF': 'auto', 'outlier_remover__estimators_IF': 100, 'outlier_remover__contamination_LOF': 0.15, 'outlier_remover__contamination_IF': 0.05, 'imputer__simple_strategy_num': 'mean', 'imputer__knn_scaling_method': 'minmax', 'imputer__knn_neighbors': 20, 'imputer__iterative_max_iter': 20, 'imputer__imputation_method': 'knn'}",-0.7011664666809688,-0.7011664666809688,0.0,86
119,0.5227179527282715,0.0,0.4552760124206543,0.0,minmax,3.0,z_score,90,manhattan,0.7,200,0.05,0.1,mean,robust,9,5,simple,"{'scaler__scaler_name': 'minmax', 'outlier_remover__threshold': 3, 'outlier_remover__outlier_method': 'z_score', 'outlier_remover__n_neighbors': 90, 'outlier_remover__metric_LOF': 'manhattan', 'outlier_remover__max_samples_IF': 0.7, 'outlier_remover__estimators_IF': 200, 'outlier_remover__contamination_LOF': 0.05, 'outlier_remover__contamination_IF': 0.1, 'imputer__simple_strategy_num': 'mean', 'imputer__knn_scaling_method': 'robust', 'imputer__knn_neighbors': 9, 'imputer__iterative_max_iter': 5, 'imputer__imputation_method': 'simple'}",-1.0,-1.0,0.0,132
120,7.2525410652160645,0.0,6.5050048828125,0.0,standard,2.0,z_score,20,manhattan,0.7,50,0.05,0.25,median,standard,10,50,knn,"{'scaler__scaler_name': 'standard', 'outlier_remover__threshold': 2, 'outlier_remover__outlier_method': 'z_score', 'outlier_remover__n_neighbors': 20, 'outlier_remover__metric_LOF': 'manhattan', 'outlier_remover__max_samples_IF': 0.7, 'outlier_remover__estimators_IF': 50, 'outlier_remover__contamination_LOF': 0.05, 'outlier_remover__contamination_IF': 0.25, 'imputer__simple_strategy_num': 'median', 'imputer__knn_scaling_method': 'standard', 'imputer__knn_neighbors': 10, 'imputer__iterative_max_iter': 50, 'imputer__imputation_method': 'knn'}",-1.0,-1.0,0.0,132
121,8.03418517112732,0.0,11.36641788482666,0.0,standard,2.5,LOF,90,chebyshev,1.0,150,0.3,0.1,median,minmax,9,50,iterative,"{'scaler__scaler_name': 'standard', 'outlier_remover__threshold': 2.5, 'outlier_remover__outlier_method': 'LOF', 'outlier_remover__n_neighbors': 90, 'outlier_remover__metric_LOF': 'chebyshev', 'outlier_remover__max_samples_IF': 1.0, 'outlier_remover__estimators_IF': 150, 'outlier_remover__contamination_LOF': 0.3, 'outlier_remover__contamination_IF': 0.1, 'imputer__simple_strategy_num': 'median', 'imputer__knn_scaling_method': 'minmax', 'imputer__knn_neighbors': 9, 'imputer__iterative_max_iter': 50, 'imputer__imputation_method': 'iterative'}",-0.3105603580832864,-0.3105603580832864,0.0,38
122,6.414987802505493,0.0,7.127425193786621,0.0,standard,4.0,z_score,5,minkowski,0.5,200,0.1,0.05,mean,standard,14,50,knn,"{'scaler__scaler_name': 'standard', 'outlier_remover__threshold': 4, 'outlier_remover__outlier_method': 'z_score', 'outlier_remover__n_neighbors': 5, 'outlier_remover__metric_LOF': 'minkowski', 'outlier_remover__max_samples_IF': 0.5, 'outlier_remover__estimators_IF': 200, 'outlier_remover__contamination_LOF': 0.1, 'outlier_remover__contamination_IF': 0.05, 'imputer__simple_strategy_num': 'mean', 'imputer__knn_scaling_method': 'standard', 'imputer__knn_neighbors': 14, 'imputer__iterative_max_iter': 50, 'imputer__imputation_method': 'knn'}",-1.0,-1.0,0.0,132
123,7.873188018798828,0.0,10.028026103973389,0.0,robust,2.5,Isolation_Forest,90,euclidean,auto,50,0.01,0.5,mean,robust,28,10,knn,"{'scaler__scaler_name': 'robust', 'outlier_remover__threshold': 2.5, 'outlier_remover__outlier_method': 'Isolation_Forest', 'outlier_remover__n_neighbors': 90, 'outlier_remover__metric_LOF': 'euclidean', 'outlier_remover__max_samples_IF': 'auto', 'outlier_remover__estimators_IF': 50, 'outlier_remover__contamination_LOF': 0.01, 'outlier_remover__contamination_IF': 0.5, 'imputer__simple_strategy_num': 'mean', 'imputer__knn_scaling_method': 'robust', 'imputer__knn_neighbors': 28, 'imputer__iterative_max_iter': 10, 'imputer__imputation_method': 'knn'}",0.09500403573178393,0.09500403573178393,0.0,5
124,7.70021390914917,0.0,10.266603946685791,0.0,standard,2.0,Isolation_Forest,30,chebyshev,0.7,50,0.5,0.01,median,standard,12,50,knn,"{'scaler__scaler_name': 'standard', 'outlier_remover__threshold': 2, 'outlier_remover__outlier_method': 'Isolation_Forest', 'outlier_remover__n_neighbors': 30, 'outlier_remover__metric_LOF': 'chebyshev', 'outlier_remover__max_samples_IF': 0.7, 'outlier_remover__estimators_IF': 50, 'outlier_remover__contamination_LOF': 0.5, 'outlier_remover__contamination_IF': 0.01, 'imputer__simple_strategy_num': 'median', 'imputer__knn_scaling_method': 'standard', 'imputer__knn_neighbors': 12, 'imputer__iterative_max_iter': 50, 'imputer__imputation_method': 'knn'}",-0.8070745619625581,-0.8070745619625581,0.0,118
125,6.485032320022583,0.0,8.134921789169312,0.0,robust,4.0,z_score,90,manhattan,0.7,50,0.01,0.25,mean,robust,22,20,knn,"{'scaler__scaler_name': 'robust', 'outlier_remover__threshold': 4, 'outlier_remover__outlier_method': 'z_score', 'outlier_remover__n_neighbors': 90, 'outlier_remover__metric_LOF': 'manhattan', 'outlier_remover__max_samples_IF': 0.7, 'outlier_remover__estimators_IF': 50, 'outlier_remover__contamination_LOF': 0.01, 'outlier_remover__contamination_IF': 0.25, 'imputer__simple_strategy_num': 'mean', 'imputer__knn_scaling_method': 'robust', 'imputer__knn_neighbors': 22, 'imputer__iterative_max_iter': 20, 'imputer__imputation_method': 'knn'}",-1.0,-1.0,0.0,132
126,1.7149102687835693,0.0,4.54509973526001,0.0,minmax,4.0,LOF,90,euclidean,1.0,150,0.15,0.03,median,standard,26,5,simple,"{'scaler__scaler_name': 'minmax', 'outlier_remover__threshold': 4, 'outlier_remover__outlier_method': 'LOF', 'outlier_remover__n_neighbors': 90, 'outlier_remover__metric_LOF': 'euclidean', 'outlier_remover__max_samples_IF': 1.0, 'outlier_remover__estimators_IF': 150, 'outlier_remover__contamination_LOF': 0.15, 'outlier_remover__contamination_IF': 0.03, 'imputer__simple_strategy_num': 'median', 'imputer__knn_scaling_method': 'standard', 'imputer__knn_neighbors': 26, 'imputer__iterative_max_iter': 5, 'imputer__imputation_method': 'simple'}",-0.5206939669354193,-0.5206939669354193,0.0,61
127,9.786939144134521,0.0,10.532715082168579,0.0,robust,2.5,Isolation_Forest,90,manhattan,1.0,200,0.05,0.15,median,minmax,15,50,knn,"{'scaler__scaler_name': 'robust', 'outlier_remover__threshold': 2.5, 'outlier_remover__outlier_method': 'Isolation_Forest', 'outlier_remover__n_neighbors': 90, 'outlier_remover__metric_LOF': 'manhattan', 'outlier_remover__max_samples_IF': 1.0, 'outlier_remover__estimators_IF': 200, 'outlier_remover__contamination_LOF': 0.05, 'outlier_remover__contamination_IF': 0.15, 'imputer__simple_strategy_num': 'median', 'imputer__knn_scaling_method': 'minmax', 'imputer__knn_neighbors': 15, 'imputer__iterative_max_iter': 50, 'imputer__imputation_method': 'knn'}",-0.5253373869822386,-0.5253373869822386,0.0,62
128,8.40458607673645,0.0,6.583714723587036,0.0,minmax,2.5,z_score,90,manhattan,0.7,50,0.03,0.5,mean,minmax,4,20,knn,"{'scaler__scaler_name': 'minmax', 'outlier_remover__threshold': 2.5, 'outlier_remover__outlier_method': 'z_score', 'outlier_remover__n_neighbors': 90, 'outlier_remover__metric_LOF': 'manhattan', 'outlier_remover__max_samples_IF': 0.7, 'outlier_remover__estimators_IF': 50, 'outlier_remover__contamination_LOF': 0.03, 'outlier_remover__contamination_IF': 0.5, 'imputer__simple_strategy_num': 'mean', 'imputer__knn_scaling_method': 'minmax', 'imputer__knn_neighbors': 4, 'imputer__iterative_max_iter': 20, 'imputer__imputation_method': 'knn'}",-1.0,-1.0,0.0,132
129,1.776515007019043,0.0,1.640793800354004,0.0,minmax,3.0,z_score,90,euclidean,0.5,150,0.15,0.1,mean,robust,7,10,iterative,"{'scaler__scaler_name': 'minmax', 'outlier_remover__threshold': 3, 'outlier_remover__outlier_method': 'z_score', 'outlier_remover__n_neighbors': 90, 'outlier_remover__metric_LOF': 'euclidean', 'outlier_remover__max_samples_IF': 0.5, 'outlier_remover__estimators_IF': 150, 'outlier_remover__contamination_LOF': 0.15, 'outlier_remover__contamination_IF': 0.1, 'imputer__simple_strategy_num': 'mean', 'imputer__knn_scaling_method': 'robust', 'imputer__knn_neighbors': 7, 'imputer__iterative_max_iter': 10, 'imputer__imputation_method': 'iterative'}",-1.0,-1.0,0.0,132
130,1.7843902111053467,0.0,1.6582016944885254,0.0,minmax,2.0,z_score,90,euclidean,0.5,50,0.25,0.03,median,robust,21,10,iterative,"{'scaler__scaler_name': 'minmax', 'outlier_remover__threshold': 2, 'outlier_remover__outlier_method': 'z_score', 'outlier_remover__n_neighbors': 90, 'outlier_remover__metric_LOF': 'euclidean', 'outlier_remover__max_samples_IF': 0.5, 'outlier_remover__estimators_IF': 50, 'outlier_remover__contamination_LOF': 0.25, 'outlier_remover__contamination_IF': 0.03, 'imputer__simple_strategy_num': 'median', 'imputer__knn_scaling_method': 'robust', 'imputer__knn_neighbors': 21, 'imputer__iterative_max_iter': 10, 'imputer__imputation_method': 'iterative'}",-1.0,-1.0,0.0,132
131,1.6330721378326416,0.0,4.264513969421387,0.0,standard,3.5,LOF,10,euclidean,1.0,100,0.25,0.25,mean,standard,30,50,simple,"{'scaler__scaler_name': 'standard', 'outlier_remover__threshold': 3.5, 'outlier_remover__outlier_method': 'LOF', 'outlier_remover__n_neighbors': 10, 'outlier_remover__metric_LOF': 'euclidean', 'outlier_remover__max_samples_IF': 1.0, 'outlier_remover__estimators_IF': 100, 'outlier_remover__contamination_LOF': 0.25, 'outlier_remover__contamination_IF': 0.25, 'imputer__simple_strategy_num': 'mean', 'imputer__knn_scaling_method': 'standard', 'imputer__knn_neighbors': 30, 'imputer__iterative_max_iter': 50, 'imputer__imputation_method': 'simple'}",-0.19638079391602817,-0.19638079391602817,0.0,15
132,7.058952808380127,0.0,9.674001216888428,0.0,robust,2.0,LOF,30,chebyshev,0.7,200,0.3,0.03,median,standard,13,5,simple,"{'scaler__scaler_name': 'robust', 'outlier_remover__threshold': 2, 'outlier_remover__outlier_method': 'LOF', 'outlier_remover__n_neighbors': 30, 'outlier_remover__metric_LOF': 'chebyshev', 'outlier_remover__max_samples_IF': 0.7, 'outlier_remover__estimators_IF': 200, 'outlier_remover__contamination_LOF': 0.3, 'outlier_remover__contamination_IF': 0.03, 'imputer__simple_strategy_num': 'median', 'imputer__knn_scaling_method': 'standard', 'imputer__knn_neighbors': 13, 'imputer__iterative_max_iter': 5, 'imputer__imputation_method': 'simple'}",-0.234013376406693,-0.234013376406693,0.0,23
133,1.5997588634490967,0.0,1.725419044494629,0.0,minmax,2.5,z_score,90,minkowski,auto,200,0.15,0.5,median,minmax,30,10,iterative,"{'scaler__scaler_name': 'minmax', 'outlier_remover__threshold': 2.5, 'outlier_remover__outlier_method': 'z_score', 'outlier_remover__n_neighbors': 90, 'outlier_remover__metric_LOF': 'minkowski', 'outlier_remover__max_samples_IF': 'auto', 'outlier_remover__estimators_IF': 200, 'outlier_remover__contamination_LOF': 0.15, 'outlier_remover__contamination_IF': 0.5, 'imputer__simple_strategy_num': 'median', 'imputer__knn_scaling_method': 'minmax', 'imputer__knn_neighbors': 30, 'imputer__iterative_max_iter': 10, 'imputer__imputation_method': 'iterative'}",-1.0,-1.0,0.0,132
134,8.555850982666016,0.0,11.304390907287598,0.0,minmax,3.5,LOF,50,euclidean,0.7,200,0.01,0.05,median,standard,3,10,knn,"{'scaler__scaler_name': 'minmax', 'outlier_remover__threshold': 3.5, 'outlier_remover__outlier_method': 'LOF', 'outlier_remover__n_neighbors': 50, 'outlier_remover__metric_LOF': 'euclidean', 'outlier_remover__max_samples_IF': 0.7, 'outlier_remover__estimators_IF': 200, 'outlier_remover__contamination_LOF': 0.01, 'outlier_remover__contamination_IF': 0.05, 'imputer__simple_strategy_num': 'median', 'imputer__knn_scaling_method': 'standard', 'imputer__knn_neighbors': 3, 'imputer__iterative_max_iter': 10, 'imputer__imputation_method': 'knn'}",-0.8110169664866462,-0.8110169664866462,0.0,120
135,0.441802978515625,0.0,0.42432689666748047,0.0,robust,2.5,z_score,20,chebyshev,1.0,100,0.03,0.25,mean,standard,30,50,simple,"{'scaler__scaler_name': 'robust', 'outlier_remover__threshold': 2.5, 'outlier_remover__outlier_method': 'z_score', 'outlier_remover__n_neighbors': 20, 'outlier_remover__metric_LOF': 'chebyshev', 'outlier_remover__max_samples_IF': 1.0, 'outlier_remover__estimators_IF': 100, 'outlier_remover__contamination_LOF': 0.03, 'outlier_remover__contamination_IF': 0.25, 'imputer__simple_strategy_num': 'mean', 'imputer__knn_scaling_method': 'standard', 'imputer__knn_neighbors': 30, 'imputer__iterative_max_iter': 50, 'imputer__imputation_method': 'simple'}",-1.0,-1.0,0.0,132
136,2.8868699073791504,0.0,5.560773849487305,0.0,robust,2.0,LOF,10,euclidean,auto,200,0.3,0.3,median,minmax,6,10,iterative,"{'scaler__scaler_name': 'robust', 'outlier_remover__threshold': 2, 'outlier_remover__outlier_method': 'LOF', 'outlier_remover__n_neighbors': 10, 'outlier_remover__metric_LOF': 'euclidean', 'outlier_remover__max_samples_IF': 'auto', 'outlier_remover__estimators_IF': 200, 'outlier_remover__contamination_LOF': 0.3, 'outlier_remover__contamination_IF': 0.3, 'imputer__simple_strategy_num': 'median', 'imputer__knn_scaling_method': 'minmax', 'imputer__knn_neighbors': 6, 'imputer__iterative_max_iter': 10, 'imputer__imputation_method': 'iterative'}",-0.37620211148530974,-0.37620211148530974,0.0,43
137,7.425072908401489,0.0,9.909550189971924,0.0,minmax,3.0,LOF,90,chebyshev,1.0,50,0.05,0.1,median,robust,14,50,simple,"{'scaler__scaler_name': 'minmax', 'outlier_remover__threshold': 3, 'outlier_remover__outlier_method': 'LOF', 'outlier_remover__n_neighbors': 90, 'outlier_remover__metric_LOF': 'chebyshev', 'outlier_remover__max_samples_IF': 1.0, 'outlier_remover__estimators_IF': 50, 'outlier_remover__contamination_LOF': 0.05, 'outlier_remover__contamination_IF': 0.1, 'imputer__simple_strategy_num': 'median', 'imputer__knn_scaling_method': 'robust', 'imputer__knn_neighbors': 14, 'imputer__iterative_max_iter': 50, 'imputer__imputation_method': 'simple'}",-0.737213122370824,-0.737213122370824,0.0,96
138,6.3635029792785645,0.0,7.1703081130981445,0.0,minmax,2.5,z_score,10,chebyshev,1.0,150,0.03,0.3,mean,minmax,11,50,knn,"{'scaler__scaler_name': 'minmax', 'outlier_remover__threshold': 2.5, 'outlier_remover__outlier_method': 'z_score', 'outlier_remover__n_neighbors': 10, 'outlier_remover__metric_LOF': 'chebyshev', 'outlier_remover__max_samples_IF': 1.0, 'outlier_remover__estimators_IF': 150, 'outlier_remover__contamination_LOF': 0.03, 'outlier_remover__contamination_IF': 0.3, 'imputer__simple_strategy_num': 'mean', 'imputer__knn_scaling_method': 'minmax', 'imputer__knn_neighbors': 11, 'imputer__iterative_max_iter': 50, 'imputer__imputation_method': 'knn'}",-1.0,-1.0,0.0,132
139,2.505006790161133,0.0,4.8985981941223145,0.0,robust,3.0,Isolation_Forest,50,chebyshev,auto,200,0.15,0.15,median,minmax,21,10,iterative,"{'scaler__scaler_name': 'robust', 'outlier_remover__threshold': 3, 'outlier_remover__outlier_method': 'Isolation_Forest', 'outlier_remover__n_neighbors': 50, 'outlier_remover__metric_LOF': 'chebyshev', 'outlier_remover__max_samples_IF': 'auto', 'outlier_remover__estimators_IF': 200, 'outlier_remover__contamination_LOF': 0.15, 'outlier_remover__contamination_IF': 0.15, 'imputer__simple_strategy_num': 'median', 'imputer__knn_scaling_method': 'minmax', 'imputer__knn_neighbors': 21, 'imputer__iterative_max_iter': 10, 'imputer__imputation_method': 'iterative'}",-0.5637856888223768,-0.5637856888223768,0.0,66
140,0.8066000938415527,0.0,3.493553876876831,0.0,standard,3.5,Isolation_Forest,70,manhattan,0.7,50,0.25,0.15,mean,robust,4,10,simple,"{'scaler__scaler_name': 'standard', 'outlier_remover__threshold': 3.5, 'outlier_remover__outlier_method': 'Isolation_Forest', 'outlier_remover__n_neighbors': 70, 'outlier_remover__metric_LOF': 'manhattan', 'outlier_remover__max_samples_IF': 0.7, 'outlier_remover__estimators_IF': 50, 'outlier_remover__contamination_LOF': 0.25, 'outlier_remover__contamination_IF': 0.15, 'imputer__simple_strategy_num': 'mean', 'imputer__knn_scaling_method': 'robust', 'imputer__knn_neighbors': 4, 'imputer__iterative_max_iter': 10, 'imputer__imputation_method': 'simple'}",-0.2927635461511129,-0.2927635461511129,0.0,33
141,1.813960075378418,0.0,2.122581958770752,0.0,standard,2.5,z_score,30,chebyshev,0.7,100,0.1,0.01,mean,standard,17,50,iterative,"{'scaler__scaler_name': 'standard', 'outlier_remover__threshold': 2.5, 'outlier_remover__outlier_method': 'z_score', 'outlier_remover__n_neighbors': 30, 'outlier_remover__metric_LOF': 'chebyshev', 'outlier_remover__max_samples_IF': 0.7, 'outlier_remover__estimators_IF': 100, 'outlier_remover__contamination_LOF': 0.1, 'outlier_remover__contamination_IF': 0.01, 'imputer__simple_strategy_num': 'mean', 'imputer__knn_scaling_method': 'standard', 'imputer__knn_neighbors': 17, 'imputer__iterative_max_iter': 50, 'imputer__imputation_method': 'iterative'}",-1.0,-1.0,0.0,132
142,2.556589126586914,0.0,4.985495090484619,0.0,minmax,2.5,Isolation_Forest,100,minkowski,0.5,50,0.05,0.05,mean,minmax,13,20,iterative,"{'scaler__scaler_name': 'minmax', 'outlier_remover__threshold': 2.5, 'outlier_remover__outlier_method': 'Isolation_Forest', 'outlier_remover__n_neighbors': 100, 'outlier_remover__metric_LOF': 'minkowski', 'outlier_remover__max_samples_IF': 0.5, 'outlier_remover__estimators_IF': 50, 'outlier_remover__contamination_LOF': 0.05, 'outlier_remover__contamination_IF': 0.05, 'imputer__simple_strategy_num': 'mean', 'imputer__knn_scaling_method': 'minmax', 'imputer__knn_neighbors': 13, 'imputer__iterative_max_iter': 20, 'imputer__imputation_method': 'iterative'}",-0.7598401805752723,-0.7598401805752723,0.0,103
143,8.928144216537476,0.0,10.888109683990479,0.0,robust,2.5,Isolation_Forest,90,euclidean,1.0,200,0.01,0.3,median,standard,27,20,knn,"{'scaler__scaler_name': 'robust', 'outlier_remover__threshold': 2.5, 'outlier_remover__outlier_method': 'Isolation_Forest', 'outlier_remover__n_neighbors': 90, 'outlier_remover__metric_LOF': 'euclidean', 'outlier_remover__max_samples_IF': 1.0, 'outlier_remover__estimators_IF': 200, 'outlier_remover__contamination_LOF': 0.01, 'outlier_remover__contamination_IF': 0.3, 'imputer__simple_strategy_num': 'median', 'imputer__knn_scaling_method': 'standard', 'imputer__knn_neighbors': 27, 'imputer__iterative_max_iter': 20, 'imputer__imputation_method': 'knn'}",-0.24136510269618025,-0.24136510269618025,0.0,26
144,1.260765790939331,0.0,3.7525832653045654,0.0,robust,3.0,Isolation_Forest,5,minkowski,auto,150,0.5,0.3,mean,standard,13,5,simple,"{'scaler__scaler_name': 'robust', 'outlier_remover__threshold': 3, 'outlier_remover__outlier_method': 'Isolation_Forest', 'outlier_remover__n_neighbors': 5, 'outlier_remover__metric_LOF': 'minkowski', 'outlier_remover__max_samples_IF': 'auto', 'outlier_remover__estimators_IF': 150, 'outlier_remover__contamination_LOF': 0.5, 'outlier_remover__contamination_IF': 0.3, 'imputer__simple_strategy_num': 'mean', 'imputer__knn_scaling_method': 'standard', 'imputer__knn_neighbors': 13, 'imputer__iterative_max_iter': 5, 'imputer__imputation_method': 'simple'}",-0.005506655955859184,-0.005506655955859184,0.0,8
145,5.908507823944092,0.0,8.928985118865967,0.0,minmax,3.0,LOF,10,manhattan,0.5,200,0.01,0.25,median,minmax,19,5,iterative,"{'scaler__scaler_name': 'minmax', 'outlier_remover__threshold': 3, 'outlier_remover__outlier_method': 'LOF', 'outlier_remover__n_neighbors': 10, 'outlier_remover__metric_LOF': 'manhattan', 'outlier_remover__max_samples_IF': 0.5, 'outlier_remover__estimators_IF': 200, 'outlier_remover__contamination_LOF': 0.01, 'outlier_remover__contamination_IF': 0.25, 'imputer__simple_strategy_num': 'median', 'imputer__knn_scaling_method': 'minmax', 'imputer__knn_neighbors': 19, 'imputer__iterative_max_iter': 5, 'imputer__imputation_method': 'iterative'}",-0.8332140298618332,-0.8332140298618332,0.0,130
146,2.3516628742218018,0.0,5.384346008300781,0.0,minmax,4.0,Isolation_Forest,30,minkowski,auto,100,0.25,0.3,median,robust,17,50,iterative,"{'scaler__scaler_name': 'minmax', 'outlier_remover__threshold': 4, 'outlier_remover__outlier_method': 'Isolation_Forest', 'outlier_remover__n_neighbors': 30, 'outlier_remover__metric_LOF': 'minkowski', 'outlier_remover__max_samples_IF': 'auto', 'outlier_remover__estimators_IF': 100, 'outlier_remover__contamination_LOF': 0.25, 'outlier_remover__contamination_IF': 0.3, 'imputer__simple_strategy_num': 'median', 'imputer__knn_scaling_method': 'robust', 'imputer__knn_neighbors': 17, 'imputer__iterative_max_iter': 50, 'imputer__imputation_method': 'iterative'}",-0.1148690429870736,-0.1148690429870736,0.0,14
147,7.39729905128479,0.0,9.42811393737793,0.0,minmax,2.0,LOF,20,chebyshev,0.5,50,0.25,0.25,median,minmax,8,5,simple,"{'scaler__scaler_name': 'minmax', 'outlier_remover__threshold': 2, 'outlier_remover__outlier_method': 'LOF', 'outlier_remover__n_neighbors': 20, 'outlier_remover__metric_LOF': 'chebyshev', 'outlier_remover__max_samples_IF': 0.5, 'outlier_remover__estimators_IF': 50, 'outlier_remover__contamination_LOF': 0.25, 'outlier_remover__contamination_IF': 0.25, 'imputer__simple_strategy_num': 'median', 'imputer__knn_scaling_method': 'minmax', 'imputer__knn_neighbors': 8, 'imputer__iterative_max_iter': 5, 'imputer__imputation_method': 'simple'}",-0.4000861313483029,-0.4000861313483029,0.0,50
148,8.58607006072998,0.0,11.108118057250977,0.0,robust,3.5,LOF,30,chebyshev,auto,150,0.5,0.5,median,robust,18,50,iterative,"{'scaler__scaler_name': 'robust', 'outlier_remover__threshold': 3.5, 'outlier_remover__outlier_method': 'LOF', 'outlier_remover__n_neighbors': 30, 'outlier_remover__metric_LOF': 'chebyshev', 'outlier_remover__max_samples_IF': 'auto', 'outlier_remover__estimators_IF': 150, 'outlier_remover__contamination_LOF': 0.5, 'outlier_remover__contamination_IF': 0.5, 'imputer__simple_strategy_num': 'median', 'imputer__knn_scaling_method': 'robust', 'imputer__knn_neighbors': 18, 'imputer__iterative_max_iter': 50, 'imputer__imputation_method': 'iterative'}",0.03190428241762786,0.03190428241762786,0.0,6
149,7.628742218017578,0.0,10.375556707382202,0.0,robust,4.0,Isolation_Forest,5,chebyshev,1.0,200,0.1,0.05,mean,robust,30,50,knn,"{'scaler__scaler_name': 'robust', 'outlier_remover__threshold': 4, 'outlier_remover__outlier_method': 'Isolation_Forest', 'outlier_remover__n_neighbors': 5, 'outlier_remover__metric_LOF': 'chebyshev', 'outlier_remover__max_samples_IF': 1.0, 'outlier_remover__estimators_IF': 200, 'outlier_remover__contamination_LOF': 0.1, 'outlier_remover__contamination_IF': 0.05, 'imputer__simple_strategy_num': 'mean', 'imputer__knn_scaling_method': 'robust', 'imputer__knn_neighbors': 30, 'imputer__iterative_max_iter': 50, 'imputer__imputation_method': 'knn'}",-0.696837531002288,-0.696837531002288,0.0,85
150,2.0052261352539062,0.0,4.506016254425049,0.0,robust,2.0,LOF,70,euclidean,0.5,100,0.15,0.05,mean,minmax,20,10,simple,"{'scaler__scaler_name': 'robust', 'outlier_remover__threshold': 2, 'outlier_remover__outlier_method': 'LOF', 'outlier_remover__n_neighbors': 70, 'outlier_remover__metric_LOF': 'euclidean', 'outlier_remover__max_samples_IF': 0.5, 'outlier_remover__estimators_IF': 100, 'outlier_remover__contamination_LOF': 0.15, 'outlier_remover__contamination_IF': 0.05, 'imputer__simple_strategy_num': 'mean', 'imputer__knn_scaling_method': 'minmax', 'imputer__knn_neighbors': 20, 'imputer__iterative_max_iter': 10, 'imputer__imputation_method': 'simple'}",-0.19889732792895062,-0.19889732792895062,0.0,17
151,0.6551518440246582,0.0,3.374955177307129,0.0,standard,2.5,Isolation_Forest,50,chebyshev,auto,50,0.15,0.1,mean,standard,8,5,simple,"{'scaler__scaler_name': 'standard', 'outlier_remover__threshold': 2.5, 'outlier_remover__outlier_method': 'Isolation_Forest', 'outlier_remover__n_neighbors': 50, 'outlier_remover__metric_LOF': 'chebyshev', 'outlier_remover__max_samples_IF': 'auto', 'outlier_remover__estimators_IF': 50, 'outlier_remover__contamination_LOF': 0.15, 'outlier_remover__contamination_IF': 0.1, 'imputer__simple_strategy_num': 'mean', 'imputer__knn_scaling_method': 'standard', 'imputer__knn_neighbors': 8, 'imputer__iterative_max_iter': 5, 'imputer__imputation_method': 'simple'}",-0.3589234150436921,-0.3589234150436921,0.0,42
152,1.3640358448028564,0.0,4.140215158462524,0.0,minmax,4.0,Isolation_Forest,70,chebyshev,0.7,150,0.01,0.05,median,minmax,25,20,simple,"{'scaler__scaler_name': 'minmax', 'outlier_remover__threshold': 4, 'outlier_remover__outlier_method': 'Isolation_Forest', 'outlier_remover__n_neighbors': 70, 'outlier_remover__metric_LOF': 'chebyshev', 'outlier_remover__max_samples_IF': 0.7, 'outlier_remover__estimators_IF': 150, 'outlier_remover__contamination_LOF': 0.01, 'outlier_remover__contamination_IF': 0.05, 'imputer__simple_strategy_num': 'median', 'imputer__knn_scaling_method': 'minmax', 'imputer__knn_neighbors': 25, 'imputer__iterative_max_iter': 20, 'imputer__imputation_method': 'simple'}",-0.7571274544653068,-0.7571274544653068,0.0,101
153,1.2116608619689941,0.0,3.939592123031616,0.0,standard,3.0,Isolation_Forest,50,manhattan,0.5,150,0.5,0.1,mean,robust,3,10,simple,"{'scaler__scaler_name': 'standard', 'outlier_remover__threshold': 3, 'outlier_remover__outlier_method': 'Isolation_Forest', 'outlier_remover__n_neighbors': 50, 'outlier_remover__metric_LOF': 'manhattan', 'outlier_remover__max_samples_IF': 0.5, 'outlier_remover__estimators_IF': 150, 'outlier_remover__contamination_LOF': 0.5, 'outlier_remover__contamination_IF': 0.1, 'imputer__simple_strategy_num': 'mean', 'imputer__knn_scaling_method': 'robust', 'imputer__knn_neighbors': 3, 'imputer__iterative_max_iter': 10, 'imputer__imputation_method': 'simple'}",-0.35227466557658693,-0.35227466557658693,0.0,41
154,0.9542152881622314,0.0,3.846357822418213,0.0,minmax,4.0,Isolation_Forest,90,manhattan,0.5,100,0.1,0.03,median,minmax,25,5,simple,"{'scaler__scaler_name': 'minmax', 'outlier_remover__threshold': 4, 'outlier_remover__outlier_method': 'Isolation_Forest', 'outlier_remover__n_neighbors': 90, 'outlier_remover__metric_LOF': 'manhattan', 'outlier_remover__max_samples_IF': 0.5, 'outlier_remover__estimators_IF': 100, 'outlier_remover__contamination_LOF': 0.1, 'outlier_remover__contamination_IF': 0.03, 'imputer__simple_strategy_num': 'median', 'imputer__knn_scaling_method': 'minmax', 'imputer__knn_neighbors': 25, 'imputer__iterative_max_iter': 5, 'imputer__imputation_method': 'simple'}",-0.7918432226999965,-0.7918432226999965,0.0,114
155,0.7722010612487793,0.0,3.4868361949920654,0.0,minmax,2.5,Isolation_Forest,70,manhattan,0.7,50,0.01,0.01,median,standard,4,10,simple,"{'scaler__scaler_name': 'minmax', 'outlier_remover__threshold': 2.5, 'outlier_remover__outlier_method': 'Isolation_Forest', 'outlier_remover__n_neighbors': 70, 'outlier_remover__metric_LOF': 'manhattan', 'outlier_remover__max_samples_IF': 0.7, 'outlier_remover__estimators_IF': 50, 'outlier_remover__contamination_LOF': 0.01, 'outlier_remover__contamination_IF': 0.01, 'imputer__simple_strategy_num': 'median', 'imputer__knn_scaling_method': 'standard', 'imputer__knn_neighbors': 4, 'imputer__iterative_max_iter': 10, 'imputer__imputation_method': 'simple'}",-0.8385628981374131,-0.8385628981374131,0.0,131
156,8.114854097366333,0.0,6.262824058532715,0.0,robust,2.0,z_score,20,euclidean,1.0,50,0.5,0.03,mean,standard,16,20,knn,"{'scaler__scaler_name': 'robust', 'outlier_remover__threshold': 2, 'outlier_remover__outlier_method': 'z_score', 'outlier_remover__n_neighbors': 20, 'outlier_remover__metric_LOF': 'euclidean', 'outlier_remover__max_samples_IF': 1.0, 'outlier_remover__estimators_IF': 50, 'outlier_remover__contamination_LOF': 0.5, 'outlier_remover__contamination_IF': 0.03, 'imputer__simple_strategy_num': 'mean', 'imputer__knn_scaling_method': 'standard', 'imputer__knn_neighbors': 16, 'imputer__iterative_max_iter': 20, 'imputer__imputation_method': 'knn'}",-1.0,-1.0,0.0,132
157,8.274499893188477,0.0,9.138065099716187,0.0,standard,3.0,Isolation_Forest,100,euclidean,auto,150,0.5,0.15,mean,standard,19,10,knn,"{'scaler__scaler_name': 'standard', 'outlier_remover__threshold': 3, 'outlier_remover__outlier_method': 'Isolation_Forest', 'outlier_remover__n_neighbors': 100, 'outlier_remover__metric_LOF': 'euclidean', 'outlier_remover__max_samples_IF': 'auto', 'outlier_remover__estimators_IF': 150, 'outlier_remover__contamination_LOF': 0.5, 'outlier_remover__contamination_IF': 0.15, 'imputer__simple_strategy_num': 'mean', 'imputer__knn_scaling_method': 'standard', 'imputer__knn_neighbors': 19, 'imputer__iterative_max_iter': 10, 'imputer__imputation_method': 'knn'}",-0.4670600565621308,-0.4670600565621308,0.0,55
158,8.597090244293213,0.0,9.73800277709961,0.0,robust,2.5,Isolation_Forest,100,euclidean,auto,200,0.05,0.1,mean,minmax,23,50,knn,"{'scaler__scaler_name': 'robust', 'outlier_remover__threshold': 2.5, 'outlier_remover__outlier_method': 'Isolation_Forest', 'outlier_remover__n_neighbors': 100, 'outlier_remover__metric_LOF': 'euclidean', 'outlier_remover__max_samples_IF': 'auto', 'outlier_remover__estimators_IF': 200, 'outlier_remover__contamination_LOF': 0.05, 'outlier_remover__contamination_IF': 0.1, 'imputer__simple_strategy_num': 'mean', 'imputer__knn_scaling_method': 'minmax', 'imputer__knn_neighbors': 23, 'imputer__iterative_max_iter': 50, 'imputer__imputation_method': 'knn'}",-0.565824674287912,-0.565824674287912,0.0,67
159,14.086233854293823,0.0,16.316973209381104,0.0,minmax,4.0,LOF,70,chebyshev,0.7,200,0.01,0.25,mean,minmax,23,50,knn,"{'scaler__scaler_name': 'minmax', 'outlier_remover__threshold': 4, 'outlier_remover__outlier_method': 'LOF', 'outlier_remover__n_neighbors': 70, 'outlier_remover__metric_LOF': 'chebyshev', 'outlier_remover__max_samples_IF': 0.7, 'outlier_remover__estimators_IF': 200, 'outlier_remover__contamination_LOF': 0.01, 'outlier_remover__contamination_IF': 0.25, 'imputer__simple_strategy_num': 'mean', 'imputer__knn_scaling_method': 'minmax', 'imputer__knn_neighbors': 23, 'imputer__iterative_max_iter': 50, 'imputer__imputation_method': 'knn'}",-0.8139734571207984,-0.8139734571207984,0.0,121
160,1.2434148788452148,0.0,4.145968198776245,0.0,robust,2.0,Isolation_Forest,50,euclidean,0.7,150,0.03,0.15,mean,minmax,7,10,simple,"{'scaler__scaler_name': 'robust', 'outlier_remover__threshold': 2, 'outlier_remover__outlier_method': 'Isolation_Forest', 'outlier_remover__n_neighbors': 50, 'outlier_remover__metric_LOF': 'euclidean', 'outlier_remover__max_samples_IF': 0.7, 'outlier_remover__estimators_IF': 150, 'outlier_remover__contamination_LOF': 0.03, 'outlier_remover__contamination_IF': 0.15, 'imputer__simple_strategy_num': 'mean', 'imputer__knn_scaling_method': 'minmax', 'imputer__knn_neighbors': 7, 'imputer__iterative_max_iter': 10, 'imputer__imputation_method': 'simple'}",-0.23687795446844678,-0.23687795446844678,0.0,24
161,2.414191722869873,0.0,5.02741813659668,0.0,robust,2.5,Isolation_Forest,10,euclidean,1.0,50,0.5,0.25,median,minmax,23,10,iterative,"{'scaler__scaler_name': 'robust', 'outlier_remover__threshold': 2.5, 'outlier_remover__outlier_method': 'Isolation_Forest', 'outlier_remover__n_neighbors': 10, 'outlier_remover__metric_LOF': 'euclidean', 'outlier_remover__max_samples_IF': 1.0, 'outlier_remover__estimators_IF': 50, 'outlier_remover__contamination_LOF': 0.5, 'outlier_remover__contamination_IF': 0.25, 'imputer__simple_strategy_num': 'median', 'imputer__knn_scaling_method': 'minmax', 'imputer__knn_neighbors': 23, 'imputer__iterative_max_iter': 10, 'imputer__imputation_method': 'iterative'}",-0.4002563396507561,-0.4002563396507561,0.0,51
162,12.853338956832886,0.0,15.82131290435791,0.0,minmax,3.0,LOF,50,chebyshev,0.7,50,0.05,0.03,median,standard,14,20,knn,"{'scaler__scaler_name': 'minmax', 'outlier_remover__threshold': 3, 'outlier_remover__outlier_method': 'LOF', 'outlier_remover__n_neighbors': 50, 'outlier_remover__metric_LOF': 'chebyshev', 'outlier_remover__max_samples_IF': 0.7, 'outlier_remover__estimators_IF': 50, 'outlier_remover__contamination_LOF': 0.05, 'outlier_remover__contamination_IF': 0.03, 'imputer__simple_strategy_num': 'median', 'imputer__knn_scaling_method': 'standard', 'imputer__knn_neighbors': 14, 'imputer__iterative_max_iter': 20, 'imputer__imputation_method': 'knn'}",-0.7284377175237036,-0.7284377175237036,0.0,94
163,6.54415488243103,0.0,6.444460868835449,0.0,standard,4.0,z_score,5,minkowski,auto,100,0.15,0.3,median,robust,19,20,knn,"{'scaler__scaler_name': 'standard', 'outlier_remover__threshold': 4, 'outlier_remover__outlier_method': 'z_score', 'outlier_remover__n_neighbors': 5, 'outlier_remover__metric_LOF': 'minkowski', 'outlier_remover__max_samples_IF': 'auto', 'outlier_remover__estimators_IF': 100, 'outlier_remover__contamination_LOF': 0.15, 'outlier_remover__contamination_IF': 0.3, 'imputer__simple_strategy_num': 'median', 'imputer__knn_scaling_method': 'robust', 'imputer__knn_neighbors': 19, 'imputer__iterative_max_iter': 20, 'imputer__imputation_method': 'knn'}",-1.0,-1.0,0.0,132
164,1.7504618167877197,0.0,1.8720362186431885,0.0,robust,3.0,z_score,90,minkowski,0.5,150,0.3,0.1,mean,standard,11,50,iterative,"{'scaler__scaler_name': 'robust', 'outlier_remover__threshold': 3, 'outlier_remover__outlier_method': 'z_score', 'outlier_remover__n_neighbors': 90, 'outlier_remover__metric_LOF': 'minkowski', 'outlier_remover__max_samples_IF': 0.5, 'outlier_remover__estimators_IF': 150, 'outlier_remover__contamination_LOF': 0.3, 'outlier_remover__contamination_IF': 0.1, 'imputer__simple_strategy_num': 'mean', 'imputer__knn_scaling_method': 'standard', 'imputer__knn_neighbors': 11, 'imputer__iterative_max_iter': 50, 'imputer__imputation_method': 'iterative'}",-1.0,-1.0,0.0,132
165,7.559019088745117,0.0,10.44211196899414,0.0,robust,3.0,LOF,20,minkowski,auto,50,0.03,0.25,median,standard,17,5,knn,"{'scaler__scaler_name': 'robust', 'outlier_remover__threshold': 3, 'outlier_remover__outlier_method': 'LOF', 'outlier_remover__n_neighbors': 20, 'outlier_remover__metric_LOF': 'minkowski', 'outlier_remover__max_samples_IF': 'auto', 'outlier_remover__estimators_IF': 50, 'outlier_remover__contamination_LOF': 0.03, 'outlier_remover__contamination_IF': 0.25, 'imputer__simple_strategy_num': 'median', 'imputer__knn_scaling_method': 'standard', 'imputer__knn_neighbors': 17, 'imputer__iterative_max_iter': 5, 'imputer__imputation_method': 'knn'}",-0.7557185785403111,-0.7557185785403111,0.0,100
166,8.159609079360962,0.0,10.046328067779541,0.0,standard,3.5,LOF,20,euclidean,0.7,100,0.1,0.25,median,minmax,20,5,knn,"{'scaler__scaler_name': 'standard', 'outlier_remover__threshold': 3.5, 'outlier_remover__outlier_method': 'LOF', 'outlier_remover__n_neighbors': 20, 'outlier_remover__metric_LOF': 'euclidean', 'outlier_remover__max_samples_IF': 0.7, 'outlier_remover__estimators_IF': 100, 'outlier_remover__contamination_LOF': 0.1, 'outlier_remover__contamination_IF': 0.25, 'imputer__simple_strategy_num': 'median', 'imputer__knn_scaling_method': 'minmax', 'imputer__knn_neighbors': 20, 'imputer__iterative_max_iter': 5, 'imputer__imputation_method': 'knn'}",-0.6709561419451169,-0.6709561419451169,0.0,81
167,0.4886479377746582,0.0,0.4283943176269531,0.0,minmax,3.5,z_score,90,manhattan,0.7,100,0.03,0.05,mean,robust,12,10,simple,"{'scaler__scaler_name': 'minmax', 'outlier_remover__threshold': 3.5, 'outlier_remover__outlier_method': 'z_score', 'outlier_remover__n_neighbors': 90, 'outlier_remover__metric_LOF': 'manhattan', 'outlier_remover__max_samples_IF': 0.7, 'outlier_remover__estimators_IF': 100, 'outlier_remover__contamination_LOF': 0.03, 'outlier_remover__contamination_IF': 0.05, 'imputer__simple_strategy_num': 'mean', 'imputer__knn_scaling_method': 'robust', 'imputer__knn_neighbors': 12, 'imputer__iterative_max_iter': 10, 'imputer__imputation_method': 'simple'}",-1.0,-1.0,0.0,132
168,0.43791699409484863,0.0,0.4194159507751465,0.0,robust,2.5,z_score,30,manhattan,0.5,200,0.25,0.15,mean,minmax,18,10,simple,"{'scaler__scaler_name': 'robust', 'outlier_remover__threshold': 2.5, 'outlier_remover__outlier_method': 'z_score', 'outlier_remover__n_neighbors': 30, 'outlier_remover__metric_LOF': 'manhattan', 'outlier_remover__max_samples_IF': 0.5, 'outlier_remover__estimators_IF': 200, 'outlier_remover__contamination_LOF': 0.25, 'outlier_remover__contamination_IF': 0.15, 'imputer__simple_strategy_num': 'mean', 'imputer__knn_scaling_method': 'minmax', 'imputer__knn_neighbors': 18, 'imputer__iterative_max_iter': 10, 'imputer__imputation_method': 'simple'}",-1.0,-1.0,0.0,132
169,7.5971269607543945,0.0,10.243444919586182,0.0,standard,4.0,LOF,50,euclidean,1.0,200,0.01,0.1,mean,minmax,11,20,knn,"{'scaler__scaler_name': 'standard', 'outlier_remover__threshold': 4, 'outlier_remover__outlier_method': 'LOF', 'outlier_remover__n_neighbors': 50, 'outlier_remover__metric_LOF': 'euclidean', 'outlier_remover__max_samples_IF': 1.0, 'outlier_remover__estimators_IF': 200, 'outlier_remover__contamination_LOF': 0.01, 'outlier_remover__contamination_IF': 0.1, 'imputer__simple_strategy_num': 'mean', 'imputer__knn_scaling_method': 'minmax', 'imputer__knn_neighbors': 11, 'imputer__iterative_max_iter': 20, 'imputer__imputation_method': 'knn'}",-0.816625113415042,-0.816625113415042,0.0,122
170,0.40607595443725586,0.0,0.41291189193725586,0.0,minmax,3.0,z_score,100,euclidean,0.5,150,0.05,0.03,mean,minmax,7,5,simple,"{'scaler__scaler_name': 'minmax', 'outlier_remover__threshold': 3, 'outlier_remover__outlier_method': 'z_score', 'outlier_remover__n_neighbors': 100, 'outlier_remover__metric_LOF': 'euclidean', 'outlier_remover__max_samples_IF': 0.5, 'outlier_remover__estimators_IF': 150, 'outlier_remover__contamination_LOF': 0.05, 'outlier_remover__contamination_IF': 0.03, 'imputer__simple_strategy_num': 'mean', 'imputer__knn_scaling_method': 'minmax', 'imputer__knn_neighbors': 7, 'imputer__iterative_max_iter': 5, 'imputer__imputation_method': 'simple'}",-1.0,-1.0,0.0,132
171,6.553614854812622,0.0,6.342465162277222,0.0,standard,3.0,z_score,100,chebyshev,0.7,200,0.15,0.3,median,standard,16,5,knn,"{'scaler__scaler_name': 'standard', 'outlier_remover__threshold': 3, 'outlier_remover__outlier_method': 'z_score', 'outlier_remover__n_neighbors': 100, 'outlier_remover__metric_LOF': 'chebyshev', 'outlier_remover__max_samples_IF': 0.7, 'outlier_remover__estimators_IF': 200, 'outlier_remover__contamination_LOF': 0.15, 'outlier_remover__contamination_IF': 0.3, 'imputer__simple_strategy_num': 'median', 'imputer__knn_scaling_method': 'standard', 'imputer__knn_neighbors': 16, 'imputer__iterative_max_iter': 5, 'imputer__imputation_method': 'knn'}",-1.0,-1.0,0.0,132
172,0.47347307205200195,0.0,0.40400099754333496,0.0,minmax,4.0,z_score,50,manhattan,1.0,150,0.03,0.15,mean,robust,13,20,simple,"{'scaler__scaler_name': 'minmax', 'outlier_remover__threshold': 4, 'outlier_remover__outlier_method': 'z_score', 'outlier_remover__n_neighbors': 50, 'outlier_remover__metric_LOF': 'manhattan', 'outlier_remover__max_samples_IF': 1.0, 'outlier_remover__estimators_IF': 150, 'outlier_remover__contamination_LOF': 0.03, 'outlier_remover__contamination_IF': 0.15, 'imputer__simple_strategy_num': 'mean', 'imputer__knn_scaling_method': 'robust', 'imputer__knn_neighbors': 13, 'imputer__iterative_max_iter': 20, 'imputer__imputation_method': 'simple'}",-1.0,-1.0,0.0,132
173,13.262763977050781,0.0,18.117115020751953,0.0,standard,2.0,LOF,70,chebyshev,auto,200,0.25,0.05,mean,minmax,11,20,knn,"{'scaler__scaler_name': 'standard', 'outlier_remover__threshold': 2, 'outlier_remover__outlier_method': 'LOF', 'outlier_remover__n_neighbors': 70, 'outlier_remover__metric_LOF': 'chebyshev', 'outlier_remover__max_samples_IF': 'auto', 'outlier_remover__estimators_IF': 200, 'outlier_remover__contamination_LOF': 0.25, 'outlier_remover__contamination_IF': 0.05, 'imputer__simple_strategy_num': 'mean', 'imputer__knn_scaling_method': 'minmax', 'imputer__knn_neighbors': 11, 'imputer__iterative_max_iter': 20, 'imputer__imputation_method': 'knn'}",-0.3091174094769073,-0.3091174094769073,0.0,37
174,7.856059789657593,0.0,11.797811031341553,0.0,standard,2.0,LOF,50,minkowski,auto,100,0.3,0.3,mean,minmax,22,10,knn,"{'scaler__scaler_name': 'standard', 'outlier_remover__threshold': 2, 'outlier_remover__outlier_method': 'LOF', 'outlier_remover__n_neighbors': 50, 'outlier_remover__metric_LOF': 'minkowski', 'outlier_remover__max_samples_IF': 'auto', 'outlier_remover__estimators_IF': 100, 'outlier_remover__contamination_LOF': 0.3, 'outlier_remover__contamination_IF': 0.3, 'imputer__simple_strategy_num': 'mean', 'imputer__knn_scaling_method': 'minmax', 'imputer__knn_neighbors': 22, 'imputer__iterative_max_iter': 10, 'imputer__imputation_method': 'knn'}",-0.22233299382943567,-0.22233299382943567,0.0,22
175,1.9768130779266357,0.0,4.689352989196777,0.0,standard,2.0,Isolation_Forest,5,manhattan,auto,150,0.15,0.03,median,robust,24,10,iterative,"{'scaler__scaler_name': 'standard', 'outlier_remover__threshold': 2, 'outlier_remover__outlier_method': 'Isolation_Forest', 'outlier_remover__n_neighbors': 5, 'outlier_remover__metric_LOF': 'manhattan', 'outlier_remover__max_samples_IF': 'auto', 'outlier_remover__estimators_IF': 150, 'outlier_remover__contamination_LOF': 0.15, 'outlier_remover__contamination_IF': 0.03, 'imputer__simple_strategy_num': 'median', 'imputer__knn_scaling_method': 'robust', 'imputer__knn_neighbors': 24, 'imputer__iterative_max_iter': 10, 'imputer__imputation_method': 'iterative'}",-0.7981703207232562,-0.7981703207232562,0.0,116
176,11.806946754455566,0.0,13.947744131088257,0.0,minmax,4.0,LOF,10,manhattan,1.0,50,0.1,0.25,median,minmax,17,10,knn,"{'scaler__scaler_name': 'minmax', 'outlier_remover__threshold': 4, 'outlier_remover__outlier_method': 'LOF', 'outlier_remover__n_neighbors': 10, 'outlier_remover__metric_LOF': 'manhattan', 'outlier_remover__max_samples_IF': 1.0, 'outlier_remover__estimators_IF': 50, 'outlier_remover__contamination_LOF': 0.1, 'outlier_remover__contamination_IF': 0.25, 'imputer__simple_strategy_num': 'median', 'imputer__knn_scaling_method': 'minmax', 'imputer__knn_neighbors': 17, 'imputer__iterative_max_iter': 10, 'imputer__imputation_method': 'knn'}",-0.6882212860715119,-0.6882212860715119,0.0,84
177,0.9666519165039062,0.0,4.474346876144409,0.0,minmax,2.5,Isolation_Forest,20,minkowski,auto,200,0.25,0.03,mean,standard,25,50,simple,"{'scaler__scaler_name': 'minmax', 'outlier_remover__threshold': 2.5, 'outlier_remover__outlier_method': 'Isolation_Forest', 'outlier_remover__n_neighbors': 20, 'outlier_remover__metric_LOF': 'minkowski', 'outlier_remover__max_samples_IF': 'auto', 'outlier_remover__estimators_IF': 200, 'outlier_remover__contamination_LOF': 0.25, 'outlier_remover__contamination_IF': 0.03, 'imputer__simple_strategy_num': 'mean', 'imputer__knn_scaling_method': 'standard', 'imputer__knn_neighbors': 25, 'imputer__iterative_max_iter': 50, 'imputer__imputation_method': 'simple'}",-0.4415870770172991,-0.4415870770172991,0.0,53
178,0.7774379253387451,0.0,3.3376920223236084,0.0,standard,3.0,Isolation_Forest,10,euclidean,1.0,50,0.01,0.05,median,robust,17,50,simple,"{'scaler__scaler_name': 'standard', 'outlier_remover__threshold': 3, 'outlier_remover__outlier_method': 'Isolation_Forest', 'outlier_remover__n_neighbors': 10, 'outlier_remover__metric_LOF': 'euclidean', 'outlier_remover__max_samples_IF': 1.0, 'outlier_remover__estimators_IF': 50, 'outlier_remover__contamination_LOF': 0.01, 'outlier_remover__contamination_IF': 0.05, 'imputer__simple_strategy_num': 'median', 'imputer__knn_scaling_method': 'robust', 'imputer__knn_neighbors': 17, 'imputer__iterative_max_iter': 50, 'imputer__imputation_method': 'simple'}",-0.762165623439554,-0.762165623439554,0.0,105
179,1.9035570621490479,0.0,1.8764328956604004,0.0,robust,3.0,z_score,100,chebyshev,0.5,200,0.03,0.5,median,robust,17,10,iterative,"{'scaler__scaler_name': 'robust', 'outlier_remover__threshold': 3, 'outlier_remover__outlier_method': 'z_score', 'outlier_remover__n_neighbors': 100, 'outlier_remover__metric_LOF': 'chebyshev', 'outlier_remover__max_samples_IF': 0.5, 'outlier_remover__estimators_IF': 200, 'outlier_remover__contamination_LOF': 0.03, 'outlier_remover__contamination_IF': 0.5, 'imputer__simple_strategy_num': 'median', 'imputer__knn_scaling_method': 'robust', 'imputer__knn_neighbors': 17, 'imputer__iterative_max_iter': 10, 'imputer__imputation_method': 'iterative'}",-1.0,-1.0,0.0,132
180,0.5157170295715332,0.0,0.5353648662567139,0.0,standard,2.0,z_score,50,minkowski,1.0,150,0.15,0.15,median,standard,30,5,simple,"{'scaler__scaler_name': 'standard', 'outlier_remover__threshold': 2, 'outlier_remover__outlier_method': 'z_score', 'outlier_remover__n_neighbors': 50, 'outlier_remover__metric_LOF': 'minkowski', 'outlier_remover__max_samples_IF': 1.0, 'outlier_remover__estimators_IF': 150, 'outlier_remover__contamination_LOF': 0.15, 'outlier_remover__contamination_IF': 0.15, 'imputer__simple_strategy_num': 'median', 'imputer__knn_scaling_method': 'standard', 'imputer__knn_neighbors': 30, 'imputer__iterative_max_iter': 5, 'imputer__imputation_method': 'simple'}",-1.0,-1.0,0.0,132
181,1.7057499885559082,0.0,2.1305668354034424,0.0,minmax,3.5,z_score,90,euclidean,0.7,100,0.25,0.05,mean,minmax,27,5,iterative,"{'scaler__scaler_name': 'minmax', 'outlier_remover__threshold': 3.5, 'outlier_remover__outlier_method': 'z_score', 'outlier_remover__n_neighbors': 90, 'outlier_remover__metric_LOF': 'euclidean', 'outlier_remover__max_samples_IF': 0.7, 'outlier_remover__estimators_IF': 100, 'outlier_remover__contamination_LOF': 0.25, 'outlier_remover__contamination_IF': 0.05, 'imputer__simple_strategy_num': 'mean', 'imputer__knn_scaling_method': 'minmax', 'imputer__knn_neighbors': 27, 'imputer__iterative_max_iter': 5, 'imputer__imputation_method': 'iterative'}",-1.0,-1.0,0.0,132
182,3.418137788772583,0.0,5.60349702835083,0.0,robust,2.5,LOF,30,euclidean,0.7,100,0.05,0.05,median,standard,13,10,iterative,"{'scaler__scaler_name': 'robust', 'outlier_remover__threshold': 2.5, 'outlier_remover__outlier_method': 'LOF', 'outlier_remover__n_neighbors': 30, 'outlier_remover__metric_LOF': 'euclidean', 'outlier_remover__max_samples_IF': 0.7, 'outlier_remover__estimators_IF': 100, 'outlier_remover__contamination_LOF': 0.05, 'outlier_remover__contamination_IF': 0.05, 'imputer__simple_strategy_num': 'median', 'imputer__knn_scaling_method': 'standard', 'imputer__knn_neighbors': 13, 'imputer__iterative_max_iter': 10, 'imputer__imputation_method': 'iterative'}",-0.766614871921818,-0.766614871921818,0.0,108
183,0.4778099060058594,0.0,0.5427491664886475,0.0,minmax,3.0,z_score,90,chebyshev,auto,200,0.01,0.25,median,minmax,5,20,simple,"{'scaler__scaler_name': 'minmax', 'outlier_remover__threshold': 3, 'outlier_remover__outlier_method': 'z_score', 'outlier_remover__n_neighbors': 90, 'outlier_remover__metric_LOF': 'chebyshev', 'outlier_remover__max_samples_IF': 'auto', 'outlier_remover__estimators_IF': 200, 'outlier_remover__contamination_LOF': 0.01, 'outlier_remover__contamination_IF': 0.25, 'imputer__simple_strategy_num': 'median', 'imputer__knn_scaling_method': 'minmax', 'imputer__knn_neighbors': 5, 'imputer__iterative_max_iter': 20, 'imputer__imputation_method': 'simple'}",-1.0,-1.0,0.0,132
184,7.304513931274414,0.0,9.43212628364563,0.0,minmax,4.0,Isolation_Forest,20,minkowski,auto,150,0.1,0.01,median,standard,25,10,knn,"{'scaler__scaler_name': 'minmax', 'outlier_remover__threshold': 4, 'outlier_remover__outlier_method': 'Isolation_Forest', 'outlier_remover__n_neighbors': 20, 'outlier_remover__metric_LOF': 'minkowski', 'outlier_remover__max_samples_IF': 'auto', 'outlier_remover__estimators_IF': 150, 'outlier_remover__contamination_LOF': 0.1, 'outlier_remover__contamination_IF': 0.01, 'imputer__simple_strategy_num': 'median', 'imputer__knn_scaling_method': 'standard', 'imputer__knn_neighbors': 25, 'imputer__iterative_max_iter': 10, 'imputer__imputation_method': 'knn'}",-0.7864824315056971,-0.7864824315056971,0.0,112
185,1.6973438262939453,0.0,1.953078031539917,0.0,minmax,2.0,z_score,90,manhattan,0.5,50,0.05,0.5,mean,minmax,13,50,iterative,"{'scaler__scaler_name': 'minmax', 'outlier_remover__threshold': 2, 'outlier_remover__outlier_method': 'z_score', 'outlier_remover__n_neighbors': 90, 'outlier_remover__metric_LOF': 'manhattan', 'outlier_remover__max_samples_IF': 0.5, 'outlier_remover__estimators_IF': 50, 'outlier_remover__contamination_LOF': 0.05, 'outlier_remover__contamination_IF': 0.5, 'imputer__simple_strategy_num': 'mean', 'imputer__knn_scaling_method': 'minmax', 'imputer__knn_neighbors': 13, 'imputer__iterative_max_iter': 50, 'imputer__imputation_method': 'iterative'}",-1.0,-1.0,0.0,132
186,6.734622001647949,0.0,6.5312769412994385,0.0,standard,3.5,z_score,50,euclidean,0.7,100,0.03,0.05,mean,minmax,18,10,knn,"{'scaler__scaler_name': 'standard', 'outlier_remover__threshold': 3.5, 'outlier_remover__outlier_method': 'z_score', 'outlier_remover__n_neighbors': 50, 'outlier_remover__metric_LOF': 'euclidean', 'outlier_remover__max_samples_IF': 0.7, 'outlier_remover__estimators_IF': 100, 'outlier_remover__contamination_LOF': 0.03, 'outlier_remover__contamination_IF': 0.05, 'imputer__simple_strategy_num': 'mean', 'imputer__knn_scaling_method': 'minmax', 'imputer__knn_neighbors': 18, 'imputer__iterative_max_iter': 10, 'imputer__imputation_method': 'knn'}",-1.0,-1.0,0.0,132
187,11.522269248962402,0.0,14.010538101196289,0.0,robust,3.0,LOF,100,manhattan,0.7,50,0.3,0.3,mean,minmax,17,20,knn,"{'scaler__scaler_name': 'robust', 'outlier_remover__threshold': 3, 'outlier_remover__outlier_method': 'LOF', 'outlier_remover__n_neighbors': 100, 'outlier_remover__metric_LOF': 'manhattan', 'outlier_remover__max_samples_IF': 0.7, 'outlier_remover__estimators_IF': 50, 'outlier_remover__contamination_LOF': 0.3, 'outlier_remover__contamination_IF': 0.3, 'imputer__simple_strategy_num': 'mean', 'imputer__knn_scaling_method': 'minmax', 'imputer__knn_neighbors': 17, 'imputer__iterative_max_iter': 20, 'imputer__imputation_method': 'knn'}",-0.2092649446595295,-0.2092649446595295,0.0,19
188,2.7671549320220947,0.0,5.761873722076416,0.0,minmax,2.0,LOF,70,euclidean,0.7,100,0.15,0.5,mean,minmax,28,10,iterative,"{'scaler__scaler_name': 'minmax', 'outlier_remover__threshold': 2, 'outlier_remover__outlier_method': 'LOF', 'outlier_remover__n_neighbors': 70, 'outlier_remover__metric_LOF': 'euclidean', 'outlier_remover__max_samples_IF': 0.7, 'outlier_remover__estimators_IF': 100, 'outlier_remover__contamination_LOF': 0.15, 'outlier_remover__contamination_IF': 0.5, 'imputer__simple_strategy_num': 'mean', 'imputer__knn_scaling_method': 'minmax', 'imputer__knn_neighbors': 28, 'imputer__iterative_max_iter': 10, 'imputer__imputation_method': 'iterative'}",-0.5825020377689142,-0.5825020377689142,0.0,74
189,6.179687738418579,0.0,6.539414167404175,0.0,minmax,2.5,z_score,5,chebyshev,auto,150,0.3,0.01,median,minmax,25,5,knn,"{'scaler__scaler_name': 'minmax', 'outlier_remover__threshold': 2.5, 'outlier_remover__outlier_method': 'z_score', 'outlier_remover__n_neighbors': 5, 'outlier_remover__metric_LOF': 'chebyshev', 'outlier_remover__max_samples_IF': 'auto', 'outlier_remover__estimators_IF': 150, 'outlier_remover__contamination_LOF': 0.3, 'outlier_remover__contamination_IF': 0.01, 'imputer__simple_strategy_num': 'median', 'imputer__knn_scaling_method': 'minmax', 'imputer__knn_neighbors': 25, 'imputer__iterative_max_iter': 5, 'imputer__imputation_method': 'knn'}",-1.0,-1.0,0.0,132
190,4.880511999130249,0.0,7.941030263900757,0.0,robust,4.0,LOF,90,manhattan,auto,150,0.15,0.03,mean,standard,27,10,simple,"{'scaler__scaler_name': 'robust', 'outlier_remover__threshold': 4, 'outlier_remover__outlier_method': 'LOF', 'outlier_remover__n_neighbors': 90, 'outlier_remover__metric_LOF': 'manhattan', 'outlier_remover__max_samples_IF': 'auto', 'outlier_remover__estimators_IF': 150, 'outlier_remover__contamination_LOF': 0.15, 'outlier_remover__contamination_IF': 0.03, 'imputer__simple_strategy_num': 'mean', 'imputer__knn_scaling_method': 'standard', 'imputer__knn_neighbors': 27, 'imputer__iterative_max_iter': 10, 'imputer__imputation_method': 'simple'}",-0.1972842367774684,-0.1972842367774684,0.0,16
191,2.6012990474700928,0.0,5.405970811843872,0.0,robust,2.5,Isolation_Forest,50,manhattan,1.0,150,0.03,0.01,median,standard,20,50,iterative,"{'scaler__scaler_name': 'robust', 'outlier_remover__threshold': 2.5, 'outlier_remover__outlier_method': 'Isolation_Forest', 'outlier_remover__n_neighbors': 50, 'outlier_remover__metric_LOF': 'manhattan', 'outlier_remover__max_samples_IF': 1.0, 'outlier_remover__estimators_IF': 150, 'outlier_remover__contamination_LOF': 0.03, 'outlier_remover__contamination_IF': 0.01, 'imputer__simple_strategy_num': 'median', 'imputer__knn_scaling_method': 'standard', 'imputer__knn_neighbors': 20, 'imputer__iterative_max_iter': 50, 'imputer__imputation_method': 'iterative'}",-0.8289280737848451,-0.8289280737848451,0.0,125
192,7.727599859237671,0.0,10.638562202453613,0.0,robust,3.0,Isolation_Forest,100,chebyshev,0.5,150,0.01,0.1,median,minmax,24,5,knn,"{'scaler__scaler_name': 'robust', 'outlier_remover__threshold': 3, 'outlier_remover__outlier_method': 'Isolation_Forest', 'outlier_remover__n_neighbors': 100, 'outlier_remover__metric_LOF': 'chebyshev', 'outlier_remover__max_samples_IF': 0.5, 'outlier_remover__estimators_IF': 150, 'outlier_remover__contamination_LOF': 0.01, 'outlier_remover__contamination_IF': 0.1, 'imputer__simple_strategy_num': 'median', 'imputer__knn_scaling_method': 'minmax', 'imputer__knn_neighbors': 24, 'imputer__iterative_max_iter': 5, 'imputer__imputation_method': 'knn'}",-0.6098841528981765,-0.6098841528981765,0.0,77
193,7.888875961303711,0.0,10.959017992019653,0.0,minmax,2.0,Isolation_Forest,90,manhattan,1.0,150,0.03,0.03,mean,standard,18,10,knn,"{'scaler__scaler_name': 'minmax', 'outlier_remover__threshold': 2, 'outlier_remover__outlier_method': 'Isolation_Forest', 'outlier_remover__n_neighbors': 90, 'outlier_remover__metric_LOF': 'manhattan', 'outlier_remover__max_samples_IF': 1.0, 'outlier_remover__estimators_IF': 150, 'outlier_remover__contamination_LOF': 0.03, 'outlier_remover__contamination_IF': 0.03, 'imputer__simple_strategy_num': 'mean', 'imputer__knn_scaling_method': 'standard', 'imputer__knn_neighbors': 18, 'imputer__iterative_max_iter': 10, 'imputer__imputation_method': 'knn'}",-0.7650549955472928,-0.7650549955472928,0.0,107
194,1.9582130908966064,0.0,4.536259889602661,0.0,minmax,4.0,Isolation_Forest,30,manhattan,auto,50,0.3,0.15,median,standard,16,10,iterative,"{'scaler__scaler_name': 'minmax', 'outlier_remover__threshold': 4, 'outlier_remover__outlier_method': 'Isolation_Forest', 'outlier_remover__n_neighbors': 30, 'outlier_remover__metric_LOF': 'manhattan', 'outlier_remover__max_samples_IF': 'auto', 'outlier_remover__estimators_IF': 50, 'outlier_remover__contamination_LOF': 0.3, 'outlier_remover__contamination_IF': 0.15, 'imputer__simple_strategy_num': 'median', 'imputer__knn_scaling_method': 'standard', 'imputer__knn_neighbors': 16, 'imputer__iterative_max_iter': 10, 'imputer__imputation_method': 'iterative'}",-0.5818544119120337,-0.5818544119120337,0.0,71
195,3.0773980617523193,0.0,5.737663984298706,0.0,minmax,2.0,Isolation_Forest,100,chebyshev,1.0,150,0.03,0.25,median,standard,4,5,iterative,"{'scaler__scaler_name': 'minmax', 'outlier_remover__threshold': 2, 'outlier_remover__outlier_method': 'Isolation_Forest', 'outlier_remover__n_neighbors': 100, 'outlier_remover__metric_LOF': 'chebyshev', 'outlier_remover__max_samples_IF': 1.0, 'outlier_remover__estimators_IF': 150, 'outlier_remover__contamination_LOF': 0.03, 'outlier_remover__contamination_IF': 0.25, 'imputer__simple_strategy_num': 'median', 'imputer__knn_scaling_method': 'standard', 'imputer__knn_neighbors': 4, 'imputer__iterative_max_iter': 5, 'imputer__imputation_method': 'iterative'}",-0.40006365854465153,-0.40006365854465153,0.0,49
196,7.918123960494995,0.0,8.30831003189087,0.0,robust,3.5,LOF,30,minkowski,0.5,200,0.1,0.03,mean,robust,10,20,knn,"{'scaler__scaler_name': 'robust', 'outlier_remover__threshold': 3.5, 'outlier_remover__outlier_method': 'LOF', 'outlier_remover__n_neighbors': 30, 'outlier_remover__metric_LOF': 'minkowski', 'outlier_remover__max_samples_IF': 0.5, 'outlier_remover__estimators_IF': 200, 'outlier_remover__contamination_LOF': 0.1, 'outlier_remover__contamination_IF': 0.03, 'imputer__simple_strategy_num': 'mean', 'imputer__knn_scaling_method': 'robust', 'imputer__knn_neighbors': 10, 'imputer__iterative_max_iter': 20, 'imputer__imputation_method': 'knn'}",-0.6144034056788383,-0.6144034056788383,0.0,78
197,7.6319310665130615,0.0,7.41872501373291,0.0,standard,3.5,Isolation_Forest,5,chebyshev,auto,100,0.05,0.5,median,minmax,4,20,knn,"{'scaler__scaler_name': 'standard', 'outlier_remover__threshold': 3.5, 'outlier_remover__outlier_method': 'Isolation_Forest', 'outlier_remover__n_neighbors': 5, 'outlier_remover__metric_LOF': 'chebyshev', 'outlier_remover__max_samples_IF': 'auto', 'outlier_remover__estimators_IF': 100, 'outlier_remover__contamination_LOF': 0.05, 'outlier_remover__contamination_IF': 0.5, 'imputer__simple_strategy_num': 'median', 'imputer__knn_scaling_method': 'minmax', 'imputer__knn_neighbors': 4, 'imputer__iterative_max_iter': 20, 'imputer__imputation_method': 'knn'}",0.20777702291105413,0.20777702291105413,0.0,1
198,0.4981200695037842,0.0,0.46096301078796387,0.0,minmax,2.5,z_score,100,minkowski,0.7,150,0.5,0.5,median,standard,23,10,simple,"{'scaler__scaler_name': 'minmax', 'outlier_remover__threshold': 2.5, 'outlier_remover__outlier_method': 'z_score', 'outlier_remover__n_neighbors': 100, 'outlier_remover__metric_LOF': 'minkowski', 'outlier_remover__max_samples_IF': 0.7, 'outlier_remover__estimators_IF': 150, 'outlier_remover__contamination_LOF': 0.5, 'outlier_remover__contamination_IF': 0.5, 'imputer__simple_strategy_num': 'median', 'imputer__knn_scaling_method': 'standard', 'imputer__knn_neighbors': 23, 'imputer__iterative_max_iter': 10, 'imputer__imputation_method': 'simple'}",-1.0,-1.0,0.0,132
199,0.3838331699371338,0.0,0.35040903091430664,0.0,standard,2.0,z_score,90,euclidean,0.5,200,0.1,0.15,mean,robust,19,20,simple,"{'scaler__scaler_name': 'standard', 'outlier_remover__threshold': 2, 'outlier_remover__outlier_method': 'z_score', 'outlier_remover__n_neighbors': 90, 'outlier_remover__metric_LOF': 'euclidean', 'outlier_remover__max_samples_IF': 0.5, 'outlier_remover__estimators_IF': 200, 'outlier_remover__contamination_LOF': 0.1, 'outlier_remover__contamination_IF': 0.15, 'imputer__simple_strategy_num': 'mean', 'imputer__knn_scaling_method': 'robust', 'imputer__knn_neighbors': 19, 'imputer__iterative_max_iter': 20, 'imputer__imputation_method': 'simple'}",-1.0,-1.0,0.0,132
