,mean_fit_time,std_fit_time,mean_score_time,std_score_time,param_scaler__scaler_name,param_outlier_remover__threshold,param_outlier_remover__outlier_method,param_outlier_remover__n_neighbors,param_outlier_remover__metric_LOF,param_outlier_remover__max_samples_IF,param_outlier_remover__estimators_IF,param_outlier_remover__contamination_LOF,param_outlier_remover__contamination_IF,param_imputer__simple_strategy_num,param_imputer__knn_scaling_method,param_imputer__knn_neighbors,param_imputer__iterative_max_iter,param_imputer__imputation_method,params,split0_test_score,mean_test_score,std_test_score,rank_test_score
0,15.15459680557251,0.0,14.753653049468994,0.0,robust,2.0,z_score,10,manhattan,1.0,150,0.5,0.15,median,robust,30,50,knn,"{'scaler__scaler_name': 'robust', 'outlier_remover__threshold': 2, 'outlier_remover__outlier_method': 'z_score', 'outlier_remover__n_neighbors': 10, 'outlier_remover__metric_LOF': 'manhattan', 'outlier_remover__max_samples_IF': 1.0, 'outlier_remover__estimators_IF': 150, 'outlier_remover__contamination_LOF': 0.5, 'outlier_remover__contamination_IF': 0.15, 'imputer__simple_strategy_num': 'median', 'imputer__knn_scaling_method': 'robust', 'imputer__knn_neighbors': 30, 'imputer__iterative_max_iter': 50, 'imputer__imputation_method': 'knn'}",0.8581918924716189,0.8581918924716189,0.0,104
1,14.165454149246216,0.0,14.197878122329712,0.0,minmax,4.0,Isolation_Forest,90,manhattan,0.7,150,0.3,0.5,median,standard,28,50,knn,"{'scaler__scaler_name': 'minmax', 'outlier_remover__threshold': 4, 'outlier_remover__outlier_method': 'Isolation_Forest', 'outlier_remover__n_neighbors': 90, 'outlier_remover__metric_LOF': 'manhattan', 'outlier_remover__max_samples_IF': 0.7, 'outlier_remover__estimators_IF': 150, 'outlier_remover__contamination_LOF': 0.3, 'outlier_remover__contamination_IF': 0.5, 'imputer__simple_strategy_num': 'median', 'imputer__knn_scaling_method': 'standard', 'imputer__knn_neighbors': 28, 'imputer__iterative_max_iter': 50, 'imputer__imputation_method': 'knn'}",0.9421803873683777,0.9421803873683777,0.0,9
2,11.364745378494263,0.0,13.36423659324646,0.0,minmax,2.5,LOF,100,manhattan,0.5,50,0.03,0.5,mean,robust,19,10,iterative,"{'scaler__scaler_name': 'minmax', 'outlier_remover__threshold': 2.5, 'outlier_remover__outlier_method': 'LOF', 'outlier_remover__n_neighbors': 100, 'outlier_remover__metric_LOF': 'manhattan', 'outlier_remover__max_samples_IF': 0.5, 'outlier_remover__estimators_IF': 50, 'outlier_remover__contamination_LOF': 0.03, 'outlier_remover__contamination_IF': 0.5, 'imputer__simple_strategy_num': 'mean', 'imputer__knn_scaling_method': 'robust', 'imputer__knn_neighbors': 19, 'imputer__iterative_max_iter': 10, 'imputer__imputation_method': 'iterative'}",0.66573876840075,0.66573876840075,0.0,180
3,7.584954738616943,0.0,11.484724998474121,0.0,robust,4.0,Isolation_Forest,5,minkowski,auto,50,0.03,0.1,median,standard,22,50,simple,"{'scaler__scaler_name': 'robust', 'outlier_remover__threshold': 4, 'outlier_remover__outlier_method': 'Isolation_Forest', 'outlier_remover__n_neighbors': 5, 'outlier_remover__metric_LOF': 'minkowski', 'outlier_remover__max_samples_IF': 'auto', 'outlier_remover__estimators_IF': 50, 'outlier_remover__contamination_LOF': 0.03, 'outlier_remover__contamination_IF': 0.1, 'imputer__simple_strategy_num': 'median', 'imputer__knn_scaling_method': 'standard', 'imputer__knn_neighbors': 22, 'imputer__iterative_max_iter': 50, 'imputer__imputation_method': 'simple'}",0.8889006330391497,0.8889006330391497,0.0,62
4,10.965474843978882,0.0,14.021494150161743,0.0,standard,3.0,LOF,50,manhattan,0.5,50,0.15,0.03,mean,minmax,21,50,simple,"{'scaler__scaler_name': 'standard', 'outlier_remover__threshold': 3, 'outlier_remover__outlier_method': 'LOF', 'outlier_remover__n_neighbors': 50, 'outlier_remover__metric_LOF': 'manhattan', 'outlier_remover__max_samples_IF': 0.5, 'outlier_remover__estimators_IF': 50, 'outlier_remover__contamination_LOF': 0.15, 'outlier_remover__contamination_IF': 0.03, 'imputer__simple_strategy_num': 'mean', 'imputer__knn_scaling_method': 'minmax', 'imputer__knn_neighbors': 21, 'imputer__iterative_max_iter': 50, 'imputer__imputation_method': 'simple'}",0.8936784304071024,0.8936784304071024,0.0,57
5,7.5959532260894775,0.0,10.455309867858887,0.0,robust,4.0,Isolation_Forest,5,chebyshev,0.7,50,0.5,0.05,mean,minmax,22,20,iterative,"{'scaler__scaler_name': 'robust', 'outlier_remover__threshold': 4, 'outlier_remover__outlier_method': 'Isolation_Forest', 'outlier_remover__n_neighbors': 5, 'outlier_remover__metric_LOF': 'chebyshev', 'outlier_remover__max_samples_IF': 0.7, 'outlier_remover__estimators_IF': 50, 'outlier_remover__contamination_LOF': 0.5, 'outlier_remover__contamination_IF': 0.05, 'imputer__simple_strategy_num': 'mean', 'imputer__knn_scaling_method': 'minmax', 'imputer__knn_neighbors': 22, 'imputer__iterative_max_iter': 20, 'imputer__imputation_method': 'iterative'}",0.6234431726534736,0.6234431726534736,0.0,196
6,10.308543920516968,0.0,12.303717136383057,0.0,standard,2.0,LOF,5,manhattan,1.0,150,0.5,0.25,mean,minmax,3,50,simple,"{'scaler__scaler_name': 'standard', 'outlier_remover__threshold': 2, 'outlier_remover__outlier_method': 'LOF', 'outlier_remover__n_neighbors': 5, 'outlier_remover__metric_LOF': 'manhattan', 'outlier_remover__max_samples_IF': 1.0, 'outlier_remover__estimators_IF': 150, 'outlier_remover__contamination_LOF': 0.5, 'outlier_remover__contamination_IF': 0.25, 'imputer__simple_strategy_num': 'mean', 'imputer__knn_scaling_method': 'minmax', 'imputer__knn_neighbors': 3, 'imputer__iterative_max_iter': 50, 'imputer__imputation_method': 'simple'}",0.9298443556415245,0.9298443556415245,0.0,21
7,14.784550905227661,0.0,19.297797203063965,0.0,robust,3.0,Isolation_Forest,20,minkowski,1.0,150,0.15,0.05,median,minmax,16,5,knn,"{'scaler__scaler_name': 'robust', 'outlier_remover__threshold': 3, 'outlier_remover__outlier_method': 'Isolation_Forest', 'outlier_remover__n_neighbors': 20, 'outlier_remover__metric_LOF': 'minkowski', 'outlier_remover__max_samples_IF': 1.0, 'outlier_remover__estimators_IF': 150, 'outlier_remover__contamination_LOF': 0.15, 'outlier_remover__contamination_IF': 0.05, 'imputer__simple_strategy_num': 'median', 'imputer__knn_scaling_method': 'minmax', 'imputer__knn_neighbors': 16, 'imputer__iterative_max_iter': 5, 'imputer__imputation_method': 'knn'}",0.9206201093772071,0.9206201093772071,0.0,29
8,7.6992151737213135,0.0,11.60658884048462,0.0,minmax,3.0,z_score,50,euclidean,1.0,150,0.1,0.3,mean,robust,3,20,iterative,"{'scaler__scaler_name': 'minmax', 'outlier_remover__threshold': 3, 'outlier_remover__outlier_method': 'z_score', 'outlier_remover__n_neighbors': 50, 'outlier_remover__metric_LOF': 'euclidean', 'outlier_remover__max_samples_IF': 1.0, 'outlier_remover__estimators_IF': 150, 'outlier_remover__contamination_LOF': 0.1, 'outlier_remover__contamination_IF': 0.3, 'imputer__simple_strategy_num': 'mean', 'imputer__knn_scaling_method': 'robust', 'imputer__knn_neighbors': 3, 'imputer__iterative_max_iter': 20, 'imputer__imputation_method': 'iterative'}",0.6899387137252927,0.6899387137252927,0.0,168
9,15.299860000610352,0.0,16.485681772232056,0.0,standard,3.0,z_score,20,minkowski,0.5,50,0.25,0.01,median,standard,20,50,knn,"{'scaler__scaler_name': 'standard', 'outlier_remover__threshold': 3, 'outlier_remover__outlier_method': 'z_score', 'outlier_remover__n_neighbors': 20, 'outlier_remover__metric_LOF': 'minkowski', 'outlier_remover__max_samples_IF': 0.5, 'outlier_remover__estimators_IF': 50, 'outlier_remover__contamination_LOF': 0.25, 'outlier_remover__contamination_IF': 0.01, 'imputer__simple_strategy_num': 'median', 'imputer__knn_scaling_method': 'standard', 'imputer__knn_neighbors': 20, 'imputer__iterative_max_iter': 50, 'imputer__imputation_method': 'knn'}",0.8443282328268997,0.8443282328268997,0.0,114
10,14.91446304321289,0.0,16.961628198623657,0.0,standard,4.0,z_score,100,minkowski,0.7,150,0.25,0.05,mean,robust,21,50,knn,"{'scaler__scaler_name': 'standard', 'outlier_remover__threshold': 4, 'outlier_remover__outlier_method': 'z_score', 'outlier_remover__n_neighbors': 100, 'outlier_remover__metric_LOF': 'minkowski', 'outlier_remover__max_samples_IF': 0.7, 'outlier_remover__estimators_IF': 150, 'outlier_remover__contamination_LOF': 0.25, 'outlier_remover__contamination_IF': 0.05, 'imputer__simple_strategy_num': 'mean', 'imputer__knn_scaling_method': 'robust', 'imputer__knn_neighbors': 21, 'imputer__iterative_max_iter': 50, 'imputer__imputation_method': 'knn'}",0.8811328393332805,0.8811328393332805,0.0,70
11,8.797676086425781,0.0,10.356010913848877,0.0,standard,2.0,z_score,5,minkowski,auto,200,0.3,0.03,median,standard,22,20,iterative,"{'scaler__scaler_name': 'standard', 'outlier_remover__threshold': 2, 'outlier_remover__outlier_method': 'z_score', 'outlier_remover__n_neighbors': 5, 'outlier_remover__metric_LOF': 'minkowski', 'outlier_remover__max_samples_IF': 'auto', 'outlier_remover__estimators_IF': 200, 'outlier_remover__contamination_LOF': 0.3, 'outlier_remover__contamination_IF': 0.03, 'imputer__simple_strategy_num': 'median', 'imputer__knn_scaling_method': 'standard', 'imputer__knn_neighbors': 22, 'imputer__iterative_max_iter': 20, 'imputer__imputation_method': 'iterative'}",0.6764882799506383,0.6764882799506383,0.0,175
12,8.987171173095703,0.0,11.027831077575684,0.0,robust,3.0,Isolation_Forest,50,euclidean,0.7,200,0.3,0.01,mean,robust,27,10,simple,"{'scaler__scaler_name': 'robust', 'outlier_remover__threshold': 3, 'outlier_remover__outlier_method': 'Isolation_Forest', 'outlier_remover__n_neighbors': 50, 'outlier_remover__metric_LOF': 'euclidean', 'outlier_remover__max_samples_IF': 0.7, 'outlier_remover__estimators_IF': 200, 'outlier_remover__contamination_LOF': 0.3, 'outlier_remover__contamination_IF': 0.01, 'imputer__simple_strategy_num': 'mean', 'imputer__knn_scaling_method': 'robust', 'imputer__knn_neighbors': 27, 'imputer__iterative_max_iter': 10, 'imputer__imputation_method': 'simple'}",0.8035450074906001,0.8035450074906001,0.0,135
13,8.425321817398071,0.0,10.175567150115967,0.0,minmax,3.5,Isolation_Forest,100,manhattan,0.5,150,0.15,0.01,median,minmax,22,50,simple,"{'scaler__scaler_name': 'minmax', 'outlier_remover__threshold': 3.5, 'outlier_remover__outlier_method': 'Isolation_Forest', 'outlier_remover__n_neighbors': 100, 'outlier_remover__metric_LOF': 'manhattan', 'outlier_remover__max_samples_IF': 0.5, 'outlier_remover__estimators_IF': 150, 'outlier_remover__contamination_LOF': 0.15, 'outlier_remover__contamination_IF': 0.01, 'imputer__simple_strategy_num': 'median', 'imputer__knn_scaling_method': 'minmax', 'imputer__knn_neighbors': 22, 'imputer__iterative_max_iter': 50, 'imputer__imputation_method': 'simple'}",0.936266197139003,0.936266197139003,0.0,13
14,13.867193222045898,0.0,17.11318588256836,0.0,minmax,3.0,LOF,50,chebyshev,0.7,150,0.01,0.1,mean,minmax,6,5,iterative,"{'scaler__scaler_name': 'minmax', 'outlier_remover__threshold': 3, 'outlier_remover__outlier_method': 'LOF', 'outlier_remover__n_neighbors': 50, 'outlier_remover__metric_LOF': 'chebyshev', 'outlier_remover__max_samples_IF': 0.7, 'outlier_remover__estimators_IF': 150, 'outlier_remover__contamination_LOF': 0.01, 'outlier_remover__contamination_IF': 0.1, 'imputer__simple_strategy_num': 'mean', 'imputer__knn_scaling_method': 'minmax', 'imputer__knn_neighbors': 6, 'imputer__iterative_max_iter': 5, 'imputer__imputation_method': 'iterative'}",0.7086787114189066,0.7086787114189066,0.0,155
15,6.404759168624878,0.0,11.032795906066895,0.0,robust,4.0,z_score,50,chebyshev,auto,200,0.1,0.5,median,minmax,15,5,simple,"{'scaler__scaler_name': 'robust', 'outlier_remover__threshold': 4, 'outlier_remover__outlier_method': 'z_score', 'outlier_remover__n_neighbors': 50, 'outlier_remover__metric_LOF': 'chebyshev', 'outlier_remover__max_samples_IF': 'auto', 'outlier_remover__estimators_IF': 200, 'outlier_remover__contamination_LOF': 0.1, 'outlier_remover__contamination_IF': 0.5, 'imputer__simple_strategy_num': 'median', 'imputer__knn_scaling_method': 'minmax', 'imputer__knn_neighbors': 15, 'imputer__iterative_max_iter': 5, 'imputer__imputation_method': 'simple'}",0.8279374905554103,0.8279374905554103,0.0,120
16,8.051237106323242,0.0,10.092946767807007,0.0,robust,4.0,LOF,90,minkowski,0.5,200,0.3,0.3,mean,robust,4,5,simple,"{'scaler__scaler_name': 'robust', 'outlier_remover__threshold': 4, 'outlier_remover__outlier_method': 'LOF', 'outlier_remover__n_neighbors': 90, 'outlier_remover__metric_LOF': 'minkowski', 'outlier_remover__max_samples_IF': 0.5, 'outlier_remover__estimators_IF': 200, 'outlier_remover__contamination_LOF': 0.3, 'outlier_remover__contamination_IF': 0.3, 'imputer__simple_strategy_num': 'mean', 'imputer__knn_scaling_method': 'robust', 'imputer__knn_neighbors': 4, 'imputer__iterative_max_iter': 5, 'imputer__imputation_method': 'simple'}",0.8942171853241552,0.8942171853241552,0.0,54
17,13.997200965881348,0.0,16.93854308128357,0.0,minmax,2.5,LOF,50,chebyshev,0.5,150,0.05,0.3,mean,standard,6,5,simple,"{'scaler__scaler_name': 'minmax', 'outlier_remover__threshold': 2.5, 'outlier_remover__outlier_method': 'LOF', 'outlier_remover__n_neighbors': 50, 'outlier_remover__metric_LOF': 'chebyshev', 'outlier_remover__max_samples_IF': 0.5, 'outlier_remover__estimators_IF': 150, 'outlier_remover__contamination_LOF': 0.05, 'outlier_remover__contamination_IF': 0.3, 'imputer__simple_strategy_num': 'mean', 'imputer__knn_scaling_method': 'standard', 'imputer__knn_neighbors': 6, 'imputer__iterative_max_iter': 5, 'imputer__imputation_method': 'simple'}",0.8858679923492427,0.8858679923492427,0.0,69
18,9.729328870773315,0.0,12.180592060089111,0.0,minmax,2.5,Isolation_Forest,10,chebyshev,1.0,200,0.25,0.05,mean,robust,24,50,iterative,"{'scaler__scaler_name': 'minmax', 'outlier_remover__threshold': 2.5, 'outlier_remover__outlier_method': 'Isolation_Forest', 'outlier_remover__n_neighbors': 10, 'outlier_remover__metric_LOF': 'chebyshev', 'outlier_remover__max_samples_IF': 1.0, 'outlier_remover__estimators_IF': 200, 'outlier_remover__contamination_LOF': 0.25, 'outlier_remover__contamination_IF': 0.05, 'imputer__simple_strategy_num': 'mean', 'imputer__knn_scaling_method': 'robust', 'imputer__knn_neighbors': 24, 'imputer__iterative_max_iter': 50, 'imputer__imputation_method': 'iterative'}",0.6951660953001461,0.6951660953001461,0.0,161
19,9.405392169952393,0.0,11.631131887435913,0.0,robust,4.0,Isolation_Forest,5,minkowski,0.7,150,0.1,0.03,mean,standard,27,20,simple,"{'scaler__scaler_name': 'robust', 'outlier_remover__threshold': 4, 'outlier_remover__outlier_method': 'Isolation_Forest', 'outlier_remover__n_neighbors': 5, 'outlier_remover__metric_LOF': 'minkowski', 'outlier_remover__max_samples_IF': 0.7, 'outlier_remover__estimators_IF': 150, 'outlier_remover__contamination_LOF': 0.1, 'outlier_remover__contamination_IF': 0.03, 'imputer__simple_strategy_num': 'mean', 'imputer__knn_scaling_method': 'standard', 'imputer__knn_neighbors': 27, 'imputer__iterative_max_iter': 20, 'imputer__imputation_method': 'simple'}",0.7961436437974206,0.7961436437974206,0.0,137
20,15.606127977371216,0.0,17.307220935821533,0.0,robust,4.0,LOF,90,minkowski,1.0,100,0.01,0.5,mean,minmax,12,10,knn,"{'scaler__scaler_name': 'robust', 'outlier_remover__threshold': 4, 'outlier_remover__outlier_method': 'LOF', 'outlier_remover__n_neighbors': 90, 'outlier_remover__metric_LOF': 'minkowski', 'outlier_remover__max_samples_IF': 1.0, 'outlier_remover__estimators_IF': 100, 'outlier_remover__contamination_LOF': 0.01, 'outlier_remover__contamination_IF': 0.5, 'imputer__simple_strategy_num': 'mean', 'imputer__knn_scaling_method': 'minmax', 'imputer__knn_neighbors': 12, 'imputer__iterative_max_iter': 10, 'imputer__imputation_method': 'knn'}",0.8667716039725807,0.8667716039725807,0.0,89
21,7.646311044692993,0.0,10.107584953308105,0.0,standard,4.0,LOF,70,minkowski,auto,200,0.5,0.1,median,standard,7,5,iterative,"{'scaler__scaler_name': 'standard', 'outlier_remover__threshold': 4, 'outlier_remover__outlier_method': 'LOF', 'outlier_remover__n_neighbors': 70, 'outlier_remover__metric_LOF': 'minkowski', 'outlier_remover__max_samples_IF': 'auto', 'outlier_remover__estimators_IF': 200, 'outlier_remover__contamination_LOF': 0.5, 'outlier_remover__contamination_IF': 0.1, 'imputer__simple_strategy_num': 'median', 'imputer__knn_scaling_method': 'standard', 'imputer__knn_neighbors': 7, 'imputer__iterative_max_iter': 5, 'imputer__imputation_method': 'iterative'}",0.8098365690404401,0.8098365690404401,0.0,132
22,7.178161859512329,0.0,9.108070850372314,0.0,standard,3.5,z_score,90,chebyshev,auto,50,0.5,0.1,mean,robust,4,50,simple,"{'scaler__scaler_name': 'standard', 'outlier_remover__threshold': 3.5, 'outlier_remover__outlier_method': 'z_score', 'outlier_remover__n_neighbors': 90, 'outlier_remover__metric_LOF': 'chebyshev', 'outlier_remover__max_samples_IF': 'auto', 'outlier_remover__estimators_IF': 50, 'outlier_remover__contamination_LOF': 0.5, 'outlier_remover__contamination_IF': 0.1, 'imputer__simple_strategy_num': 'mean', 'imputer__knn_scaling_method': 'robust', 'imputer__knn_neighbors': 4, 'imputer__iterative_max_iter': 50, 'imputer__imputation_method': 'simple'}",0.8806835821467458,0.8806835821467458,0.0,71
23,18.58554697036743,0.0,22.15254497528076,0.0,standard,2.0,LOF,50,chebyshev,auto,100,0.03,0.3,median,standard,19,10,knn,"{'scaler__scaler_name': 'standard', 'outlier_remover__threshold': 2, 'outlier_remover__outlier_method': 'LOF', 'outlier_remover__n_neighbors': 50, 'outlier_remover__metric_LOF': 'chebyshev', 'outlier_remover__max_samples_IF': 'auto', 'outlier_remover__estimators_IF': 100, 'outlier_remover__contamination_LOF': 0.03, 'outlier_remover__contamination_IF': 0.3, 'imputer__simple_strategy_num': 'median', 'imputer__knn_scaling_method': 'standard', 'imputer__knn_neighbors': 19, 'imputer__iterative_max_iter': 10, 'imputer__imputation_method': 'knn'}",0.9354548371428194,0.9354548371428194,0.0,14
24,6.068281173706055,0.0,9.457112789154053,0.0,robust,2.0,Isolation_Forest,100,euclidean,0.5,50,0.5,0.5,median,standard,26,50,simple,"{'scaler__scaler_name': 'robust', 'outlier_remover__threshold': 2, 'outlier_remover__outlier_method': 'Isolation_Forest', 'outlier_remover__n_neighbors': 100, 'outlier_remover__metric_LOF': 'euclidean', 'outlier_remover__max_samples_IF': 0.5, 'outlier_remover__estimators_IF': 50, 'outlier_remover__contamination_LOF': 0.5, 'outlier_remover__contamination_IF': 0.5, 'imputer__simple_strategy_num': 'median', 'imputer__knn_scaling_method': 'standard', 'imputer__knn_neighbors': 26, 'imputer__iterative_max_iter': 50, 'imputer__imputation_method': 'simple'}",0.9310304024448186,0.9310304024448186,0.0,18
25,12.580420017242432,0.0,14.442042827606201,0.0,minmax,2.0,z_score,50,manhattan,0.7,200,0.1,0.3,mean,standard,19,20,knn,"{'scaler__scaler_name': 'minmax', 'outlier_remover__threshold': 2, 'outlier_remover__outlier_method': 'z_score', 'outlier_remover__n_neighbors': 50, 'outlier_remover__metric_LOF': 'manhattan', 'outlier_remover__max_samples_IF': 0.7, 'outlier_remover__estimators_IF': 200, 'outlier_remover__contamination_LOF': 0.1, 'outlier_remover__contamination_IF': 0.3, 'imputer__simple_strategy_num': 'mean', 'imputer__knn_scaling_method': 'standard', 'imputer__knn_neighbors': 19, 'imputer__iterative_max_iter': 20, 'imputer__imputation_method': 'knn'}",0.8423692444869242,0.8423692444869242,0.0,116
26,7.405050992965698,0.0,8.928205013275146,0.0,robust,3.0,z_score,10,euclidean,0.7,150,0.01,0.05,median,robust,20,50,simple,"{'scaler__scaler_name': 'robust', 'outlier_remover__threshold': 3, 'outlier_remover__outlier_method': 'z_score', 'outlier_remover__n_neighbors': 10, 'outlier_remover__metric_LOF': 'euclidean', 'outlier_remover__max_samples_IF': 0.7, 'outlier_remover__estimators_IF': 150, 'outlier_remover__contamination_LOF': 0.01, 'outlier_remover__contamination_IF': 0.05, 'imputer__simple_strategy_num': 'median', 'imputer__knn_scaling_method': 'robust', 'imputer__knn_neighbors': 20, 'imputer__iterative_max_iter': 50, 'imputer__imputation_method': 'simple'}",0.8070107892527366,0.8070107892527366,0.0,133
27,6.897079944610596,0.0,9.569054126739502,0.0,standard,3.5,z_score,90,euclidean,0.5,50,0.5,0.15,mean,standard,8,20,iterative,"{'scaler__scaler_name': 'standard', 'outlier_remover__threshold': 3.5, 'outlier_remover__outlier_method': 'z_score', 'outlier_remover__n_neighbors': 90, 'outlier_remover__metric_LOF': 'euclidean', 'outlier_remover__max_samples_IF': 0.5, 'outlier_remover__estimators_IF': 50, 'outlier_remover__contamination_LOF': 0.5, 'outlier_remover__contamination_IF': 0.15, 'imputer__simple_strategy_num': 'mean', 'imputer__knn_scaling_method': 'standard', 'imputer__knn_neighbors': 8, 'imputer__iterative_max_iter': 20, 'imputer__imputation_method': 'iterative'}",0.6906605057750145,0.6906605057750145,0.0,162
28,12.100122928619385,0.0,14.558699131011963,0.0,minmax,2.5,LOF,100,chebyshev,0.7,100,0.5,0.5,median,standard,19,5,iterative,"{'scaler__scaler_name': 'minmax', 'outlier_remover__threshold': 2.5, 'outlier_remover__outlier_method': 'LOF', 'outlier_remover__n_neighbors': 100, 'outlier_remover__metric_LOF': 'chebyshev', 'outlier_remover__max_samples_IF': 0.7, 'outlier_remover__estimators_IF': 100, 'outlier_remover__contamination_LOF': 0.5, 'outlier_remover__contamination_IF': 0.5, 'imputer__simple_strategy_num': 'median', 'imputer__knn_scaling_method': 'standard', 'imputer__knn_neighbors': 19, 'imputer__iterative_max_iter': 5, 'imputer__imputation_method': 'iterative'}",0.7855789129787623,0.7855789129787623,0.0,140
29,6.285513877868652,0.0,8.686901092529297,0.0,standard,2.5,z_score,50,chebyshev,0.7,50,0.03,0.05,mean,standard,17,5,simple,"{'scaler__scaler_name': 'standard', 'outlier_remover__threshold': 2.5, 'outlier_remover__outlier_method': 'z_score', 'outlier_remover__n_neighbors': 50, 'outlier_remover__metric_LOF': 'chebyshev', 'outlier_remover__max_samples_IF': 0.7, 'outlier_remover__estimators_IF': 50, 'outlier_remover__contamination_LOF': 0.03, 'outlier_remover__contamination_IF': 0.05, 'imputer__simple_strategy_num': 'mean', 'imputer__knn_scaling_method': 'standard', 'imputer__knn_neighbors': 17, 'imputer__iterative_max_iter': 5, 'imputer__imputation_method': 'simple'}",0.8881769424627143,0.8881769424627143,0.0,63
30,7.256494998931885,0.0,10.093127965927124,0.0,standard,4.0,Isolation_Forest,10,manhattan,0.7,150,0.5,0.03,mean,standard,24,20,iterative,"{'scaler__scaler_name': 'standard', 'outlier_remover__threshold': 4, 'outlier_remover__outlier_method': 'Isolation_Forest', 'outlier_remover__n_neighbors': 10, 'outlier_remover__metric_LOF': 'manhattan', 'outlier_remover__max_samples_IF': 0.7, 'outlier_remover__estimators_IF': 150, 'outlier_remover__contamination_LOF': 0.5, 'outlier_remover__contamination_IF': 0.03, 'imputer__simple_strategy_num': 'mean', 'imputer__knn_scaling_method': 'standard', 'imputer__knn_neighbors': 24, 'imputer__iterative_max_iter': 20, 'imputer__imputation_method': 'iterative'}",0.6054099479182579,0.6054099479182579,0.0,197
31,6.475945949554443,0.0,9.347588062286377,0.0,standard,3.0,z_score,30,manhattan,0.7,50,0.15,0.15,median,robust,20,50,simple,"{'scaler__scaler_name': 'standard', 'outlier_remover__threshold': 3, 'outlier_remover__outlier_method': 'z_score', 'outlier_remover__n_neighbors': 30, 'outlier_remover__metric_LOF': 'manhattan', 'outlier_remover__max_samples_IF': 0.7, 'outlier_remover__estimators_IF': 50, 'outlier_remover__contamination_LOF': 0.15, 'outlier_remover__contamination_IF': 0.15, 'imputer__simple_strategy_num': 'median', 'imputer__knn_scaling_method': 'robust', 'imputer__knn_neighbors': 20, 'imputer__iterative_max_iter': 50, 'imputer__imputation_method': 'simple'}",0.8673901707775049,0.8673901707775049,0.0,88
32,13.559685230255127,0.0,16.73847770690918,0.0,minmax,3.5,LOF,30,minkowski,auto,50,0.03,0.3,median,robust,18,50,knn,"{'scaler__scaler_name': 'minmax', 'outlier_remover__threshold': 3.5, 'outlier_remover__outlier_method': 'LOF', 'outlier_remover__n_neighbors': 30, 'outlier_remover__metric_LOF': 'minkowski', 'outlier_remover__max_samples_IF': 'auto', 'outlier_remover__estimators_IF': 50, 'outlier_remover__contamination_LOF': 0.03, 'outlier_remover__contamination_IF': 0.3, 'imputer__simple_strategy_num': 'median', 'imputer__knn_scaling_method': 'robust', 'imputer__knn_neighbors': 18, 'imputer__iterative_max_iter': 50, 'imputer__imputation_method': 'knn'}",0.8859886173138348,0.8859886173138348,0.0,68
33,8.916517972946167,0.0,10.048789978027344,0.0,robust,2.5,Isolation_Forest,70,chebyshev,0.7,150,0.25,0.05,mean,robust,7,20,simple,"{'scaler__scaler_name': 'robust', 'outlier_remover__threshold': 2.5, 'outlier_remover__outlier_method': 'Isolation_Forest', 'outlier_remover__n_neighbors': 70, 'outlier_remover__metric_LOF': 'chebyshev', 'outlier_remover__max_samples_IF': 0.7, 'outlier_remover__estimators_IF': 150, 'outlier_remover__contamination_LOF': 0.25, 'outlier_remover__contamination_IF': 0.05, 'imputer__simple_strategy_num': 'mean', 'imputer__knn_scaling_method': 'robust', 'imputer__knn_neighbors': 7, 'imputer__iterative_max_iter': 20, 'imputer__imputation_method': 'simple'}",0.813657020801381,0.813657020801381,0.0,126
34,7.470958232879639,0.0,10.605937719345093,0.0,robust,2.5,z_score,50,euclidean,auto,50,0.5,0.5,mean,robust,24,5,simple,"{'scaler__scaler_name': 'robust', 'outlier_remover__threshold': 2.5, 'outlier_remover__outlier_method': 'z_score', 'outlier_remover__n_neighbors': 50, 'outlier_remover__metric_LOF': 'euclidean', 'outlier_remover__max_samples_IF': 'auto', 'outlier_remover__estimators_IF': 50, 'outlier_remover__contamination_LOF': 0.5, 'outlier_remover__contamination_IF': 0.5, 'imputer__simple_strategy_num': 'mean', 'imputer__knn_scaling_method': 'robust', 'imputer__knn_neighbors': 24, 'imputer__iterative_max_iter': 5, 'imputer__imputation_method': 'simple'}",0.8312334323568503,0.8312334323568503,0.0,118
35,15.509505033493042,0.0,16.771707773208618,0.0,robust,3.5,LOF,30,euclidean,1.0,100,0.1,0.1,mean,standard,27,5,knn,"{'scaler__scaler_name': 'robust', 'outlier_remover__threshold': 3.5, 'outlier_remover__outlier_method': 'LOF', 'outlier_remover__n_neighbors': 30, 'outlier_remover__metric_LOF': 'euclidean', 'outlier_remover__max_samples_IF': 1.0, 'outlier_remover__estimators_IF': 100, 'outlier_remover__contamination_LOF': 0.1, 'outlier_remover__contamination_IF': 0.1, 'imputer__simple_strategy_num': 'mean', 'imputer__knn_scaling_method': 'standard', 'imputer__knn_neighbors': 27, 'imputer__iterative_max_iter': 5, 'imputer__imputation_method': 'knn'}",0.8785790315572836,0.8785790315572836,0.0,75
36,7.804137945175171,0.0,11.887815237045288,0.0,standard,3.5,LOF,30,minkowski,0.5,150,0.01,0.25,median,minmax,20,5,simple,"{'scaler__scaler_name': 'standard', 'outlier_remover__threshold': 3.5, 'outlier_remover__outlier_method': 'LOF', 'outlier_remover__n_neighbors': 30, 'outlier_remover__metric_LOF': 'minkowski', 'outlier_remover__max_samples_IF': 0.5, 'outlier_remover__estimators_IF': 150, 'outlier_remover__contamination_LOF': 0.01, 'outlier_remover__contamination_IF': 0.25, 'imputer__simple_strategy_num': 'median', 'imputer__knn_scaling_method': 'minmax', 'imputer__knn_neighbors': 20, 'imputer__iterative_max_iter': 5, 'imputer__imputation_method': 'simple'}",0.9559410300719751,0.9559410300719751,0.0,2
37,13.14133596420288,0.0,14.672182083129883,0.0,minmax,4.0,LOF,20,euclidean,auto,150,0.25,0.1,median,minmax,9,10,knn,"{'scaler__scaler_name': 'minmax', 'outlier_remover__threshold': 4, 'outlier_remover__outlier_method': 'LOF', 'outlier_remover__n_neighbors': 20, 'outlier_remover__metric_LOF': 'euclidean', 'outlier_remover__max_samples_IF': 'auto', 'outlier_remover__estimators_IF': 150, 'outlier_remover__contamination_LOF': 0.25, 'outlier_remover__contamination_IF': 0.1, 'imputer__simple_strategy_num': 'median', 'imputer__knn_scaling_method': 'minmax', 'imputer__knn_neighbors': 9, 'imputer__iterative_max_iter': 10, 'imputer__imputation_method': 'knn'}",0.9079020241996322,0.9079020241996322,0.0,43
38,7.870790243148804,0.0,8.964181900024414,0.0,standard,2.5,z_score,5,euclidean,0.5,200,0.01,0.15,mean,robust,4,10,simple,"{'scaler__scaler_name': 'standard', 'outlier_remover__threshold': 2.5, 'outlier_remover__outlier_method': 'z_score', 'outlier_remover__n_neighbors': 5, 'outlier_remover__metric_LOF': 'euclidean', 'outlier_remover__max_samples_IF': 0.5, 'outlier_remover__estimators_IF': 200, 'outlier_remover__contamination_LOF': 0.01, 'outlier_remover__contamination_IF': 0.15, 'imputer__simple_strategy_num': 'mean', 'imputer__knn_scaling_method': 'robust', 'imputer__knn_neighbors': 4, 'imputer__iterative_max_iter': 10, 'imputer__imputation_method': 'simple'}",0.8881769424627143,0.8881769424627143,0.0,63
39,7.063783168792725,0.0,9.480777978897095,0.0,standard,3.0,Isolation_Forest,10,minkowski,0.7,100,0.25,0.3,mean,minmax,5,10,iterative,"{'scaler__scaler_name': 'standard', 'outlier_remover__threshold': 3, 'outlier_remover__outlier_method': 'Isolation_Forest', 'outlier_remover__n_neighbors': 10, 'outlier_remover__metric_LOF': 'minkowski', 'outlier_remover__max_samples_IF': 0.7, 'outlier_remover__estimators_IF': 100, 'outlier_remover__contamination_LOF': 0.25, 'outlier_remover__contamination_IF': 0.3, 'imputer__simple_strategy_num': 'mean', 'imputer__knn_scaling_method': 'minmax', 'imputer__knn_neighbors': 5, 'imputer__iterative_max_iter': 10, 'imputer__imputation_method': 'iterative'}",0.7711889747467486,0.7711889747467486,0.0,144
40,11.70482611656189,0.0,14.510629892349243,0.0,robust,3.0,LOF,20,minkowski,auto,50,0.5,0.05,mean,standard,16,10,knn,"{'scaler__scaler_name': 'robust', 'outlier_remover__threshold': 3, 'outlier_remover__outlier_method': 'LOF', 'outlier_remover__n_neighbors': 20, 'outlier_remover__metric_LOF': 'minkowski', 'outlier_remover__max_samples_IF': 'auto', 'outlier_remover__estimators_IF': 50, 'outlier_remover__contamination_LOF': 0.5, 'outlier_remover__contamination_IF': 0.05, 'imputer__simple_strategy_num': 'mean', 'imputer__knn_scaling_method': 'standard', 'imputer__knn_neighbors': 16, 'imputer__iterative_max_iter': 10, 'imputer__imputation_method': 'knn'}",0.9106391113124107,0.9106391113124107,0.0,39
41,10.228824138641357,0.0,12.632329940795898,0.0,minmax,2.5,LOF,70,manhattan,0.5,150,0.15,0.05,median,standard,29,5,simple,"{'scaler__scaler_name': 'minmax', 'outlier_remover__threshold': 2.5, 'outlier_remover__outlier_method': 'LOF', 'outlier_remover__n_neighbors': 70, 'outlier_remover__metric_LOF': 'manhattan', 'outlier_remover__max_samples_IF': 0.5, 'outlier_remover__estimators_IF': 150, 'outlier_remover__contamination_LOF': 0.15, 'outlier_remover__contamination_IF': 0.05, 'imputer__simple_strategy_num': 'median', 'imputer__knn_scaling_method': 'standard', 'imputer__knn_neighbors': 29, 'imputer__iterative_max_iter': 5, 'imputer__imputation_method': 'simple'}",0.9143806115206154,0.9143806115206154,0.0,36
42,10.734946012496948,0.0,13.43386697769165,0.0,robust,4.0,LOF,50,manhattan,auto,50,0.01,0.1,median,robust,17,20,iterative,"{'scaler__scaler_name': 'robust', 'outlier_remover__threshold': 4, 'outlier_remover__outlier_method': 'LOF', 'outlier_remover__n_neighbors': 50, 'outlier_remover__metric_LOF': 'manhattan', 'outlier_remover__max_samples_IF': 'auto', 'outlier_remover__estimators_IF': 50, 'outlier_remover__contamination_LOF': 0.01, 'outlier_remover__contamination_IF': 0.1, 'imputer__simple_strategy_num': 'median', 'imputer__knn_scaling_method': 'robust', 'imputer__knn_neighbors': 17, 'imputer__iterative_max_iter': 20, 'imputer__imputation_method': 'iterative'}",0.6437031568712591,0.6437031568712591,0.0,187
43,7.096505880355835,0.0,10.161664962768555,0.0,minmax,2.0,Isolation_Forest,50,chebyshev,0.7,150,0.05,0.1,median,standard,21,5,iterative,"{'scaler__scaler_name': 'minmax', 'outlier_remover__threshold': 2, 'outlier_remover__outlier_method': 'Isolation_Forest', 'outlier_remover__n_neighbors': 50, 'outlier_remover__metric_LOF': 'chebyshev', 'outlier_remover__max_samples_IF': 0.7, 'outlier_remover__estimators_IF': 150, 'outlier_remover__contamination_LOF': 0.05, 'outlier_remover__contamination_IF': 0.1, 'imputer__simple_strategy_num': 'median', 'imputer__knn_scaling_method': 'standard', 'imputer__knn_neighbors': 21, 'imputer__iterative_max_iter': 5, 'imputer__imputation_method': 'iterative'}",0.68994446144097,0.68994446144097,0.0,167
44,7.041461944580078,0.0,9.343008041381836,0.0,robust,2.5,Isolation_Forest,30,manhattan,0.5,50,0.15,0.1,median,robust,13,10,iterative,"{'scaler__scaler_name': 'robust', 'outlier_remover__threshold': 2.5, 'outlier_remover__outlier_method': 'Isolation_Forest', 'outlier_remover__n_neighbors': 30, 'outlier_remover__metric_LOF': 'manhattan', 'outlier_remover__max_samples_IF': 0.5, 'outlier_remover__estimators_IF': 50, 'outlier_remover__contamination_LOF': 0.15, 'outlier_remover__contamination_IF': 0.1, 'imputer__simple_strategy_num': 'median', 'imputer__knn_scaling_method': 'robust', 'imputer__knn_neighbors': 13, 'imputer__iterative_max_iter': 10, 'imputer__imputation_method': 'iterative'}",0.6738289529220456,0.6738289529220456,0.0,176
45,9.988539934158325,0.0,14.113728046417236,0.0,minmax,3.5,LOF,5,manhattan,0.5,100,0.05,0.25,median,robust,8,5,simple,"{'scaler__scaler_name': 'minmax', 'outlier_remover__threshold': 3.5, 'outlier_remover__outlier_method': 'LOF', 'outlier_remover__n_neighbors': 5, 'outlier_remover__metric_LOF': 'manhattan', 'outlier_remover__max_samples_IF': 0.5, 'outlier_remover__estimators_IF': 100, 'outlier_remover__contamination_LOF': 0.05, 'outlier_remover__contamination_IF': 0.25, 'imputer__simple_strategy_num': 'median', 'imputer__knn_scaling_method': 'robust', 'imputer__knn_neighbors': 8, 'imputer__iterative_max_iter': 5, 'imputer__imputation_method': 'simple'}",0.9341194900777221,0.9341194900777221,0.0,17
46,6.748144865036011,0.0,9.467627048492432,0.0,minmax,2.5,z_score,50,manhattan,1.0,200,0.01,0.01,median,standard,25,20,simple,"{'scaler__scaler_name': 'minmax', 'outlier_remover__threshold': 2.5, 'outlier_remover__outlier_method': 'z_score', 'outlier_remover__n_neighbors': 50, 'outlier_remover__metric_LOF': 'manhattan', 'outlier_remover__max_samples_IF': 1.0, 'outlier_remover__estimators_IF': 200, 'outlier_remover__contamination_LOF': 0.01, 'outlier_remover__contamination_IF': 0.01, 'imputer__simple_strategy_num': 'median', 'imputer__knn_scaling_method': 'standard', 'imputer__knn_neighbors': 25, 'imputer__iterative_max_iter': 20, 'imputer__imputation_method': 'simple'}",0.8954739988228642,0.8954739988228642,0.0,50
47,14.208276987075806,0.0,15.464113235473633,0.0,minmax,2.0,Isolation_Forest,5,manhattan,1.0,50,0.5,0.01,mean,standard,10,5,knn,"{'scaler__scaler_name': 'minmax', 'outlier_remover__threshold': 2, 'outlier_remover__outlier_method': 'Isolation_Forest', 'outlier_remover__n_neighbors': 5, 'outlier_remover__metric_LOF': 'manhattan', 'outlier_remover__max_samples_IF': 1.0, 'outlier_remover__estimators_IF': 50, 'outlier_remover__contamination_LOF': 0.5, 'outlier_remover__contamination_IF': 0.01, 'imputer__simple_strategy_num': 'mean', 'imputer__knn_scaling_method': 'standard', 'imputer__knn_neighbors': 10, 'imputer__iterative_max_iter': 5, 'imputer__imputation_method': 'knn'}",0.9299137763395298,0.9299137763395298,0.0,20
48,15.068128824234009,0.0,15.676079034805298,0.0,standard,2.5,LOF,20,minkowski,0.7,200,0.01,0.03,mean,robust,13,5,knn,"{'scaler__scaler_name': 'standard', 'outlier_remover__threshold': 2.5, 'outlier_remover__outlier_method': 'LOF', 'outlier_remover__n_neighbors': 20, 'outlier_remover__metric_LOF': 'minkowski', 'outlier_remover__max_samples_IF': 0.7, 'outlier_remover__estimators_IF': 200, 'outlier_remover__contamination_LOF': 0.01, 'outlier_remover__contamination_IF': 0.03, 'imputer__simple_strategy_num': 'mean', 'imputer__knn_scaling_method': 'robust', 'imputer__knn_neighbors': 13, 'imputer__iterative_max_iter': 5, 'imputer__imputation_method': 'knn'}",0.87361322228014,0.87361322228014,0.0,86
49,6.256520986557007,0.0,10.627731084823608,0.0,minmax,3.5,LOF,30,minkowski,0.5,150,0.3,0.25,median,standard,29,20,simple,"{'scaler__scaler_name': 'minmax', 'outlier_remover__threshold': 3.5, 'outlier_remover__outlier_method': 'LOF', 'outlier_remover__n_neighbors': 30, 'outlier_remover__metric_LOF': 'minkowski', 'outlier_remover__max_samples_IF': 0.5, 'outlier_remover__estimators_IF': 150, 'outlier_remover__contamination_LOF': 0.3, 'outlier_remover__contamination_IF': 0.25, 'imputer__simple_strategy_num': 'median', 'imputer__knn_scaling_method': 'standard', 'imputer__knn_neighbors': 29, 'imputer__iterative_max_iter': 20, 'imputer__imputation_method': 'simple'}",0.9176030578070591,0.9176030578070591,0.0,30
50,8.82814908027649,0.0,10.275919198989868,0.0,robust,4.0,LOF,100,minkowski,0.5,100,0.15,0.15,median,standard,20,50,simple,"{'scaler__scaler_name': 'robust', 'outlier_remover__threshold': 4, 'outlier_remover__outlier_method': 'LOF', 'outlier_remover__n_neighbors': 100, 'outlier_remover__metric_LOF': 'minkowski', 'outlier_remover__max_samples_IF': 0.5, 'outlier_remover__estimators_IF': 100, 'outlier_remover__contamination_LOF': 0.15, 'outlier_remover__contamination_IF': 0.15, 'imputer__simple_strategy_num': 'median', 'imputer__knn_scaling_method': 'standard', 'imputer__knn_neighbors': 20, 'imputer__iterative_max_iter': 50, 'imputer__imputation_method': 'simple'}",0.8867970286962834,0.8867970286962834,0.0,66
51,11.835054159164429,0.0,15.089085817337036,0.0,robust,3.5,Isolation_Forest,5,chebyshev,0.5,100,0.05,0.5,median,robust,22,5,knn,"{'scaler__scaler_name': 'robust', 'outlier_remover__threshold': 3.5, 'outlier_remover__outlier_method': 'Isolation_Forest', 'outlier_remover__n_neighbors': 5, 'outlier_remover__metric_LOF': 'chebyshev', 'outlier_remover__max_samples_IF': 0.5, 'outlier_remover__estimators_IF': 100, 'outlier_remover__contamination_LOF': 0.05, 'outlier_remover__contamination_IF': 0.5, 'imputer__simple_strategy_num': 'median', 'imputer__knn_scaling_method': 'robust', 'imputer__knn_neighbors': 22, 'imputer__iterative_max_iter': 5, 'imputer__imputation_method': 'knn'}",0.7028355059679361,0.7028355059679361,0.0,157
52,19.663731336593628,0.0,22.777861833572388,0.0,standard,4.0,LOF,70,chebyshev,auto,100,0.15,0.5,mean,robust,25,50,knn,"{'scaler__scaler_name': 'standard', 'outlier_remover__threshold': 4, 'outlier_remover__outlier_method': 'LOF', 'outlier_remover__n_neighbors': 70, 'outlier_remover__metric_LOF': 'chebyshev', 'outlier_remover__max_samples_IF': 'auto', 'outlier_remover__estimators_IF': 100, 'outlier_remover__contamination_LOF': 0.15, 'outlier_remover__contamination_IF': 0.5, 'imputer__simple_strategy_num': 'mean', 'imputer__knn_scaling_method': 'robust', 'imputer__knn_neighbors': 25, 'imputer__iterative_max_iter': 50, 'imputer__imputation_method': 'knn'}",0.8430731293130477,0.8430731293130477,0.0,115
53,14.2501540184021,0.0,17.24598217010498,0.0,standard,2.0,z_score,90,manhattan,0.7,50,0.3,0.25,median,robust,3,50,knn,"{'scaler__scaler_name': 'standard', 'outlier_remover__threshold': 2, 'outlier_remover__outlier_method': 'z_score', 'outlier_remover__n_neighbors': 90, 'outlier_remover__metric_LOF': 'manhattan', 'outlier_remover__max_samples_IF': 0.7, 'outlier_remover__estimators_IF': 50, 'outlier_remover__contamination_LOF': 0.3, 'outlier_remover__contamination_IF': 0.25, 'imputer__simple_strategy_num': 'median', 'imputer__knn_scaling_method': 'robust', 'imputer__knn_neighbors': 3, 'imputer__iterative_max_iter': 50, 'imputer__imputation_method': 'knn'}",0.8489786298758178,0.8489786298758178,0.0,109
54,7.9483482837677,0.0,10.825027704238892,0.0,robust,2.5,LOF,50,euclidean,0.7,200,0.5,0.01,median,minmax,30,50,iterative,"{'scaler__scaler_name': 'robust', 'outlier_remover__threshold': 2.5, 'outlier_remover__outlier_method': 'LOF', 'outlier_remover__n_neighbors': 50, 'outlier_remover__metric_LOF': 'euclidean', 'outlier_remover__max_samples_IF': 0.7, 'outlier_remover__estimators_IF': 200, 'outlier_remover__contamination_LOF': 0.5, 'outlier_remover__contamination_IF': 0.01, 'imputer__simple_strategy_num': 'median', 'imputer__knn_scaling_method': 'minmax', 'imputer__knn_neighbors': 30, 'imputer__iterative_max_iter': 50, 'imputer__imputation_method': 'iterative'}",0.8037237831029234,0.8037237831029234,0.0,134
55,8.603539943695068,0.0,9.991902112960815,0.0,minmax,2.0,LOF,5,minkowski,auto,50,0.05,0.25,mean,standard,13,50,iterative,"{'scaler__scaler_name': 'minmax', 'outlier_remover__threshold': 2, 'outlier_remover__outlier_method': 'LOF', 'outlier_remover__n_neighbors': 5, 'outlier_remover__metric_LOF': 'minkowski', 'outlier_remover__max_samples_IF': 'auto', 'outlier_remover__estimators_IF': 50, 'outlier_remover__contamination_LOF': 0.05, 'outlier_remover__contamination_IF': 0.25, 'imputer__simple_strategy_num': 'mean', 'imputer__knn_scaling_method': 'standard', 'imputer__knn_neighbors': 13, 'imputer__iterative_max_iter': 50, 'imputer__imputation_method': 'iterative'}",0.6645680150997352,0.6645680150997352,0.0,182
56,9.186498880386353,0.0,10.60580825805664,0.0,standard,3.5,LOF,100,euclidean,1.0,100,0.05,0.3,median,minmax,28,50,simple,"{'scaler__scaler_name': 'standard', 'outlier_remover__threshold': 3.5, 'outlier_remover__outlier_method': 'LOF', 'outlier_remover__n_neighbors': 100, 'outlier_remover__metric_LOF': 'euclidean', 'outlier_remover__max_samples_IF': 1.0, 'outlier_remover__estimators_IF': 100, 'outlier_remover__contamination_LOF': 0.05, 'outlier_remover__contamination_IF': 0.3, 'imputer__simple_strategy_num': 'median', 'imputer__knn_scaling_method': 'minmax', 'imputer__knn_neighbors': 28, 'imputer__iterative_max_iter': 50, 'imputer__imputation_method': 'simple'}",0.9164592376492975,0.9164592376492975,0.0,32
57,11.111256122589111,0.0,14.697723865509033,0.0,minmax,2.0,z_score,70,minkowski,0.7,50,0.15,0.03,mean,robust,28,50,knn,"{'scaler__scaler_name': 'minmax', 'outlier_remover__threshold': 2, 'outlier_remover__outlier_method': 'z_score', 'outlier_remover__n_neighbors': 70, 'outlier_remover__metric_LOF': 'minkowski', 'outlier_remover__max_samples_IF': 0.7, 'outlier_remover__estimators_IF': 50, 'outlier_remover__contamination_LOF': 0.15, 'outlier_remover__contamination_IF': 0.03, 'imputer__simple_strategy_num': 'mean', 'imputer__knn_scaling_method': 'robust', 'imputer__knn_neighbors': 28, 'imputer__iterative_max_iter': 50, 'imputer__imputation_method': 'knn'}",0.8582332766934916,0.8582332766934916,0.0,103
58,6.10872483253479,0.0,9.157251119613647,0.0,minmax,4.0,z_score,90,chebyshev,auto,50,0.01,0.5,median,standard,7,20,simple,"{'scaler__scaler_name': 'minmax', 'outlier_remover__threshold': 4, 'outlier_remover__outlier_method': 'z_score', 'outlier_remover__n_neighbors': 90, 'outlier_remover__metric_LOF': 'chebyshev', 'outlier_remover__max_samples_IF': 'auto', 'outlier_remover__estimators_IF': 50, 'outlier_remover__contamination_LOF': 0.01, 'outlier_remover__contamination_IF': 0.5, 'imputer__simple_strategy_num': 'median', 'imputer__knn_scaling_method': 'standard', 'imputer__knn_neighbors': 7, 'imputer__iterative_max_iter': 20, 'imputer__imputation_method': 'simple'}",0.8939590910195755,0.8939590910195755,0.0,55
59,7.632272005081177,0.0,10.160009145736694,0.0,minmax,4.0,LOF,30,minkowski,0.7,100,0.05,0.5,median,minmax,3,50,iterative,"{'scaler__scaler_name': 'minmax', 'outlier_remover__threshold': 4, 'outlier_remover__outlier_method': 'LOF', 'outlier_remover__n_neighbors': 30, 'outlier_remover__metric_LOF': 'minkowski', 'outlier_remover__max_samples_IF': 0.7, 'outlier_remover__estimators_IF': 100, 'outlier_remover__contamination_LOF': 0.05, 'outlier_remover__contamination_IF': 0.5, 'imputer__simple_strategy_num': 'median', 'imputer__knn_scaling_method': 'minmax', 'imputer__knn_neighbors': 3, 'imputer__iterative_max_iter': 50, 'imputer__imputation_method': 'iterative'}",0.6566942245665498,0.6566942245665498,0.0,183
60,10.099689960479736,0.0,13.440135955810547,0.0,minmax,3.0,LOF,5,manhattan,1.0,150,0.03,0.1,mean,robust,3,5,simple,"{'scaler__scaler_name': 'minmax', 'outlier_remover__threshold': 3, 'outlier_remover__outlier_method': 'LOF', 'outlier_remover__n_neighbors': 5, 'outlier_remover__metric_LOF': 'manhattan', 'outlier_remover__max_samples_IF': 1.0, 'outlier_remover__estimators_IF': 150, 'outlier_remover__contamination_LOF': 0.03, 'outlier_remover__contamination_IF': 0.1, 'imputer__simple_strategy_num': 'mean', 'imputer__knn_scaling_method': 'robust', 'imputer__knn_neighbors': 3, 'imputer__iterative_max_iter': 5, 'imputer__imputation_method': 'simple'}",0.8754780388470249,0.8754780388470249,0.0,84
61,14.139018058776855,0.0,15.014920949935913,0.0,standard,2.0,LOF,30,chebyshev,0.5,50,0.01,0.3,mean,standard,24,10,iterative,"{'scaler__scaler_name': 'standard', 'outlier_remover__threshold': 2, 'outlier_remover__outlier_method': 'LOF', 'outlier_remover__n_neighbors': 30, 'outlier_remover__metric_LOF': 'chebyshev', 'outlier_remover__max_samples_IF': 0.5, 'outlier_remover__estimators_IF': 50, 'outlier_remover__contamination_LOF': 0.01, 'outlier_remover__contamination_IF': 0.3, 'imputer__simple_strategy_num': 'mean', 'imputer__knn_scaling_method': 'standard', 'imputer__knn_neighbors': 24, 'imputer__iterative_max_iter': 10, 'imputer__imputation_method': 'iterative'}",0.6855122558609144,0.6855122558609144,0.0,170
62,12.919422149658203,0.0,14.375454902648926,0.0,minmax,2.0,Isolation_Forest,10,manhattan,0.7,100,0.5,0.3,median,standard,9,20,knn,"{'scaler__scaler_name': 'minmax', 'outlier_remover__threshold': 2, 'outlier_remover__outlier_method': 'Isolation_Forest', 'outlier_remover__n_neighbors': 10, 'outlier_remover__metric_LOF': 'manhattan', 'outlier_remover__max_samples_IF': 0.7, 'outlier_remover__estimators_IF': 100, 'outlier_remover__contamination_LOF': 0.5, 'outlier_remover__contamination_IF': 0.3, 'imputer__simple_strategy_num': 'median', 'imputer__knn_scaling_method': 'standard', 'imputer__knn_neighbors': 9, 'imputer__iterative_max_iter': 20, 'imputer__imputation_method': 'knn'}",0.950900068894852,0.950900068894852,0.0,3
63,7.036301136016846,0.0,8.357367992401123,0.0,minmax,3.0,z_score,20,chebyshev,0.7,100,0.3,0.3,median,standard,9,5,simple,"{'scaler__scaler_name': 'minmax', 'outlier_remover__threshold': 3, 'outlier_remover__outlier_method': 'z_score', 'outlier_remover__n_neighbors': 20, 'outlier_remover__metric_LOF': 'chebyshev', 'outlier_remover__max_samples_IF': 0.7, 'outlier_remover__estimators_IF': 100, 'outlier_remover__contamination_LOF': 0.3, 'outlier_remover__contamination_IF': 0.3, 'imputer__simple_strategy_num': 'median', 'imputer__knn_scaling_method': 'standard', 'imputer__knn_neighbors': 9, 'imputer__iterative_max_iter': 5, 'imputer__imputation_method': 'simple'}",0.8950137637610472,0.8950137637610472,0.0,52
64,6.416630029678345,0.0,8.84282112121582,0.0,robust,2.5,z_score,100,euclidean,0.7,150,0.1,0.25,mean,standard,3,50,simple,"{'scaler__scaler_name': 'robust', 'outlier_remover__threshold': 2.5, 'outlier_remover__outlier_method': 'z_score', 'outlier_remover__n_neighbors': 100, 'outlier_remover__metric_LOF': 'euclidean', 'outlier_remover__max_samples_IF': 0.7, 'outlier_remover__estimators_IF': 150, 'outlier_remover__contamination_LOF': 0.1, 'outlier_remover__contamination_IF': 0.25, 'imputer__simple_strategy_num': 'mean', 'imputer__knn_scaling_method': 'standard', 'imputer__knn_neighbors': 3, 'imputer__iterative_max_iter': 50, 'imputer__imputation_method': 'simple'}",0.8312334323568503,0.8312334323568503,0.0,118
65,13.277817010879517,0.0,14.125633955001831,0.0,robust,2.5,Isolation_Forest,20,euclidean,auto,100,0.1,0.3,median,minmax,28,50,knn,"{'scaler__scaler_name': 'robust', 'outlier_remover__threshold': 2.5, 'outlier_remover__outlier_method': 'Isolation_Forest', 'outlier_remover__n_neighbors': 20, 'outlier_remover__metric_LOF': 'euclidean', 'outlier_remover__max_samples_IF': 'auto', 'outlier_remover__estimators_IF': 100, 'outlier_remover__contamination_LOF': 0.1, 'outlier_remover__contamination_IF': 0.3, 'imputer__simple_strategy_num': 'median', 'imputer__knn_scaling_method': 'minmax', 'imputer__knn_neighbors': 28, 'imputer__iterative_max_iter': 50, 'imputer__imputation_method': 'knn'}",0.9032205414223425,0.9032205414223425,0.0,47
66,8.135126113891602,0.0,8.725278854370117,0.0,minmax,2.0,LOF,10,euclidean,auto,150,0.01,0.05,median,standard,30,10,simple,"{'scaler__scaler_name': 'minmax', 'outlier_remover__threshold': 2, 'outlier_remover__outlier_method': 'LOF', 'outlier_remover__n_neighbors': 10, 'outlier_remover__metric_LOF': 'euclidean', 'outlier_remover__max_samples_IF': 'auto', 'outlier_remover__estimators_IF': 150, 'outlier_remover__contamination_LOF': 0.01, 'outlier_remover__contamination_IF': 0.05, 'imputer__simple_strategy_num': 'median', 'imputer__knn_scaling_method': 'standard', 'imputer__knn_neighbors': 30, 'imputer__iterative_max_iter': 10, 'imputer__imputation_method': 'simple'}",0.9139017244655269,0.9139017244655269,0.0,37
67,8.758036375045776,0.0,10.028656721115112,0.0,minmax,3.0,LOF,50,euclidean,1.0,200,0.03,0.05,median,robust,8,20,iterative,"{'scaler__scaler_name': 'minmax', 'outlier_remover__threshold': 3, 'outlier_remover__outlier_method': 'LOF', 'outlier_remover__n_neighbors': 50, 'outlier_remover__metric_LOF': 'euclidean', 'outlier_remover__max_samples_IF': 1.0, 'outlier_remover__estimators_IF': 200, 'outlier_remover__contamination_LOF': 0.03, 'outlier_remover__contamination_IF': 0.05, 'imputer__simple_strategy_num': 'median', 'imputer__knn_scaling_method': 'robust', 'imputer__knn_neighbors': 8, 'imputer__iterative_max_iter': 20, 'imputer__imputation_method': 'iterative'}",0.6366941574942347,0.6366941574942347,0.0,193
68,7.75881290435791,0.0,8.46652603149414,0.0,minmax,2.5,z_score,30,chebyshev,0.5,100,0.25,0.01,mean,robust,11,10,simple,"{'scaler__scaler_name': 'minmax', 'outlier_remover__threshold': 2.5, 'outlier_remover__outlier_method': 'z_score', 'outlier_remover__n_neighbors': 30, 'outlier_remover__metric_LOF': 'chebyshev', 'outlier_remover__max_samples_IF': 0.5, 'outlier_remover__estimators_IF': 100, 'outlier_remover__contamination_LOF': 0.25, 'outlier_remover__contamination_IF': 0.01, 'imputer__simple_strategy_num': 'mean', 'imputer__knn_scaling_method': 'robust', 'imputer__knn_neighbors': 11, 'imputer__iterative_max_iter': 10, 'imputer__imputation_method': 'simple'}",0.8783180624483305,0.8783180624483305,0.0,76
69,13.107936143875122,0.0,17.007155179977417,0.0,standard,2.0,Isolation_Forest,20,minkowski,0.5,200,0.01,0.05,median,minmax,28,50,knn,"{'scaler__scaler_name': 'standard', 'outlier_remover__threshold': 2, 'outlier_remover__outlier_method': 'Isolation_Forest', 'outlier_remover__n_neighbors': 20, 'outlier_remover__metric_LOF': 'minkowski', 'outlier_remover__max_samples_IF': 0.5, 'outlier_remover__estimators_IF': 200, 'outlier_remover__contamination_LOF': 0.01, 'outlier_remover__contamination_IF': 0.05, 'imputer__simple_strategy_num': 'median', 'imputer__knn_scaling_method': 'minmax', 'imputer__knn_neighbors': 28, 'imputer__iterative_max_iter': 50, 'imputer__imputation_method': 'knn'}",0.8762438553761023,0.8762438553761023,0.0,82
70,6.684672832489014,0.0,9.553525924682617,0.0,standard,4.0,z_score,5,manhattan,0.5,100,0.05,0.3,median,robust,4,10,iterative,"{'scaler__scaler_name': 'standard', 'outlier_remover__threshold': 4, 'outlier_remover__outlier_method': 'z_score', 'outlier_remover__n_neighbors': 5, 'outlier_remover__metric_LOF': 'manhattan', 'outlier_remover__max_samples_IF': 0.5, 'outlier_remover__estimators_IF': 100, 'outlier_remover__contamination_LOF': 0.05, 'outlier_remover__contamination_IF': 0.3, 'imputer__simple_strategy_num': 'median', 'imputer__knn_scaling_method': 'robust', 'imputer__knn_neighbors': 4, 'imputer__iterative_max_iter': 10, 'imputer__imputation_method': 'iterative'}",0.6402163948673922,0.6402163948673922,0.0,188
71,6.3333470821380615,0.0,9.299072027206421,0.0,standard,3.0,z_score,90,chebyshev,auto,50,0.05,0.03,mean,robust,10,50,simple,"{'scaler__scaler_name': 'standard', 'outlier_remover__threshold': 3, 'outlier_remover__outlier_method': 'z_score', 'outlier_remover__n_neighbors': 90, 'outlier_remover__metric_LOF': 'chebyshev', 'outlier_remover__max_samples_IF': 'auto', 'outlier_remover__estimators_IF': 50, 'outlier_remover__contamination_LOF': 0.05, 'outlier_remover__contamination_IF': 0.03, 'imputer__simple_strategy_num': 'mean', 'imputer__knn_scaling_method': 'robust', 'imputer__knn_neighbors': 10, 'imputer__iterative_max_iter': 50, 'imputer__imputation_method': 'simple'}",0.8806448210299813,0.8806448210299813,0.0,72
72,16.539607048034668,0.0,20.066367864608765,0.0,robust,2.0,LOF,5,chebyshev,0.7,50,0.5,0.25,mean,robust,4,50,knn,"{'scaler__scaler_name': 'robust', 'outlier_remover__threshold': 2, 'outlier_remover__outlier_method': 'LOF', 'outlier_remover__n_neighbors': 5, 'outlier_remover__metric_LOF': 'chebyshev', 'outlier_remover__max_samples_IF': 0.7, 'outlier_remover__estimators_IF': 50, 'outlier_remover__contamination_LOF': 0.5, 'outlier_remover__contamination_IF': 0.25, 'imputer__simple_strategy_num': 'mean', 'imputer__knn_scaling_method': 'robust', 'imputer__knn_neighbors': 4, 'imputer__iterative_max_iter': 50, 'imputer__imputation_method': 'knn'}",0.9055586200121519,0.9055586200121519,0.0,46
73,7.420705080032349,0.0,8.917123079299927,0.0,robust,4.0,z_score,50,chebyshev,0.7,150,0.05,0.25,median,robust,21,50,simple,"{'scaler__scaler_name': 'robust', 'outlier_remover__threshold': 4, 'outlier_remover__outlier_method': 'z_score', 'outlier_remover__n_neighbors': 50, 'outlier_remover__metric_LOF': 'chebyshev', 'outlier_remover__max_samples_IF': 0.7, 'outlier_remover__estimators_IF': 150, 'outlier_remover__contamination_LOF': 0.05, 'outlier_remover__contamination_IF': 0.25, 'imputer__simple_strategy_num': 'median', 'imputer__knn_scaling_method': 'robust', 'imputer__knn_neighbors': 21, 'imputer__iterative_max_iter': 50, 'imputer__imputation_method': 'simple'}",0.8279374905554103,0.8279374905554103,0.0,120
74,15.782340049743652,0.0,16.706931114196777,0.0,minmax,2.0,LOF,30,manhattan,auto,100,0.5,0.3,median,robust,3,10,knn,"{'scaler__scaler_name': 'minmax', 'outlier_remover__threshold': 2, 'outlier_remover__outlier_method': 'LOF', 'outlier_remover__n_neighbors': 30, 'outlier_remover__metric_LOF': 'manhattan', 'outlier_remover__max_samples_IF': 'auto', 'outlier_remover__estimators_IF': 100, 'outlier_remover__contamination_LOF': 0.5, 'outlier_remover__contamination_IF': 0.3, 'imputer__simple_strategy_num': 'median', 'imputer__knn_scaling_method': 'robust', 'imputer__knn_neighbors': 3, 'imputer__iterative_max_iter': 10, 'imputer__imputation_method': 'knn'}",0.9086063298824981,0.9086063298824981,0.0,42
75,6.518537998199463,0.0,8.711682796478271,0.0,standard,3.5,Isolation_Forest,100,chebyshev,auto,50,0.03,0.25,median,minmax,16,20,iterative,"{'scaler__scaler_name': 'standard', 'outlier_remover__threshold': 3.5, 'outlier_remover__outlier_method': 'Isolation_Forest', 'outlier_remover__n_neighbors': 100, 'outlier_remover__metric_LOF': 'chebyshev', 'outlier_remover__max_samples_IF': 'auto', 'outlier_remover__estimators_IF': 50, 'outlier_remover__contamination_LOF': 0.03, 'outlier_remover__contamination_IF': 0.25, 'imputer__simple_strategy_num': 'median', 'imputer__knn_scaling_method': 'minmax', 'imputer__knn_neighbors': 16, 'imputer__iterative_max_iter': 20, 'imputer__imputation_method': 'iterative'}",0.7747908537816964,0.7747908537816964,0.0,143
76,5.769958019256592,0.0,8.308187007904053,0.0,standard,3.5,Isolation_Forest,100,euclidean,1.0,150,0.03,0.5,mean,robust,26,5,simple,"{'scaler__scaler_name': 'standard', 'outlier_remover__threshold': 3.5, 'outlier_remover__outlier_method': 'Isolation_Forest', 'outlier_remover__n_neighbors': 100, 'outlier_remover__metric_LOF': 'euclidean', 'outlier_remover__max_samples_IF': 1.0, 'outlier_remover__estimators_IF': 150, 'outlier_remover__contamination_LOF': 0.03, 'outlier_remover__contamination_IF': 0.5, 'imputer__simple_strategy_num': 'mean', 'imputer__knn_scaling_method': 'robust', 'imputer__knn_neighbors': 26, 'imputer__iterative_max_iter': 5, 'imputer__imputation_method': 'simple'}",0.9455841570641561,0.9455841570641561,0.0,6
77,11.017505168914795,0.0,15.519230842590332,0.0,minmax,3.5,z_score,70,minkowski,0.5,100,0.3,0.05,median,standard,17,50,knn,"{'scaler__scaler_name': 'minmax', 'outlier_remover__threshold': 3.5, 'outlier_remover__outlier_method': 'z_score', 'outlier_remover__n_neighbors': 70, 'outlier_remover__metric_LOF': 'minkowski', 'outlier_remover__max_samples_IF': 0.5, 'outlier_remover__estimators_IF': 100, 'outlier_remover__contamination_LOF': 0.3, 'outlier_remover__contamination_IF': 0.05, 'imputer__simple_strategy_num': 'median', 'imputer__knn_scaling_method': 'standard', 'imputer__knn_neighbors': 17, 'imputer__iterative_max_iter': 50, 'imputer__imputation_method': 'knn'}",0.8317426099106296,0.8317426099106296,0.0,117
78,7.927248239517212,0.0,11.36570692062378,0.0,robust,2.0,LOF,70,euclidean,0.7,150,0.03,0.01,median,minmax,26,5,simple,"{'scaler__scaler_name': 'robust', 'outlier_remover__threshold': 2, 'outlier_remover__outlier_method': 'LOF', 'outlier_remover__n_neighbors': 70, 'outlier_remover__metric_LOF': 'euclidean', 'outlier_remover__max_samples_IF': 0.7, 'outlier_remover__estimators_IF': 150, 'outlier_remover__contamination_LOF': 0.03, 'outlier_remover__contamination_IF': 0.01, 'imputer__simple_strategy_num': 'median', 'imputer__knn_scaling_method': 'minmax', 'imputer__knn_neighbors': 26, 'imputer__iterative_max_iter': 5, 'imputer__imputation_method': 'simple'}",0.8889723103892498,0.8889723103892498,0.0,61
79,8.245337724685669,0.0,8.975789070129395,0.0,standard,2.0,Isolation_Forest,5,euclidean,1.0,50,0.1,0.05,mean,robust,27,20,simple,"{'scaler__scaler_name': 'standard', 'outlier_remover__threshold': 2, 'outlier_remover__outlier_method': 'Isolation_Forest', 'outlier_remover__n_neighbors': 5, 'outlier_remover__metric_LOF': 'euclidean', 'outlier_remover__max_samples_IF': 1.0, 'outlier_remover__estimators_IF': 50, 'outlier_remover__contamination_LOF': 0.1, 'outlier_remover__contamination_IF': 0.05, 'imputer__simple_strategy_num': 'mean', 'imputer__knn_scaling_method': 'robust', 'imputer__knn_neighbors': 27, 'imputer__iterative_max_iter': 20, 'imputer__imputation_method': 'simple'}",0.8761654583721605,0.8761654583721605,0.0,83
80,8.50593090057373,0.0,9.987035274505615,0.0,minmax,4.0,LOF,5,minkowski,0.5,200,0.1,0.03,mean,standard,6,50,iterative,"{'scaler__scaler_name': 'minmax', 'outlier_remover__threshold': 4, 'outlier_remover__outlier_method': 'LOF', 'outlier_remover__n_neighbors': 5, 'outlier_remover__metric_LOF': 'minkowski', 'outlier_remover__max_samples_IF': 0.5, 'outlier_remover__estimators_IF': 200, 'outlier_remover__contamination_LOF': 0.1, 'outlier_remover__contamination_IF': 0.03, 'imputer__simple_strategy_num': 'mean', 'imputer__knn_scaling_method': 'standard', 'imputer__knn_neighbors': 6, 'imputer__iterative_max_iter': 50, 'imputer__imputation_method': 'iterative'}",0.6668299043226485,0.6668299043226485,0.0,179
81,7.343986988067627,0.0,9.112536191940308,0.0,minmax,3.5,LOF,30,minkowski,1.0,200,0.03,0.05,mean,robust,20,50,simple,"{'scaler__scaler_name': 'minmax', 'outlier_remover__threshold': 3.5, 'outlier_remover__outlier_method': 'LOF', 'outlier_remover__n_neighbors': 30, 'outlier_remover__metric_LOF': 'minkowski', 'outlier_remover__max_samples_IF': 1.0, 'outlier_remover__estimators_IF': 200, 'outlier_remover__contamination_LOF': 0.03, 'outlier_remover__contamination_IF': 0.05, 'imputer__simple_strategy_num': 'mean', 'imputer__knn_scaling_method': 'robust', 'imputer__knn_neighbors': 20, 'imputer__iterative_max_iter': 50, 'imputer__imputation_method': 'simple'}",0.8664692594097002,0.8664692594097002,0.0,90
82,10.16780972480774,0.0,12.85793423652649,0.0,robust,3.0,LOF,70,manhattan,0.5,200,0.03,0.5,mean,minmax,27,20,simple,"{'scaler__scaler_name': 'robust', 'outlier_remover__threshold': 3, 'outlier_remover__outlier_method': 'LOF', 'outlier_remover__n_neighbors': 70, 'outlier_remover__metric_LOF': 'manhattan', 'outlier_remover__max_samples_IF': 0.5, 'outlier_remover__estimators_IF': 200, 'outlier_remover__contamination_LOF': 0.03, 'outlier_remover__contamination_IF': 0.5, 'imputer__simple_strategy_num': 'mean', 'imputer__knn_scaling_method': 'minmax', 'imputer__knn_neighbors': 27, 'imputer__iterative_max_iter': 20, 'imputer__imputation_method': 'simple'}",0.8121748371065438,0.8121748371065438,0.0,130
83,11.902724981307983,0.0,14.786140203475952,0.0,robust,2.5,Isolation_Forest,90,euclidean,auto,200,0.05,0.15,mean,standard,29,10,knn,"{'scaler__scaler_name': 'robust', 'outlier_remover__threshold': 2.5, 'outlier_remover__outlier_method': 'Isolation_Forest', 'outlier_remover__n_neighbors': 90, 'outlier_remover__metric_LOF': 'euclidean', 'outlier_remover__max_samples_IF': 'auto', 'outlier_remover__estimators_IF': 200, 'outlier_remover__contamination_LOF': 0.05, 'outlier_remover__contamination_IF': 0.15, 'imputer__simple_strategy_num': 'mean', 'imputer__knn_scaling_method': 'standard', 'imputer__knn_neighbors': 29, 'imputer__iterative_max_iter': 10, 'imputer__imputation_method': 'knn'}",0.8644828234497643,0.8644828234497643,0.0,95
84,14.31934404373169,0.0,17.416043996810913,0.0,minmax,3.0,LOF,20,manhattan,0.5,200,0.15,0.5,mean,standard,11,50,knn,"{'scaler__scaler_name': 'minmax', 'outlier_remover__threshold': 3, 'outlier_remover__outlier_method': 'LOF', 'outlier_remover__n_neighbors': 20, 'outlier_remover__metric_LOF': 'manhattan', 'outlier_remover__max_samples_IF': 0.5, 'outlier_remover__estimators_IF': 200, 'outlier_remover__contamination_LOF': 0.15, 'outlier_remover__contamination_IF': 0.5, 'imputer__simple_strategy_num': 'mean', 'imputer__knn_scaling_method': 'standard', 'imputer__knn_neighbors': 11, 'imputer__iterative_max_iter': 50, 'imputer__imputation_method': 'knn'}",0.9167801921877148,0.9167801921877148,0.0,31
85,12.130517959594727,0.0,14.998039245605469,0.0,robust,3.5,LOF,70,chebyshev,auto,50,0.15,0.01,median,robust,7,10,simple,"{'scaler__scaler_name': 'robust', 'outlier_remover__threshold': 3.5, 'outlier_remover__outlier_method': 'LOF', 'outlier_remover__n_neighbors': 70, 'outlier_remover__metric_LOF': 'chebyshev', 'outlier_remover__max_samples_IF': 'auto', 'outlier_remover__estimators_IF': 50, 'outlier_remover__contamination_LOF': 0.15, 'outlier_remover__contamination_IF': 0.01, 'imputer__simple_strategy_num': 'median', 'imputer__knn_scaling_method': 'robust', 'imputer__knn_neighbors': 7, 'imputer__iterative_max_iter': 10, 'imputer__imputation_method': 'simple'}",0.8658281939230924,0.8658281939230924,0.0,92
86,12.68051028251648,0.0,17.076738834381104,0.0,standard,2.5,LOF,50,chebyshev,auto,50,0.03,0.03,median,robust,21,20,iterative,"{'scaler__scaler_name': 'standard', 'outlier_remover__threshold': 2.5, 'outlier_remover__outlier_method': 'LOF', 'outlier_remover__n_neighbors': 50, 'outlier_remover__metric_LOF': 'chebyshev', 'outlier_remover__max_samples_IF': 'auto', 'outlier_remover__estimators_IF': 50, 'outlier_remover__contamination_LOF': 0.03, 'outlier_remover__contamination_IF': 0.03, 'imputer__simple_strategy_num': 'median', 'imputer__knn_scaling_method': 'robust', 'imputer__knn_neighbors': 21, 'imputer__iterative_max_iter': 20, 'imputer__imputation_method': 'iterative'}",0.6487709238411531,0.6487709238411531,0.0,185
87,5.947665214538574,0.0,8.624391794204712,0.0,standard,2.5,Isolation_Forest,90,euclidean,auto,50,0.03,0.25,mean,robust,9,10,simple,"{'scaler__scaler_name': 'standard', 'outlier_remover__threshold': 2.5, 'outlier_remover__outlier_method': 'Isolation_Forest', 'outlier_remover__n_neighbors': 90, 'outlier_remover__metric_LOF': 'euclidean', 'outlier_remover__max_samples_IF': 'auto', 'outlier_remover__estimators_IF': 50, 'outlier_remover__contamination_LOF': 0.03, 'outlier_remover__contamination_IF': 0.25, 'imputer__simple_strategy_num': 'mean', 'imputer__knn_scaling_method': 'robust', 'imputer__knn_neighbors': 9, 'imputer__iterative_max_iter': 10, 'imputer__imputation_method': 'simple'}",0.9442469110092995,0.9442469110092995,0.0,8
88,7.572350025177002,0.0,11.452547073364258,0.0,standard,2.0,Isolation_Forest,90,euclidean,0.5,50,0.05,0.05,mean,standard,5,5,iterative,"{'scaler__scaler_name': 'standard', 'outlier_remover__threshold': 2, 'outlier_remover__outlier_method': 'Isolation_Forest', 'outlier_remover__n_neighbors': 90, 'outlier_remover__metric_LOF': 'euclidean', 'outlier_remover__max_samples_IF': 0.5, 'outlier_remover__estimators_IF': 50, 'outlier_remover__contamination_LOF': 0.05, 'outlier_remover__contamination_IF': 0.05, 'imputer__simple_strategy_num': 'mean', 'imputer__knn_scaling_method': 'standard', 'imputer__knn_neighbors': 5, 'imputer__iterative_max_iter': 5, 'imputer__imputation_method': 'iterative'}",0.6715856205005519,0.6715856205005519,0.0,178
89,9.65147590637207,0.0,11.48849630355835,0.0,robust,4.0,Isolation_Forest,90,chebyshev,0.7,150,0.15,0.05,median,minmax,22,50,iterative,"{'scaler__scaler_name': 'robust', 'outlier_remover__threshold': 4, 'outlier_remover__outlier_method': 'Isolation_Forest', 'outlier_remover__n_neighbors': 90, 'outlier_remover__metric_LOF': 'chebyshev', 'outlier_remover__max_samples_IF': 0.7, 'outlier_remover__estimators_IF': 150, 'outlier_remover__contamination_LOF': 0.15, 'outlier_remover__contamination_IF': 0.05, 'imputer__simple_strategy_num': 'median', 'imputer__knn_scaling_method': 'minmax', 'imputer__knn_neighbors': 22, 'imputer__iterative_max_iter': 50, 'imputer__imputation_method': 'iterative'}",0.6986865929750367,0.6986865929750367,0.0,160
90,9.601504802703857,0.0,11.275135040283203,0.0,minmax,2.0,LOF,70,euclidean,0.7,100,0.25,0.1,median,robust,18,50,iterative,"{'scaler__scaler_name': 'minmax', 'outlier_remover__threshold': 2, 'outlier_remover__outlier_method': 'LOF', 'outlier_remover__n_neighbors': 70, 'outlier_remover__metric_LOF': 'euclidean', 'outlier_remover__max_samples_IF': 0.7, 'outlier_remover__estimators_IF': 100, 'outlier_remover__contamination_LOF': 0.25, 'outlier_remover__contamination_IF': 0.1, 'imputer__simple_strategy_num': 'median', 'imputer__knn_scaling_method': 'robust', 'imputer__knn_neighbors': 18, 'imputer__iterative_max_iter': 50, 'imputer__imputation_method': 'iterative'}",0.7334038548533962,0.7334038548533962,0.0,150
91,6.963298082351685,0.0,8.499385833740234,0.0,minmax,2.5,LOF,10,minkowski,1.0,100,0.5,0.01,median,minmax,29,20,simple,"{'scaler__scaler_name': 'minmax', 'outlier_remover__threshold': 2.5, 'outlier_remover__outlier_method': 'LOF', 'outlier_remover__n_neighbors': 10, 'outlier_remover__metric_LOF': 'minkowski', 'outlier_remover__max_samples_IF': 1.0, 'outlier_remover__estimators_IF': 100, 'outlier_remover__contamination_LOF': 0.5, 'outlier_remover__contamination_IF': 0.01, 'imputer__simple_strategy_num': 'median', 'imputer__knn_scaling_method': 'minmax', 'imputer__knn_neighbors': 29, 'imputer__iterative_max_iter': 20, 'imputer__imputation_method': 'simple'}",0.9479727049653446,0.9479727049653446,0.0,5
92,12.30686092376709,0.0,15.304167985916138,0.0,minmax,4.0,z_score,5,chebyshev,auto,150,0.03,0.1,median,standard,28,50,knn,"{'scaler__scaler_name': 'minmax', 'outlier_remover__threshold': 4, 'outlier_remover__outlier_method': 'z_score', 'outlier_remover__n_neighbors': 5, 'outlier_remover__metric_LOF': 'chebyshev', 'outlier_remover__max_samples_IF': 'auto', 'outlier_remover__estimators_IF': 150, 'outlier_remover__contamination_LOF': 0.03, 'outlier_remover__contamination_IF': 0.1, 'imputer__simple_strategy_num': 'median', 'imputer__knn_scaling_method': 'standard', 'imputer__knn_neighbors': 28, 'imputer__iterative_max_iter': 50, 'imputer__imputation_method': 'knn'}",0.8477247506925293,0.8477247506925293,0.0,112
93,7.062321901321411,0.0,10.325402021408081,0.0,robust,4.0,z_score,5,chebyshev,0.7,200,0.3,0.25,median,robust,13,50,iterative,"{'scaler__scaler_name': 'robust', 'outlier_remover__threshold': 4, 'outlier_remover__outlier_method': 'z_score', 'outlier_remover__n_neighbors': 5, 'outlier_remover__metric_LOF': 'chebyshev', 'outlier_remover__max_samples_IF': 0.7, 'outlier_remover__estimators_IF': 200, 'outlier_remover__contamination_LOF': 0.3, 'outlier_remover__contamination_IF': 0.25, 'imputer__simple_strategy_num': 'median', 'imputer__knn_scaling_method': 'robust', 'imputer__knn_neighbors': 13, 'imputer__iterative_max_iter': 50, 'imputer__imputation_method': 'iterative'}",0.6452024154175362,0.6452024154175362,0.0,186
94,6.903481960296631,0.0,10.548295974731445,0.0,standard,3.5,Isolation_Forest,30,manhattan,auto,150,0.25,0.03,mean,robust,25,50,simple,"{'scaler__scaler_name': 'standard', 'outlier_remover__threshold': 3.5, 'outlier_remover__outlier_method': 'Isolation_Forest', 'outlier_remover__n_neighbors': 30, 'outlier_remover__metric_LOF': 'manhattan', 'outlier_remover__max_samples_IF': 'auto', 'outlier_remover__estimators_IF': 150, 'outlier_remover__contamination_LOF': 0.25, 'outlier_remover__contamination_IF': 0.03, 'imputer__simple_strategy_num': 'mean', 'imputer__knn_scaling_method': 'robust', 'imputer__knn_neighbors': 25, 'imputer__iterative_max_iter': 50, 'imputer__imputation_method': 'simple'}",0.892403966075031,0.892403966075031,0.0,59
95,10.46645998954773,0.0,12.168896913528442,0.0,standard,3.0,LOF,30,manhattan,0.5,100,0.3,0.1,mean,minmax,16,50,simple,"{'scaler__scaler_name': 'standard', 'outlier_remover__threshold': 3, 'outlier_remover__outlier_method': 'LOF', 'outlier_remover__n_neighbors': 30, 'outlier_remover__metric_LOF': 'manhattan', 'outlier_remover__max_samples_IF': 0.5, 'outlier_remover__estimators_IF': 100, 'outlier_remover__contamination_LOF': 0.3, 'outlier_remover__contamination_IF': 0.1, 'imputer__simple_strategy_num': 'mean', 'imputer__knn_scaling_method': 'minmax', 'imputer__knn_neighbors': 16, 'imputer__iterative_max_iter': 50, 'imputer__imputation_method': 'simple'}",0.9152094577643705,0.9152094577643705,0.0,34
96,6.576647758483887,0.0,9.026750087738037,0.0,robust,3.5,z_score,100,manhattan,auto,200,0.05,0.15,median,minmax,24,10,iterative,"{'scaler__scaler_name': 'robust', 'outlier_remover__threshold': 3.5, 'outlier_remover__outlier_method': 'z_score', 'outlier_remover__n_neighbors': 100, 'outlier_remover__metric_LOF': 'manhattan', 'outlier_remover__max_samples_IF': 'auto', 'outlier_remover__estimators_IF': 200, 'outlier_remover__contamination_LOF': 0.05, 'outlier_remover__contamination_IF': 0.15, 'imputer__simple_strategy_num': 'median', 'imputer__knn_scaling_method': 'minmax', 'imputer__knn_neighbors': 24, 'imputer__iterative_max_iter': 10, 'imputer__imputation_method': 'iterative'}",0.6825951018452444,0.6825951018452444,0.0,172
97,7.332005739212036,0.0,9.841177225112915,0.0,robust,3.5,Isolation_Forest,100,chebyshev,0.7,200,0.1,0.03,mean,robust,28,5,simple,"{'scaler__scaler_name': 'robust', 'outlier_remover__threshold': 3.5, 'outlier_remover__outlier_method': 'Isolation_Forest', 'outlier_remover__n_neighbors': 100, 'outlier_remover__metric_LOF': 'chebyshev', 'outlier_remover__max_samples_IF': 0.7, 'outlier_remover__estimators_IF': 200, 'outlier_remover__contamination_LOF': 0.1, 'outlier_remover__contamination_IF': 0.03, 'imputer__simple_strategy_num': 'mean', 'imputer__knn_scaling_method': 'robust', 'imputer__knn_neighbors': 28, 'imputer__iterative_max_iter': 5, 'imputer__imputation_method': 'simple'}",0.8126816136405293,0.8126816136405293,0.0,129
98,6.323879241943359,0.0,8.748925924301147,0.0,minmax,2.5,z_score,100,manhattan,auto,50,0.15,0.1,median,robust,8,5,iterative,"{'scaler__scaler_name': 'minmax', 'outlier_remover__threshold': 2.5, 'outlier_remover__outlier_method': 'z_score', 'outlier_remover__n_neighbors': 100, 'outlier_remover__metric_LOF': 'manhattan', 'outlier_remover__max_samples_IF': 'auto', 'outlier_remover__estimators_IF': 50, 'outlier_remover__contamination_LOF': 0.15, 'outlier_remover__contamination_IF': 0.1, 'imputer__simple_strategy_num': 'median', 'imputer__knn_scaling_method': 'robust', 'imputer__knn_neighbors': 8, 'imputer__iterative_max_iter': 5, 'imputer__imputation_method': 'iterative'}",0.7047358185120131,0.7047358185120131,0.0,156
99,6.625621795654297,0.0,9.947220087051392,0.0,standard,3.0,z_score,5,chebyshev,0.5,50,0.1,0.3,mean,standard,11,50,simple,"{'scaler__scaler_name': 'standard', 'outlier_remover__threshold': 3, 'outlier_remover__outlier_method': 'z_score', 'outlier_remover__n_neighbors': 5, 'outlier_remover__metric_LOF': 'chebyshev', 'outlier_remover__max_samples_IF': 0.5, 'outlier_remover__estimators_IF': 50, 'outlier_remover__contamination_LOF': 0.1, 'outlier_remover__contamination_IF': 0.3, 'imputer__simple_strategy_num': 'mean', 'imputer__knn_scaling_method': 'standard', 'imputer__knn_neighbors': 11, 'imputer__iterative_max_iter': 50, 'imputer__imputation_method': 'simple'}",0.8806448210299813,0.8806448210299813,0.0,72
100,7.79926609992981,0.0,9.512010097503662,0.0,robust,3.0,LOF,20,minkowski,auto,100,0.25,0.01,mean,robust,10,50,simple,"{'scaler__scaler_name': 'robust', 'outlier_remover__threshold': 3, 'outlier_remover__outlier_method': 'LOF', 'outlier_remover__n_neighbors': 20, 'outlier_remover__metric_LOF': 'minkowski', 'outlier_remover__max_samples_IF': 'auto', 'outlier_remover__estimators_IF': 100, 'outlier_remover__contamination_LOF': 0.25, 'outlier_remover__contamination_IF': 0.01, 'imputer__simple_strategy_num': 'mean', 'imputer__knn_scaling_method': 'robust', 'imputer__knn_neighbors': 10, 'imputer__iterative_max_iter': 50, 'imputer__imputation_method': 'simple'}",0.8585173173373848,0.8585173173373848,0.0,101
101,14.061602115631104,0.0,14.961513042449951,0.0,minmax,2.5,LOF,30,euclidean,0.5,50,0.1,0.5,median,minmax,15,10,knn,"{'scaler__scaler_name': 'minmax', 'outlier_remover__threshold': 2.5, 'outlier_remover__outlier_method': 'LOF', 'outlier_remover__n_neighbors': 30, 'outlier_remover__metric_LOF': 'euclidean', 'outlier_remover__max_samples_IF': 0.5, 'outlier_remover__estimators_IF': 50, 'outlier_remover__contamination_LOF': 0.1, 'outlier_remover__contamination_IF': 0.5, 'imputer__simple_strategy_num': 'median', 'imputer__knn_scaling_method': 'minmax', 'imputer__knn_neighbors': 15, 'imputer__iterative_max_iter': 10, 'imputer__imputation_method': 'knn'}",0.9278223583790177,0.9278223583790177,0.0,24
102,8.045497179031372,0.0,9.16427493095398,0.0,minmax,4.0,z_score,10,chebyshev,1.0,100,0.3,0.05,mean,standard,5,20,iterative,"{'scaler__scaler_name': 'minmax', 'outlier_remover__threshold': 4, 'outlier_remover__outlier_method': 'z_score', 'outlier_remover__n_neighbors': 10, 'outlier_remover__metric_LOF': 'chebyshev', 'outlier_remover__max_samples_IF': 1.0, 'outlier_remover__estimators_IF': 100, 'outlier_remover__contamination_LOF': 0.3, 'outlier_remover__contamination_IF': 0.05, 'imputer__simple_strategy_num': 'mean', 'imputer__knn_scaling_method': 'standard', 'imputer__knn_neighbors': 5, 'imputer__iterative_max_iter': 20, 'imputer__imputation_method': 'iterative'}",0.5784657699710986,0.5784657699710986,0.0,198
103,11.967381000518799,0.0,15.907159090042114,0.0,robust,2.5,z_score,20,euclidean,1.0,200,0.05,0.03,mean,minmax,4,50,knn,"{'scaler__scaler_name': 'robust', 'outlier_remover__threshold': 2.5, 'outlier_remover__outlier_method': 'z_score', 'outlier_remover__n_neighbors': 20, 'outlier_remover__metric_LOF': 'euclidean', 'outlier_remover__max_samples_IF': 1.0, 'outlier_remover__estimators_IF': 200, 'outlier_remover__contamination_LOF': 0.05, 'outlier_remover__contamination_IF': 0.03, 'imputer__simple_strategy_num': 'mean', 'imputer__knn_scaling_method': 'minmax', 'imputer__knn_neighbors': 4, 'imputer__iterative_max_iter': 50, 'imputer__imputation_method': 'knn'}",0.760590391987756,0.760590391987756,0.0,147
104,18.786755084991455,0.0,20.17205309867859,0.0,robust,3.5,LOF,30,chebyshev,0.7,100,0.05,0.03,median,robust,25,10,knn,"{'scaler__scaler_name': 'robust', 'outlier_remover__threshold': 3.5, 'outlier_remover__outlier_method': 'LOF', 'outlier_remover__n_neighbors': 30, 'outlier_remover__metric_LOF': 'chebyshev', 'outlier_remover__max_samples_IF': 0.7, 'outlier_remover__estimators_IF': 100, 'outlier_remover__contamination_LOF': 0.05, 'outlier_remover__contamination_IF': 0.03, 'imputer__simple_strategy_num': 'median', 'imputer__knn_scaling_method': 'robust', 'imputer__knn_neighbors': 25, 'imputer__iterative_max_iter': 10, 'imputer__imputation_method': 'knn'}",0.9088293020246792,0.9088293020246792,0.0,41
105,6.976062297821045,0.0,10.829540729522705,0.0,minmax,3.0,Isolation_Forest,10,minkowski,0.7,100,0.25,0.05,mean,minmax,18,50,iterative,"{'scaler__scaler_name': 'minmax', 'outlier_remover__threshold': 3, 'outlier_remover__outlier_method': 'Isolation_Forest', 'outlier_remover__n_neighbors': 10, 'outlier_remover__metric_LOF': 'minkowski', 'outlier_remover__max_samples_IF': 0.7, 'outlier_remover__estimators_IF': 100, 'outlier_remover__contamination_LOF': 0.25, 'outlier_remover__contamination_IF': 0.05, 'imputer__simple_strategy_num': 'mean', 'imputer__knn_scaling_method': 'minmax', 'imputer__knn_neighbors': 18, 'imputer__iterative_max_iter': 50, 'imputer__imputation_method': 'iterative'}",0.6352347576596098,0.6352347576596098,0.0,194
106,17.92232608795166,0.0,20.383330821990967,0.0,robust,2.5,LOF,100,manhattan,0.5,150,0.01,0.05,median,minmax,27,50,knn,"{'scaler__scaler_name': 'robust', 'outlier_remover__threshold': 2.5, 'outlier_remover__outlier_method': 'LOF', 'outlier_remover__n_neighbors': 100, 'outlier_remover__metric_LOF': 'manhattan', 'outlier_remover__max_samples_IF': 0.5, 'outlier_remover__estimators_IF': 150, 'outlier_remover__contamination_LOF': 0.01, 'outlier_remover__contamination_IF': 0.05, 'imputer__simple_strategy_num': 'median', 'imputer__knn_scaling_method': 'minmax', 'imputer__knn_neighbors': 27, 'imputer__iterative_max_iter': 50, 'imputer__imputation_method': 'knn'}",0.9162324291251857,0.9162324291251857,0.0,33
107,13.163470983505249,0.0,16.62450098991394,0.0,minmax,2.0,LOF,90,chebyshev,1.0,50,0.03,0.25,median,robust,7,20,iterative,"{'scaler__scaler_name': 'minmax', 'outlier_remover__threshold': 2, 'outlier_remover__outlier_method': 'LOF', 'outlier_remover__n_neighbors': 90, 'outlier_remover__metric_LOF': 'chebyshev', 'outlier_remover__max_samples_IF': 1.0, 'outlier_remover__estimators_IF': 50, 'outlier_remover__contamination_LOF': 0.03, 'outlier_remover__contamination_IF': 0.25, 'imputer__simple_strategy_num': 'median', 'imputer__knn_scaling_method': 'robust', 'imputer__knn_neighbors': 7, 'imputer__iterative_max_iter': 20, 'imputer__imputation_method': 'iterative'}",0.6489451150422245,0.6489451150422245,0.0,184
108,9.295416116714478,0.0,11.520985126495361,0.0,robust,3.5,LOF,20,manhattan,0.5,50,0.5,0.15,mean,minmax,28,5,simple,"{'scaler__scaler_name': 'robust', 'outlier_remover__threshold': 3.5, 'outlier_remover__outlier_method': 'LOF', 'outlier_remover__n_neighbors': 20, 'outlier_remover__metric_LOF': 'manhattan', 'outlier_remover__max_samples_IF': 0.5, 'outlier_remover__estimators_IF': 50, 'outlier_remover__contamination_LOF': 0.5, 'outlier_remover__contamination_IF': 0.15, 'imputer__simple_strategy_num': 'mean', 'imputer__knn_scaling_method': 'minmax', 'imputer__knn_neighbors': 28, 'imputer__iterative_max_iter': 5, 'imputer__imputation_method': 'simple'}",0.9382486046778554,0.9382486046778554,0.0,12
109,7.717195749282837,0.0,8.938419103622437,0.0,standard,3.5,Isolation_Forest,70,chebyshev,0.7,150,0.3,0.25,median,robust,14,20,simple,"{'scaler__scaler_name': 'standard', 'outlier_remover__threshold': 3.5, 'outlier_remover__outlier_method': 'Isolation_Forest', 'outlier_remover__n_neighbors': 70, 'outlier_remover__metric_LOF': 'chebyshev', 'outlier_remover__max_samples_IF': 0.7, 'outlier_remover__estimators_IF': 150, 'outlier_remover__contamination_LOF': 0.3, 'outlier_remover__contamination_IF': 0.25, 'imputer__simple_strategy_num': 'median', 'imputer__knn_scaling_method': 'robust', 'imputer__knn_neighbors': 14, 'imputer__iterative_max_iter': 20, 'imputer__imputation_method': 'simple'}",0.938394365157293,0.938394365157293,0.0,10
110,13.246711254119873,0.0,14.33584976196289,0.0,robust,3.5,z_score,30,euclidean,0.7,200,0.1,0.3,median,minmax,26,10,knn,"{'scaler__scaler_name': 'robust', 'outlier_remover__threshold': 3.5, 'outlier_remover__outlier_method': 'z_score', 'outlier_remover__n_neighbors': 30, 'outlier_remover__metric_LOF': 'euclidean', 'outlier_remover__max_samples_IF': 0.7, 'outlier_remover__estimators_IF': 200, 'outlier_remover__contamination_LOF': 0.1, 'outlier_remover__contamination_IF': 0.3, 'imputer__simple_strategy_num': 'median', 'imputer__knn_scaling_method': 'minmax', 'imputer__knn_neighbors': 26, 'imputer__iterative_max_iter': 10, 'imputer__imputation_method': 'knn'}",0.8098506376561365,0.8098506376561365,0.0,131
111,11.796818971633911,0.0,15.412607908248901,0.0,standard,3.0,LOF,90,minkowski,auto,200,0.5,0.15,median,minmax,10,50,knn,"{'scaler__scaler_name': 'standard', 'outlier_remover__threshold': 3, 'outlier_remover__outlier_method': 'LOF', 'outlier_remover__n_neighbors': 90, 'outlier_remover__metric_LOF': 'minkowski', 'outlier_remover__max_samples_IF': 'auto', 'outlier_remover__estimators_IF': 200, 'outlier_remover__contamination_LOF': 0.5, 'outlier_remover__contamination_IF': 0.15, 'imputer__simple_strategy_num': 'median', 'imputer__knn_scaling_method': 'minmax', 'imputer__knn_neighbors': 10, 'imputer__iterative_max_iter': 50, 'imputer__imputation_method': 'knn'}",0.8497345509887544,0.8497345509887544,0.0,108
112,6.890040874481201,0.0,9.497495174407959,0.0,robust,3.0,Isolation_Forest,50,euclidean,auto,50,0.05,0.03,median,minmax,10,10,simple,"{'scaler__scaler_name': 'robust', 'outlier_remover__threshold': 3, 'outlier_remover__outlier_method': 'Isolation_Forest', 'outlier_remover__n_neighbors': 50, 'outlier_remover__metric_LOF': 'euclidean', 'outlier_remover__max_samples_IF': 'auto', 'outlier_remover__estimators_IF': 50, 'outlier_remover__contamination_LOF': 0.05, 'outlier_remover__contamination_IF': 0.03, 'imputer__simple_strategy_num': 'median', 'imputer__knn_scaling_method': 'minmax', 'imputer__knn_neighbors': 10, 'imputer__iterative_max_iter': 10, 'imputer__imputation_method': 'simple'}",0.8450266896379078,0.8450266896379078,0.0,113
113,10.46387791633606,0.0,13.143308162689209,0.0,standard,4.0,LOF,50,manhattan,1.0,100,0.3,0.05,median,minmax,18,10,iterative,"{'scaler__scaler_name': 'standard', 'outlier_remover__threshold': 4, 'outlier_remover__outlier_method': 'LOF', 'outlier_remover__n_neighbors': 50, 'outlier_remover__metric_LOF': 'manhattan', 'outlier_remover__max_samples_IF': 1.0, 'outlier_remover__estimators_IF': 100, 'outlier_remover__contamination_LOF': 0.3, 'outlier_remover__contamination_IF': 0.05, 'imputer__simple_strategy_num': 'median', 'imputer__knn_scaling_method': 'minmax', 'imputer__knn_neighbors': 18, 'imputer__iterative_max_iter': 10, 'imputer__imputation_method': 'iterative'}",0.7805142386507066,0.7805142386507066,0.0,141
114,6.4081871509552,0.0,9.975086688995361,0.0,minmax,3.0,Isolation_Forest,30,chebyshev,0.5,50,0.15,0.25,mean,robust,15,5,iterative,"{'scaler__scaler_name': 'minmax', 'outlier_remover__threshold': 3, 'outlier_remover__outlier_method': 'Isolation_Forest', 'outlier_remover__n_neighbors': 30, 'outlier_remover__metric_LOF': 'chebyshev', 'outlier_remover__max_samples_IF': 0.5, 'outlier_remover__estimators_IF': 50, 'outlier_remover__contamination_LOF': 0.15, 'outlier_remover__contamination_IF': 0.25, 'imputer__simple_strategy_num': 'mean', 'imputer__knn_scaling_method': 'robust', 'imputer__knn_neighbors': 15, 'imputer__iterative_max_iter': 5, 'imputer__imputation_method': 'iterative'}",0.724058833940723,0.724058833940723,0.0,152
115,5.892398118972778,0.0,9.52022910118103,0.0,minmax,4.0,z_score,50,euclidean,0.7,150,0.5,0.03,mean,robust,7,20,simple,"{'scaler__scaler_name': 'minmax', 'outlier_remover__threshold': 4, 'outlier_remover__outlier_method': 'z_score', 'outlier_remover__n_neighbors': 50, 'outlier_remover__metric_LOF': 'euclidean', 'outlier_remover__max_samples_IF': 0.7, 'outlier_remover__estimators_IF': 150, 'outlier_remover__contamination_LOF': 0.5, 'outlier_remover__contamination_IF': 0.03, 'imputer__simple_strategy_num': 'mean', 'imputer__knn_scaling_method': 'robust', 'imputer__knn_neighbors': 7, 'imputer__iterative_max_iter': 20, 'imputer__imputation_method': 'simple'}",0.8764999194463862,0.8764999194463862,0.0,79
116,12.705807209014893,0.0,13.95124888420105,0.0,standard,4.0,Isolation_Forest,90,chebyshev,auto,50,0.15,0.15,mean,standard,11,50,knn,"{'scaler__scaler_name': 'standard', 'outlier_remover__threshold': 4, 'outlier_remover__outlier_method': 'Isolation_Forest', 'outlier_remover__n_neighbors': 90, 'outlier_remover__metric_LOF': 'chebyshev', 'outlier_remover__max_samples_IF': 'auto', 'outlier_remover__estimators_IF': 50, 'outlier_remover__contamination_LOF': 0.15, 'outlier_remover__contamination_IF': 0.15, 'imputer__simple_strategy_num': 'mean', 'imputer__knn_scaling_method': 'standard', 'imputer__knn_neighbors': 11, 'imputer__iterative_max_iter': 50, 'imputer__imputation_method': 'knn'}",0.9061259510537275,0.9061259510537275,0.0,44
117,11.90630292892456,0.0,13.158925771713257,0.0,robust,3.0,Isolation_Forest,90,chebyshev,0.7,100,0.01,0.5,median,robust,20,5,knn,"{'scaler__scaler_name': 'robust', 'outlier_remover__threshold': 3, 'outlier_remover__outlier_method': 'Isolation_Forest', 'outlier_remover__n_neighbors': 90, 'outlier_remover__metric_LOF': 'chebyshev', 'outlier_remover__max_samples_IF': 0.7, 'outlier_remover__estimators_IF': 100, 'outlier_remover__contamination_LOF': 0.01, 'outlier_remover__contamination_IF': 0.5, 'imputer__simple_strategy_num': 'median', 'imputer__knn_scaling_method': 'robust', 'imputer__knn_neighbors': 20, 'imputer__iterative_max_iter': 5, 'imputer__imputation_method': 'knn'}",0.929772912757271,0.929772912757271,0.0,22
118,6.969992160797119,0.0,8.85169792175293,0.0,robust,4.0,Isolation_Forest,70,manhattan,0.7,200,0.05,0.25,mean,standard,4,5,simple,"{'scaler__scaler_name': 'robust', 'outlier_remover__threshold': 4, 'outlier_remover__outlier_method': 'Isolation_Forest', 'outlier_remover__n_neighbors': 70, 'outlier_remover__metric_LOF': 'manhattan', 'outlier_remover__max_samples_IF': 0.7, 'outlier_remover__estimators_IF': 200, 'outlier_remover__contamination_LOF': 0.05, 'outlier_remover__contamination_IF': 0.25, 'imputer__simple_strategy_num': 'mean', 'imputer__knn_scaling_method': 'standard', 'imputer__knn_neighbors': 4, 'imputer__iterative_max_iter': 5, 'imputer__imputation_method': 'simple'}",0.9302016300747237,0.9302016300747237,0.0,19
119,13.521836996078491,0.0,16.605979919433594,0.0,minmax,3.0,LOF,30,manhattan,0.5,100,0.5,0.03,median,standard,24,10,knn,"{'scaler__scaler_name': 'minmax', 'outlier_remover__threshold': 3, 'outlier_remover__outlier_method': 'LOF', 'outlier_remover__n_neighbors': 30, 'outlier_remover__metric_LOF': 'manhattan', 'outlier_remover__max_samples_IF': 0.5, 'outlier_remover__estimators_IF': 100, 'outlier_remover__contamination_LOF': 0.5, 'outlier_remover__contamination_IF': 0.03, 'imputer__simple_strategy_num': 'median', 'imputer__knn_scaling_method': 'standard', 'imputer__knn_neighbors': 24, 'imputer__iterative_max_iter': 10, 'imputer__imputation_method': 'knn'}",0.8862181269560864,0.8862181269560864,0.0,67
120,6.511646032333374,0.0,8.146677017211914,0.0,minmax,4.0,z_score,90,chebyshev,0.5,50,0.25,0.05,mean,robust,13,5,simple,"{'scaler__scaler_name': 'minmax', 'outlier_remover__threshold': 4, 'outlier_remover__outlier_method': 'z_score', 'outlier_remover__n_neighbors': 90, 'outlier_remover__metric_LOF': 'chebyshev', 'outlier_remover__max_samples_IF': 0.5, 'outlier_remover__estimators_IF': 50, 'outlier_remover__contamination_LOF': 0.25, 'outlier_remover__contamination_IF': 0.05, 'imputer__simple_strategy_num': 'mean', 'imputer__knn_scaling_method': 'robust', 'imputer__knn_neighbors': 13, 'imputer__iterative_max_iter': 5, 'imputer__imputation_method': 'simple'}",0.8764999194463862,0.8764999194463862,0.0,79
121,6.552501916885376,0.0,9.556707859039307,0.0,robust,3.0,Isolation_Forest,100,euclidean,0.7,50,0.05,0.3,median,minmax,29,5,iterative,"{'scaler__scaler_name': 'robust', 'outlier_remover__threshold': 3, 'outlier_remover__outlier_method': 'Isolation_Forest', 'outlier_remover__n_neighbors': 100, 'outlier_remover__metric_LOF': 'euclidean', 'outlier_remover__max_samples_IF': 0.7, 'outlier_remover__estimators_IF': 50, 'outlier_remover__contamination_LOF': 0.05, 'outlier_remover__contamination_IF': 0.3, 'imputer__simple_strategy_num': 'median', 'imputer__knn_scaling_method': 'minmax', 'imputer__knn_neighbors': 29, 'imputer__iterative_max_iter': 5, 'imputer__imputation_method': 'iterative'}",0.7687172145298944,0.7687172145298944,0.0,145
122,11.054515838623047,0.0,14.090032815933228,0.0,minmax,2.0,z_score,30,manhattan,auto,100,0.01,0.3,median,standard,27,5,knn,"{'scaler__scaler_name': 'minmax', 'outlier_remover__threshold': 2, 'outlier_remover__outlier_method': 'z_score', 'outlier_remover__n_neighbors': 30, 'outlier_remover__metric_LOF': 'manhattan', 'outlier_remover__max_samples_IF': 'auto', 'outlier_remover__estimators_IF': 100, 'outlier_remover__contamination_LOF': 0.01, 'outlier_remover__contamination_IF': 0.3, 'imputer__simple_strategy_num': 'median', 'imputer__knn_scaling_method': 'standard', 'imputer__knn_neighbors': 27, 'imputer__iterative_max_iter': 5, 'imputer__imputation_method': 'knn'}",0.8197077932043497,0.8197077932043497,0.0,124
123,14.815171718597412,0.0,16.863900184631348,0.0,standard,3.0,LOF,50,manhattan,0.5,100,0.5,0.3,median,standard,10,10,knn,"{'scaler__scaler_name': 'standard', 'outlier_remover__threshold': 3, 'outlier_remover__outlier_method': 'LOF', 'outlier_remover__n_neighbors': 50, 'outlier_remover__metric_LOF': 'manhattan', 'outlier_remover__max_samples_IF': 0.5, 'outlier_remover__estimators_IF': 100, 'outlier_remover__contamination_LOF': 0.5, 'outlier_remover__contamination_IF': 0.3, 'imputer__simple_strategy_num': 'median', 'imputer__knn_scaling_method': 'standard', 'imputer__knn_neighbors': 10, 'imputer__iterative_max_iter': 10, 'imputer__imputation_method': 'knn'}",0.8583544478686458,0.8583544478686458,0.0,102
124,10.00411605834961,0.0,12.390186071395874,0.0,minmax,2.0,LOF,5,manhattan,0.7,100,0.03,0.3,median,robust,8,50,iterative,"{'scaler__scaler_name': 'minmax', 'outlier_remover__threshold': 2, 'outlier_remover__outlier_method': 'LOF', 'outlier_remover__n_neighbors': 5, 'outlier_remover__metric_LOF': 'manhattan', 'outlier_remover__max_samples_IF': 0.7, 'outlier_remover__estimators_IF': 100, 'outlier_remover__contamination_LOF': 0.03, 'outlier_remover__contamination_IF': 0.3, 'imputer__simple_strategy_num': 'median', 'imputer__knn_scaling_method': 'robust', 'imputer__knn_neighbors': 8, 'imputer__iterative_max_iter': 50, 'imputer__imputation_method': 'iterative'}",0.6307946083687513,0.6307946083687513,0.0,195
125,10.747312784194946,0.0,13.03726315498352,0.0,robust,2.0,Isolation_Forest,30,chebyshev,auto,50,0.15,0.5,median,minmax,30,20,knn,"{'scaler__scaler_name': 'robust', 'outlier_remover__threshold': 2, 'outlier_remover__outlier_method': 'Isolation_Forest', 'outlier_remover__n_neighbors': 30, 'outlier_remover__metric_LOF': 'chebyshev', 'outlier_remover__max_samples_IF': 'auto', 'outlier_remover__estimators_IF': 50, 'outlier_remover__contamination_LOF': 0.15, 'outlier_remover__contamination_IF': 0.5, 'imputer__simple_strategy_num': 'median', 'imputer__knn_scaling_method': 'minmax', 'imputer__knn_neighbors': 30, 'imputer__iterative_max_iter': 20, 'imputer__imputation_method': 'knn'}",0.8573883933314546,0.8573883933314546,0.0,105
126,12.044435977935791,0.0,15.414800882339478,0.0,robust,3.0,LOF,30,chebyshev,auto,150,0.05,0.1,mean,robust,21,10,simple,"{'scaler__scaler_name': 'robust', 'outlier_remover__threshold': 3, 'outlier_remover__outlier_method': 'LOF', 'outlier_remover__n_neighbors': 30, 'outlier_remover__metric_LOF': 'chebyshev', 'outlier_remover__max_samples_IF': 'auto', 'outlier_remover__estimators_IF': 150, 'outlier_remover__contamination_LOF': 0.05, 'outlier_remover__contamination_IF': 0.1, 'imputer__simple_strategy_num': 'mean', 'imputer__knn_scaling_method': 'robust', 'imputer__knn_neighbors': 21, 'imputer__iterative_max_iter': 10, 'imputer__imputation_method': 'simple'}",0.8127870143377102,0.8127870143377102,0.0,128
127,7.169358730316162,0.0,10.193883180618286,0.0,robust,3.5,Isolation_Forest,50,chebyshev,1.0,100,0.3,0.1,median,standard,22,10,simple,"{'scaler__scaler_name': 'robust', 'outlier_remover__threshold': 3.5, 'outlier_remover__outlier_method': 'Isolation_Forest', 'outlier_remover__n_neighbors': 50, 'outlier_remover__metric_LOF': 'chebyshev', 'outlier_remover__max_samples_IF': 1.0, 'outlier_remover__estimators_IF': 100, 'outlier_remover__contamination_LOF': 0.3, 'outlier_remover__contamination_IF': 0.1, 'imputer__simple_strategy_num': 'median', 'imputer__knn_scaling_method': 'standard', 'imputer__knn_neighbors': 22, 'imputer__iterative_max_iter': 10, 'imputer__imputation_method': 'simple'}",0.8902916924345726,0.8902916924345726,0.0,60
128,13.176452159881592,0.0,13.939035892486572,0.0,robust,4.0,Isolation_Forest,5,manhattan,auto,200,0.05,0.3,mean,minmax,26,20,knn,"{'scaler__scaler_name': 'robust', 'outlier_remover__threshold': 4, 'outlier_remover__outlier_method': 'Isolation_Forest', 'outlier_remover__n_neighbors': 5, 'outlier_remover__metric_LOF': 'manhattan', 'outlier_remover__max_samples_IF': 'auto', 'outlier_remover__estimators_IF': 200, 'outlier_remover__contamination_LOF': 0.05, 'outlier_remover__contamination_IF': 0.3, 'imputer__simple_strategy_num': 'mean', 'imputer__knn_scaling_method': 'minmax', 'imputer__knn_neighbors': 26, 'imputer__iterative_max_iter': 20, 'imputer__imputation_method': 'knn'}",0.8646274137932414,0.8646274137932414,0.0,94
129,16.11160182952881,0.0,18.890098333358765,0.0,standard,3.0,LOF,30,manhattan,1.0,100,0.01,0.25,mean,robust,28,20,knn,"{'scaler__scaler_name': 'standard', 'outlier_remover__threshold': 3, 'outlier_remover__outlier_method': 'LOF', 'outlier_remover__n_neighbors': 30, 'outlier_remover__metric_LOF': 'manhattan', 'outlier_remover__max_samples_IF': 1.0, 'outlier_remover__estimators_IF': 100, 'outlier_remover__contamination_LOF': 0.01, 'outlier_remover__contamination_IF': 0.25, 'imputer__simple_strategy_num': 'mean', 'imputer__knn_scaling_method': 'robust', 'imputer__knn_neighbors': 28, 'imputer__iterative_max_iter': 20, 'imputer__imputation_method': 'knn'}",0.9294169117205938,0.9294169117205938,0.0,23
130,6.321441888809204,0.0,9.221565961837769,0.0,standard,4.0,LOF,100,euclidean,1.0,150,0.5,0.15,median,minmax,25,10,simple,"{'scaler__scaler_name': 'standard', 'outlier_remover__threshold': 4, 'outlier_remover__outlier_method': 'LOF', 'outlier_remover__n_neighbors': 100, 'outlier_remover__metric_LOF': 'euclidean', 'outlier_remover__max_samples_IF': 1.0, 'outlier_remover__estimators_IF': 150, 'outlier_remover__contamination_LOF': 0.5, 'outlier_remover__contamination_IF': 0.15, 'imputer__simple_strategy_num': 'median', 'imputer__knn_scaling_method': 'minmax', 'imputer__knn_neighbors': 25, 'imputer__iterative_max_iter': 10, 'imputer__imputation_method': 'simple'}",0.914476465914867,0.914476465914867,0.0,35
131,10.07508897781372,0.0,14.606123924255371,0.0,minmax,3.0,LOF,5,chebyshev,0.7,150,0.5,0.5,mean,standard,19,5,simple,"{'scaler__scaler_name': 'minmax', 'outlier_remover__threshold': 3, 'outlier_remover__outlier_method': 'LOF', 'outlier_remover__n_neighbors': 5, 'outlier_remover__metric_LOF': 'chebyshev', 'outlier_remover__max_samples_IF': 0.7, 'outlier_remover__estimators_IF': 150, 'outlier_remover__contamination_LOF': 0.5, 'outlier_remover__contamination_IF': 0.5, 'imputer__simple_strategy_num': 'mean', 'imputer__knn_scaling_method': 'standard', 'imputer__knn_neighbors': 19, 'imputer__iterative_max_iter': 5, 'imputer__imputation_method': 'simple'}",0.9271196324694838,0.9271196324694838,0.0,25
132,8.460246086120605,0.0,10.035892009735107,0.0,robust,2.0,LOF,20,minkowski,auto,150,0.05,0.3,mean,standard,19,5,iterative,"{'scaler__scaler_name': 'robust', 'outlier_remover__threshold': 2, 'outlier_remover__outlier_method': 'LOF', 'outlier_remover__n_neighbors': 20, 'outlier_remover__metric_LOF': 'minkowski', 'outlier_remover__max_samples_IF': 'auto', 'outlier_remover__estimators_IF': 150, 'outlier_remover__contamination_LOF': 0.05, 'outlier_remover__contamination_IF': 0.3, 'imputer__simple_strategy_num': 'mean', 'imputer__knn_scaling_method': 'standard', 'imputer__knn_neighbors': 19, 'imputer__iterative_max_iter': 5, 'imputer__imputation_method': 'iterative'}",0.6396746979829704,0.6396746979829704,0.0,189
133,16.4463050365448,0.0,19.972872972488403,0.0,standard,2.0,LOF,50,manhattan,0.5,50,0.01,0.05,median,robust,20,50,knn,"{'scaler__scaler_name': 'standard', 'outlier_remover__threshold': 2, 'outlier_remover__outlier_method': 'LOF', 'outlier_remover__n_neighbors': 50, 'outlier_remover__metric_LOF': 'manhattan', 'outlier_remover__max_samples_IF': 0.5, 'outlier_remover__estimators_IF': 50, 'outlier_remover__contamination_LOF': 0.01, 'outlier_remover__contamination_IF': 0.05, 'imputer__simple_strategy_num': 'median', 'imputer__knn_scaling_method': 'robust', 'imputer__knn_neighbors': 20, 'imputer__iterative_max_iter': 50, 'imputer__imputation_method': 'knn'}",0.8701791728518611,0.8701791728518611,0.0,87
134,5.263379096984863,0.0,8.06867790222168,0.0,minmax,4.0,Isolation_Forest,70,manhattan,auto,100,0.1,0.3,median,standard,18,20,simple,"{'scaler__scaler_name': 'minmax', 'outlier_remover__threshold': 4, 'outlier_remover__outlier_method': 'Isolation_Forest', 'outlier_remover__n_neighbors': 70, 'outlier_remover__metric_LOF': 'manhattan', 'outlier_remover__max_samples_IF': 'auto', 'outlier_remover__estimators_IF': 100, 'outlier_remover__contamination_LOF': 0.1, 'outlier_remover__contamination_IF': 0.3, 'imputer__simple_strategy_num': 'median', 'imputer__knn_scaling_method': 'standard', 'imputer__knn_neighbors': 18, 'imputer__iterative_max_iter': 20, 'imputer__imputation_method': 'simple'}",0.911077036632008,0.911077036632008,0.0,38
135,9.845388889312744,0.0,12.932464838027954,0.0,standard,2.0,LOF,50,manhattan,1.0,50,0.15,0.01,mean,robust,26,10,simple,"{'scaler__scaler_name': 'standard', 'outlier_remover__threshold': 2, 'outlier_remover__outlier_method': 'LOF', 'outlier_remover__n_neighbors': 50, 'outlier_remover__metric_LOF': 'manhattan', 'outlier_remover__max_samples_IF': 1.0, 'outlier_remover__estimators_IF': 50, 'outlier_remover__contamination_LOF': 0.15, 'outlier_remover__contamination_IF': 0.01, 'imputer__simple_strategy_num': 'mean', 'imputer__knn_scaling_method': 'robust', 'imputer__knn_neighbors': 26, 'imputer__iterative_max_iter': 10, 'imputer__imputation_method': 'simple'}",0.8936784304071024,0.8936784304071024,0.0,57
136,7.443016052246094,0.0,11.738921165466309,0.0,robust,4.0,Isolation_Forest,5,chebyshev,0.7,200,0.5,0.3,mean,minmax,17,50,iterative,"{'scaler__scaler_name': 'robust', 'outlier_remover__threshold': 4, 'outlier_remover__outlier_method': 'Isolation_Forest', 'outlier_remover__n_neighbors': 5, 'outlier_remover__metric_LOF': 'chebyshev', 'outlier_remover__max_samples_IF': 0.7, 'outlier_remover__estimators_IF': 200, 'outlier_remover__contamination_LOF': 0.5, 'outlier_remover__contamination_IF': 0.3, 'imputer__simple_strategy_num': 'mean', 'imputer__knn_scaling_method': 'minmax', 'imputer__knn_neighbors': 17, 'imputer__iterative_max_iter': 50, 'imputer__imputation_method': 'iterative'}",0.7554262134165527,0.7554262134165527,0.0,148
137,8.978627920150757,0.0,10.347713947296143,0.0,standard,4.0,Isolation_Forest,30,euclidean,0.7,150,0.1,0.1,median,robust,25,50,iterative,"{'scaler__scaler_name': 'standard', 'outlier_remover__threshold': 4, 'outlier_remover__outlier_method': 'Isolation_Forest', 'outlier_remover__n_neighbors': 30, 'outlier_remover__metric_LOF': 'euclidean', 'outlier_remover__max_samples_IF': 0.7, 'outlier_remover__estimators_IF': 150, 'outlier_remover__contamination_LOF': 0.1, 'outlier_remover__contamination_IF': 0.1, 'imputer__simple_strategy_num': 'median', 'imputer__knn_scaling_method': 'robust', 'imputer__knn_neighbors': 25, 'imputer__iterative_max_iter': 50, 'imputer__imputation_method': 'iterative'}",0.6899051837858976,0.6899051837858976,0.0,169
138,6.845069169998169,0.0,8.844765901565552,0.0,minmax,3.5,z_score,5,euclidean,1.0,100,0.5,0.5,median,standard,3,10,iterative,"{'scaler__scaler_name': 'minmax', 'outlier_remover__threshold': 3.5, 'outlier_remover__outlier_method': 'z_score', 'outlier_remover__n_neighbors': 5, 'outlier_remover__metric_LOF': 'euclidean', 'outlier_remover__max_samples_IF': 1.0, 'outlier_remover__estimators_IF': 100, 'outlier_remover__contamination_LOF': 0.5, 'outlier_remover__contamination_IF': 0.5, 'imputer__simple_strategy_num': 'median', 'imputer__knn_scaling_method': 'standard', 'imputer__knn_neighbors': 3, 'imputer__iterative_max_iter': 10, 'imputer__imputation_method': 'iterative'}",0.6385290893139351,0.6385290893139351,0.0,190
139,8.027094841003418,0.0,9.482188940048218,0.0,robust,2.0,Isolation_Forest,90,euclidean,1.0,100,0.5,0.1,median,minmax,11,20,iterative,"{'scaler__scaler_name': 'robust', 'outlier_remover__threshold': 2, 'outlier_remover__outlier_method': 'Isolation_Forest', 'outlier_remover__n_neighbors': 90, 'outlier_remover__metric_LOF': 'euclidean', 'outlier_remover__max_samples_IF': 1.0, 'outlier_remover__estimators_IF': 100, 'outlier_remover__contamination_LOF': 0.5, 'outlier_remover__contamination_IF': 0.1, 'imputer__simple_strategy_num': 'median', 'imputer__knn_scaling_method': 'minmax', 'imputer__knn_neighbors': 11, 'imputer__iterative_max_iter': 20, 'imputer__imputation_method': 'iterative'}",0.711593906790635,0.711593906790635,0.0,154
140,12.042817115783691,0.0,15.09334111213684,0.0,robust,2.5,Isolation_Forest,100,chebyshev,auto,200,0.5,0.1,mean,robust,30,50,knn,"{'scaler__scaler_name': 'robust', 'outlier_remover__threshold': 2.5, 'outlier_remover__outlier_method': 'Isolation_Forest', 'outlier_remover__n_neighbors': 100, 'outlier_remover__metric_LOF': 'chebyshev', 'outlier_remover__max_samples_IF': 'auto', 'outlier_remover__estimators_IF': 200, 'outlier_remover__contamination_LOF': 0.5, 'outlier_remover__contamination_IF': 0.1, 'imputer__simple_strategy_num': 'mean', 'imputer__knn_scaling_method': 'robust', 'imputer__knn_neighbors': 30, 'imputer__iterative_max_iter': 50, 'imputer__imputation_method': 'knn'}",0.8132652711043286,0.8132652711043286,0.0,127
141,12.533090114593506,0.0,15.538152933120728,0.0,standard,4.0,Isolation_Forest,5,chebyshev,0.5,150,0.5,0.01,median,robust,10,10,knn,"{'scaler__scaler_name': 'standard', 'outlier_remover__threshold': 4, 'outlier_remover__outlier_method': 'Isolation_Forest', 'outlier_remover__n_neighbors': 5, 'outlier_remover__metric_LOF': 'chebyshev', 'outlier_remover__max_samples_IF': 0.5, 'outlier_remover__estimators_IF': 150, 'outlier_remover__contamination_LOF': 0.5, 'outlier_remover__contamination_IF': 0.01, 'imputer__simple_strategy_num': 'median', 'imputer__knn_scaling_method': 'robust', 'imputer__knn_neighbors': 10, 'imputer__iterative_max_iter': 10, 'imputer__imputation_method': 'knn'}",0.8617455962293133,0.8617455962293133,0.0,97
142,6.54855489730835,0.0,8.573609113693237,0.0,standard,2.0,z_score,50,chebyshev,1.0,50,0.5,0.15,mean,standard,20,20,simple,"{'scaler__scaler_name': 'standard', 'outlier_remover__threshold': 2, 'outlier_remover__outlier_method': 'z_score', 'outlier_remover__n_neighbors': 50, 'outlier_remover__metric_LOF': 'chebyshev', 'outlier_remover__max_samples_IF': 1.0, 'outlier_remover__estimators_IF': 50, 'outlier_remover__contamination_LOF': 0.5, 'outlier_remover__contamination_IF': 0.15, 'imputer__simple_strategy_num': 'mean', 'imputer__knn_scaling_method': 'standard', 'imputer__knn_neighbors': 20, 'imputer__iterative_max_iter': 20, 'imputer__imputation_method': 'simple'}",0.8948347308524315,0.8948347308524315,0.0,53
143,6.537175893783569,0.0,8.43375301361084,0.0,minmax,3.5,Isolation_Forest,5,euclidean,0.5,200,0.05,0.3,mean,standard,11,50,simple,"{'scaler__scaler_name': 'minmax', 'outlier_remover__threshold': 3.5, 'outlier_remover__outlier_method': 'Isolation_Forest', 'outlier_remover__n_neighbors': 5, 'outlier_remover__metric_LOF': 'euclidean', 'outlier_remover__max_samples_IF': 0.5, 'outlier_remover__estimators_IF': 200, 'outlier_remover__contamination_LOF': 0.05, 'outlier_remover__contamination_IF': 0.3, 'imputer__simple_strategy_num': 'mean', 'imputer__knn_scaling_method': 'standard', 'imputer__knn_neighbors': 11, 'imputer__iterative_max_iter': 50, 'imputer__imputation_method': 'simple'}",0.9481759319771265,0.9481759319771265,0.0,4
144,6.386171817779541,0.0,8.689950942993164,0.0,minmax,4.0,z_score,30,minkowski,0.7,150,0.3,0.01,mean,minmax,5,5,iterative,"{'scaler__scaler_name': 'minmax', 'outlier_remover__threshold': 4, 'outlier_remover__outlier_method': 'z_score', 'outlier_remover__n_neighbors': 30, 'outlier_remover__metric_LOF': 'minkowski', 'outlier_remover__max_samples_IF': 0.7, 'outlier_remover__estimators_IF': 150, 'outlier_remover__contamination_LOF': 0.3, 'outlier_remover__contamination_IF': 0.01, 'imputer__simple_strategy_num': 'mean', 'imputer__knn_scaling_method': 'minmax', 'imputer__knn_neighbors': 5, 'imputer__iterative_max_iter': 5, 'imputer__imputation_method': 'iterative'}",0.5784657699710986,0.5784657699710986,0.0,198
145,5.42656397819519,0.0,7.598737001419067,0.0,standard,3.0,Isolation_Forest,20,manhattan,auto,200,0.5,0.5,median,minmax,5,10,simple,"{'scaler__scaler_name': 'standard', 'outlier_remover__threshold': 3, 'outlier_remover__outlier_method': 'Isolation_Forest', 'outlier_remover__n_neighbors': 20, 'outlier_remover__metric_LOF': 'manhattan', 'outlier_remover__max_samples_IF': 'auto', 'outlier_remover__estimators_IF': 200, 'outlier_remover__contamination_LOF': 0.5, 'outlier_remover__contamination_IF': 0.5, 'imputer__simple_strategy_num': 'median', 'imputer__knn_scaling_method': 'minmax', 'imputer__knn_neighbors': 5, 'imputer__iterative_max_iter': 10, 'imputer__imputation_method': 'simple'}",0.8616425279098383,0.8616425279098383,0.0,98
146,5.979952096939087,0.0,8.475497007369995,0.0,minmax,2.0,z_score,10,euclidean,0.5,50,0.03,0.1,mean,robust,5,20,simple,"{'scaler__scaler_name': 'minmax', 'outlier_remover__threshold': 2, 'outlier_remover__outlier_method': 'z_score', 'outlier_remover__n_neighbors': 10, 'outlier_remover__metric_LOF': 'euclidean', 'outlier_remover__max_samples_IF': 0.5, 'outlier_remover__estimators_IF': 50, 'outlier_remover__contamination_LOF': 0.03, 'outlier_remover__contamination_IF': 0.1, 'imputer__simple_strategy_num': 'mean', 'imputer__knn_scaling_method': 'robust', 'imputer__knn_neighbors': 5, 'imputer__iterative_max_iter': 20, 'imputer__imputation_method': 'simple'}",0.8798183159861802,0.8798183159861802,0.0,74
147,5.008570909500122,0.0,7.952351093292236,0.0,robust,2.5,Isolation_Forest,50,manhattan,1.0,50,0.03,0.5,mean,standard,13,50,simple,"{'scaler__scaler_name': 'robust', 'outlier_remover__threshold': 2.5, 'outlier_remover__outlier_method': 'Isolation_Forest', 'outlier_remover__n_neighbors': 50, 'outlier_remover__metric_LOF': 'manhattan', 'outlier_remover__max_samples_IF': 1.0, 'outlier_remover__estimators_IF': 50, 'outlier_remover__contamination_LOF': 0.03, 'outlier_remover__contamination_IF': 0.5, 'imputer__simple_strategy_num': 'mean', 'imputer__knn_scaling_method': 'standard', 'imputer__knn_neighbors': 13, 'imputer__iterative_max_iter': 50, 'imputer__imputation_method': 'simple'}",0.8484920055336312,0.8484920055336312,0.0,110
148,7.24662184715271,0.0,10.45944619178772,0.0,robust,2.0,z_score,20,manhattan,auto,100,0.25,0.5,median,minmax,18,10,iterative,"{'scaler__scaler_name': 'robust', 'outlier_remover__threshold': 2, 'outlier_remover__outlier_method': 'z_score', 'outlier_remover__n_neighbors': 20, 'outlier_remover__metric_LOF': 'manhattan', 'outlier_remover__max_samples_IF': 'auto', 'outlier_remover__estimators_IF': 100, 'outlier_remover__contamination_LOF': 0.25, 'outlier_remover__contamination_IF': 0.5, 'imputer__simple_strategy_num': 'median', 'imputer__knn_scaling_method': 'minmax', 'imputer__knn_neighbors': 18, 'imputer__iterative_max_iter': 10, 'imputer__imputation_method': 'iterative'}",0.664823379013153,0.664823379013153,0.0,181
149,7.366974830627441,0.0,11.302876234054565,0.0,standard,2.5,Isolation_Forest,100,manhattan,0.7,150,0.03,0.15,median,minmax,28,10,iterative,"{'scaler__scaler_name': 'standard', 'outlier_remover__threshold': 2.5, 'outlier_remover__outlier_method': 'Isolation_Forest', 'outlier_remover__n_neighbors': 100, 'outlier_remover__metric_LOF': 'manhattan', 'outlier_remover__max_samples_IF': 0.7, 'outlier_remover__estimators_IF': 150, 'outlier_remover__contamination_LOF': 0.03, 'outlier_remover__contamination_IF': 0.15, 'imputer__simple_strategy_num': 'median', 'imputer__knn_scaling_method': 'minmax', 'imputer__knn_neighbors': 28, 'imputer__iterative_max_iter': 10, 'imputer__imputation_method': 'iterative'}",0.7303112593145004,0.7303112593145004,0.0,151
150,8.16615104675293,0.0,9.131796836853027,0.0,robust,3.0,Isolation_Forest,10,chebyshev,1.0,50,0.1,0.01,mean,minmax,24,10,simple,"{'scaler__scaler_name': 'robust', 'outlier_remover__threshold': 3, 'outlier_remover__outlier_method': 'Isolation_Forest', 'outlier_remover__n_neighbors': 10, 'outlier_remover__metric_LOF': 'chebyshev', 'outlier_remover__max_samples_IF': 1.0, 'outlier_remover__estimators_IF': 50, 'outlier_remover__contamination_LOF': 0.1, 'outlier_remover__contamination_IF': 0.01, 'imputer__simple_strategy_num': 'mean', 'imputer__knn_scaling_method': 'minmax', 'imputer__knn_neighbors': 24, 'imputer__iterative_max_iter': 10, 'imputer__imputation_method': 'simple'}",0.7924260160166771,0.7924260160166771,0.0,139
151,11.166685342788696,0.0,11.960510969161987,0.0,robust,4.0,LOF,10,manhattan,0.5,150,0.01,0.5,mean,minmax,30,5,simple,"{'scaler__scaler_name': 'robust', 'outlier_remover__threshold': 4, 'outlier_remover__outlier_method': 'LOF', 'outlier_remover__n_neighbors': 10, 'outlier_remover__metric_LOF': 'manhattan', 'outlier_remover__max_samples_IF': 0.5, 'outlier_remover__estimators_IF': 150, 'outlier_remover__contamination_LOF': 0.01, 'outlier_remover__contamination_IF': 0.5, 'imputer__simple_strategy_num': 'mean', 'imputer__knn_scaling_method': 'minmax', 'imputer__knn_neighbors': 30, 'imputer__iterative_max_iter': 5, 'imputer__imputation_method': 'simple'}",0.7985132575634608,0.7985132575634608,0.0,136
152,10.737239122390747,0.0,14.284945964813232,0.0,minmax,4.0,z_score,50,minkowski,auto,150,0.03,0.05,median,minmax,24,10,knn,"{'scaler__scaler_name': 'minmax', 'outlier_remover__threshold': 4, 'outlier_remover__outlier_method': 'z_score', 'outlier_remover__n_neighbors': 50, 'outlier_remover__metric_LOF': 'minkowski', 'outlier_remover__max_samples_IF': 'auto', 'outlier_remover__estimators_IF': 150, 'outlier_remover__contamination_LOF': 0.03, 'outlier_remover__contamination_IF': 0.05, 'imputer__simple_strategy_num': 'median', 'imputer__knn_scaling_method': 'minmax', 'imputer__knn_neighbors': 24, 'imputer__iterative_max_iter': 10, 'imputer__imputation_method': 'knn'}",0.9025289900643683,0.9025289900643683,0.0,49
153,6.060328006744385,0.0,8.931242942810059,0.0,robust,2.0,z_score,100,euclidean,1.0,50,0.05,0.3,median,minmax,25,50,simple,"{'scaler__scaler_name': 'robust', 'outlier_remover__threshold': 2, 'outlier_remover__outlier_method': 'z_score', 'outlier_remover__n_neighbors': 100, 'outlier_remover__metric_LOF': 'euclidean', 'outlier_remover__max_samples_IF': 1.0, 'outlier_remover__estimators_IF': 50, 'outlier_remover__contamination_LOF': 0.05, 'outlier_remover__contamination_IF': 0.3, 'imputer__simple_strategy_num': 'median', 'imputer__knn_scaling_method': 'minmax', 'imputer__knn_neighbors': 25, 'imputer__iterative_max_iter': 50, 'imputer__imputation_method': 'simple'}",0.8197943428431365,0.8197943428431365,0.0,123
154,6.382786750793457,0.0,8.98592209815979,0.0,minmax,3.5,LOF,5,minkowski,0.7,50,0.3,0.05,mean,standard,15,5,simple,"{'scaler__scaler_name': 'minmax', 'outlier_remover__threshold': 3.5, 'outlier_remover__outlier_method': 'LOF', 'outlier_remover__n_neighbors': 5, 'outlier_remover__metric_LOF': 'minkowski', 'outlier_remover__max_samples_IF': 0.7, 'outlier_remover__estimators_IF': 50, 'outlier_remover__contamination_LOF': 0.3, 'outlier_remover__contamination_IF': 0.05, 'imputer__simple_strategy_num': 'mean', 'imputer__knn_scaling_method': 'standard', 'imputer__knn_neighbors': 15, 'imputer__iterative_max_iter': 5, 'imputer__imputation_method': 'simple'}",0.9029089561992967,0.9029089561992967,0.0,48
155,10.194039106369019,0.0,13.599286079406738,0.0,robust,4.0,LOF,10,manhattan,0.5,100,0.3,0.3,mean,minmax,13,20,iterative,"{'scaler__scaler_name': 'robust', 'outlier_remover__threshold': 4, 'outlier_remover__outlier_method': 'LOF', 'outlier_remover__n_neighbors': 10, 'outlier_remover__metric_LOF': 'manhattan', 'outlier_remover__max_samples_IF': 0.5, 'outlier_remover__estimators_IF': 100, 'outlier_remover__contamination_LOF': 0.3, 'outlier_remover__contamination_IF': 0.3, 'imputer__simple_strategy_num': 'mean', 'imputer__knn_scaling_method': 'minmax', 'imputer__knn_neighbors': 13, 'imputer__iterative_max_iter': 20, 'imputer__imputation_method': 'iterative'}",0.7653304873649901,0.7653304873649901,0.0,146
156,13.462568759918213,0.0,14.38659119606018,0.0,standard,2.5,LOF,10,chebyshev,1.0,150,0.15,0.15,median,robust,8,50,iterative,"{'scaler__scaler_name': 'standard', 'outlier_remover__threshold': 2.5, 'outlier_remover__outlier_method': 'LOF', 'outlier_remover__n_neighbors': 10, 'outlier_remover__metric_LOF': 'chebyshev', 'outlier_remover__max_samples_IF': 1.0, 'outlier_remover__estimators_IF': 150, 'outlier_remover__contamination_LOF': 0.15, 'outlier_remover__contamination_IF': 0.15, 'imputer__simple_strategy_num': 'median', 'imputer__knn_scaling_method': 'robust', 'imputer__knn_neighbors': 8, 'imputer__iterative_max_iter': 50, 'imputer__imputation_method': 'iterative'}",0.6816759999285896,0.6816759999285896,0.0,174
157,5.797901153564453,0.0,9.909235954284668,0.0,minmax,4.0,Isolation_Forest,30,manhattan,auto,100,0.05,0.1,median,minmax,15,20,simple,"{'scaler__scaler_name': 'minmax', 'outlier_remover__threshold': 4, 'outlier_remover__outlier_method': 'Isolation_Forest', 'outlier_remover__n_neighbors': 30, 'outlier_remover__metric_LOF': 'manhattan', 'outlier_remover__max_samples_IF': 'auto', 'outlier_remover__estimators_IF': 100, 'outlier_remover__contamination_LOF': 0.05, 'outlier_remover__contamination_IF': 0.1, 'imputer__simple_strategy_num': 'median', 'imputer__knn_scaling_method': 'minmax', 'imputer__knn_neighbors': 15, 'imputer__iterative_max_iter': 20, 'imputer__imputation_method': 'simple'}",0.8561003363471639,0.8561003363471639,0.0,106
158,7.000718832015991,0.0,8.52469801902771,0.0,minmax,2.0,z_score,50,minkowski,auto,200,0.1,0.5,median,minmax,6,50,simple,"{'scaler__scaler_name': 'minmax', 'outlier_remover__threshold': 2, 'outlier_remover__outlier_method': 'z_score', 'outlier_remover__n_neighbors': 50, 'outlier_remover__metric_LOF': 'minkowski', 'outlier_remover__max_samples_IF': 'auto', 'outlier_remover__estimators_IF': 200, 'outlier_remover__contamination_LOF': 0.1, 'outlier_remover__contamination_IF': 0.5, 'imputer__simple_strategy_num': 'median', 'imputer__knn_scaling_method': 'minmax', 'imputer__knn_neighbors': 6, 'imputer__iterative_max_iter': 50, 'imputer__imputation_method': 'simple'}",0.9058463396377515,0.9058463396377515,0.0,45
159,7.372619867324829,0.0,10.199495077133179,0.0,robust,3.5,Isolation_Forest,10,euclidean,1.0,150,0.01,0.03,median,standard,12,20,simple,"{'scaler__scaler_name': 'robust', 'outlier_remover__threshold': 3.5, 'outlier_remover__outlier_method': 'Isolation_Forest', 'outlier_remover__n_neighbors': 10, 'outlier_remover__metric_LOF': 'euclidean', 'outlier_remover__max_samples_IF': 1.0, 'outlier_remover__estimators_IF': 150, 'outlier_remover__contamination_LOF': 0.01, 'outlier_remover__contamination_IF': 0.03, 'imputer__simple_strategy_num': 'median', 'imputer__knn_scaling_method': 'standard', 'imputer__knn_neighbors': 12, 'imputer__iterative_max_iter': 20, 'imputer__imputation_method': 'simple'}",0.9344953130863747,0.9344953130863747,0.0,16
160,6.4837799072265625,0.0,9.396904945373535,0.0,standard,3.0,Isolation_Forest,50,manhattan,0.5,50,0.25,0.05,median,standard,5,5,simple,"{'scaler__scaler_name': 'standard', 'outlier_remover__threshold': 3, 'outlier_remover__outlier_method': 'Isolation_Forest', 'outlier_remover__n_neighbors': 50, 'outlier_remover__metric_LOF': 'manhattan', 'outlier_remover__max_samples_IF': 0.5, 'outlier_remover__estimators_IF': 50, 'outlier_remover__contamination_LOF': 0.25, 'outlier_remover__contamination_IF': 0.05, 'imputer__simple_strategy_num': 'median', 'imputer__knn_scaling_method': 'standard', 'imputer__knn_neighbors': 5, 'imputer__iterative_max_iter': 5, 'imputer__imputation_method': 'simple'}",0.9254185034108413,0.9254185034108413,0.0,26
161,10.397583961486816,0.0,13.79018521308899,0.0,standard,4.0,Isolation_Forest,100,euclidean,1.0,50,0.5,0.5,mean,robust,11,10,knn,"{'scaler__scaler_name': 'standard', 'outlier_remover__threshold': 4, 'outlier_remover__outlier_method': 'Isolation_Forest', 'outlier_remover__n_neighbors': 100, 'outlier_remover__metric_LOF': 'euclidean', 'outlier_remover__max_samples_IF': 1.0, 'outlier_remover__estimators_IF': 50, 'outlier_remover__contamination_LOF': 0.5, 'outlier_remover__contamination_IF': 0.5, 'imputer__simple_strategy_num': 'mean', 'imputer__knn_scaling_method': 'robust', 'imputer__knn_neighbors': 11, 'imputer__iterative_max_iter': 10, 'imputer__imputation_method': 'knn'}",0.9450178347005161,0.9450178347005161,0.0,7
162,12.128446102142334,0.0,15.919876098632812,0.0,robust,3.0,z_score,100,manhattan,0.5,150,0.15,0.25,median,robust,9,10,knn,"{'scaler__scaler_name': 'robust', 'outlier_remover__threshold': 3, 'outlier_remover__outlier_method': 'z_score', 'outlier_remover__n_neighbors': 100, 'outlier_remover__metric_LOF': 'manhattan', 'outlier_remover__max_samples_IF': 0.5, 'outlier_remover__estimators_IF': 150, 'outlier_remover__contamination_LOF': 0.15, 'outlier_remover__contamination_IF': 0.25, 'imputer__simple_strategy_num': 'median', 'imputer__knn_scaling_method': 'robust', 'imputer__knn_neighbors': 9, 'imputer__iterative_max_iter': 10, 'imputer__imputation_method': 'knn'}",0.8638327289608847,0.8638327289608847,0.0,96
163,6.562394142150879,0.0,9.392882823944092,0.0,minmax,3.5,z_score,90,manhattan,0.5,100,0.3,0.25,median,minmax,28,50,iterative,"{'scaler__scaler_name': 'minmax', 'outlier_remover__threshold': 3.5, 'outlier_remover__outlier_method': 'z_score', 'outlier_remover__n_neighbors': 90, 'outlier_remover__metric_LOF': 'manhattan', 'outlier_remover__max_samples_IF': 0.5, 'outlier_remover__estimators_IF': 100, 'outlier_remover__contamination_LOF': 0.3, 'outlier_remover__contamination_IF': 0.25, 'imputer__simple_strategy_num': 'median', 'imputer__knn_scaling_method': 'minmax', 'imputer__knn_neighbors': 28, 'imputer__iterative_max_iter': 50, 'imputer__imputation_method': 'iterative'}",0.6385290893139351,0.6385290893139351,0.0,190
164,17.114856958389282,0.0,17.834731101989746,0.0,minmax,3.5,LOF,90,manhattan,1.0,100,0.03,0.5,mean,standard,24,5,knn,"{'scaler__scaler_name': 'minmax', 'outlier_remover__threshold': 3.5, 'outlier_remover__outlier_method': 'LOF', 'outlier_remover__n_neighbors': 90, 'outlier_remover__metric_LOF': 'manhattan', 'outlier_remover__max_samples_IF': 1.0, 'outlier_remover__estimators_IF': 100, 'outlier_remover__contamination_LOF': 0.03, 'outlier_remover__contamination_IF': 0.5, 'imputer__simple_strategy_num': 'mean', 'imputer__knn_scaling_method': 'standard', 'imputer__knn_neighbors': 24, 'imputer__iterative_max_iter': 5, 'imputer__imputation_method': 'knn'}",0.9103954100453981,0.9103954100453981,0.0,40
165,13.563005208969116,0.0,14.51350998878479,0.0,standard,2.5,LOF,10,minkowski,auto,200,0.3,0.15,mean,standard,21,10,knn,"{'scaler__scaler_name': 'standard', 'outlier_remover__threshold': 2.5, 'outlier_remover__outlier_method': 'LOF', 'outlier_remover__n_neighbors': 10, 'outlier_remover__metric_LOF': 'minkowski', 'outlier_remover__max_samples_IF': 'auto', 'outlier_remover__estimators_IF': 200, 'outlier_remover__contamination_LOF': 0.3, 'outlier_remover__contamination_IF': 0.15, 'imputer__simple_strategy_num': 'mean', 'imputer__knn_scaling_method': 'standard', 'imputer__knn_neighbors': 21, 'imputer__iterative_max_iter': 10, 'imputer__imputation_method': 'knn'}",0.8952070801509817,0.8952070801509817,0.0,51
166,11.098855972290039,0.0,13.477094888687134,0.0,robust,2.5,Isolation_Forest,10,manhattan,0.5,150,0.03,0.5,median,standard,29,50,knn,"{'scaler__scaler_name': 'robust', 'outlier_remover__threshold': 2.5, 'outlier_remover__outlier_method': 'Isolation_Forest', 'outlier_remover__n_neighbors': 10, 'outlier_remover__metric_LOF': 'manhattan', 'outlier_remover__max_samples_IF': 0.5, 'outlier_remover__estimators_IF': 150, 'outlier_remover__contamination_LOF': 0.03, 'outlier_remover__contamination_IF': 0.5, 'imputer__simple_strategy_num': 'median', 'imputer__knn_scaling_method': 'standard', 'imputer__knn_neighbors': 29, 'imputer__iterative_max_iter': 50, 'imputer__imputation_method': 'knn'}",0.9383796166852909,0.9383796166852909,0.0,11
167,5.653703212738037,0.0,8.57365107536316,0.0,minmax,4.0,z_score,70,euclidean,1.0,100,0.5,0.3,median,robust,6,10,simple,"{'scaler__scaler_name': 'minmax', 'outlier_remover__threshold': 4, 'outlier_remover__outlier_method': 'z_score', 'outlier_remover__n_neighbors': 70, 'outlier_remover__metric_LOF': 'euclidean', 'outlier_remover__max_samples_IF': 1.0, 'outlier_remover__estimators_IF': 100, 'outlier_remover__contamination_LOF': 0.5, 'outlier_remover__contamination_IF': 0.3, 'imputer__simple_strategy_num': 'median', 'imputer__knn_scaling_method': 'robust', 'imputer__knn_neighbors': 6, 'imputer__iterative_max_iter': 10, 'imputer__imputation_method': 'simple'}",0.8939590910195755,0.8939590910195755,0.0,55
168,11.571223020553589,0.0,14.800628900527954,0.0,robust,4.0,z_score,30,manhattan,0.5,200,0.1,0.5,mean,robust,18,20,knn,"{'scaler__scaler_name': 'robust', 'outlier_remover__threshold': 4, 'outlier_remover__outlier_method': 'z_score', 'outlier_remover__n_neighbors': 30, 'outlier_remover__metric_LOF': 'manhattan', 'outlier_remover__max_samples_IF': 0.5, 'outlier_remover__estimators_IF': 200, 'outlier_remover__contamination_LOF': 0.1, 'outlier_remover__contamination_IF': 0.5, 'imputer__simple_strategy_num': 'mean', 'imputer__knn_scaling_method': 'robust', 'imputer__knn_neighbors': 18, 'imputer__iterative_max_iter': 20, 'imputer__imputation_method': 'knn'}",0.8604541283974493,0.8604541283974493,0.0,99
169,4.936973810195923,0.0,7.465002059936523,0.0,minmax,3.5,Isolation_Forest,50,chebyshev,auto,50,0.15,0.5,mean,minmax,18,5,simple,"{'scaler__scaler_name': 'minmax', 'outlier_remover__threshold': 3.5, 'outlier_remover__outlier_method': 'Isolation_Forest', 'outlier_remover__n_neighbors': 50, 'outlier_remover__metric_LOF': 'chebyshev', 'outlier_remover__max_samples_IF': 'auto', 'outlier_remover__estimators_IF': 50, 'outlier_remover__contamination_LOF': 0.15, 'outlier_remover__contamination_IF': 0.5, 'imputer__simple_strategy_num': 'mean', 'imputer__knn_scaling_method': 'minmax', 'imputer__knn_neighbors': 18, 'imputer__iterative_max_iter': 5, 'imputer__imputation_method': 'simple'}",0.9615468284261951,0.9615468284261951,0.0,1
170,12.49013090133667,0.0,14.019572019577026,0.0,robust,4.0,z_score,5,euclidean,1.0,50,0.25,0.3,median,robust,26,20,knn,"{'scaler__scaler_name': 'robust', 'outlier_remover__threshold': 4, 'outlier_remover__outlier_method': 'z_score', 'outlier_remover__n_neighbors': 5, 'outlier_remover__metric_LOF': 'euclidean', 'outlier_remover__max_samples_IF': 1.0, 'outlier_remover__estimators_IF': 50, 'outlier_remover__contamination_LOF': 0.25, 'outlier_remover__contamination_IF': 0.3, 'imputer__simple_strategy_num': 'median', 'imputer__knn_scaling_method': 'robust', 'imputer__knn_neighbors': 26, 'imputer__iterative_max_iter': 20, 'imputer__imputation_method': 'knn'}",0.859346042747735,0.859346042747735,0.0,100
171,12.547883033752441,0.0,13.430560111999512,0.0,minmax,4.0,Isolation_Forest,70,chebyshev,0.5,50,0.5,0.25,median,minmax,14,20,knn,"{'scaler__scaler_name': 'minmax', 'outlier_remover__threshold': 4, 'outlier_remover__outlier_method': 'Isolation_Forest', 'outlier_remover__n_neighbors': 70, 'outlier_remover__metric_LOF': 'chebyshev', 'outlier_remover__max_samples_IF': 0.5, 'outlier_remover__estimators_IF': 50, 'outlier_remover__contamination_LOF': 0.5, 'outlier_remover__contamination_IF': 0.25, 'imputer__simple_strategy_num': 'median', 'imputer__knn_scaling_method': 'minmax', 'imputer__knn_neighbors': 14, 'imputer__iterative_max_iter': 20, 'imputer__imputation_method': 'knn'}",0.9248540335665427,0.9248540335665427,0.0,28
172,7.887549877166748,0.0,8.923587083816528,0.0,standard,4.0,Isolation_Forest,30,euclidean,auto,200,0.03,0.1,median,robust,15,20,simple,"{'scaler__scaler_name': 'standard', 'outlier_remover__threshold': 4, 'outlier_remover__outlier_method': 'Isolation_Forest', 'outlier_remover__n_neighbors': 30, 'outlier_remover__metric_LOF': 'euclidean', 'outlier_remover__max_samples_IF': 'auto', 'outlier_remover__estimators_IF': 200, 'outlier_remover__contamination_LOF': 0.03, 'outlier_remover__contamination_IF': 0.1, 'imputer__simple_strategy_num': 'median', 'imputer__knn_scaling_method': 'robust', 'imputer__knn_neighbors': 15, 'imputer__iterative_max_iter': 20, 'imputer__imputation_method': 'simple'}",0.8542301826678955,0.8542301826678955,0.0,107
173,7.752583980560303,0.0,9.821271181106567,0.0,robust,3.0,z_score,20,minkowski,0.7,50,0.01,0.25,median,standard,8,20,iterative,"{'scaler__scaler_name': 'robust', 'outlier_remover__threshold': 3, 'outlier_remover__outlier_method': 'z_score', 'outlier_remover__n_neighbors': 20, 'outlier_remover__metric_LOF': 'minkowski', 'outlier_remover__max_samples_IF': 0.7, 'outlier_remover__estimators_IF': 50, 'outlier_remover__contamination_LOF': 0.01, 'outlier_remover__contamination_IF': 0.25, 'imputer__simple_strategy_num': 'median', 'imputer__knn_scaling_method': 'standard', 'imputer__knn_neighbors': 8, 'imputer__iterative_max_iter': 20, 'imputer__imputation_method': 'iterative'}",0.6852675387164512,0.6852675387164512,0.0,171
174,6.6851091384887695,0.0,9.231360912322998,0.0,minmax,3.5,z_score,30,chebyshev,1.0,200,0.03,0.01,median,minmax,21,5,iterative,"{'scaler__scaler_name': 'minmax', 'outlier_remover__threshold': 3.5, 'outlier_remover__outlier_method': 'z_score', 'outlier_remover__n_neighbors': 30, 'outlier_remover__metric_LOF': 'chebyshev', 'outlier_remover__max_samples_IF': 1.0, 'outlier_remover__estimators_IF': 200, 'outlier_remover__contamination_LOF': 0.03, 'outlier_remover__contamination_IF': 0.01, 'imputer__simple_strategy_num': 'median', 'imputer__knn_scaling_method': 'minmax', 'imputer__knn_neighbors': 21, 'imputer__iterative_max_iter': 5, 'imputer__imputation_method': 'iterative'}",0.6385290893139351,0.6385290893139351,0.0,190
175,6.973089218139648,0.0,9.897160768508911,0.0,robust,3.5,z_score,10,manhattan,auto,100,0.01,0.1,mean,minmax,27,5,iterative,"{'scaler__scaler_name': 'robust', 'outlier_remover__threshold': 3.5, 'outlier_remover__outlier_method': 'z_score', 'outlier_remover__n_neighbors': 10, 'outlier_remover__metric_LOF': 'manhattan', 'outlier_remover__max_samples_IF': 'auto', 'outlier_remover__estimators_IF': 100, 'outlier_remover__contamination_LOF': 0.01, 'outlier_remover__contamination_IF': 0.1, 'imputer__simple_strategy_num': 'mean', 'imputer__knn_scaling_method': 'minmax', 'imputer__knn_neighbors': 27, 'imputer__iterative_max_iter': 5, 'imputer__imputation_method': 'iterative'}",0.6825951018452444,0.6825951018452444,0.0,172
176,6.759426116943359,0.0,10.178032159805298,0.0,standard,4.0,Isolation_Forest,5,euclidean,1.0,50,0.25,0.3,mean,robust,3,20,iterative,"{'scaler__scaler_name': 'standard', 'outlier_remover__threshold': 4, 'outlier_remover__outlier_method': 'Isolation_Forest', 'outlier_remover__n_neighbors': 5, 'outlier_remover__metric_LOF': 'euclidean', 'outlier_remover__max_samples_IF': 1.0, 'outlier_remover__estimators_IF': 50, 'outlier_remover__contamination_LOF': 0.25, 'outlier_remover__contamination_IF': 0.3, 'imputer__simple_strategy_num': 'mean', 'imputer__knn_scaling_method': 'robust', 'imputer__knn_neighbors': 3, 'imputer__iterative_max_iter': 20, 'imputer__imputation_method': 'iterative'}",0.7766723099830832,0.7766723099830832,0.0,142
177,13.926084995269775,0.0,14.669684886932373,0.0,standard,4.0,LOF,5,chebyshev,auto,50,0.3,0.01,mean,minmax,12,5,iterative,"{'scaler__scaler_name': 'standard', 'outlier_remover__threshold': 4, 'outlier_remover__outlier_method': 'LOF', 'outlier_remover__n_neighbors': 5, 'outlier_remover__metric_LOF': 'chebyshev', 'outlier_remover__max_samples_IF': 'auto', 'outlier_remover__estimators_IF': 50, 'outlier_remover__contamination_LOF': 0.3, 'outlier_remover__contamination_IF': 0.01, 'imputer__simple_strategy_num': 'mean', 'imputer__knn_scaling_method': 'minmax', 'imputer__knn_neighbors': 12, 'imputer__iterative_max_iter': 5, 'imputer__imputation_method': 'iterative'}",0.700704265917967,0.700704265917967,0.0,158
178,7.022518157958984,0.0,10.185475826263428,0.0,minmax,4.0,z_score,20,manhattan,auto,200,0.03,0.05,mean,minmax,6,5,iterative,"{'scaler__scaler_name': 'minmax', 'outlier_remover__threshold': 4, 'outlier_remover__outlier_method': 'z_score', 'outlier_remover__n_neighbors': 20, 'outlier_remover__metric_LOF': 'manhattan', 'outlier_remover__max_samples_IF': 'auto', 'outlier_remover__estimators_IF': 200, 'outlier_remover__contamination_LOF': 0.03, 'outlier_remover__contamination_IF': 0.05, 'imputer__simple_strategy_num': 'mean', 'imputer__knn_scaling_method': 'minmax', 'imputer__knn_neighbors': 6, 'imputer__iterative_max_iter': 5, 'imputer__imputation_method': 'iterative'}",0.5784657699710986,0.5784657699710986,0.0,198
179,9.397424936294556,0.0,10.507406949996948,0.0,robust,2.0,LOF,20,minkowski,1.0,150,0.1,0.03,mean,standard,17,5,iterative,"{'scaler__scaler_name': 'robust', 'outlier_remover__threshold': 2, 'outlier_remover__outlier_method': 'LOF', 'outlier_remover__n_neighbors': 20, 'outlier_remover__metric_LOF': 'minkowski', 'outlier_remover__max_samples_IF': 1.0, 'outlier_remover__estimators_IF': 150, 'outlier_remover__contamination_LOF': 0.1, 'outlier_remover__contamination_IF': 0.03, 'imputer__simple_strategy_num': 'mean', 'imputer__knn_scaling_method': 'standard', 'imputer__knn_neighbors': 17, 'imputer__iterative_max_iter': 5, 'imputer__imputation_method': 'iterative'}",0.6996974301714285,0.6996974301714285,0.0,159
180,13.89950680732727,0.0,14.486817121505737,0.0,robust,3.0,z_score,70,minkowski,0.5,150,0.5,0.01,mean,standard,15,50,knn,"{'scaler__scaler_name': 'robust', 'outlier_remover__threshold': 3, 'outlier_remover__outlier_method': 'z_score', 'outlier_remover__n_neighbors': 70, 'outlier_remover__metric_LOF': 'minkowski', 'outlier_remover__max_samples_IF': 0.5, 'outlier_remover__estimators_IF': 150, 'outlier_remover__contamination_LOF': 0.5, 'outlier_remover__contamination_IF': 0.01, 'imputer__simple_strategy_num': 'mean', 'imputer__knn_scaling_method': 'standard', 'imputer__knn_neighbors': 15, 'imputer__iterative_max_iter': 50, 'imputer__imputation_method': 'knn'}",0.7945187779565689,0.7945187779565689,0.0,138
181,6.759635925292969,0.0,9.266199827194214,0.0,standard,3.5,z_score,50,minkowski,0.5,150,0.03,0.05,mean,minmax,10,5,iterative,"{'scaler__scaler_name': 'standard', 'outlier_remover__threshold': 3.5, 'outlier_remover__outlier_method': 'z_score', 'outlier_remover__n_neighbors': 50, 'outlier_remover__metric_LOF': 'minkowski', 'outlier_remover__max_samples_IF': 0.5, 'outlier_remover__estimators_IF': 150, 'outlier_remover__contamination_LOF': 0.03, 'outlier_remover__contamination_IF': 0.05, 'imputer__simple_strategy_num': 'mean', 'imputer__knn_scaling_method': 'minmax', 'imputer__knn_neighbors': 10, 'imputer__iterative_max_iter': 5, 'imputer__imputation_method': 'iterative'}",0.6906605057750145,0.6906605057750145,0.0,162
182,6.7271881103515625,0.0,9.456695079803467,0.0,standard,2.5,z_score,10,minkowski,1.0,50,0.3,0.03,median,minmax,29,10,simple,"{'scaler__scaler_name': 'standard', 'outlier_remover__threshold': 2.5, 'outlier_remover__outlier_method': 'z_score', 'outlier_remover__n_neighbors': 10, 'outlier_remover__metric_LOF': 'minkowski', 'outlier_remover__max_samples_IF': 1.0, 'outlier_remover__estimators_IF': 50, 'outlier_remover__contamination_LOF': 0.3, 'outlier_remover__contamination_IF': 0.03, 'imputer__simple_strategy_num': 'median', 'imputer__knn_scaling_method': 'minmax', 'imputer__knn_neighbors': 29, 'imputer__iterative_max_iter': 10, 'imputer__imputation_method': 'simple'}",0.8879315534416294,0.8879315534416294,0.0,65
183,7.947869777679443,0.0,9.812487125396729,0.0,standard,2.0,LOF,5,euclidean,0.7,200,0.3,0.1,mean,robust,15,20,iterative,"{'scaler__scaler_name': 'standard', 'outlier_remover__threshold': 2, 'outlier_remover__outlier_method': 'LOF', 'outlier_remover__n_neighbors': 5, 'outlier_remover__metric_LOF': 'euclidean', 'outlier_remover__max_samples_IF': 0.7, 'outlier_remover__estimators_IF': 200, 'outlier_remover__contamination_LOF': 0.3, 'outlier_remover__contamination_IF': 0.1, 'imputer__simple_strategy_num': 'mean', 'imputer__knn_scaling_method': 'robust', 'imputer__knn_neighbors': 15, 'imputer__iterative_max_iter': 20, 'imputer__imputation_method': 'iterative'}",0.7426420579324332,0.7426420579324332,0.0,149
184,12.851857900619507,0.0,17.303747177124023,0.0,robust,3.5,Isolation_Forest,90,euclidean,0.7,200,0.15,0.05,mean,standard,13,5,knn,"{'scaler__scaler_name': 'robust', 'outlier_remover__threshold': 3.5, 'outlier_remover__outlier_method': 'Isolation_Forest', 'outlier_remover__n_neighbors': 90, 'outlier_remover__metric_LOF': 'euclidean', 'outlier_remover__max_samples_IF': 0.7, 'outlier_remover__estimators_IF': 200, 'outlier_remover__contamination_LOF': 0.15, 'outlier_remover__contamination_IF': 0.05, 'imputer__simple_strategy_num': 'mean', 'imputer__knn_scaling_method': 'standard', 'imputer__knn_neighbors': 13, 'imputer__iterative_max_iter': 5, 'imputer__imputation_method': 'knn'}",0.9251862075562142,0.9251862075562142,0.0,27
185,18.710766792297363,0.0,19.781620979309082,0.0,standard,3.5,LOF,100,chebyshev,auto,200,0.3,0.3,mean,robust,8,20,knn,"{'scaler__scaler_name': 'standard', 'outlier_remover__threshold': 3.5, 'outlier_remover__outlier_method': 'LOF', 'outlier_remover__n_neighbors': 100, 'outlier_remover__metric_LOF': 'chebyshev', 'outlier_remover__max_samples_IF': 'auto', 'outlier_remover__estimators_IF': 200, 'outlier_remover__contamination_LOF': 0.3, 'outlier_remover__contamination_IF': 0.3, 'imputer__simple_strategy_num': 'mean', 'imputer__knn_scaling_method': 'robust', 'imputer__knn_neighbors': 8, 'imputer__iterative_max_iter': 20, 'imputer__imputation_method': 'knn'}",0.8738473105483924,0.8738473105483924,0.0,85
186,7.104267120361328,0.0,10.585678815841675,0.0,standard,3.5,z_score,10,euclidean,auto,100,0.03,0.15,mean,standard,29,50,iterative,"{'scaler__scaler_name': 'standard', 'outlier_remover__threshold': 3.5, 'outlier_remover__outlier_method': 'z_score', 'outlier_remover__n_neighbors': 10, 'outlier_remover__metric_LOF': 'euclidean', 'outlier_remover__max_samples_IF': 'auto', 'outlier_remover__estimators_IF': 100, 'outlier_remover__contamination_LOF': 0.03, 'outlier_remover__contamination_IF': 0.15, 'imputer__simple_strategy_num': 'mean', 'imputer__knn_scaling_method': 'standard', 'imputer__knn_neighbors': 29, 'imputer__iterative_max_iter': 50, 'imputer__imputation_method': 'iterative'}",0.6906605057750145,0.6906605057750145,0.0,162
187,9.303365707397461,0.0,10.350115060806274,0.0,standard,4.0,LOF,70,minkowski,0.7,100,0.25,0.01,median,minmax,4,10,iterative,"{'scaler__scaler_name': 'standard', 'outlier_remover__threshold': 4, 'outlier_remover__outlier_method': 'LOF', 'outlier_remover__n_neighbors': 70, 'outlier_remover__metric_LOF': 'minkowski', 'outlier_remover__max_samples_IF': 0.7, 'outlier_remover__estimators_IF': 100, 'outlier_remover__contamination_LOF': 0.25, 'outlier_remover__contamination_IF': 0.01, 'imputer__simple_strategy_num': 'median', 'imputer__knn_scaling_method': 'minmax', 'imputer__knn_neighbors': 4, 'imputer__iterative_max_iter': 10, 'imputer__imputation_method': 'iterative'}",0.7219242513671551,0.7219242513671551,0.0,153
188,15.811490774154663,0.0,19.189722061157227,0.0,standard,2.0,LOF,90,manhattan,1.0,50,0.15,0.03,median,robust,9,20,knn,"{'scaler__scaler_name': 'standard', 'outlier_remover__threshold': 2, 'outlier_remover__outlier_method': 'LOF', 'outlier_remover__n_neighbors': 90, 'outlier_remover__metric_LOF': 'manhattan', 'outlier_remover__max_samples_IF': 1.0, 'outlier_remover__estimators_IF': 50, 'outlier_remover__contamination_LOF': 0.15, 'outlier_remover__contamination_IF': 0.03, 'imputer__simple_strategy_num': 'median', 'imputer__knn_scaling_method': 'robust', 'imputer__knn_neighbors': 9, 'imputer__iterative_max_iter': 20, 'imputer__imputation_method': 'knn'}",0.8226675654510132,0.8226675654510132,0.0,122
189,6.52669095993042,0.0,9.108318090438843,0.0,standard,3.5,z_score,30,chebyshev,0.7,100,0.01,0.25,mean,robust,25,20,iterative,"{'scaler__scaler_name': 'standard', 'outlier_remover__threshold': 3.5, 'outlier_remover__outlier_method': 'z_score', 'outlier_remover__n_neighbors': 30, 'outlier_remover__metric_LOF': 'chebyshev', 'outlier_remover__max_samples_IF': 0.7, 'outlier_remover__estimators_IF': 100, 'outlier_remover__contamination_LOF': 0.01, 'outlier_remover__contamination_IF': 0.25, 'imputer__simple_strategy_num': 'mean', 'imputer__knn_scaling_method': 'robust', 'imputer__knn_neighbors': 25, 'imputer__iterative_max_iter': 20, 'imputer__imputation_method': 'iterative'}",0.6906605057750145,0.6906605057750145,0.0,162
190,5.935791254043579,0.0,9.057785034179688,0.0,minmax,2.0,Isolation_Forest,100,manhattan,auto,200,0.25,0.05,median,minmax,14,50,simple,"{'scaler__scaler_name': 'minmax', 'outlier_remover__threshold': 2, 'outlier_remover__outlier_method': 'Isolation_Forest', 'outlier_remover__n_neighbors': 100, 'outlier_remover__metric_LOF': 'manhattan', 'outlier_remover__max_samples_IF': 'auto', 'outlier_remover__estimators_IF': 200, 'outlier_remover__contamination_LOF': 0.25, 'outlier_remover__contamination_IF': 0.05, 'imputer__simple_strategy_num': 'median', 'imputer__knn_scaling_method': 'minmax', 'imputer__knn_neighbors': 14, 'imputer__iterative_max_iter': 50, 'imputer__imputation_method': 'simple'}",0.8481213935864897,0.8481213935864897,0.0,111
191,11.546036005020142,0.0,15.140653133392334,0.0,minmax,3.0,z_score,30,chebyshev,0.7,50,0.03,0.1,median,standard,9,50,knn,"{'scaler__scaler_name': 'minmax', 'outlier_remover__threshold': 3, 'outlier_remover__outlier_method': 'z_score', 'outlier_remover__n_neighbors': 30, 'outlier_remover__metric_LOF': 'chebyshev', 'outlier_remover__max_samples_IF': 0.7, 'outlier_remover__estimators_IF': 50, 'outlier_remover__contamination_LOF': 0.03, 'outlier_remover__contamination_IF': 0.1, 'imputer__simple_strategy_num': 'median', 'imputer__knn_scaling_method': 'standard', 'imputer__knn_neighbors': 9, 'imputer__iterative_max_iter': 50, 'imputer__imputation_method': 'knn'}",0.8659304595553272,0.8659304595553272,0.0,91
192,12.33909010887146,0.0,14.261278867721558,0.0,standard,3.5,Isolation_Forest,5,euclidean,1.0,50,0.3,0.05,median,minmax,20,50,knn,"{'scaler__scaler_name': 'standard', 'outlier_remover__threshold': 3.5, 'outlier_remover__outlier_method': 'Isolation_Forest', 'outlier_remover__n_neighbors': 5, 'outlier_remover__metric_LOF': 'euclidean', 'outlier_remover__max_samples_IF': 1.0, 'outlier_remover__estimators_IF': 50, 'outlier_remover__contamination_LOF': 0.3, 'outlier_remover__contamination_IF': 0.05, 'imputer__simple_strategy_num': 'median', 'imputer__knn_scaling_method': 'minmax', 'imputer__knn_neighbors': 20, 'imputer__iterative_max_iter': 50, 'imputer__imputation_method': 'knn'}",0.9352158208381344,0.9352158208381344,0.0,15
193,7.826620817184448,0.0,10.023782014846802,0.0,robust,3.5,Isolation_Forest,70,manhattan,auto,150,0.01,0.01,mean,standard,11,50,iterative,"{'scaler__scaler_name': 'robust', 'outlier_remover__threshold': 3.5, 'outlier_remover__outlier_method': 'Isolation_Forest', 'outlier_remover__n_neighbors': 70, 'outlier_remover__metric_LOF': 'manhattan', 'outlier_remover__max_samples_IF': 'auto', 'outlier_remover__estimators_IF': 150, 'outlier_remover__contamination_LOF': 0.01, 'outlier_remover__contamination_IF': 0.01, 'imputer__simple_strategy_num': 'mean', 'imputer__knn_scaling_method': 'standard', 'imputer__knn_neighbors': 11, 'imputer__iterative_max_iter': 50, 'imputer__imputation_method': 'iterative'}",0.6721256609318627,0.6721256609318627,0.0,177
194,18.4326810836792,0.0,19.36601424217224,0.0,robust,2.5,LOF,100,chebyshev,auto,200,0.15,0.3,mean,minmax,28,50,knn,"{'scaler__scaler_name': 'robust', 'outlier_remover__threshold': 2.5, 'outlier_remover__outlier_method': 'LOF', 'outlier_remover__n_neighbors': 100, 'outlier_remover__metric_LOF': 'chebyshev', 'outlier_remover__max_samples_IF': 'auto', 'outlier_remover__estimators_IF': 200, 'outlier_remover__contamination_LOF': 0.15, 'outlier_remover__contamination_IF': 0.3, 'imputer__simple_strategy_num': 'mean', 'imputer__knn_scaling_method': 'minmax', 'imputer__knn_neighbors': 28, 'imputer__iterative_max_iter': 50, 'imputer__imputation_method': 'knn'}",0.865005615047683,0.865005615047683,0.0,93
195,5.95573878288269,0.0,9.582762241363525,0.0,minmax,4.0,z_score,10,manhattan,1.0,100,0.3,0.5,mean,standard,6,10,simple,"{'scaler__scaler_name': 'minmax', 'outlier_remover__threshold': 4, 'outlier_remover__outlier_method': 'z_score', 'outlier_remover__n_neighbors': 10, 'outlier_remover__metric_LOF': 'manhattan', 'outlier_remover__max_samples_IF': 1.0, 'outlier_remover__estimators_IF': 100, 'outlier_remover__contamination_LOF': 0.3, 'outlier_remover__contamination_IF': 0.5, 'imputer__simple_strategy_num': 'mean', 'imputer__knn_scaling_method': 'standard', 'imputer__knn_neighbors': 6, 'imputer__iterative_max_iter': 10, 'imputer__imputation_method': 'simple'}",0.8764999194463862,0.8764999194463862,0.0,79
196,5.755697965621948,0.0,10.191368818283081,0.0,minmax,3.0,z_score,100,chebyshev,0.5,150,0.1,0.25,mean,robust,28,10,simple,"{'scaler__scaler_name': 'minmax', 'outlier_remover__threshold': 3, 'outlier_remover__outlier_method': 'z_score', 'outlier_remover__n_neighbors': 100, 'outlier_remover__metric_LOF': 'chebyshev', 'outlier_remover__max_samples_IF': 0.5, 'outlier_remover__estimators_IF': 150, 'outlier_remover__contamination_LOF': 0.1, 'outlier_remover__contamination_IF': 0.25, 'imputer__simple_strategy_num': 'mean', 'imputer__knn_scaling_method': 'robust', 'imputer__knn_neighbors': 28, 'imputer__iterative_max_iter': 10, 'imputer__imputation_method': 'simple'}",0.8782531442702666,0.8782531442702666,0.0,77
197,7.761506080627441,0.0,9.213489294052124,0.0,robust,3.0,z_score,20,euclidean,0.7,150,0.25,0.25,mean,standard,6,50,simple,"{'scaler__scaler_name': 'robust', 'outlier_remover__threshold': 3, 'outlier_remover__outlier_method': 'z_score', 'outlier_remover__n_neighbors': 20, 'outlier_remover__metric_LOF': 'euclidean', 'outlier_remover__max_samples_IF': 0.7, 'outlier_remover__estimators_IF': 150, 'outlier_remover__contamination_LOF': 0.25, 'outlier_remover__contamination_IF': 0.25, 'imputer__simple_strategy_num': 'mean', 'imputer__knn_scaling_method': 'standard', 'imputer__knn_neighbors': 6, 'imputer__iterative_max_iter': 50, 'imputer__imputation_method': 'simple'}",0.8142563796203053,0.8142563796203053,0.0,125
198,7.004493713378906,0.0,8.003992080688477,0.0,standard,3.0,z_score,50,chebyshev,auto,50,0.3,0.03,median,minmax,22,20,iterative,"{'scaler__scaler_name': 'standard', 'outlier_remover__threshold': 3, 'outlier_remover__outlier_method': 'z_score', 'outlier_remover__n_neighbors': 50, 'outlier_remover__metric_LOF': 'chebyshev', 'outlier_remover__max_samples_IF': 'auto', 'outlier_remover__estimators_IF': 50, 'outlier_remover__contamination_LOF': 0.3, 'outlier_remover__contamination_IF': 0.03, 'imputer__simple_strategy_num': 'median', 'imputer__knn_scaling_method': 'minmax', 'imputer__knn_neighbors': 22, 'imputer__iterative_max_iter': 20, 'imputer__imputation_method': 'iterative'}",0.6904102424331374,0.6904102424331374,0.0,166
199,11.130013942718506,0.0,11.129837036132812,0.0,standard,2.0,Isolation_Forest,50,manhattan,auto,200,0.01,0.01,mean,robust,16,5,knn,"{'scaler__scaler_name': 'standard', 'outlier_remover__threshold': 2, 'outlier_remover__outlier_method': 'Isolation_Forest', 'outlier_remover__n_neighbors': 50, 'outlier_remover__metric_LOF': 'manhattan', 'outlier_remover__max_samples_IF': 'auto', 'outlier_remover__estimators_IF': 200, 'outlier_remover__contamination_LOF': 0.01, 'outlier_remover__contamination_IF': 0.01, 'imputer__simple_strategy_num': 'mean', 'imputer__knn_scaling_method': 'robust', 'imputer__knn_neighbors': 16, 'imputer__iterative_max_iter': 5, 'imputer__imputation_method': 'knn'}",0.8779952152816131,0.8779952152816131,0.0,78
