,mean_fit_time,std_fit_time,mean_score_time,std_score_time,param_scaler__scaler_name,param_outlier_remover__threshold,param_outlier_remover__outlier_method,param_outlier_remover__n_neighbors,param_outlier_remover__metric_LOF,param_outlier_remover__max_samples_IF,param_outlier_remover__estimators_IF,param_outlier_remover__contamination_LOF,param_outlier_remover__contamination_IF,param_imputer__simple_strategy_num,param_imputer__knn_scaling_method,param_imputer__knn_neighbors,param_imputer__iterative_max_iter,param_imputer__imputation_method,params,split0_test_score,mean_test_score,std_test_score,rank_test_score
0,8.05788803100586,0.0,10.53384804725647,0.0,standard,3.0,Isolation_Forest,90,minkowski,0.7,100,0.03,0.15,mean,robust,15,50,knn,"{'scaler__scaler_name': 'standard', 'outlier_remover__threshold': 3, 'outlier_remover__outlier_method': 'Isolation_Forest', 'outlier_remover__n_neighbors': 90, 'outlier_remover__metric_LOF': 'minkowski', 'outlier_remover__max_samples_IF': 0.7, 'outlier_remover__estimators_IF': 100, 'outlier_remover__contamination_LOF': 0.03, 'outlier_remover__contamination_IF': 0.15, 'imputer__simple_strategy_num': 'mean', 'imputer__knn_scaling_method': 'robust', 'imputer__knn_neighbors': 15, 'imputer__iterative_max_iter': 50, 'imputer__imputation_method': 'knn'}",0.9156466909789559,0.9156466909789559,0.0,31
1,0.20619487762451172,0.0,3.1709470748901367,0.0,standard,2.5,z_score,70,chebyshev,auto,50,0.03,0.15,mean,robust,30,10,simple,"{'scaler__scaler_name': 'standard', 'outlier_remover__threshold': 2.5, 'outlier_remover__outlier_method': 'z_score', 'outlier_remover__n_neighbors': 70, 'outlier_remover__metric_LOF': 'chebyshev', 'outlier_remover__max_samples_IF': 'auto', 'outlier_remover__estimators_IF': 50, 'outlier_remover__contamination_LOF': 0.03, 'outlier_remover__contamination_IF': 0.15, 'imputer__simple_strategy_num': 'mean', 'imputer__knn_scaling_method': 'robust', 'imputer__knn_neighbors': 30, 'imputer__iterative_max_iter': 10, 'imputer__imputation_method': 'simple'}",0.8994972403002071,0.8994972403002071,0.0,60
2,1.7886879444122314,0.0,4.2999982833862305,0.0,standard,4.0,z_score,10,manhattan,0.7,150,0.3,0.15,median,robust,7,50,iterative,"{'scaler__scaler_name': 'standard', 'outlier_remover__threshold': 4, 'outlier_remover__outlier_method': 'z_score', 'outlier_remover__n_neighbors': 10, 'outlier_remover__metric_LOF': 'manhattan', 'outlier_remover__max_samples_IF': 0.7, 'outlier_remover__estimators_IF': 150, 'outlier_remover__contamination_LOF': 0.3, 'outlier_remover__contamination_IF': 0.15, 'imputer__simple_strategy_num': 'median', 'imputer__knn_scaling_method': 'robust', 'imputer__knn_neighbors': 7, 'imputer__iterative_max_iter': 50, 'imputer__imputation_method': 'iterative'}",0.6916296096295909,0.6916296096295909,0.0,187
3,1.6470389366149902,0.0,4.510757923126221,0.0,standard,3.0,LOF,50,minkowski,0.5,200,0.25,0.5,mean,standard,6,5,simple,"{'scaler__scaler_name': 'standard', 'outlier_remover__threshold': 3, 'outlier_remover__outlier_method': 'LOF', 'outlier_remover__n_neighbors': 50, 'outlier_remover__metric_LOF': 'minkowski', 'outlier_remover__max_samples_IF': 0.5, 'outlier_remover__estimators_IF': 200, 'outlier_remover__contamination_LOF': 0.25, 'outlier_remover__contamination_IF': 0.5, 'imputer__simple_strategy_num': 'mean', 'imputer__knn_scaling_method': 'standard', 'imputer__knn_neighbors': 6, 'imputer__iterative_max_iter': 5, 'imputer__imputation_method': 'simple'}",0.9011077774198104,0.9011077774198104,0.0,53
4,1.59098219871521,0.0,4.4797890186309814,0.0,standard,2.5,z_score,50,euclidean,0.7,200,0.25,0.01,mean,robust,11,5,iterative,"{'scaler__scaler_name': 'standard', 'outlier_remover__threshold': 2.5, 'outlier_remover__outlier_method': 'z_score', 'outlier_remover__n_neighbors': 50, 'outlier_remover__metric_LOF': 'euclidean', 'outlier_remover__max_samples_IF': 0.7, 'outlier_remover__estimators_IF': 200, 'outlier_remover__contamination_LOF': 0.25, 'outlier_remover__contamination_IF': 0.01, 'imputer__simple_strategy_num': 'mean', 'imputer__knn_scaling_method': 'robust', 'imputer__knn_neighbors': 11, 'imputer__iterative_max_iter': 5, 'imputer__imputation_method': 'iterative'}",0.7067995829789258,0.7067995829789258,0.0,177
5,0.16094589233398438,0.0,3.1202287673950195,0.0,minmax,2.0,z_score,30,manhattan,auto,150,0.5,0.1,median,minmax,30,50,simple,"{'scaler__scaler_name': 'minmax', 'outlier_remover__threshold': 2, 'outlier_remover__outlier_method': 'z_score', 'outlier_remover__n_neighbors': 30, 'outlier_remover__metric_LOF': 'manhattan', 'outlier_remover__max_samples_IF': 'auto', 'outlier_remover__estimators_IF': 150, 'outlier_remover__contamination_LOF': 0.5, 'outlier_remover__contamination_IF': 0.1, 'imputer__simple_strategy_num': 'median', 'imputer__knn_scaling_method': 'minmax', 'imputer__knn_neighbors': 30, 'imputer__iterative_max_iter': 50, 'imputer__imputation_method': 'simple'}",0.8834699549840862,0.8834699549840862,0.0,79
6,1.5511767864227295,0.0,4.391845941543579,0.0,minmax,3.5,z_score,100,chebyshev,0.7,150,0.1,0.3,mean,minmax,15,5,iterative,"{'scaler__scaler_name': 'minmax', 'outlier_remover__threshold': 3.5, 'outlier_remover__outlier_method': 'z_score', 'outlier_remover__n_neighbors': 100, 'outlier_remover__metric_LOF': 'chebyshev', 'outlier_remover__max_samples_IF': 0.7, 'outlier_remover__estimators_IF': 150, 'outlier_remover__contamination_LOF': 0.1, 'outlier_remover__contamination_IF': 0.3, 'imputer__simple_strategy_num': 'mean', 'imputer__knn_scaling_method': 'minmax', 'imputer__knn_neighbors': 15, 'imputer__iterative_max_iter': 5, 'imputer__imputation_method': 'iterative'}",0.6934572382207236,0.6934572382207236,0.0,186
7,1.7706050872802734,0.0,3.9912848472595215,0.0,minmax,2.5,z_score,100,euclidean,0.7,50,0.03,0.03,median,standard,30,10,iterative,"{'scaler__scaler_name': 'minmax', 'outlier_remover__threshold': 2.5, 'outlier_remover__outlier_method': 'z_score', 'outlier_remover__n_neighbors': 100, 'outlier_remover__metric_LOF': 'euclidean', 'outlier_remover__max_samples_IF': 0.7, 'outlier_remover__estimators_IF': 50, 'outlier_remover__contamination_LOF': 0.03, 'outlier_remover__contamination_IF': 0.03, 'imputer__simple_strategy_num': 'median', 'imputer__knn_scaling_method': 'standard', 'imputer__knn_neighbors': 30, 'imputer__iterative_max_iter': 10, 'imputer__imputation_method': 'iterative'}",0.712655604684408,0.712655604684408,0.0,172
8,8.596135139465332,0.0,10.754266023635864,0.0,minmax,3.5,LOF,90,chebyshev,0.5,50,0.03,0.01,mean,standard,7,5,iterative,"{'scaler__scaler_name': 'minmax', 'outlier_remover__threshold': 3.5, 'outlier_remover__outlier_method': 'LOF', 'outlier_remover__n_neighbors': 90, 'outlier_remover__metric_LOF': 'chebyshev', 'outlier_remover__max_samples_IF': 0.5, 'outlier_remover__estimators_IF': 50, 'outlier_remover__contamination_LOF': 0.03, 'outlier_remover__contamination_IF': 0.01, 'imputer__simple_strategy_num': 'mean', 'imputer__knn_scaling_method': 'standard', 'imputer__knn_neighbors': 7, 'imputer__iterative_max_iter': 5, 'imputer__imputation_method': 'iterative'}",0.6939865706735837,0.6939865706735837,0.0,185
9,7.671201944351196,0.0,9.688293933868408,0.0,standard,4.0,LOF,5,minkowski,1.0,50,0.5,0.5,median,minmax,10,10,knn,"{'scaler__scaler_name': 'standard', 'outlier_remover__threshold': 4, 'outlier_remover__outlier_method': 'LOF', 'outlier_remover__n_neighbors': 5, 'outlier_remover__metric_LOF': 'minkowski', 'outlier_remover__max_samples_IF': 1.0, 'outlier_remover__estimators_IF': 50, 'outlier_remover__contamination_LOF': 0.5, 'outlier_remover__contamination_IF': 0.5, 'imputer__simple_strategy_num': 'median', 'imputer__knn_scaling_method': 'minmax', 'imputer__knn_neighbors': 10, 'imputer__iterative_max_iter': 10, 'imputer__imputation_method': 'knn'}",0.958452117815644,0.958452117815644,0.0,3
10,6.294786691665649,0.0,9.168029308319092,0.0,standard,2.0,Isolation_Forest,50,manhattan,auto,50,0.5,0.05,mean,standard,7,5,knn,"{'scaler__scaler_name': 'standard', 'outlier_remover__threshold': 2, 'outlier_remover__outlier_method': 'Isolation_Forest', 'outlier_remover__n_neighbors': 50, 'outlier_remover__metric_LOF': 'manhattan', 'outlier_remover__max_samples_IF': 'auto', 'outlier_remover__estimators_IF': 50, 'outlier_remover__contamination_LOF': 0.5, 'outlier_remover__contamination_IF': 0.05, 'imputer__simple_strategy_num': 'mean', 'imputer__knn_scaling_method': 'standard', 'imputer__knn_neighbors': 7, 'imputer__iterative_max_iter': 5, 'imputer__imputation_method': 'knn'}",0.9015304591190383,0.9015304591190383,0.0,51
11,4.631675958633423,0.0,6.733217000961304,0.0,standard,3.5,LOF,30,manhattan,auto,150,0.01,0.3,mean,standard,25,10,simple,"{'scaler__scaler_name': 'standard', 'outlier_remover__threshold': 3.5, 'outlier_remover__outlier_method': 'LOF', 'outlier_remover__n_neighbors': 30, 'outlier_remover__metric_LOF': 'manhattan', 'outlier_remover__max_samples_IF': 'auto', 'outlier_remover__estimators_IF': 150, 'outlier_remover__contamination_LOF': 0.01, 'outlier_remover__contamination_IF': 0.3, 'imputer__simple_strategy_num': 'mean', 'imputer__knn_scaling_method': 'standard', 'imputer__knn_neighbors': 25, 'imputer__iterative_max_iter': 10, 'imputer__imputation_method': 'simple'}",0.8784247259259609,0.8784247259259609,0.0,85
12,2.797713279724121,0.0,5.508260726928711,0.0,minmax,2.0,LOF,20,minkowski,0.7,50,0.3,0.15,mean,minmax,30,10,iterative,"{'scaler__scaler_name': 'minmax', 'outlier_remover__threshold': 2, 'outlier_remover__outlier_method': 'LOF', 'outlier_remover__n_neighbors': 20, 'outlier_remover__metric_LOF': 'minkowski', 'outlier_remover__max_samples_IF': 0.7, 'outlier_remover__estimators_IF': 50, 'outlier_remover__contamination_LOF': 0.3, 'outlier_remover__contamination_IF': 0.15, 'imputer__simple_strategy_num': 'mean', 'imputer__knn_scaling_method': 'minmax', 'imputer__knn_neighbors': 30, 'imputer__iterative_max_iter': 10, 'imputer__imputation_method': 'iterative'}",0.7795203985973018,0.7795203985973018,0.0,142
13,7.67306923866272,0.0,9.160297870635986,0.0,robust,2.0,z_score,90,manhattan,0.7,200,0.3,0.01,mean,robust,12,5,knn,"{'scaler__scaler_name': 'robust', 'outlier_remover__threshold': 2, 'outlier_remover__outlier_method': 'z_score', 'outlier_remover__n_neighbors': 90, 'outlier_remover__metric_LOF': 'manhattan', 'outlier_remover__max_samples_IF': 0.7, 'outlier_remover__estimators_IF': 200, 'outlier_remover__contamination_LOF': 0.3, 'outlier_remover__contamination_IF': 0.01, 'imputer__simple_strategy_num': 'mean', 'imputer__knn_scaling_method': 'robust', 'imputer__knn_neighbors': 12, 'imputer__iterative_max_iter': 5, 'imputer__imputation_method': 'knn'}",0.8746815979234764,0.8746815979234764,0.0,92
14,8.662850141525269,0.0,9.5819571018219,0.0,minmax,3.5,Isolation_Forest,30,chebyshev,0.5,50,0.5,0.1,median,standard,17,20,knn,"{'scaler__scaler_name': 'minmax', 'outlier_remover__threshold': 3.5, 'outlier_remover__outlier_method': 'Isolation_Forest', 'outlier_remover__n_neighbors': 30, 'outlier_remover__metric_LOF': 'chebyshev', 'outlier_remover__max_samples_IF': 0.5, 'outlier_remover__estimators_IF': 50, 'outlier_remover__contamination_LOF': 0.5, 'outlier_remover__contamination_IF': 0.1, 'imputer__simple_strategy_num': 'median', 'imputer__knn_scaling_method': 'standard', 'imputer__knn_neighbors': 17, 'imputer__iterative_max_iter': 20, 'imputer__imputation_method': 'knn'}",0.9201804974761283,0.9201804974761283,0.0,29
15,7.8018410205841064,0.0,9.184070110321045,0.0,robust,3.5,z_score,50,minkowski,auto,50,0.05,0.05,median,standard,5,5,knn,"{'scaler__scaler_name': 'robust', 'outlier_remover__threshold': 3.5, 'outlier_remover__outlier_method': 'z_score', 'outlier_remover__n_neighbors': 50, 'outlier_remover__metric_LOF': 'minkowski', 'outlier_remover__max_samples_IF': 'auto', 'outlier_remover__estimators_IF': 50, 'outlier_remover__contamination_LOF': 0.05, 'outlier_remover__contamination_IF': 0.05, 'imputer__simple_strategy_num': 'median', 'imputer__knn_scaling_method': 'standard', 'imputer__knn_neighbors': 5, 'imputer__iterative_max_iter': 5, 'imputer__imputation_method': 'knn'}",0.8407821806090158,0.8407821806090158,0.0,115
16,1.712256908416748,0.0,4.376262903213501,0.0,minmax,2.5,LOF,100,minkowski,1.0,50,0.01,0.01,median,minmax,12,10,simple,"{'scaler__scaler_name': 'minmax', 'outlier_remover__threshold': 2.5, 'outlier_remover__outlier_method': 'LOF', 'outlier_remover__n_neighbors': 100, 'outlier_remover__metric_LOF': 'minkowski', 'outlier_remover__max_samples_IF': 1.0, 'outlier_remover__estimators_IF': 50, 'outlier_remover__contamination_LOF': 0.01, 'outlier_remover__contamination_IF': 0.01, 'imputer__simple_strategy_num': 'median', 'imputer__knn_scaling_method': 'minmax', 'imputer__knn_neighbors': 12, 'imputer__iterative_max_iter': 10, 'imputer__imputation_method': 'simple'}",0.9412144796493117,0.9412144796493117,0.0,12
17,2.932774066925049,0.0,6.32436990737915,0.0,minmax,4.0,LOF,100,minkowski,0.7,200,0.25,0.1,median,robust,11,20,iterative,"{'scaler__scaler_name': 'minmax', 'outlier_remover__threshold': 4, 'outlier_remover__outlier_method': 'LOF', 'outlier_remover__n_neighbors': 100, 'outlier_remover__metric_LOF': 'minkowski', 'outlier_remover__max_samples_IF': 0.7, 'outlier_remover__estimators_IF': 200, 'outlier_remover__contamination_LOF': 0.25, 'outlier_remover__contamination_IF': 0.1, 'imputer__simple_strategy_num': 'median', 'imputer__knn_scaling_method': 'robust', 'imputer__knn_neighbors': 11, 'imputer__iterative_max_iter': 20, 'imputer__imputation_method': 'iterative'}",0.7632768676308638,0.7632768676308638,0.0,146
18,1.6964950561523438,0.0,4.38909387588501,0.0,robust,2.5,z_score,10,manhattan,0.5,50,0.3,0.03,mean,robust,21,5,iterative,"{'scaler__scaler_name': 'robust', 'outlier_remover__threshold': 2.5, 'outlier_remover__outlier_method': 'z_score', 'outlier_remover__n_neighbors': 10, 'outlier_remover__metric_LOF': 'manhattan', 'outlier_remover__max_samples_IF': 0.5, 'outlier_remover__estimators_IF': 50, 'outlier_remover__contamination_LOF': 0.3, 'outlier_remover__contamination_IF': 0.03, 'imputer__simple_strategy_num': 'mean', 'imputer__knn_scaling_method': 'robust', 'imputer__knn_neighbors': 21, 'imputer__iterative_max_iter': 5, 'imputer__imputation_method': 'iterative'}",0.7154758923915562,0.7154758923915562,0.0,166
19,0.32617807388305664,0.0,3.050112009048462,0.0,minmax,3.0,Isolation_Forest,20,euclidean,auto,50,0.3,0.05,mean,standard,15,10,simple,"{'scaler__scaler_name': 'minmax', 'outlier_remover__threshold': 3, 'outlier_remover__outlier_method': 'Isolation_Forest', 'outlier_remover__n_neighbors': 20, 'outlier_remover__metric_LOF': 'euclidean', 'outlier_remover__max_samples_IF': 'auto', 'outlier_remover__estimators_IF': 50, 'outlier_remover__contamination_LOF': 0.3, 'outlier_remover__contamination_IF': 0.05, 'imputer__simple_strategy_num': 'mean', 'imputer__knn_scaling_method': 'standard', 'imputer__knn_neighbors': 15, 'imputer__iterative_max_iter': 10, 'imputer__imputation_method': 'simple'}",0.901330321592521,0.901330321592521,0.0,52
20,1.8115930557250977,0.0,4.421056032180786,0.0,robust,2.5,LOF,90,minkowski,0.5,50,0.1,0.25,median,standard,26,10,simple,"{'scaler__scaler_name': 'robust', 'outlier_remover__threshold': 2.5, 'outlier_remover__outlier_method': 'LOF', 'outlier_remover__n_neighbors': 90, 'outlier_remover__metric_LOF': 'minkowski', 'outlier_remover__max_samples_IF': 0.5, 'outlier_remover__estimators_IF': 50, 'outlier_remover__contamination_LOF': 0.1, 'outlier_remover__contamination_IF': 0.25, 'imputer__simple_strategy_num': 'median', 'imputer__knn_scaling_method': 'standard', 'imputer__knn_neighbors': 26, 'imputer__iterative_max_iter': 10, 'imputer__imputation_method': 'simple'}",0.8779723006565576,0.8779723006565576,0.0,86
21,7.98133111000061,0.0,11.106109142303467,0.0,standard,3.0,LOF,10,euclidean,0.5,50,0.25,0.03,mean,standard,4,5,knn,"{'scaler__scaler_name': 'standard', 'outlier_remover__threshold': 3, 'outlier_remover__outlier_method': 'LOF', 'outlier_remover__n_neighbors': 10, 'outlier_remover__metric_LOF': 'euclidean', 'outlier_remover__max_samples_IF': 0.5, 'outlier_remover__estimators_IF': 50, 'outlier_remover__contamination_LOF': 0.25, 'outlier_remover__contamination_IF': 0.03, 'imputer__simple_strategy_num': 'mean', 'imputer__knn_scaling_method': 'standard', 'imputer__knn_neighbors': 4, 'imputer__iterative_max_iter': 5, 'imputer__imputation_method': 'knn'}",0.9475850876386478,0.9475850876386478,0.0,6
22,0.06138277053833008,0.0,2.717421054840088,0.0,robust,2.5,z_score,70,euclidean,0.5,50,0.03,0.05,mean,standard,4,20,simple,"{'scaler__scaler_name': 'robust', 'outlier_remover__threshold': 2.5, 'outlier_remover__outlier_method': 'z_score', 'outlier_remover__n_neighbors': 70, 'outlier_remover__metric_LOF': 'euclidean', 'outlier_remover__max_samples_IF': 0.5, 'outlier_remover__estimators_IF': 50, 'outlier_remover__contamination_LOF': 0.03, 'outlier_remover__contamination_IF': 0.05, 'imputer__simple_strategy_num': 'mean', 'imputer__knn_scaling_method': 'standard', 'imputer__knn_neighbors': 4, 'imputer__iterative_max_iter': 20, 'imputer__imputation_method': 'simple'}",0.8357889131851397,0.8357889131851397,0.0,121
23,6.316479206085205,0.0,10.357659816741943,0.0,minmax,3.5,z_score,70,euclidean,auto,200,0.01,0.3,median,minmax,16,10,knn,"{'scaler__scaler_name': 'minmax', 'outlier_remover__threshold': 3.5, 'outlier_remover__outlier_method': 'z_score', 'outlier_remover__n_neighbors': 70, 'outlier_remover__metric_LOF': 'euclidean', 'outlier_remover__max_samples_IF': 'auto', 'outlier_remover__estimators_IF': 200, 'outlier_remover__contamination_LOF': 0.01, 'outlier_remover__contamination_IF': 0.3, 'imputer__simple_strategy_num': 'median', 'imputer__knn_scaling_method': 'minmax', 'imputer__knn_neighbors': 16, 'imputer__iterative_max_iter': 10, 'imputer__imputation_method': 'knn'}",0.8942586109371405,0.8942586109371405,0.0,70
24,2.377528190612793,0.0,6.060077905654907,0.0,robust,3.5,LOF,20,minkowski,auto,100,0.3,0.15,mean,standard,17,10,iterative,"{'scaler__scaler_name': 'robust', 'outlier_remover__threshold': 3.5, 'outlier_remover__outlier_method': 'LOF', 'outlier_remover__n_neighbors': 20, 'outlier_remover__metric_LOF': 'minkowski', 'outlier_remover__max_samples_IF': 'auto', 'outlier_remover__estimators_IF': 100, 'outlier_remover__contamination_LOF': 0.3, 'outlier_remover__contamination_IF': 0.15, 'imputer__simple_strategy_num': 'mean', 'imputer__knn_scaling_method': 'standard', 'imputer__knn_neighbors': 17, 'imputer__iterative_max_iter': 10, 'imputer__imputation_method': 'iterative'}",0.7794653421325684,0.7794653421325684,0.0,143
25,8.11123776435852,0.0,9.56607723236084,0.0,robust,2.5,Isolation_Forest,100,euclidean,auto,150,0.03,0.5,median,standard,10,5,knn,"{'scaler__scaler_name': 'robust', 'outlier_remover__threshold': 2.5, 'outlier_remover__outlier_method': 'Isolation_Forest', 'outlier_remover__n_neighbors': 100, 'outlier_remover__metric_LOF': 'euclidean', 'outlier_remover__max_samples_IF': 'auto', 'outlier_remover__estimators_IF': 150, 'outlier_remover__contamination_LOF': 0.03, 'outlier_remover__contamination_IF': 0.5, 'imputer__simple_strategy_num': 'median', 'imputer__knn_scaling_method': 'standard', 'imputer__knn_neighbors': 10, 'imputer__iterative_max_iter': 5, 'imputer__imputation_method': 'knn'}",0.8362337566836652,0.8362337566836652,0.0,120
26,10.567210674285889,0.0,13.819400310516357,0.0,robust,3.0,LOF,50,manhattan,auto,100,0.15,0.3,mean,minmax,23,50,knn,"{'scaler__scaler_name': 'robust', 'outlier_remover__threshold': 3, 'outlier_remover__outlier_method': 'LOF', 'outlier_remover__n_neighbors': 50, 'outlier_remover__metric_LOF': 'manhattan', 'outlier_remover__max_samples_IF': 'auto', 'outlier_remover__estimators_IF': 100, 'outlier_remover__contamination_LOF': 0.15, 'outlier_remover__contamination_IF': 0.3, 'imputer__simple_strategy_num': 'mean', 'imputer__knn_scaling_method': 'minmax', 'imputer__knn_neighbors': 23, 'imputer__iterative_max_iter': 50, 'imputer__imputation_method': 'knn'}",0.8044758895817858,0.8044758895817858,0.0,138
27,1.013293743133545,0.0,3.8168702125549316,0.0,standard,3.0,LOF,10,minkowski,0.7,50,0.05,0.5,mean,minmax,24,50,simple,"{'scaler__scaler_name': 'standard', 'outlier_remover__threshold': 3, 'outlier_remover__outlier_method': 'LOF', 'outlier_remover__n_neighbors': 10, 'outlier_remover__metric_LOF': 'minkowski', 'outlier_remover__max_samples_IF': 0.7, 'outlier_remover__estimators_IF': 50, 'outlier_remover__contamination_LOF': 0.05, 'outlier_remover__contamination_IF': 0.5, 'imputer__simple_strategy_num': 'mean', 'imputer__knn_scaling_method': 'minmax', 'imputer__knn_neighbors': 24, 'imputer__iterative_max_iter': 50, 'imputer__imputation_method': 'simple'}",0.875405832024167,0.875405832024167,0.0,90
28,0.12757229804992676,0.0,2.888561725616455,0.0,standard,4.0,z_score,5,manhattan,0.7,150,0.15,0.15,median,minmax,8,10,simple,"{'scaler__scaler_name': 'standard', 'outlier_remover__threshold': 4, 'outlier_remover__outlier_method': 'z_score', 'outlier_remover__n_neighbors': 5, 'outlier_remover__metric_LOF': 'manhattan', 'outlier_remover__max_samples_IF': 0.7, 'outlier_remover__estimators_IF': 150, 'outlier_remover__contamination_LOF': 0.15, 'outlier_remover__contamination_IF': 0.15, 'imputer__simple_strategy_num': 'median', 'imputer__knn_scaling_method': 'minmax', 'imputer__knn_neighbors': 8, 'imputer__iterative_max_iter': 10, 'imputer__imputation_method': 'simple'}",0.9111654638751737,0.9111654638751737,0.0,38
29,0.6307189464569092,0.0,3.623945951461792,0.0,minmax,2.0,Isolation_Forest,70,euclidean,0.5,100,0.01,0.01,median,minmax,3,5,simple,"{'scaler__scaler_name': 'minmax', 'outlier_remover__threshold': 2, 'outlier_remover__outlier_method': 'Isolation_Forest', 'outlier_remover__n_neighbors': 70, 'outlier_remover__metric_LOF': 'euclidean', 'outlier_remover__max_samples_IF': 0.5, 'outlier_remover__estimators_IF': 100, 'outlier_remover__contamination_LOF': 0.01, 'outlier_remover__contamination_IF': 0.01, 'imputer__simple_strategy_num': 'median', 'imputer__knn_scaling_method': 'minmax', 'imputer__knn_neighbors': 3, 'imputer__iterative_max_iter': 5, 'imputer__imputation_method': 'simple'}",0.9398096800969263,0.9398096800969263,0.0,13
30,14.071065902709961,0.0,16.670804023742676,0.0,robust,2.5,LOF,100,chebyshev,0.5,50,0.5,0.05,mean,robust,3,10,knn,"{'scaler__scaler_name': 'robust', 'outlier_remover__threshold': 2.5, 'outlier_remover__outlier_method': 'LOF', 'outlier_remover__n_neighbors': 100, 'outlier_remover__metric_LOF': 'chebyshev', 'outlier_remover__max_samples_IF': 0.5, 'outlier_remover__estimators_IF': 50, 'outlier_remover__contamination_LOF': 0.5, 'outlier_remover__contamination_IF': 0.05, 'imputer__simple_strategy_num': 'mean', 'imputer__knn_scaling_method': 'robust', 'imputer__knn_neighbors': 3, 'imputer__iterative_max_iter': 10, 'imputer__imputation_method': 'knn'}",0.853543643923191,0.853543643923191,0.0,105
31,0.07293891906738281,0.0,2.8491358757019043,0.0,robust,3.5,z_score,90,chebyshev,auto,100,0.03,0.03,mean,minmax,5,5,simple,"{'scaler__scaler_name': 'robust', 'outlier_remover__threshold': 3.5, 'outlier_remover__outlier_method': 'z_score', 'outlier_remover__n_neighbors': 90, 'outlier_remover__metric_LOF': 'chebyshev', 'outlier_remover__max_samples_IF': 'auto', 'outlier_remover__estimators_IF': 100, 'outlier_remover__contamination_LOF': 0.03, 'outlier_remover__contamination_IF': 0.03, 'imputer__simple_strategy_num': 'mean', 'imputer__knn_scaling_method': 'minmax', 'imputer__knn_neighbors': 5, 'imputer__iterative_max_iter': 5, 'imputer__imputation_method': 'simple'}",0.8196033286370235,0.8196033286370235,0.0,131
32,6.824765920639038,0.0,10.36041808128357,0.0,standard,3.5,Isolation_Forest,20,minkowski,0.7,100,0.15,0.05,mean,standard,19,10,knn,"{'scaler__scaler_name': 'standard', 'outlier_remover__threshold': 3.5, 'outlier_remover__outlier_method': 'Isolation_Forest', 'outlier_remover__n_neighbors': 20, 'outlier_remover__metric_LOF': 'minkowski', 'outlier_remover__max_samples_IF': 0.7, 'outlier_remover__estimators_IF': 100, 'outlier_remover__contamination_LOF': 0.15, 'outlier_remover__contamination_IF': 0.05, 'imputer__simple_strategy_num': 'mean', 'imputer__knn_scaling_method': 'standard', 'imputer__knn_neighbors': 19, 'imputer__iterative_max_iter': 10, 'imputer__imputation_method': 'knn'}",0.9353076132788544,0.9353076132788544,0.0,19
33,1.473172903060913,0.0,3.7209091186523438,0.0,minmax,2.5,z_score,70,minkowski,auto,100,0.15,0.5,median,robust,21,50,iterative,"{'scaler__scaler_name': 'minmax', 'outlier_remover__threshold': 2.5, 'outlier_remover__outlier_method': 'z_score', 'outlier_remover__n_neighbors': 70, 'outlier_remover__metric_LOF': 'minkowski', 'outlier_remover__max_samples_IF': 'auto', 'outlier_remover__estimators_IF': 100, 'outlier_remover__contamination_LOF': 0.15, 'outlier_remover__contamination_IF': 0.5, 'imputer__simple_strategy_num': 'median', 'imputer__knn_scaling_method': 'robust', 'imputer__knn_neighbors': 21, 'imputer__iterative_max_iter': 50, 'imputer__imputation_method': 'iterative'}",0.6973259465527317,0.6973259465527317,0.0,182
34,0.3618640899658203,0.0,3.0192549228668213,0.0,minmax,4.0,Isolation_Forest,90,manhattan,0.7,50,0.03,0.5,mean,standard,29,5,simple,"{'scaler__scaler_name': 'minmax', 'outlier_remover__threshold': 4, 'outlier_remover__outlier_method': 'Isolation_Forest', 'outlier_remover__n_neighbors': 90, 'outlier_remover__metric_LOF': 'manhattan', 'outlier_remover__max_samples_IF': 0.7, 'outlier_remover__estimators_IF': 50, 'outlier_remover__contamination_LOF': 0.03, 'outlier_remover__contamination_IF': 0.5, 'imputer__simple_strategy_num': 'mean', 'imputer__knn_scaling_method': 'standard', 'imputer__knn_neighbors': 29, 'imputer__iterative_max_iter': 5, 'imputer__imputation_method': 'simple'}",0.9704554747898904,0.9704554747898904,0.0,1
35,6.499819040298462,0.0,9.885296106338501,0.0,robust,2.5,z_score,10,chebyshev,1.0,200,0.25,0.01,mean,minmax,17,10,knn,"{'scaler__scaler_name': 'robust', 'outlier_remover__threshold': 2.5, 'outlier_remover__outlier_method': 'z_score', 'outlier_remover__n_neighbors': 10, 'outlier_remover__metric_LOF': 'chebyshev', 'outlier_remover__max_samples_IF': 1.0, 'outlier_remover__estimators_IF': 200, 'outlier_remover__contamination_LOF': 0.25, 'outlier_remover__contamination_IF': 0.01, 'imputer__simple_strategy_num': 'mean', 'imputer__knn_scaling_method': 'minmax', 'imputer__knn_neighbors': 17, 'imputer__iterative_max_iter': 10, 'imputer__imputation_method': 'knn'}",0.784287076267308,0.784287076267308,0.0,141
36,1.4023041725158691,0.0,3.733435869216919,0.0,standard,3.0,z_score,90,chebyshev,1.0,100,0.05,0.01,median,minmax,3,20,iterative,"{'scaler__scaler_name': 'standard', 'outlier_remover__threshold': 3, 'outlier_remover__outlier_method': 'z_score', 'outlier_remover__n_neighbors': 90, 'outlier_remover__metric_LOF': 'chebyshev', 'outlier_remover__max_samples_IF': 1.0, 'outlier_remover__estimators_IF': 100, 'outlier_remover__contamination_LOF': 0.05, 'outlier_remover__contamination_IF': 0.01, 'imputer__simple_strategy_num': 'median', 'imputer__knn_scaling_method': 'minmax', 'imputer__knn_neighbors': 3, 'imputer__iterative_max_iter': 20, 'imputer__imputation_method': 'iterative'}",0.7153642919803321,0.7153642919803321,0.0,168
37,6.923805236816406,0.0,9.326072692871094,0.0,robust,3.5,Isolation_Forest,5,minkowski,auto,50,0.03,0.5,median,standard,21,5,knn,"{'scaler__scaler_name': 'robust', 'outlier_remover__threshold': 3.5, 'outlier_remover__outlier_method': 'Isolation_Forest', 'outlier_remover__n_neighbors': 5, 'outlier_remover__metric_LOF': 'minkowski', 'outlier_remover__max_samples_IF': 'auto', 'outlier_remover__estimators_IF': 50, 'outlier_remover__contamination_LOF': 0.03, 'outlier_remover__contamination_IF': 0.5, 'imputer__simple_strategy_num': 'median', 'imputer__knn_scaling_method': 'standard', 'imputer__knn_neighbors': 21, 'imputer__iterative_max_iter': 5, 'imputer__imputation_method': 'knn'}",0.888657465480655,0.888657465480655,0.0,76
38,6.377630949020386,0.0,9.19882869720459,0.0,standard,3.5,z_score,20,minkowski,0.7,150,0.5,0.03,median,robust,24,10,knn,"{'scaler__scaler_name': 'standard', 'outlier_remover__threshold': 3.5, 'outlier_remover__outlier_method': 'z_score', 'outlier_remover__n_neighbors': 20, 'outlier_remover__metric_LOF': 'minkowski', 'outlier_remover__max_samples_IF': 0.7, 'outlier_remover__estimators_IF': 150, 'outlier_remover__contamination_LOF': 0.5, 'outlier_remover__contamination_IF': 0.03, 'imputer__simple_strategy_num': 'median', 'imputer__knn_scaling_method': 'robust', 'imputer__knn_neighbors': 24, 'imputer__iterative_max_iter': 10, 'imputer__imputation_method': 'knn'}",0.8567291642539868,0.8567291642539868,0.0,101
39,6.1351540088653564,0.0,9.285758018493652,0.0,minmax,2.5,z_score,100,manhattan,0.5,50,0.03,0.3,median,minmax,12,5,knn,"{'scaler__scaler_name': 'minmax', 'outlier_remover__threshold': 2.5, 'outlier_remover__outlier_method': 'z_score', 'outlier_remover__n_neighbors': 100, 'outlier_remover__metric_LOF': 'manhattan', 'outlier_remover__max_samples_IF': 0.5, 'outlier_remover__estimators_IF': 50, 'outlier_remover__contamination_LOF': 0.03, 'outlier_remover__contamination_IF': 0.3, 'imputer__simple_strategy_num': 'median', 'imputer__knn_scaling_method': 'minmax', 'imputer__knn_neighbors': 12, 'imputer__iterative_max_iter': 5, 'imputer__imputation_method': 'knn'}",0.8557091656096238,0.8557091656096238,0.0,102
40,0.659735918045044,0.0,3.440376043319702,0.0,standard,4.0,Isolation_Forest,50,manhattan,1.0,100,0.3,0.15,median,robust,7,20,simple,"{'scaler__scaler_name': 'standard', 'outlier_remover__threshold': 4, 'outlier_remover__outlier_method': 'Isolation_Forest', 'outlier_remover__n_neighbors': 50, 'outlier_remover__metric_LOF': 'manhattan', 'outlier_remover__max_samples_IF': 1.0, 'outlier_remover__estimators_IF': 100, 'outlier_remover__contamination_LOF': 0.3, 'outlier_remover__contamination_IF': 0.15, 'imputer__simple_strategy_num': 'median', 'imputer__knn_scaling_method': 'robust', 'imputer__knn_neighbors': 7, 'imputer__iterative_max_iter': 20, 'imputer__imputation_method': 'simple'}",0.9378593203854906,0.9378593203854906,0.0,14
41,6.297506809234619,0.0,9.301694869995117,0.0,robust,4.0,LOF,100,manhattan,0.5,50,0.1,0.03,median,robust,24,50,iterative,"{'scaler__scaler_name': 'robust', 'outlier_remover__threshold': 4, 'outlier_remover__outlier_method': 'LOF', 'outlier_remover__n_neighbors': 100, 'outlier_remover__metric_LOF': 'manhattan', 'outlier_remover__max_samples_IF': 0.5, 'outlier_remover__estimators_IF': 50, 'outlier_remover__contamination_LOF': 0.1, 'outlier_remover__contamination_IF': 0.03, 'imputer__simple_strategy_num': 'median', 'imputer__knn_scaling_method': 'robust', 'imputer__knn_neighbors': 24, 'imputer__iterative_max_iter': 50, 'imputer__imputation_method': 'iterative'}",0.7136383609122466,0.7136383609122466,0.0,171
42,1.3513941764831543,0.0,3.647653102874756,0.0,standard,3.5,LOF,20,minkowski,auto,200,0.05,0.1,mean,standard,25,20,simple,"{'scaler__scaler_name': 'standard', 'outlier_remover__threshold': 3.5, 'outlier_remover__outlier_method': 'LOF', 'outlier_remover__n_neighbors': 20, 'outlier_remover__metric_LOF': 'minkowski', 'outlier_remover__max_samples_IF': 'auto', 'outlier_remover__estimators_IF': 200, 'outlier_remover__contamination_LOF': 0.05, 'outlier_remover__contamination_IF': 0.1, 'imputer__simple_strategy_num': 'mean', 'imputer__knn_scaling_method': 'standard', 'imputer__knn_neighbors': 25, 'imputer__iterative_max_iter': 20, 'imputer__imputation_method': 'simple'}",0.896873129861283,0.896873129861283,0.0,62
43,12.802932024002075,0.0,15.72335696220398,0.0,robust,3.0,LOF,30,chebyshev,1.0,50,0.01,0.25,mean,standard,27,10,knn,"{'scaler__scaler_name': 'robust', 'outlier_remover__threshold': 3, 'outlier_remover__outlier_method': 'LOF', 'outlier_remover__n_neighbors': 30, 'outlier_remover__metric_LOF': 'chebyshev', 'outlier_remover__max_samples_IF': 1.0, 'outlier_remover__estimators_IF': 50, 'outlier_remover__contamination_LOF': 0.01, 'outlier_remover__contamination_IF': 0.25, 'imputer__simple_strategy_num': 'mean', 'imputer__knn_scaling_method': 'standard', 'imputer__knn_neighbors': 27, 'imputer__iterative_max_iter': 10, 'imputer__imputation_method': 'knn'}",0.9078769611009452,0.9078769611009452,0.0,40
44,6.443023920059204,0.0,9.402245998382568,0.0,robust,3.5,z_score,30,manhattan,1.0,100,0.1,0.05,median,minmax,8,5,knn,"{'scaler__scaler_name': 'robust', 'outlier_remover__threshold': 3.5, 'outlier_remover__outlier_method': 'z_score', 'outlier_remover__n_neighbors': 30, 'outlier_remover__metric_LOF': 'manhattan', 'outlier_remover__max_samples_IF': 1.0, 'outlier_remover__estimators_IF': 100, 'outlier_remover__contamination_LOF': 0.1, 'outlier_remover__contamination_IF': 0.05, 'imputer__simple_strategy_num': 'median', 'imputer__knn_scaling_method': 'minmax', 'imputer__knn_neighbors': 8, 'imputer__iterative_max_iter': 5, 'imputer__imputation_method': 'knn'}",0.8140831551985804,0.8140831551985804,0.0,136
45,2.223998785018921,0.0,5.162052869796753,0.0,robust,2.0,Isolation_Forest,20,manhattan,0.7,150,0.01,0.1,mean,minmax,21,50,iterative,"{'scaler__scaler_name': 'robust', 'outlier_remover__threshold': 2, 'outlier_remover__outlier_method': 'Isolation_Forest', 'outlier_remover__n_neighbors': 20, 'outlier_remover__metric_LOF': 'manhattan', 'outlier_remover__max_samples_IF': 0.7, 'outlier_remover__estimators_IF': 150, 'outlier_remover__contamination_LOF': 0.01, 'outlier_remover__contamination_IF': 0.1, 'imputer__simple_strategy_num': 'mean', 'imputer__knn_scaling_method': 'minmax', 'imputer__knn_neighbors': 21, 'imputer__iterative_max_iter': 50, 'imputer__imputation_method': 'iterative'}",0.7090457396857524,0.7090457396857524,0.0,175
46,1.0694432258605957,0.0,3.839447021484375,0.0,standard,4.0,LOF,20,minkowski,1.0,100,0.01,0.01,mean,minmax,28,10,simple,"{'scaler__scaler_name': 'standard', 'outlier_remover__threshold': 4, 'outlier_remover__outlier_method': 'LOF', 'outlier_remover__n_neighbors': 20, 'outlier_remover__metric_LOF': 'minkowski', 'outlier_remover__max_samples_IF': 1.0, 'outlier_remover__estimators_IF': 100, 'outlier_remover__contamination_LOF': 0.01, 'outlier_remover__contamination_IF': 0.01, 'imputer__simple_strategy_num': 'mean', 'imputer__knn_scaling_method': 'minmax', 'imputer__knn_neighbors': 28, 'imputer__iterative_max_iter': 10, 'imputer__imputation_method': 'simple'}",0.8764404097335958,0.8764404097335958,0.0,88
47,1.3102619647979736,0.0,3.8883180618286133,0.0,standard,2.0,z_score,100,euclidean,0.5,100,0.25,0.5,mean,robust,13,5,iterative,"{'scaler__scaler_name': 'standard', 'outlier_remover__threshold': 2, 'outlier_remover__outlier_method': 'z_score', 'outlier_remover__n_neighbors': 100, 'outlier_remover__metric_LOF': 'euclidean', 'outlier_remover__max_samples_IF': 0.5, 'outlier_remover__estimators_IF': 100, 'outlier_remover__contamination_LOF': 0.25, 'outlier_remover__contamination_IF': 0.5, 'imputer__simple_strategy_num': 'mean', 'imputer__knn_scaling_method': 'robust', 'imputer__knn_neighbors': 13, 'imputer__iterative_max_iter': 5, 'imputer__imputation_method': 'iterative'}",0.6149381894960594,0.6149381894960594,0.0,200
48,0.11324000358581543,0.0,2.9131081104278564,0.0,robust,3.0,z_score,30,chebyshev,0.5,150,0.03,0.05,median,standard,28,5,simple,"{'scaler__scaler_name': 'robust', 'outlier_remover__threshold': 3, 'outlier_remover__outlier_method': 'z_score', 'outlier_remover__n_neighbors': 30, 'outlier_remover__metric_LOF': 'chebyshev', 'outlier_remover__max_samples_IF': 0.5, 'outlier_remover__estimators_IF': 150, 'outlier_remover__contamination_LOF': 0.03, 'outlier_remover__contamination_IF': 0.05, 'imputer__simple_strategy_num': 'median', 'imputer__knn_scaling_method': 'standard', 'imputer__knn_neighbors': 28, 'imputer__iterative_max_iter': 5, 'imputer__imputation_method': 'simple'}",0.8379929721706719,0.8379929721706719,0.0,118
49,6.326457262039185,0.0,9.344572067260742,0.0,robust,4.0,z_score,30,manhattan,auto,50,0.25,0.03,mean,standard,6,5,knn,"{'scaler__scaler_name': 'robust', 'outlier_remover__threshold': 4, 'outlier_remover__outlier_method': 'z_score', 'outlier_remover__n_neighbors': 30, 'outlier_remover__metric_LOF': 'manhattan', 'outlier_remover__max_samples_IF': 'auto', 'outlier_remover__estimators_IF': 50, 'outlier_remover__contamination_LOF': 0.25, 'outlier_remover__contamination_IF': 0.03, 'imputer__simple_strategy_num': 'mean', 'imputer__knn_scaling_method': 'standard', 'imputer__knn_neighbors': 6, 'imputer__iterative_max_iter': 5, 'imputer__imputation_method': 'knn'}",0.8384102704533739,0.8384102704533739,0.0,117
50,6.302059888839722,0.0,9.727826356887817,0.0,minmax,2.5,Isolation_Forest,20,chebyshev,auto,150,0.15,0.03,median,robust,28,50,knn,"{'scaler__scaler_name': 'minmax', 'outlier_remover__threshold': 2.5, 'outlier_remover__outlier_method': 'Isolation_Forest', 'outlier_remover__n_neighbors': 20, 'outlier_remover__metric_LOF': 'chebyshev', 'outlier_remover__max_samples_IF': 'auto', 'outlier_remover__estimators_IF': 150, 'outlier_remover__contamination_LOF': 0.15, 'outlier_remover__contamination_IF': 0.03, 'imputer__simple_strategy_num': 'median', 'imputer__knn_scaling_method': 'robust', 'imputer__knn_neighbors': 28, 'imputer__iterative_max_iter': 50, 'imputer__imputation_method': 'knn'}",0.899888113263038,0.899888113263038,0.0,58
51,6.702412128448486,0.0,10.437006950378418,0.0,minmax,3.0,Isolation_Forest,30,minkowski,0.5,150,0.5,0.03,median,standard,12,50,knn,"{'scaler__scaler_name': 'minmax', 'outlier_remover__threshold': 3, 'outlier_remover__outlier_method': 'Isolation_Forest', 'outlier_remover__n_neighbors': 30, 'outlier_remover__metric_LOF': 'minkowski', 'outlier_remover__max_samples_IF': 0.5, 'outlier_remover__estimators_IF': 150, 'outlier_remover__contamination_LOF': 0.5, 'outlier_remover__contamination_IF': 0.03, 'imputer__simple_strategy_num': 'median', 'imputer__knn_scaling_method': 'standard', 'imputer__knn_neighbors': 12, 'imputer__iterative_max_iter': 50, 'imputer__imputation_method': 'knn'}",0.9366711438166534,0.9366711438166534,0.0,17
52,2.251189947128296,0.0,4.876052141189575,0.0,robust,4.0,LOF,10,minkowski,auto,200,0.05,0.3,median,minmax,26,10,iterative,"{'scaler__scaler_name': 'robust', 'outlier_remover__threshold': 4, 'outlier_remover__outlier_method': 'LOF', 'outlier_remover__n_neighbors': 10, 'outlier_remover__metric_LOF': 'minkowski', 'outlier_remover__max_samples_IF': 'auto', 'outlier_remover__estimators_IF': 200, 'outlier_remover__contamination_LOF': 0.05, 'outlier_remover__contamination_IF': 0.3, 'imputer__simple_strategy_num': 'median', 'imputer__knn_scaling_method': 'minmax', 'imputer__knn_neighbors': 26, 'imputer__iterative_max_iter': 10, 'imputer__imputation_method': 'iterative'}",0.7246539233505292,0.7246539233505292,0.0,159
53,0.6665709018707275,0.0,3.5559561252593994,0.0,minmax,4.0,Isolation_Forest,20,manhattan,0.7,100,0.03,0.03,median,robust,25,5,simple,"{'scaler__scaler_name': 'minmax', 'outlier_remover__threshold': 4, 'outlier_remover__outlier_method': 'Isolation_Forest', 'outlier_remover__n_neighbors': 20, 'outlier_remover__metric_LOF': 'manhattan', 'outlier_remover__max_samples_IF': 0.7, 'outlier_remover__estimators_IF': 100, 'outlier_remover__contamination_LOF': 0.03, 'outlier_remover__contamination_IF': 0.03, 'imputer__simple_strategy_num': 'median', 'imputer__knn_scaling_method': 'robust', 'imputer__knn_neighbors': 25, 'imputer__iterative_max_iter': 5, 'imputer__imputation_method': 'simple'}",0.9440054867300209,0.9440054867300209,0.0,8
54,6.47329306602478,0.0,159.4754078388214,0.0,standard,3.5,z_score,50,chebyshev,1.0,50,0.25,0.25,median,minmax,22,10,knn,"{'scaler__scaler_name': 'standard', 'outlier_remover__threshold': 3.5, 'outlier_remover__outlier_method': 'z_score', 'outlier_remover__n_neighbors': 50, 'outlier_remover__metric_LOF': 'chebyshev', 'outlier_remover__max_samples_IF': 1.0, 'outlier_remover__estimators_IF': 50, 'outlier_remover__contamination_LOF': 0.25, 'outlier_remover__contamination_IF': 0.25, 'imputer__simple_strategy_num': 'median', 'imputer__knn_scaling_method': 'minmax', 'imputer__knn_neighbors': 22, 'imputer__iterative_max_iter': 10, 'imputer__imputation_method': 'knn'}",0.8702400967833683,0.8702400967833683,0.0,94
55,2.2632970809936523,0.0,4.704745054244995,0.0,robust,3.0,Isolation_Forest,50,chebyshev,0.5,150,0.05,0.15,median,standard,4,20,iterative,"{'scaler__scaler_name': 'robust', 'outlier_remover__threshold': 3, 'outlier_remover__outlier_method': 'Isolation_Forest', 'outlier_remover__n_neighbors': 50, 'outlier_remover__metric_LOF': 'chebyshev', 'outlier_remover__max_samples_IF': 0.5, 'outlier_remover__estimators_IF': 150, 'outlier_remover__contamination_LOF': 0.05, 'outlier_remover__contamination_IF': 0.15, 'imputer__simple_strategy_num': 'median', 'imputer__knn_scaling_method': 'standard', 'imputer__knn_neighbors': 4, 'imputer__iterative_max_iter': 20, 'imputer__imputation_method': 'iterative'}",0.6736449658457068,0.6736449658457068,0.0,195
56,156.17537784576416,0.0,10.385205030441284,0.0,standard,2.0,LOF,20,chebyshev,auto,150,0.01,0.05,median,minmax,29,20,simple,"{'scaler__scaler_name': 'standard', 'outlier_remover__threshold': 2, 'outlier_remover__outlier_method': 'LOF', 'outlier_remover__n_neighbors': 20, 'outlier_remover__metric_LOF': 'chebyshev', 'outlier_remover__max_samples_IF': 'auto', 'outlier_remover__estimators_IF': 150, 'outlier_remover__contamination_LOF': 0.01, 'outlier_remover__contamination_IF': 0.05, 'imputer__simple_strategy_num': 'median', 'imputer__knn_scaling_method': 'minmax', 'imputer__knn_neighbors': 29, 'imputer__iterative_max_iter': 20, 'imputer__imputation_method': 'simple'}",0.9416438648446003,0.9416438648446003,0.0,11
57,157.8666388988495,0.0,12.250778198242188,0.0,robust,2.0,Isolation_Forest,20,euclidean,0.7,150,0.1,0.5,mean,minmax,3,5,knn,"{'scaler__scaler_name': 'robust', 'outlier_remover__threshold': 2, 'outlier_remover__outlier_method': 'Isolation_Forest', 'outlier_remover__n_neighbors': 20, 'outlier_remover__metric_LOF': 'euclidean', 'outlier_remover__max_samples_IF': 0.7, 'outlier_remover__estimators_IF': 150, 'outlier_remover__contamination_LOF': 0.1, 'outlier_remover__contamination_IF': 0.5, 'imputer__simple_strategy_num': 'mean', 'imputer__knn_scaling_method': 'minmax', 'imputer__knn_neighbors': 3, 'imputer__iterative_max_iter': 5, 'imputer__imputation_method': 'knn'}",0.9002706708921819,0.9002706708921819,0.0,57
58,156.60277795791626,0.0,10.227746963500977,0.0,standard,4.0,LOF,30,chebyshev,1.0,150,0.25,0.5,median,standard,9,5,simple,"{'scaler__scaler_name': 'standard', 'outlier_remover__threshold': 4, 'outlier_remover__outlier_method': 'LOF', 'outlier_remover__n_neighbors': 30, 'outlier_remover__metric_LOF': 'chebyshev', 'outlier_remover__max_samples_IF': 1.0, 'outlier_remover__estimators_IF': 150, 'outlier_remover__contamination_LOF': 0.25, 'outlier_remover__contamination_IF': 0.5, 'imputer__simple_strategy_num': 'median', 'imputer__knn_scaling_method': 'standard', 'imputer__knn_neighbors': 9, 'imputer__iterative_max_iter': 5, 'imputer__imputation_method': 'simple'}",0.9089193577221701,0.9089193577221701,0.0,39
59,8.664320945739746,0.0,12.140641212463379,0.0,standard,2.0,LOF,10,euclidean,1.0,100,0.1,0.15,mean,minmax,16,50,knn,"{'scaler__scaler_name': 'standard', 'outlier_remover__threshold': 2, 'outlier_remover__outlier_method': 'LOF', 'outlier_remover__n_neighbors': 10, 'outlier_remover__metric_LOF': 'euclidean', 'outlier_remover__max_samples_IF': 1.0, 'outlier_remover__estimators_IF': 100, 'outlier_remover__contamination_LOF': 0.1, 'outlier_remover__contamination_IF': 0.15, 'imputer__simple_strategy_num': 'mean', 'imputer__knn_scaling_method': 'minmax', 'imputer__knn_neighbors': 16, 'imputer__iterative_max_iter': 50, 'imputer__imputation_method': 'knn'}",0.9358458988031338,0.9358458988031338,0.0,18
60,1.8698878288269043,0.0,4.50900411605835,0.0,robust,3.0,Isolation_Forest,70,chebyshev,0.5,50,0.3,0.5,median,robust,26,10,iterative,"{'scaler__scaler_name': 'robust', 'outlier_remover__threshold': 3, 'outlier_remover__outlier_method': 'Isolation_Forest', 'outlier_remover__n_neighbors': 70, 'outlier_remover__metric_LOF': 'chebyshev', 'outlier_remover__max_samples_IF': 0.5, 'outlier_remover__estimators_IF': 50, 'outlier_remover__contamination_LOF': 0.3, 'outlier_remover__contamination_IF': 0.5, 'imputer__simple_strategy_num': 'median', 'imputer__knn_scaling_method': 'robust', 'imputer__knn_neighbors': 26, 'imputer__iterative_max_iter': 10, 'imputer__imputation_method': 'iterative'}",0.8132469162295125,0.8132469162295125,0.0,137
61,1.302474021911621,0.0,4.193251132965088,0.0,robust,4.0,Isolation_Forest,100,chebyshev,0.7,200,0.01,0.03,mean,robust,16,50,simple,"{'scaler__scaler_name': 'robust', 'outlier_remover__threshold': 4, 'outlier_remover__outlier_method': 'Isolation_Forest', 'outlier_remover__n_neighbors': 100, 'outlier_remover__metric_LOF': 'chebyshev', 'outlier_remover__max_samples_IF': 0.7, 'outlier_remover__estimators_IF': 200, 'outlier_remover__contamination_LOF': 0.01, 'outlier_remover__contamination_IF': 0.03, 'imputer__simple_strategy_num': 'mean', 'imputer__knn_scaling_method': 'robust', 'imputer__knn_neighbors': 16, 'imputer__iterative_max_iter': 50, 'imputer__imputation_method': 'simple'}",0.8184319762542842,0.8184319762542842,0.0,132
62,0.10668110847473145,0.0,3.0796139240264893,0.0,standard,4.0,z_score,100,chebyshev,0.5,200,0.25,0.1,median,standard,18,5,simple,"{'scaler__scaler_name': 'standard', 'outlier_remover__threshold': 4, 'outlier_remover__outlier_method': 'z_score', 'outlier_remover__n_neighbors': 100, 'outlier_remover__metric_LOF': 'chebyshev', 'outlier_remover__max_samples_IF': 0.5, 'outlier_remover__estimators_IF': 200, 'outlier_remover__contamination_LOF': 0.25, 'outlier_remover__contamination_IF': 0.1, 'imputer__simple_strategy_num': 'median', 'imputer__knn_scaling_method': 'standard', 'imputer__knn_neighbors': 18, 'imputer__iterative_max_iter': 5, 'imputer__imputation_method': 'simple'}",0.9131434085421523,0.9131434085421523,0.0,37
63,1.4738280773162842,0.0,4.873356103897095,0.0,minmax,2.0,z_score,100,minkowski,0.7,50,0.1,0.03,median,standard,9,5,iterative,"{'scaler__scaler_name': 'minmax', 'outlier_remover__threshold': 2, 'outlier_remover__outlier_method': 'z_score', 'outlier_remover__n_neighbors': 100, 'outlier_remover__metric_LOF': 'minkowski', 'outlier_remover__max_samples_IF': 0.7, 'outlier_remover__estimators_IF': 50, 'outlier_remover__contamination_LOF': 0.1, 'outlier_remover__contamination_IF': 0.03, 'imputer__simple_strategy_num': 'median', 'imputer__knn_scaling_method': 'standard', 'imputer__knn_neighbors': 9, 'imputer__iterative_max_iter': 5, 'imputer__imputation_method': 'iterative'}",0.7153336400590062,0.7153336400590062,0.0,169
64,0.40214991569519043,0.0,3.705860137939453,0.0,robust,2.5,Isolation_Forest,20,minkowski,0.5,50,0.3,0.25,mean,standard,9,10,simple,"{'scaler__scaler_name': 'robust', 'outlier_remover__threshold': 2.5, 'outlier_remover__outlier_method': 'Isolation_Forest', 'outlier_remover__n_neighbors': 20, 'outlier_remover__metric_LOF': 'minkowski', 'outlier_remover__max_samples_IF': 0.5, 'outlier_remover__estimators_IF': 50, 'outlier_remover__contamination_LOF': 0.3, 'outlier_remover__contamination_IF': 0.25, 'imputer__simple_strategy_num': 'mean', 'imputer__knn_scaling_method': 'standard', 'imputer__knn_neighbors': 9, 'imputer__iterative_max_iter': 10, 'imputer__imputation_method': 'simple'}",0.8762661592581252,0.8762661592581252,0.0,89
65,8.732940673828125,0.0,11.1772780418396,0.0,robust,2.0,LOF,5,chebyshev,0.5,50,0.3,0.01,mean,minmax,5,20,iterative,"{'scaler__scaler_name': 'robust', 'outlier_remover__threshold': 2, 'outlier_remover__outlier_method': 'LOF', 'outlier_remover__n_neighbors': 5, 'outlier_remover__metric_LOF': 'chebyshev', 'outlier_remover__max_samples_IF': 0.5, 'outlier_remover__estimators_IF': 50, 'outlier_remover__contamination_LOF': 0.3, 'outlier_remover__contamination_IF': 0.01, 'imputer__simple_strategy_num': 'mean', 'imputer__knn_scaling_method': 'minmax', 'imputer__knn_neighbors': 5, 'imputer__iterative_max_iter': 20, 'imputer__imputation_method': 'iterative'}",0.7369106711512766,0.7369106711512766,0.0,152
66,8.659073829650879,0.0,10.874356985092163,0.0,standard,2.0,LOF,70,minkowski,1.0,100,0.1,0.25,median,standard,11,5,knn,"{'scaler__scaler_name': 'standard', 'outlier_remover__threshold': 2, 'outlier_remover__outlier_method': 'LOF', 'outlier_remover__n_neighbors': 70, 'outlier_remover__metric_LOF': 'minkowski', 'outlier_remover__max_samples_IF': 1.0, 'outlier_remover__estimators_IF': 100, 'outlier_remover__contamination_LOF': 0.1, 'outlier_remover__contamination_IF': 0.25, 'imputer__simple_strategy_num': 'median', 'imputer__knn_scaling_method': 'standard', 'imputer__knn_neighbors': 11, 'imputer__iterative_max_iter': 5, 'imputer__imputation_method': 'knn'}",0.8829410636593764,0.8829410636593764,0.0,80
67,6.419481039047241,0.0,8.958386898040771,0.0,standard,4.0,LOF,20,manhattan,0.7,200,0.5,0.25,mean,minmax,15,5,iterative,"{'scaler__scaler_name': 'standard', 'outlier_remover__threshold': 4, 'outlier_remover__outlier_method': 'LOF', 'outlier_remover__n_neighbors': 20, 'outlier_remover__metric_LOF': 'manhattan', 'outlier_remover__max_samples_IF': 0.7, 'outlier_remover__estimators_IF': 200, 'outlier_remover__contamination_LOF': 0.5, 'outlier_remover__contamination_IF': 0.25, 'imputer__simple_strategy_num': 'mean', 'imputer__knn_scaling_method': 'minmax', 'imputer__knn_neighbors': 15, 'imputer__iterative_max_iter': 5, 'imputer__imputation_method': 'iterative'}",0.8025914174301998,0.8025914174301998,0.0,139
68,8.482088804244995,0.0,10.786157131195068,0.0,standard,4.0,LOF,20,chebyshev,auto,50,0.03,0.25,median,minmax,5,10,iterative,"{'scaler__scaler_name': 'standard', 'outlier_remover__threshold': 4, 'outlier_remover__outlier_method': 'LOF', 'outlier_remover__n_neighbors': 20, 'outlier_remover__metric_LOF': 'chebyshev', 'outlier_remover__max_samples_IF': 'auto', 'outlier_remover__estimators_IF': 50, 'outlier_remover__contamination_LOF': 0.03, 'outlier_remover__contamination_IF': 0.25, 'imputer__simple_strategy_num': 'median', 'imputer__knn_scaling_method': 'minmax', 'imputer__knn_neighbors': 5, 'imputer__iterative_max_iter': 10, 'imputer__imputation_method': 'iterative'}",0.7195571296036065,0.7195571296036065,0.0,162
69,0.7290229797363281,0.0,3.597606897354126,0.0,minmax,2.5,Isolation_Forest,100,minkowski,auto,200,0.25,0.05,median,minmax,28,50,simple,"{'scaler__scaler_name': 'minmax', 'outlier_remover__threshold': 2.5, 'outlier_remover__outlier_method': 'Isolation_Forest', 'outlier_remover__n_neighbors': 100, 'outlier_remover__metric_LOF': 'minkowski', 'outlier_remover__max_samples_IF': 'auto', 'outlier_remover__estimators_IF': 200, 'outlier_remover__contamination_LOF': 0.25, 'outlier_remover__contamination_IF': 0.05, 'imputer__simple_strategy_num': 'median', 'imputer__knn_scaling_method': 'minmax', 'imputer__knn_neighbors': 28, 'imputer__iterative_max_iter': 50, 'imputer__imputation_method': 'simple'}",0.8894030569106154,0.8894030569106154,0.0,75
70,12.383362054824829,0.0,13.495076894760132,0.0,minmax,4.0,LOF,50,manhattan,1.0,100,0.5,0.3,mean,minmax,21,50,knn,"{'scaler__scaler_name': 'minmax', 'outlier_remover__threshold': 4, 'outlier_remover__outlier_method': 'LOF', 'outlier_remover__n_neighbors': 50, 'outlier_remover__metric_LOF': 'manhattan', 'outlier_remover__max_samples_IF': 1.0, 'outlier_remover__estimators_IF': 100, 'outlier_remover__contamination_LOF': 0.5, 'outlier_remover__contamination_IF': 0.3, 'imputer__simple_strategy_num': 'mean', 'imputer__knn_scaling_method': 'minmax', 'imputer__knn_neighbors': 21, 'imputer__iterative_max_iter': 50, 'imputer__imputation_method': 'knn'}",0.8850068476265066,0.8850068476265066,0.0,78
71,7.1022069454193115,0.0,9.247198820114136,0.0,minmax,3.0,z_score,10,minkowski,0.7,100,0.05,0.25,median,standard,5,20,knn,"{'scaler__scaler_name': 'minmax', 'outlier_remover__threshold': 3, 'outlier_remover__outlier_method': 'z_score', 'outlier_remover__n_neighbors': 10, 'outlier_remover__metric_LOF': 'minkowski', 'outlier_remover__max_samples_IF': 0.7, 'outlier_remover__estimators_IF': 100, 'outlier_remover__contamination_LOF': 0.05, 'outlier_remover__contamination_IF': 0.25, 'imputer__simple_strategy_num': 'median', 'imputer__knn_scaling_method': 'standard', 'imputer__knn_neighbors': 5, 'imputer__iterative_max_iter': 20, 'imputer__imputation_method': 'knn'}",0.8651584462420855,0.8651584462420855,0.0,97
72,5.669288873672485,0.0,8.693459033966064,0.0,standard,4.0,LOF,10,manhattan,1.0,150,0.5,0.03,mean,minmax,30,10,iterative,"{'scaler__scaler_name': 'standard', 'outlier_remover__threshold': 4, 'outlier_remover__outlier_method': 'LOF', 'outlier_remover__n_neighbors': 10, 'outlier_remover__metric_LOF': 'manhattan', 'outlier_remover__max_samples_IF': 1.0, 'outlier_remover__estimators_IF': 150, 'outlier_remover__contamination_LOF': 0.5, 'outlier_remover__contamination_IF': 0.03, 'imputer__simple_strategy_num': 'mean', 'imputer__knn_scaling_method': 'minmax', 'imputer__knn_neighbors': 30, 'imputer__iterative_max_iter': 10, 'imputer__imputation_method': 'iterative'}",0.7915193078731508,0.7915193078731508,0.0,140
73,11.323771953582764,0.0,15.445130109786987,0.0,robust,2.5,LOF,30,manhattan,1.0,100,0.1,0.1,mean,minmax,25,20,knn,"{'scaler__scaler_name': 'robust', 'outlier_remover__threshold': 2.5, 'outlier_remover__outlier_method': 'LOF', 'outlier_remover__n_neighbors': 30, 'outlier_remover__metric_LOF': 'manhattan', 'outlier_remover__max_samples_IF': 1.0, 'outlier_remover__estimators_IF': 100, 'outlier_remover__contamination_LOF': 0.1, 'outlier_remover__contamination_IF': 0.1, 'imputer__simple_strategy_num': 'mean', 'imputer__knn_scaling_method': 'minmax', 'imputer__knn_neighbors': 25, 'imputer__iterative_max_iter': 20, 'imputer__imputation_method': 'knn'}",0.9037042877350242,0.9037042877350242,0.0,47
74,11.564927101135254,0.0,14.577555179595947,0.0,robust,3.0,LOF,90,manhattan,0.7,100,0.15,0.01,median,minmax,17,20,knn,"{'scaler__scaler_name': 'robust', 'outlier_remover__threshold': 3, 'outlier_remover__outlier_method': 'LOF', 'outlier_remover__n_neighbors': 90, 'outlier_remover__metric_LOF': 'manhattan', 'outlier_remover__max_samples_IF': 0.7, 'outlier_remover__estimators_IF': 100, 'outlier_remover__contamination_LOF': 0.15, 'outlier_remover__contamination_IF': 0.01, 'imputer__simple_strategy_num': 'median', 'imputer__knn_scaling_method': 'minmax', 'imputer__knn_neighbors': 17, 'imputer__iterative_max_iter': 20, 'imputer__imputation_method': 'knn'}",0.8820391777213941,0.8820391777213941,0.0,82
75,7.120224952697754,0.0,10.57911992073059,0.0,standard,3.5,Isolation_Forest,30,manhattan,1.0,50,0.1,0.1,median,robust,15,5,knn,"{'scaler__scaler_name': 'standard', 'outlier_remover__threshold': 3.5, 'outlier_remover__outlier_method': 'Isolation_Forest', 'outlier_remover__n_neighbors': 30, 'outlier_remover__metric_LOF': 'manhattan', 'outlier_remover__max_samples_IF': 1.0, 'outlier_remover__estimators_IF': 50, 'outlier_remover__contamination_LOF': 0.1, 'outlier_remover__contamination_IF': 0.1, 'imputer__simple_strategy_num': 'median', 'imputer__knn_scaling_method': 'robust', 'imputer__knn_neighbors': 15, 'imputer__iterative_max_iter': 5, 'imputer__imputation_method': 'knn'}",0.9027054267713448,0.9027054267713448,0.0,49
76,7.641613006591797,0.0,8.806832790374756,0.0,robust,2.5,z_score,50,manhattan,auto,150,0.01,0.05,mean,standard,16,20,knn,"{'scaler__scaler_name': 'robust', 'outlier_remover__threshold': 2.5, 'outlier_remover__outlier_method': 'z_score', 'outlier_remover__n_neighbors': 50, 'outlier_remover__metric_LOF': 'manhattan', 'outlier_remover__max_samples_IF': 'auto', 'outlier_remover__estimators_IF': 150, 'outlier_remover__contamination_LOF': 0.01, 'outlier_remover__contamination_IF': 0.05, 'imputer__simple_strategy_num': 'mean', 'imputer__knn_scaling_method': 'standard', 'imputer__knn_neighbors': 16, 'imputer__iterative_max_iter': 20, 'imputer__imputation_method': 'knn'}",0.7767915444921477,0.7767915444921477,0.0,144
77,6.333369255065918,0.0,8.975529909133911,0.0,robust,3.5,z_score,90,euclidean,0.7,150,0.25,0.01,mean,standard,10,5,knn,"{'scaler__scaler_name': 'robust', 'outlier_remover__threshold': 3.5, 'outlier_remover__outlier_method': 'z_score', 'outlier_remover__n_neighbors': 90, 'outlier_remover__metric_LOF': 'euclidean', 'outlier_remover__max_samples_IF': 0.7, 'outlier_remover__estimators_IF': 150, 'outlier_remover__contamination_LOF': 0.25, 'outlier_remover__contamination_IF': 0.01, 'imputer__simple_strategy_num': 'mean', 'imputer__knn_scaling_method': 'standard', 'imputer__knn_neighbors': 10, 'imputer__iterative_max_iter': 5, 'imputer__imputation_method': 'knn'}",0.814102013696473,0.814102013696473,0.0,135
78,9.856919050216675,0.0,13.737059116363525,0.0,standard,2.5,LOF,10,manhattan,1.0,200,0.03,0.03,mean,standard,20,20,knn,"{'scaler__scaler_name': 'standard', 'outlier_remover__threshold': 2.5, 'outlier_remover__outlier_method': 'LOF', 'outlier_remover__n_neighbors': 10, 'outlier_remover__metric_LOF': 'manhattan', 'outlier_remover__max_samples_IF': 1.0, 'outlier_remover__estimators_IF': 200, 'outlier_remover__contamination_LOF': 0.03, 'outlier_remover__contamination_IF': 0.03, 'imputer__simple_strategy_num': 'mean', 'imputer__knn_scaling_method': 'standard', 'imputer__knn_neighbors': 20, 'imputer__iterative_max_iter': 20, 'imputer__imputation_method': 'knn'}",0.9328896335356872,0.9328896335356872,0.0,21
79,11.522188901901245,0.0,14.142496109008789,0.0,standard,4.0,LOF,100,manhattan,0.7,50,0.3,0.1,median,standard,23,50,knn,"{'scaler__scaler_name': 'standard', 'outlier_remover__threshold': 4, 'outlier_remover__outlier_method': 'LOF', 'outlier_remover__n_neighbors': 100, 'outlier_remover__metric_LOF': 'manhattan', 'outlier_remover__max_samples_IF': 0.7, 'outlier_remover__estimators_IF': 50, 'outlier_remover__contamination_LOF': 0.3, 'outlier_remover__contamination_IF': 0.1, 'imputer__simple_strategy_num': 'median', 'imputer__knn_scaling_method': 'standard', 'imputer__knn_neighbors': 23, 'imputer__iterative_max_iter': 50, 'imputer__imputation_method': 'knn'}",0.8288980790400513,0.8288980790400513,0.0,126
80,7.617641925811768,0.0,10.622406959533691,0.0,standard,3.0,LOF,5,chebyshev,0.5,150,0.3,0.01,median,standard,22,20,iterative,"{'scaler__scaler_name': 'standard', 'outlier_remover__threshold': 3, 'outlier_remover__outlier_method': 'LOF', 'outlier_remover__n_neighbors': 5, 'outlier_remover__metric_LOF': 'chebyshev', 'outlier_remover__max_samples_IF': 0.5, 'outlier_remover__estimators_IF': 150, 'outlier_remover__contamination_LOF': 0.3, 'outlier_remover__contamination_IF': 0.01, 'imputer__simple_strategy_num': 'median', 'imputer__knn_scaling_method': 'standard', 'imputer__knn_neighbors': 22, 'imputer__iterative_max_iter': 20, 'imputer__imputation_method': 'iterative'}",0.7369120498147572,0.7369120498147572,0.0,151
81,6.591154098510742,0.0,8.60767388343811,0.0,robust,3.5,LOF,100,manhattan,auto,200,0.01,0.25,median,standard,28,5,iterative,"{'scaler__scaler_name': 'robust', 'outlier_remover__threshold': 3.5, 'outlier_remover__outlier_method': 'LOF', 'outlier_remover__n_neighbors': 100, 'outlier_remover__metric_LOF': 'manhattan', 'outlier_remover__max_samples_IF': 'auto', 'outlier_remover__estimators_IF': 200, 'outlier_remover__contamination_LOF': 0.01, 'outlier_remover__contamination_IF': 0.25, 'imputer__simple_strategy_num': 'median', 'imputer__knn_scaling_method': 'standard', 'imputer__knn_neighbors': 28, 'imputer__iterative_max_iter': 5, 'imputer__imputation_method': 'iterative'}",0.6773576444299695,0.6773576444299695,0.0,193
82,11.420454025268555,0.0,13.290732145309448,0.0,standard,3.5,LOF,50,manhattan,0.5,50,0.3,0.1,median,standard,26,5,knn,"{'scaler__scaler_name': 'standard', 'outlier_remover__threshold': 3.5, 'outlier_remover__outlier_method': 'LOF', 'outlier_remover__n_neighbors': 50, 'outlier_remover__metric_LOF': 'manhattan', 'outlier_remover__max_samples_IF': 0.5, 'outlier_remover__estimators_IF': 50, 'outlier_remover__contamination_LOF': 0.3, 'outlier_remover__contamination_IF': 0.1, 'imputer__simple_strategy_num': 'median', 'imputer__knn_scaling_method': 'standard', 'imputer__knn_neighbors': 26, 'imputer__iterative_max_iter': 5, 'imputer__imputation_method': 'knn'}",0.837752746886144,0.837752746886144,0.0,119
83,1.338287115097046,0.0,4.073309898376465,0.0,standard,2.0,z_score,30,chebyshev,auto,100,0.25,0.03,mean,standard,14,50,iterative,"{'scaler__scaler_name': 'standard', 'outlier_remover__threshold': 2, 'outlier_remover__outlier_method': 'z_score', 'outlier_remover__n_neighbors': 30, 'outlier_remover__metric_LOF': 'chebyshev', 'outlier_remover__max_samples_IF': 'auto', 'outlier_remover__estimators_IF': 100, 'outlier_remover__contamination_LOF': 0.25, 'outlier_remover__contamination_IF': 0.03, 'imputer__simple_strategy_num': 'mean', 'imputer__knn_scaling_method': 'standard', 'imputer__knn_neighbors': 14, 'imputer__iterative_max_iter': 50, 'imputer__imputation_method': 'iterative'}",0.7154748045779177,0.7154748045779177,0.0,167
84,1.662306785583496,0.0,4.483772277832031,0.0,standard,3.5,Isolation_Forest,50,minkowski,auto,100,0.1,0.3,mean,minmax,7,20,iterative,"{'scaler__scaler_name': 'standard', 'outlier_remover__threshold': 3.5, 'outlier_remover__outlier_method': 'Isolation_Forest', 'outlier_remover__n_neighbors': 50, 'outlier_remover__metric_LOF': 'minkowski', 'outlier_remover__max_samples_IF': 'auto', 'outlier_remover__estimators_IF': 100, 'outlier_remover__contamination_LOF': 0.1, 'outlier_remover__contamination_IF': 0.3, 'imputer__simple_strategy_num': 'mean', 'imputer__knn_scaling_method': 'minmax', 'imputer__knn_neighbors': 7, 'imputer__iterative_max_iter': 20, 'imputer__imputation_method': 'iterative'}",0.7369259821153168,0.7369259821153168,0.0,150
85,1.4284982681274414,0.0,4.325098037719727,0.0,standard,3.5,z_score,70,chebyshev,0.7,150,0.05,0.5,mean,minmax,16,20,iterative,"{'scaler__scaler_name': 'standard', 'outlier_remover__threshold': 3.5, 'outlier_remover__outlier_method': 'z_score', 'outlier_remover__n_neighbors': 70, 'outlier_remover__metric_LOF': 'chebyshev', 'outlier_remover__max_samples_IF': 0.7, 'outlier_remover__estimators_IF': 150, 'outlier_remover__contamination_LOF': 0.05, 'outlier_remover__contamination_IF': 0.5, 'imputer__simple_strategy_num': 'mean', 'imputer__knn_scaling_method': 'minmax', 'imputer__knn_neighbors': 16, 'imputer__iterative_max_iter': 20, 'imputer__imputation_method': 'iterative'}",0.656535922311845,0.656535922311845,0.0,197
86,0.08791208267211914,0.0,2.968744993209839,0.0,minmax,3.0,z_score,70,euclidean,0.7,100,0.05,0.1,median,minmax,11,10,simple,"{'scaler__scaler_name': 'minmax', 'outlier_remover__threshold': 3, 'outlier_remover__outlier_method': 'z_score', 'outlier_remover__n_neighbors': 70, 'outlier_remover__metric_LOF': 'euclidean', 'outlier_remover__max_samples_IF': 0.7, 'outlier_remover__estimators_IF': 100, 'outlier_remover__contamination_LOF': 0.05, 'outlier_remover__contamination_IF': 0.1, 'imputer__simple_strategy_num': 'median', 'imputer__knn_scaling_method': 'minmax', 'imputer__knn_neighbors': 11, 'imputer__iterative_max_iter': 10, 'imputer__imputation_method': 'simple'}",0.8954239403508888,0.8954239403508888,0.0,66
87,1.500053882598877,0.0,4.0338592529296875,0.0,minmax,4.0,z_score,50,chebyshev,auto,200,0.01,0.1,mean,minmax,6,10,iterative,"{'scaler__scaler_name': 'minmax', 'outlier_remover__threshold': 4, 'outlier_remover__outlier_method': 'z_score', 'outlier_remover__n_neighbors': 50, 'outlier_remover__metric_LOF': 'chebyshev', 'outlier_remover__max_samples_IF': 'auto', 'outlier_remover__estimators_IF': 200, 'outlier_remover__contamination_LOF': 0.01, 'outlier_remover__contamination_IF': 0.1, 'imputer__simple_strategy_num': 'mean', 'imputer__knn_scaling_method': 'minmax', 'imputer__knn_neighbors': 6, 'imputer__iterative_max_iter': 10, 'imputer__imputation_method': 'iterative'}",0.6172547108561329,0.6172547108561329,0.0,199
88,1.8071110248565674,0.0,4.311953067779541,0.0,standard,2.5,LOF,90,euclidean,auto,50,0.5,0.25,median,minmax,8,50,simple,"{'scaler__scaler_name': 'standard', 'outlier_remover__threshold': 2.5, 'outlier_remover__outlier_method': 'LOF', 'outlier_remover__n_neighbors': 90, 'outlier_remover__metric_LOF': 'euclidean', 'outlier_remover__max_samples_IF': 'auto', 'outlier_remover__estimators_IF': 50, 'outlier_remover__contamination_LOF': 0.5, 'outlier_remover__contamination_IF': 0.25, 'imputer__simple_strategy_num': 'median', 'imputer__knn_scaling_method': 'minmax', 'imputer__knn_neighbors': 8, 'imputer__iterative_max_iter': 50, 'imputer__imputation_method': 'simple'}",0.9049761214074975,0.9049761214074975,0.0,45
89,0.09946799278259277,0.0,2.883829116821289,0.0,robust,4.0,z_score,30,chebyshev,auto,50,0.15,0.25,median,minmax,20,10,simple,"{'scaler__scaler_name': 'robust', 'outlier_remover__threshold': 4, 'outlier_remover__outlier_method': 'z_score', 'outlier_remover__n_neighbors': 30, 'outlier_remover__metric_LOF': 'chebyshev', 'outlier_remover__max_samples_IF': 'auto', 'outlier_remover__estimators_IF': 50, 'outlier_remover__contamination_LOF': 0.15, 'outlier_remover__contamination_IF': 0.25, 'imputer__simple_strategy_num': 'median', 'imputer__knn_scaling_method': 'minmax', 'imputer__knn_neighbors': 20, 'imputer__iterative_max_iter': 10, 'imputer__imputation_method': 'simple'}",0.8601172811385812,0.8601172811385812,0.0,99
90,1.1721117496490479,0.0,3.6866140365600586,0.0,standard,3.0,Isolation_Forest,20,manhattan,1.0,150,0.05,0.5,median,robust,30,5,simple,"{'scaler__scaler_name': 'standard', 'outlier_remover__threshold': 3, 'outlier_remover__outlier_method': 'Isolation_Forest', 'outlier_remover__n_neighbors': 20, 'outlier_remover__metric_LOF': 'manhattan', 'outlier_remover__max_samples_IF': 1.0, 'outlier_remover__estimators_IF': 150, 'outlier_remover__contamination_LOF': 0.05, 'outlier_remover__contamination_IF': 0.5, 'imputer__simple_strategy_num': 'median', 'imputer__knn_scaling_method': 'robust', 'imputer__knn_neighbors': 30, 'imputer__iterative_max_iter': 5, 'imputer__imputation_method': 'simple'}",0.907107843587303,0.907107843587303,0.0,42
91,6.065258026123047,0.0,9.552356004714966,0.0,standard,4.0,z_score,90,euclidean,0.7,50,0.15,0.03,mean,minmax,13,20,knn,"{'scaler__scaler_name': 'standard', 'outlier_remover__threshold': 4, 'outlier_remover__outlier_method': 'z_score', 'outlier_remover__n_neighbors': 90, 'outlier_remover__metric_LOF': 'euclidean', 'outlier_remover__max_samples_IF': 0.7, 'outlier_remover__estimators_IF': 50, 'outlier_remover__contamination_LOF': 0.15, 'outlier_remover__contamination_IF': 0.03, 'imputer__simple_strategy_num': 'mean', 'imputer__knn_scaling_method': 'minmax', 'imputer__knn_neighbors': 13, 'imputer__iterative_max_iter': 20, 'imputer__imputation_method': 'knn'}",0.8958715067531023,0.8958715067531023,0.0,64
92,6.032090902328491,0.0,10.238739013671875,0.0,minmax,2.0,z_score,100,chebyshev,auto,200,0.25,0.15,median,standard,14,10,knn,"{'scaler__scaler_name': 'minmax', 'outlier_remover__threshold': 2, 'outlier_remover__outlier_method': 'z_score', 'outlier_remover__n_neighbors': 100, 'outlier_remover__metric_LOF': 'chebyshev', 'outlier_remover__max_samples_IF': 'auto', 'outlier_remover__estimators_IF': 200, 'outlier_remover__contamination_LOF': 0.25, 'outlier_remover__contamination_IF': 0.15, 'imputer__simple_strategy_num': 'median', 'imputer__knn_scaling_method': 'standard', 'imputer__knn_neighbors': 14, 'imputer__iterative_max_iter': 10, 'imputer__imputation_method': 'knn'}",0.8411700143261749,0.8411700143261749,0.0,114
93,0.17745113372802734,0.0,2.967489719390869,0.0,standard,2.0,Isolation_Forest,10,minkowski,auto,50,0.1,0.5,mean,standard,8,20,simple,"{'scaler__scaler_name': 'standard', 'outlier_remover__threshold': 2, 'outlier_remover__outlier_method': 'Isolation_Forest', 'outlier_remover__n_neighbors': 10, 'outlier_remover__metric_LOF': 'minkowski', 'outlier_remover__max_samples_IF': 'auto', 'outlier_remover__estimators_IF': 50, 'outlier_remover__contamination_LOF': 0.1, 'outlier_remover__contamination_IF': 0.5, 'imputer__simple_strategy_num': 'mean', 'imputer__knn_scaling_method': 'standard', 'imputer__knn_neighbors': 8, 'imputer__iterative_max_iter': 20, 'imputer__imputation_method': 'simple'}",0.9586590855191102,0.9586590855191102,0.0,2
94,7.2634289264678955,0.0,9.615725040435791,0.0,standard,2.0,Isolation_Forest,100,minkowski,1.0,50,0.5,0.03,median,robust,18,20,knn,"{'scaler__scaler_name': 'standard', 'outlier_remover__threshold': 2, 'outlier_remover__outlier_method': 'Isolation_Forest', 'outlier_remover__n_neighbors': 100, 'outlier_remover__metric_LOF': 'minkowski', 'outlier_remover__max_samples_IF': 1.0, 'outlier_remover__estimators_IF': 50, 'outlier_remover__contamination_LOF': 0.5, 'outlier_remover__contamination_IF': 0.03, 'imputer__simple_strategy_num': 'median', 'imputer__knn_scaling_method': 'robust', 'imputer__knn_neighbors': 18, 'imputer__iterative_max_iter': 20, 'imputer__imputation_method': 'knn'}",0.8660597775604832,0.8660597775604832,0.0,96
95,10.777233123779297,0.0,13.995713710784912,0.0,robust,4.0,LOF,30,manhattan,auto,150,0.03,0.1,mean,minmax,25,10,knn,"{'scaler__scaler_name': 'robust', 'outlier_remover__threshold': 4, 'outlier_remover__outlier_method': 'LOF', 'outlier_remover__n_neighbors': 30, 'outlier_remover__metric_LOF': 'manhattan', 'outlier_remover__max_samples_IF': 'auto', 'outlier_remover__estimators_IF': 150, 'outlier_remover__contamination_LOF': 0.03, 'outlier_remover__contamination_IF': 0.1, 'imputer__simple_strategy_num': 'mean', 'imputer__knn_scaling_method': 'minmax', 'imputer__knn_neighbors': 25, 'imputer__iterative_max_iter': 10, 'imputer__imputation_method': 'knn'}",0.9168440091477313,0.9168440091477313,0.0,30
96,6.464011907577515,0.0,9.406629085540771,0.0,minmax,3.0,z_score,30,minkowski,0.5,200,0.5,0.01,mean,standard,20,50,knn,"{'scaler__scaler_name': 'minmax', 'outlier_remover__threshold': 3, 'outlier_remover__outlier_method': 'z_score', 'outlier_remover__n_neighbors': 30, 'outlier_remover__metric_LOF': 'minkowski', 'outlier_remover__max_samples_IF': 0.5, 'outlier_remover__estimators_IF': 200, 'outlier_remover__contamination_LOF': 0.5, 'outlier_remover__contamination_IF': 0.01, 'imputer__simple_strategy_num': 'mean', 'imputer__knn_scaling_method': 'standard', 'imputer__knn_neighbors': 20, 'imputer__iterative_max_iter': 50, 'imputer__imputation_method': 'knn'}",0.8630240227705176,0.8630240227705176,0.0,98
97,1.1776299476623535,0.0,3.934997081756592,0.0,standard,4.0,z_score,5,chebyshev,1.0,50,0.15,0.1,mean,standard,4,20,iterative,"{'scaler__scaler_name': 'standard', 'outlier_remover__threshold': 4, 'outlier_remover__outlier_method': 'z_score', 'outlier_remover__n_neighbors': 5, 'outlier_remover__metric_LOF': 'chebyshev', 'outlier_remover__max_samples_IF': 1.0, 'outlier_remover__estimators_IF': 50, 'outlier_remover__contamination_LOF': 0.15, 'outlier_remover__contamination_IF': 0.1, 'imputer__simple_strategy_num': 'mean', 'imputer__knn_scaling_method': 'standard', 'imputer__knn_neighbors': 4, 'imputer__iterative_max_iter': 20, 'imputer__imputation_method': 'iterative'}",0.7096450657156436,0.7096450657156436,0.0,174
98,2.6362409591674805,0.0,5.253463983535767,0.0,robust,2.0,LOF,20,euclidean,1.0,100,0.5,0.25,mean,minmax,16,50,iterative,"{'scaler__scaler_name': 'robust', 'outlier_remover__threshold': 2, 'outlier_remover__outlier_method': 'LOF', 'outlier_remover__n_neighbors': 20, 'outlier_remover__metric_LOF': 'euclidean', 'outlier_remover__max_samples_IF': 1.0, 'outlier_remover__estimators_IF': 100, 'outlier_remover__contamination_LOF': 0.5, 'outlier_remover__contamination_IF': 0.25, 'imputer__simple_strategy_num': 'mean', 'imputer__knn_scaling_method': 'minmax', 'imputer__knn_neighbors': 16, 'imputer__iterative_max_iter': 50, 'imputer__imputation_method': 'iterative'}",0.8400343376684676,0.8400343376684676,0.0,116
99,2.130018949508667,0.0,5.033687114715576,0.0,standard,4.0,Isolation_Forest,100,minkowski,0.7,150,0.3,0.05,mean,minmax,20,20,iterative,"{'scaler__scaler_name': 'standard', 'outlier_remover__threshold': 4, 'outlier_remover__outlier_method': 'Isolation_Forest', 'outlier_remover__n_neighbors': 100, 'outlier_remover__metric_LOF': 'minkowski', 'outlier_remover__max_samples_IF': 0.7, 'outlier_remover__estimators_IF': 150, 'outlier_remover__contamination_LOF': 0.3, 'outlier_remover__contamination_IF': 0.05, 'imputer__simple_strategy_num': 'mean', 'imputer__knn_scaling_method': 'minmax', 'imputer__knn_neighbors': 20, 'imputer__iterative_max_iter': 20, 'imputer__imputation_method': 'iterative'}",0.6866146063376259,0.6866146063376259,0.0,189
100,1.6442530155181885,0.0,4.277472972869873,0.0,minmax,3.0,z_score,10,minkowski,auto,100,0.15,0.15,median,minmax,7,50,iterative,"{'scaler__scaler_name': 'minmax', 'outlier_remover__threshold': 3, 'outlier_remover__outlier_method': 'z_score', 'outlier_remover__n_neighbors': 10, 'outlier_remover__metric_LOF': 'minkowski', 'outlier_remover__max_samples_IF': 'auto', 'outlier_remover__estimators_IF': 100, 'outlier_remover__contamination_LOF': 0.15, 'outlier_remover__contamination_IF': 0.15, 'imputer__simple_strategy_num': 'median', 'imputer__knn_scaling_method': 'minmax', 'imputer__knn_neighbors': 7, 'imputer__iterative_max_iter': 50, 'imputer__imputation_method': 'iterative'}",0.6972249708142108,0.6972249708142108,0.0,183
101,3.06217098236084,0.0,5.2410359382629395,0.0,standard,2.5,LOF,10,euclidean,0.7,200,0.05,0.25,mean,robust,11,20,iterative,"{'scaler__scaler_name': 'standard', 'outlier_remover__threshold': 2.5, 'outlier_remover__outlier_method': 'LOF', 'outlier_remover__n_neighbors': 10, 'outlier_remover__metric_LOF': 'euclidean', 'outlier_remover__max_samples_IF': 0.7, 'outlier_remover__estimators_IF': 200, 'outlier_remover__contamination_LOF': 0.05, 'outlier_remover__contamination_IF': 0.25, 'imputer__simple_strategy_num': 'mean', 'imputer__knn_scaling_method': 'robust', 'imputer__knn_neighbors': 11, 'imputer__iterative_max_iter': 20, 'imputer__imputation_method': 'iterative'}",0.683294682026559,0.683294682026559,0.0,192
102,1.8040790557861328,0.0,4.084728717803955,0.0,standard,2.5,LOF,30,minkowski,1.0,150,0.03,0.01,median,minmax,18,50,simple,"{'scaler__scaler_name': 'standard', 'outlier_remover__threshold': 2.5, 'outlier_remover__outlier_method': 'LOF', 'outlier_remover__n_neighbors': 30, 'outlier_remover__metric_LOF': 'minkowski', 'outlier_remover__max_samples_IF': 1.0, 'outlier_remover__estimators_IF': 150, 'outlier_remover__contamination_LOF': 0.03, 'outlier_remover__contamination_IF': 0.01, 'imputer__simple_strategy_num': 'median', 'imputer__knn_scaling_method': 'minmax', 'imputer__knn_neighbors': 18, 'imputer__iterative_max_iter': 50, 'imputer__imputation_method': 'simple'}",0.9420192709738763,0.9420192709738763,0.0,10
103,8.554525136947632,0.0,10.758575916290283,0.0,robust,2.5,LOF,100,minkowski,auto,150,0.01,0.15,median,standard,17,20,knn,"{'scaler__scaler_name': 'robust', 'outlier_remover__threshold': 2.5, 'outlier_remover__outlier_method': 'LOF', 'outlier_remover__n_neighbors': 100, 'outlier_remover__metric_LOF': 'minkowski', 'outlier_remover__max_samples_IF': 'auto', 'outlier_remover__estimators_IF': 150, 'outlier_remover__contamination_LOF': 0.01, 'outlier_remover__contamination_IF': 0.15, 'imputer__simple_strategy_num': 'median', 'imputer__knn_scaling_method': 'standard', 'imputer__knn_neighbors': 17, 'imputer__iterative_max_iter': 20, 'imputer__imputation_method': 'knn'}",0.8907834311684918,0.8907834311684918,0.0,74
104,0.0619807243347168,0.0,2.6266751289367676,0.0,minmax,4.0,z_score,5,manhattan,0.5,200,0.3,0.03,mean,minmax,14,50,simple,"{'scaler__scaler_name': 'minmax', 'outlier_remover__threshold': 4, 'outlier_remover__outlier_method': 'z_score', 'outlier_remover__n_neighbors': 5, 'outlier_remover__metric_LOF': 'manhattan', 'outlier_remover__max_samples_IF': 0.5, 'outlier_remover__estimators_IF': 200, 'outlier_remover__contamination_LOF': 0.3, 'outlier_remover__contamination_IF': 0.03, 'imputer__simple_strategy_num': 'mean', 'imputer__knn_scaling_method': 'minmax', 'imputer__knn_neighbors': 14, 'imputer__iterative_max_iter': 50, 'imputer__imputation_method': 'simple'}",0.8961376885693336,0.8961376885693336,0.0,63
105,0.03962969779968262,0.0,2.6526830196380615,0.0,standard,2.0,z_score,100,chebyshev,0.7,100,0.25,0.5,mean,robust,28,20,simple,"{'scaler__scaler_name': 'standard', 'outlier_remover__threshold': 2, 'outlier_remover__outlier_method': 'z_score', 'outlier_remover__n_neighbors': 100, 'outlier_remover__metric_LOF': 'chebyshev', 'outlier_remover__max_samples_IF': 0.7, 'outlier_remover__estimators_IF': 100, 'outlier_remover__contamination_LOF': 0.25, 'outlier_remover__contamination_IF': 0.5, 'imputer__simple_strategy_num': 'mean', 'imputer__knn_scaling_method': 'robust', 'imputer__knn_neighbors': 28, 'imputer__iterative_max_iter': 20, 'imputer__imputation_method': 'simple'}",0.9023803272475025,0.9023803272475025,0.0,50
106,3.052676200866699,0.0,5.6854798793792725,0.0,robust,3.0,LOF,30,minkowski,0.5,50,0.5,0.05,mean,minmax,24,50,iterative,"{'scaler__scaler_name': 'robust', 'outlier_remover__threshold': 3, 'outlier_remover__outlier_method': 'LOF', 'outlier_remover__n_neighbors': 30, 'outlier_remover__metric_LOF': 'minkowski', 'outlier_remover__max_samples_IF': 0.5, 'outlier_remover__estimators_IF': 50, 'outlier_remover__contamination_LOF': 0.5, 'outlier_remover__contamination_IF': 0.05, 'imputer__simple_strategy_num': 'mean', 'imputer__knn_scaling_method': 'minmax', 'imputer__knn_neighbors': 24, 'imputer__iterative_max_iter': 50, 'imputer__imputation_method': 'iterative'}",0.8226510394248788,0.8226510394248788,0.0,129
107,2.286257028579712,0.0,4.954231023788452,0.0,minmax,2.5,Isolation_Forest,70,manhattan,1.0,50,0.25,0.25,mean,standard,24,5,iterative,"{'scaler__scaler_name': 'minmax', 'outlier_remover__threshold': 2.5, 'outlier_remover__outlier_method': 'Isolation_Forest', 'outlier_remover__n_neighbors': 70, 'outlier_remover__metric_LOF': 'manhattan', 'outlier_remover__max_samples_IF': 1.0, 'outlier_remover__estimators_IF': 50, 'outlier_remover__contamination_LOF': 0.25, 'outlier_remover__contamination_IF': 0.25, 'imputer__simple_strategy_num': 'mean', 'imputer__knn_scaling_method': 'standard', 'imputer__knn_neighbors': 24, 'imputer__iterative_max_iter': 5, 'imputer__imputation_method': 'iterative'}",0.7296871543824617,0.7296871543824617,0.0,155
108,1.4111757278442383,0.0,4.333276033401489,0.0,robust,2.0,LOF,10,minkowski,auto,150,0.3,0.15,median,standard,23,5,simple,"{'scaler__scaler_name': 'robust', 'outlier_remover__threshold': 2, 'outlier_remover__outlier_method': 'LOF', 'outlier_remover__n_neighbors': 10, 'outlier_remover__metric_LOF': 'minkowski', 'outlier_remover__max_samples_IF': 'auto', 'outlier_remover__estimators_IF': 150, 'outlier_remover__contamination_LOF': 0.3, 'outlier_remover__contamination_IF': 0.15, 'imputer__simple_strategy_num': 'median', 'imputer__knn_scaling_method': 'standard', 'imputer__knn_neighbors': 23, 'imputer__iterative_max_iter': 5, 'imputer__imputation_method': 'simple'}",0.9317426840901363,0.9317426840901363,0.0,22
109,7.641124248504639,0.0,10.051491022109985,0.0,minmax,4.0,LOF,10,chebyshev,0.5,50,0.1,0.03,median,minmax,22,10,iterative,"{'scaler__scaler_name': 'minmax', 'outlier_remover__threshold': 4, 'outlier_remover__outlier_method': 'LOF', 'outlier_remover__n_neighbors': 10, 'outlier_remover__metric_LOF': 'chebyshev', 'outlier_remover__max_samples_IF': 0.5, 'outlier_remover__estimators_IF': 50, 'outlier_remover__contamination_LOF': 0.1, 'outlier_remover__contamination_IF': 0.03, 'imputer__simple_strategy_num': 'median', 'imputer__knn_scaling_method': 'minmax', 'imputer__knn_neighbors': 22, 'imputer__iterative_max_iter': 10, 'imputer__imputation_method': 'iterative'}",0.6956656064867354,0.6956656064867354,0.0,184
110,6.040059804916382,0.0,8.763836145401001,0.0,standard,4.0,z_score,90,chebyshev,0.7,200,0.15,0.3,median,robust,20,5,knn,"{'scaler__scaler_name': 'standard', 'outlier_remover__threshold': 4, 'outlier_remover__outlier_method': 'z_score', 'outlier_remover__n_neighbors': 90, 'outlier_remover__metric_LOF': 'chebyshev', 'outlier_remover__max_samples_IF': 0.7, 'outlier_remover__estimators_IF': 200, 'outlier_remover__contamination_LOF': 0.15, 'outlier_remover__contamination_IF': 0.3, 'imputer__simple_strategy_num': 'median', 'imputer__knn_scaling_method': 'robust', 'imputer__knn_neighbors': 20, 'imputer__iterative_max_iter': 5, 'imputer__imputation_method': 'knn'}",0.8816946037266323,0.8816946037266323,0.0,84
111,7.061918020248413,0.0,9.46337080001831,0.0,minmax,3.5,LOF,100,chebyshev,0.5,150,0.1,0.25,mean,minmax,30,10,simple,"{'scaler__scaler_name': 'minmax', 'outlier_remover__threshold': 3.5, 'outlier_remover__outlier_method': 'LOF', 'outlier_remover__n_neighbors': 100, 'outlier_remover__metric_LOF': 'chebyshev', 'outlier_remover__max_samples_IF': 0.5, 'outlier_remover__estimators_IF': 150, 'outlier_remover__contamination_LOF': 0.1, 'outlier_remover__contamination_IF': 0.25, 'imputer__simple_strategy_num': 'mean', 'imputer__knn_scaling_method': 'minmax', 'imputer__knn_neighbors': 30, 'imputer__iterative_max_iter': 10, 'imputer__imputation_method': 'simple'}",0.9140207293517384,0.9140207293517384,0.0,36
112,7.591111183166504,0.0,12.617080688476562,0.0,robust,2.0,LOF,100,minkowski,0.7,50,0.1,0.03,mean,robust,18,5,knn,"{'scaler__scaler_name': 'robust', 'outlier_remover__threshold': 2, 'outlier_remover__outlier_method': 'LOF', 'outlier_remover__n_neighbors': 100, 'outlier_remover__metric_LOF': 'minkowski', 'outlier_remover__max_samples_IF': 0.7, 'outlier_remover__estimators_IF': 50, 'outlier_remover__contamination_LOF': 0.1, 'outlier_remover__contamination_IF': 0.03, 'imputer__simple_strategy_num': 'mean', 'imputer__knn_scaling_method': 'robust', 'imputer__knn_neighbors': 18, 'imputer__iterative_max_iter': 5, 'imputer__imputation_method': 'knn'}",0.8531059592424999,0.8531059592424999,0.0,106
113,0.09093880653381348,0.0,2.8676133155822754,0.0,minmax,4.0,z_score,50,minkowski,0.5,50,0.01,0.1,median,robust,19,50,simple,"{'scaler__scaler_name': 'minmax', 'outlier_remover__threshold': 4, 'outlier_remover__outlier_method': 'z_score', 'outlier_remover__n_neighbors': 50, 'outlier_remover__metric_LOF': 'minkowski', 'outlier_remover__max_samples_IF': 0.5, 'outlier_remover__estimators_IF': 50, 'outlier_remover__contamination_LOF': 0.01, 'outlier_remover__contamination_IF': 0.1, 'imputer__simple_strategy_num': 'median', 'imputer__knn_scaling_method': 'robust', 'imputer__knn_neighbors': 19, 'imputer__iterative_max_iter': 50, 'imputer__imputation_method': 'simple'}",0.9005948761067532,0.9005948761067532,0.0,54
114,1.571580171585083,0.0,4.620644807815552,0.0,minmax,3.0,z_score,30,euclidean,0.5,100,0.03,0.3,mean,robust,22,50,iterative,"{'scaler__scaler_name': 'minmax', 'outlier_remover__threshold': 3, 'outlier_remover__outlier_method': 'z_score', 'outlier_remover__n_neighbors': 30, 'outlier_remover__metric_LOF': 'euclidean', 'outlier_remover__max_samples_IF': 0.5, 'outlier_remover__estimators_IF': 100, 'outlier_remover__contamination_LOF': 0.03, 'outlier_remover__contamination_IF': 0.3, 'imputer__simple_strategy_num': 'mean', 'imputer__knn_scaling_method': 'robust', 'imputer__knn_neighbors': 22, 'imputer__iterative_max_iter': 50, 'imputer__imputation_method': 'iterative'}",0.7037392408407227,0.7037392408407227,0.0,179
115,10.971417665481567,0.0,15.495070219039917,0.0,standard,3.0,LOF,20,euclidean,1.0,50,0.3,0.01,mean,standard,26,20,knn,"{'scaler__scaler_name': 'standard', 'outlier_remover__threshold': 3, 'outlier_remover__outlier_method': 'LOF', 'outlier_remover__n_neighbors': 20, 'outlier_remover__metric_LOF': 'euclidean', 'outlier_remover__max_samples_IF': 1.0, 'outlier_remover__estimators_IF': 50, 'outlier_remover__contamination_LOF': 0.3, 'outlier_remover__contamination_IF': 0.01, 'imputer__simple_strategy_num': 'mean', 'imputer__knn_scaling_method': 'standard', 'imputer__knn_neighbors': 26, 'imputer__iterative_max_iter': 20, 'imputer__imputation_method': 'knn'}",0.9279484555500153,0.9279484555500153,0.0,25
116,16.111019134521484,0.0,18.479967832565308,0.0,minmax,3.0,LOF,70,manhattan,0.7,150,0.05,0.5,mean,minmax,9,20,knn,"{'scaler__scaler_name': 'minmax', 'outlier_remover__threshold': 3, 'outlier_remover__outlier_method': 'LOF', 'outlier_remover__n_neighbors': 70, 'outlier_remover__metric_LOF': 'manhattan', 'outlier_remover__max_samples_IF': 0.7, 'outlier_remover__estimators_IF': 150, 'outlier_remover__contamination_LOF': 0.05, 'outlier_remover__contamination_IF': 0.5, 'imputer__simple_strategy_num': 'mean', 'imputer__knn_scaling_method': 'minmax', 'imputer__knn_neighbors': 9, 'imputer__iterative_max_iter': 20, 'imputer__imputation_method': 'knn'}",0.9045126285265165,0.9045126285265165,0.0,46
117,0.07043099403381348,0.0,4.65302586555481,0.0,robust,3.5,z_score,90,euclidean,0.7,200,0.03,0.5,mean,minmax,4,50,simple,"{'scaler__scaler_name': 'robust', 'outlier_remover__threshold': 3.5, 'outlier_remover__outlier_method': 'z_score', 'outlier_remover__n_neighbors': 90, 'outlier_remover__metric_LOF': 'euclidean', 'outlier_remover__max_samples_IF': 0.7, 'outlier_remover__estimators_IF': 200, 'outlier_remover__contamination_LOF': 0.03, 'outlier_remover__contamination_IF': 0.5, 'imputer__simple_strategy_num': 'mean', 'imputer__knn_scaling_method': 'minmax', 'imputer__knn_neighbors': 4, 'imputer__iterative_max_iter': 50, 'imputer__imputation_method': 'simple'}",0.8166866566244192,0.8166866566244192,0.0,133
118,2.3591861724853516,0.0,5.772173881530762,0.0,minmax,3.5,LOF,100,euclidean,1.0,50,0.03,0.03,median,minmax,22,50,simple,"{'scaler__scaler_name': 'minmax', 'outlier_remover__threshold': 3.5, 'outlier_remover__outlier_method': 'LOF', 'outlier_remover__n_neighbors': 100, 'outlier_remover__metric_LOF': 'euclidean', 'outlier_remover__max_samples_IF': 1.0, 'outlier_remover__estimators_IF': 50, 'outlier_remover__contamination_LOF': 0.03, 'outlier_remover__contamination_IF': 0.03, 'imputer__simple_strategy_num': 'median', 'imputer__knn_scaling_method': 'minmax', 'imputer__knn_neighbors': 22, 'imputer__iterative_max_iter': 50, 'imputer__imputation_method': 'simple'}",0.9144860447049747,0.9144860447049747,0.0,34
119,0.24097299575805664,0.0,3.630871057510376,0.0,robust,2.0,z_score,100,chebyshev,0.7,100,0.03,0.3,median,robust,21,5,simple,"{'scaler__scaler_name': 'robust', 'outlier_remover__threshold': 2, 'outlier_remover__outlier_method': 'z_score', 'outlier_remover__n_neighbors': 100, 'outlier_remover__metric_LOF': 'chebyshev', 'outlier_remover__max_samples_IF': 0.7, 'outlier_remover__estimators_IF': 100, 'outlier_remover__contamination_LOF': 0.03, 'outlier_remover__contamination_IF': 0.3, 'imputer__simple_strategy_num': 'median', 'imputer__knn_scaling_method': 'robust', 'imputer__knn_neighbors': 21, 'imputer__iterative_max_iter': 5, 'imputer__imputation_method': 'simple'}",0.8162207180690103,0.8162207180690103,0.0,134
120,3.116814136505127,0.0,7.313995838165283,0.0,robust,3.5,Isolation_Forest,5,manhattan,0.7,100,0.1,0.5,median,minmax,13,5,iterative,"{'scaler__scaler_name': 'robust', 'outlier_remover__threshold': 3.5, 'outlier_remover__outlier_method': 'Isolation_Forest', 'outlier_remover__n_neighbors': 5, 'outlier_remover__metric_LOF': 'manhattan', 'outlier_remover__max_samples_IF': 0.7, 'outlier_remover__estimators_IF': 100, 'outlier_remover__contamination_LOF': 0.1, 'outlier_remover__contamination_IF': 0.5, 'imputer__simple_strategy_num': 'median', 'imputer__knn_scaling_method': 'minmax', 'imputer__knn_neighbors': 13, 'imputer__iterative_max_iter': 5, 'imputer__imputation_method': 'iterative'}",0.8311678415224413,0.8311678415224413,0.0,124
121,11.246592998504639,0.0,11.231387853622437,0.0,standard,3.5,Isolation_Forest,50,minkowski,0.7,200,0.3,0.1,mean,robust,18,5,knn,"{'scaler__scaler_name': 'standard', 'outlier_remover__threshold': 3.5, 'outlier_remover__outlier_method': 'Isolation_Forest', 'outlier_remover__n_neighbors': 50, 'outlier_remover__metric_LOF': 'minkowski', 'outlier_remover__max_samples_IF': 0.7, 'outlier_remover__estimators_IF': 200, 'outlier_remover__contamination_LOF': 0.3, 'outlier_remover__contamination_IF': 0.1, 'imputer__simple_strategy_num': 'mean', 'imputer__knn_scaling_method': 'robust', 'imputer__knn_neighbors': 18, 'imputer__iterative_max_iter': 5, 'imputer__imputation_method': 'knn'}",0.9074715317830151,0.9074715317830151,0.0,41
122,9.099385976791382,0.0,12.269206047058105,0.0,robust,4.0,LOF,100,chebyshev,auto,100,0.1,0.05,mean,minmax,5,20,iterative,"{'scaler__scaler_name': 'robust', 'outlier_remover__threshold': 4, 'outlier_remover__outlier_method': 'LOF', 'outlier_remover__n_neighbors': 100, 'outlier_remover__metric_LOF': 'chebyshev', 'outlier_remover__max_samples_IF': 'auto', 'outlier_remover__estimators_IF': 100, 'outlier_remover__contamination_LOF': 0.1, 'outlier_remover__contamination_IF': 0.05, 'imputer__simple_strategy_num': 'mean', 'imputer__knn_scaling_method': 'minmax', 'imputer__knn_neighbors': 5, 'imputer__iterative_max_iter': 20, 'imputer__imputation_method': 'iterative'}",0.716815637152027,0.716815637152027,0.0,163
123,0.05699515342712402,0.0,2.7476398944854736,0.0,minmax,3.5,z_score,100,manhattan,1.0,150,0.05,0.1,mean,minmax,14,10,simple,"{'scaler__scaler_name': 'minmax', 'outlier_remover__threshold': 3.5, 'outlier_remover__outlier_method': 'z_score', 'outlier_remover__n_neighbors': 100, 'outlier_remover__metric_LOF': 'manhattan', 'outlier_remover__max_samples_IF': 1.0, 'outlier_remover__estimators_IF': 150, 'outlier_remover__contamination_LOF': 0.05, 'outlier_remover__contamination_IF': 0.1, 'imputer__simple_strategy_num': 'mean', 'imputer__knn_scaling_method': 'minmax', 'imputer__knn_neighbors': 14, 'imputer__iterative_max_iter': 10, 'imputer__imputation_method': 'simple'}",0.8940332927468507,0.8940332927468507,0.0,71
124,4.979998826980591,0.0,7.26889705657959,0.0,minmax,3.0,LOF,30,manhattan,0.5,150,0.03,0.1,mean,minmax,14,5,simple,"{'scaler__scaler_name': 'minmax', 'outlier_remover__threshold': 3, 'outlier_remover__outlier_method': 'LOF', 'outlier_remover__n_neighbors': 30, 'outlier_remover__metric_LOF': 'manhattan', 'outlier_remover__max_samples_IF': 0.5, 'outlier_remover__estimators_IF': 150, 'outlier_remover__contamination_LOF': 0.03, 'outlier_remover__contamination_IF': 0.1, 'imputer__simple_strategy_num': 'mean', 'imputer__knn_scaling_method': 'minmax', 'imputer__knn_neighbors': 14, 'imputer__iterative_max_iter': 5, 'imputer__imputation_method': 'simple'}",0.8957981330663399,0.8957981330663399,0.0,65
125,6.671385288238525,0.0,10.498373746871948,0.0,standard,4.0,z_score,5,chebyshev,0.5,50,0.5,0.1,median,minmax,7,50,knn,"{'scaler__scaler_name': 'standard', 'outlier_remover__threshold': 4, 'outlier_remover__outlier_method': 'z_score', 'outlier_remover__n_neighbors': 5, 'outlier_remover__metric_LOF': 'chebyshev', 'outlier_remover__max_samples_IF': 0.5, 'outlier_remover__estimators_IF': 50, 'outlier_remover__contamination_LOF': 0.5, 'outlier_remover__contamination_IF': 0.1, 'imputer__simple_strategy_num': 'median', 'imputer__knn_scaling_method': 'minmax', 'imputer__knn_neighbors': 7, 'imputer__iterative_max_iter': 50, 'imputer__imputation_method': 'knn'}",0.8919580085244307,0.8919580085244307,0.0,73
126,7.851592063903809,0.0,10.771570920944214,0.0,minmax,3.5,z_score,20,chebyshev,0.5,100,0.15,0.3,median,minmax,15,50,knn,"{'scaler__scaler_name': 'minmax', 'outlier_remover__threshold': 3.5, 'outlier_remover__outlier_method': 'z_score', 'outlier_remover__n_neighbors': 20, 'outlier_remover__metric_LOF': 'chebyshev', 'outlier_remover__max_samples_IF': 0.5, 'outlier_remover__estimators_IF': 100, 'outlier_remover__contamination_LOF': 0.15, 'outlier_remover__contamination_IF': 0.3, 'imputer__simple_strategy_num': 'median', 'imputer__knn_scaling_method': 'minmax', 'imputer__knn_neighbors': 15, 'imputer__iterative_max_iter': 50, 'imputer__imputation_method': 'knn'}",0.8936745807449111,0.8936745807449111,0.0,72
127,8.23312497138977,0.0,13.285825967788696,0.0,minmax,4.0,LOF,5,euclidean,0.7,200,0.03,0.01,median,minmax,12,10,knn,"{'scaler__scaler_name': 'minmax', 'outlier_remover__threshold': 4, 'outlier_remover__outlier_method': 'LOF', 'outlier_remover__n_neighbors': 5, 'outlier_remover__metric_LOF': 'euclidean', 'outlier_remover__max_samples_IF': 0.7, 'outlier_remover__estimators_IF': 200, 'outlier_remover__contamination_LOF': 0.03, 'outlier_remover__contamination_IF': 0.01, 'imputer__simple_strategy_num': 'median', 'imputer__knn_scaling_method': 'minmax', 'imputer__knn_neighbors': 12, 'imputer__iterative_max_iter': 10, 'imputer__imputation_method': 'knn'}",0.9495110549339802,0.9495110549339802,0.0,5
128,2.318802833557129,0.0,4.909621953964233,0.0,robust,2.0,Isolation_Forest,50,manhattan,1.0,150,0.1,0.05,median,robust,25,50,iterative,"{'scaler__scaler_name': 'robust', 'outlier_remover__threshold': 2, 'outlier_remover__outlier_method': 'Isolation_Forest', 'outlier_remover__n_neighbors': 50, 'outlier_remover__metric_LOF': 'manhattan', 'outlier_remover__max_samples_IF': 1.0, 'outlier_remover__estimators_IF': 150, 'outlier_remover__contamination_LOF': 0.1, 'outlier_remover__contamination_IF': 0.05, 'imputer__simple_strategy_num': 'median', 'imputer__knn_scaling_method': 'robust', 'imputer__knn_neighbors': 25, 'imputer__iterative_max_iter': 50, 'imputer__imputation_method': 'iterative'}",0.6861770579191621,0.6861770579191621,0.0,190
129,1.325195074081421,0.0,6.284946918487549,0.0,standard,4.0,z_score,90,manhattan,0.5,100,0.3,0.25,mean,minmax,15,20,iterative,"{'scaler__scaler_name': 'standard', 'outlier_remover__threshold': 4, 'outlier_remover__outlier_method': 'z_score', 'outlier_remover__n_neighbors': 90, 'outlier_remover__metric_LOF': 'manhattan', 'outlier_remover__max_samples_IF': 0.5, 'outlier_remover__estimators_IF': 100, 'outlier_remover__contamination_LOF': 0.3, 'outlier_remover__contamination_IF': 0.25, 'imputer__simple_strategy_num': 'mean', 'imputer__knn_scaling_method': 'minmax', 'imputer__knn_neighbors': 15, 'imputer__iterative_max_iter': 20, 'imputer__imputation_method': 'iterative'}",0.7048112334753384,0.7048112334753384,0.0,178
130,3.1475062370300293,0.0,5.989111661911011,0.0,robust,3.5,Isolation_Forest,5,manhattan,1.0,50,0.05,0.03,mean,standard,26,5,iterative,"{'scaler__scaler_name': 'robust', 'outlier_remover__threshold': 3.5, 'outlier_remover__outlier_method': 'Isolation_Forest', 'outlier_remover__n_neighbors': 5, 'outlier_remover__metric_LOF': 'manhattan', 'outlier_remover__max_samples_IF': 1.0, 'outlier_remover__estimators_IF': 50, 'outlier_remover__contamination_LOF': 0.05, 'outlier_remover__contamination_IF': 0.03, 'imputer__simple_strategy_num': 'mean', 'imputer__knn_scaling_method': 'standard', 'imputer__knn_neighbors': 26, 'imputer__iterative_max_iter': 5, 'imputer__imputation_method': 'iterative'}",0.7221294507825334,0.7221294507825334,0.0,161
131,12.77814793586731,0.0,17.807465076446533,0.0,minmax,4.0,LOF,50,manhattan,0.5,200,0.25,0.15,median,standard,4,50,knn,"{'scaler__scaler_name': 'minmax', 'outlier_remover__threshold': 4, 'outlier_remover__outlier_method': 'LOF', 'outlier_remover__n_neighbors': 50, 'outlier_remover__metric_LOF': 'manhattan', 'outlier_remover__max_samples_IF': 0.5, 'outlier_remover__estimators_IF': 200, 'outlier_remover__contamination_LOF': 0.25, 'outlier_remover__contamination_IF': 0.15, 'imputer__simple_strategy_num': 'median', 'imputer__knn_scaling_method': 'standard', 'imputer__knn_neighbors': 4, 'imputer__iterative_max_iter': 50, 'imputer__imputation_method': 'knn'}",0.8548120884648386,0.8548120884648386,0.0,104
132,12.167933225631714,0.0,17.53606677055359,0.0,robust,2.5,LOF,50,manhattan,0.5,150,0.1,0.1,mean,robust,15,10,knn,"{'scaler__scaler_name': 'robust', 'outlier_remover__threshold': 2.5, 'outlier_remover__outlier_method': 'LOF', 'outlier_remover__n_neighbors': 50, 'outlier_remover__metric_LOF': 'manhattan', 'outlier_remover__max_samples_IF': 0.5, 'outlier_remover__estimators_IF': 150, 'outlier_remover__contamination_LOF': 0.1, 'outlier_remover__contamination_IF': 0.1, 'imputer__simple_strategy_num': 'mean', 'imputer__knn_scaling_method': 'robust', 'imputer__knn_neighbors': 15, 'imputer__iterative_max_iter': 10, 'imputer__imputation_method': 'knn'}",0.8947451190845764,0.8947451190845764,0.0,69
133,11.632942199707031,0.0,16.741684913635254,0.0,robust,4.0,LOF,20,manhattan,1.0,150,0.01,0.5,median,standard,13,50,knn,"{'scaler__scaler_name': 'robust', 'outlier_remover__threshold': 4, 'outlier_remover__outlier_method': 'LOF', 'outlier_remover__n_neighbors': 20, 'outlier_remover__metric_LOF': 'manhattan', 'outlier_remover__max_samples_IF': 1.0, 'outlier_remover__estimators_IF': 150, 'outlier_remover__contamination_LOF': 0.01, 'outlier_remover__contamination_IF': 0.5, 'imputer__simple_strategy_num': 'median', 'imputer__knn_scaling_method': 'standard', 'imputer__knn_neighbors': 13, 'imputer__iterative_max_iter': 50, 'imputer__imputation_method': 'knn'}",0.9152966827488481,0.9152966827488481,0.0,33
134,1.5903849601745605,0.0,3.943427085876465,0.0,robust,2.5,z_score,90,chebyshev,0.5,200,0.3,0.25,mean,standard,25,10,iterative,"{'scaler__scaler_name': 'robust', 'outlier_remover__threshold': 2.5, 'outlier_remover__outlier_method': 'z_score', 'outlier_remover__n_neighbors': 90, 'outlier_remover__metric_LOF': 'chebyshev', 'outlier_remover__max_samples_IF': 0.5, 'outlier_remover__estimators_IF': 200, 'outlier_remover__contamination_LOF': 0.3, 'outlier_remover__contamination_IF': 0.25, 'imputer__simple_strategy_num': 'mean', 'imputer__knn_scaling_method': 'standard', 'imputer__knn_neighbors': 25, 'imputer__iterative_max_iter': 10, 'imputer__imputation_method': 'iterative'}",0.6980576800060326,0.6980576800060326,0.0,181
135,10.416859149932861,0.0,11.046582698822021,0.0,standard,2.0,Isolation_Forest,5,minkowski,1.0,150,0.15,0.15,median,robust,28,5,knn,"{'scaler__scaler_name': 'standard', 'outlier_remover__threshold': 2, 'outlier_remover__outlier_method': 'Isolation_Forest', 'outlier_remover__n_neighbors': 5, 'outlier_remover__metric_LOF': 'minkowski', 'outlier_remover__max_samples_IF': 1.0, 'outlier_remover__estimators_IF': 150, 'outlier_remover__contamination_LOF': 0.15, 'outlier_remover__contamination_IF': 0.15, 'imputer__simple_strategy_num': 'median', 'imputer__knn_scaling_method': 'robust', 'imputer__knn_neighbors': 28, 'imputer__iterative_max_iter': 5, 'imputer__imputation_method': 'knn'}",0.9237256964583883,0.9237256964583883,0.0,27
136,2.917664051055908,0.0,5.617141008377075,0.0,standard,3.5,LOF,30,minkowski,0.7,100,0.15,0.25,mean,robust,6,20,iterative,"{'scaler__scaler_name': 'standard', 'outlier_remover__threshold': 3.5, 'outlier_remover__outlier_method': 'LOF', 'outlier_remover__n_neighbors': 30, 'outlier_remover__metric_LOF': 'minkowski', 'outlier_remover__max_samples_IF': 0.7, 'outlier_remover__estimators_IF': 100, 'outlier_remover__contamination_LOF': 0.15, 'outlier_remover__contamination_IF': 0.25, 'imputer__simple_strategy_num': 'mean', 'imputer__knn_scaling_method': 'robust', 'imputer__knn_neighbors': 6, 'imputer__iterative_max_iter': 20, 'imputer__imputation_method': 'iterative'}",0.729283398151935,0.729283398151935,0.0,156
137,8.953014850616455,0.0,11.057464122772217,0.0,minmax,3.5,LOF,70,euclidean,0.5,50,0.1,0.5,mean,robust,17,10,knn,"{'scaler__scaler_name': 'minmax', 'outlier_remover__threshold': 3.5, 'outlier_remover__outlier_method': 'LOF', 'outlier_remover__n_neighbors': 70, 'outlier_remover__metric_LOF': 'euclidean', 'outlier_remover__max_samples_IF': 0.5, 'outlier_remover__estimators_IF': 50, 'outlier_remover__contamination_LOF': 0.1, 'outlier_remover__contamination_IF': 0.5, 'imputer__simple_strategy_num': 'mean', 'imputer__knn_scaling_method': 'robust', 'imputer__knn_neighbors': 17, 'imputer__iterative_max_iter': 10, 'imputer__imputation_method': 'knn'}",0.8515944560173432,0.8515944560173432,0.0,107
138,10.157074928283691,0.0,12.007656335830688,0.0,minmax,2.0,Isolation_Forest,50,chebyshev,1.0,200,0.3,0.5,mean,robust,3,20,knn,"{'scaler__scaler_name': 'minmax', 'outlier_remover__threshold': 2, 'outlier_remover__outlier_method': 'Isolation_Forest', 'outlier_remover__n_neighbors': 50, 'outlier_remover__metric_LOF': 'chebyshev', 'outlier_remover__max_samples_IF': 1.0, 'outlier_remover__estimators_IF': 200, 'outlier_remover__contamination_LOF': 0.3, 'outlier_remover__contamination_IF': 0.5, 'imputer__simple_strategy_num': 'mean', 'imputer__knn_scaling_method': 'robust', 'imputer__knn_neighbors': 3, 'imputer__iterative_max_iter': 20, 'imputer__imputation_method': 'knn'}",0.9378408295110466,0.9378408295110466,0.0,15
139,0.13095808029174805,0.0,3.2410600185394287,0.0,standard,3.0,z_score,50,euclidean,0.5,100,0.5,0.05,median,minmax,30,20,simple,"{'scaler__scaler_name': 'standard', 'outlier_remover__threshold': 3, 'outlier_remover__outlier_method': 'z_score', 'outlier_remover__n_neighbors': 50, 'outlier_remover__metric_LOF': 'euclidean', 'outlier_remover__max_samples_IF': 0.5, 'outlier_remover__estimators_IF': 100, 'outlier_remover__contamination_LOF': 0.5, 'outlier_remover__contamination_IF': 0.05, 'imputer__simple_strategy_num': 'median', 'imputer__knn_scaling_method': 'minmax', 'imputer__knn_neighbors': 30, 'imputer__iterative_max_iter': 20, 'imputer__imputation_method': 'simple'}",0.8951814703994786,0.8951814703994786,0.0,68
140,2.7733170986175537,0.0,6.28952693939209,0.0,standard,3.5,LOF,90,minkowski,0.5,150,0.01,0.3,median,minmax,15,20,iterative,"{'scaler__scaler_name': 'standard', 'outlier_remover__threshold': 3.5, 'outlier_remover__outlier_method': 'LOF', 'outlier_remover__n_neighbors': 90, 'outlier_remover__metric_LOF': 'minkowski', 'outlier_remover__max_samples_IF': 0.5, 'outlier_remover__estimators_IF': 150, 'outlier_remover__contamination_LOF': 0.01, 'outlier_remover__contamination_IF': 0.3, 'imputer__simple_strategy_num': 'median', 'imputer__knn_scaling_method': 'minmax', 'imputer__knn_neighbors': 15, 'imputer__iterative_max_iter': 20, 'imputer__imputation_method': 'iterative'}",0.7162420675241233,0.7162420675241233,0.0,164
141,1.9169189929962158,0.0,4.227843999862671,0.0,robust,2.0,z_score,90,chebyshev,1.0,200,0.03,0.5,mean,robust,17,20,iterative,"{'scaler__scaler_name': 'robust', 'outlier_remover__threshold': 2, 'outlier_remover__outlier_method': 'z_score', 'outlier_remover__n_neighbors': 90, 'outlier_remover__metric_LOF': 'chebyshev', 'outlier_remover__max_samples_IF': 1.0, 'outlier_remover__estimators_IF': 200, 'outlier_remover__contamination_LOF': 0.03, 'outlier_remover__contamination_IF': 0.5, 'imputer__simple_strategy_num': 'mean', 'imputer__knn_scaling_method': 'robust', 'imputer__knn_neighbors': 17, 'imputer__iterative_max_iter': 20, 'imputer__imputation_method': 'iterative'}",0.715479050142278,0.715479050142278,0.0,165
142,7.158066987991333,0.0,9.609570980072021,0.0,robust,3.5,z_score,10,chebyshev,auto,150,0.5,0.1,median,minmax,24,5,knn,"{'scaler__scaler_name': 'robust', 'outlier_remover__threshold': 3.5, 'outlier_remover__outlier_method': 'z_score', 'outlier_remover__n_neighbors': 10, 'outlier_remover__metric_LOF': 'chebyshev', 'outlier_remover__max_samples_IF': 'auto', 'outlier_remover__estimators_IF': 150, 'outlier_remover__contamination_LOF': 0.5, 'outlier_remover__contamination_IF': 0.1, 'imputer__simple_strategy_num': 'median', 'imputer__knn_scaling_method': 'minmax', 'imputer__knn_neighbors': 24, 'imputer__iterative_max_iter': 5, 'imputer__imputation_method': 'knn'}",0.8218524210943922,0.8218524210943922,0.0,130
143,1.4162771701812744,0.0,4.0060038566589355,0.0,minmax,3.0,z_score,50,chebyshev,0.7,150,0.1,0.3,mean,robust,16,5,iterative,"{'scaler__scaler_name': 'minmax', 'outlier_remover__threshold': 3, 'outlier_remover__outlier_method': 'z_score', 'outlier_remover__n_neighbors': 50, 'outlier_remover__metric_LOF': 'chebyshev', 'outlier_remover__max_samples_IF': 0.7, 'outlier_remover__estimators_IF': 150, 'outlier_remover__contamination_LOF': 0.1, 'outlier_remover__contamination_IF': 0.3, 'imputer__simple_strategy_num': 'mean', 'imputer__knn_scaling_method': 'robust', 'imputer__knn_neighbors': 16, 'imputer__iterative_max_iter': 5, 'imputer__imputation_method': 'iterative'}",0.7150498828453147,0.7150498828453147,0.0,170
144,1.0875158309936523,0.0,4.0118021965026855,0.0,minmax,3.5,Isolation_Forest,5,minkowski,1.0,150,0.01,0.03,median,robust,12,20,simple,"{'scaler__scaler_name': 'minmax', 'outlier_remover__threshold': 3.5, 'outlier_remover__outlier_method': 'Isolation_Forest', 'outlier_remover__n_neighbors': 5, 'outlier_remover__metric_LOF': 'minkowski', 'outlier_remover__max_samples_IF': 1.0, 'outlier_remover__estimators_IF': 150, 'outlier_remover__contamination_LOF': 0.01, 'outlier_remover__contamination_IF': 0.03, 'imputer__simple_strategy_num': 'median', 'imputer__knn_scaling_method': 'robust', 'imputer__knn_neighbors': 12, 'imputer__iterative_max_iter': 20, 'imputer__imputation_method': 'simple'}",0.942949813385279,0.942949813385279,0.0,9
145,1.1294779777526855,0.0,4.160379886627197,0.0,standard,2.5,Isolation_Forest,90,chebyshev,0.7,200,0.01,0.03,median,minmax,27,50,simple,"{'scaler__scaler_name': 'standard', 'outlier_remover__threshold': 2.5, 'outlier_remover__outlier_method': 'Isolation_Forest', 'outlier_remover__n_neighbors': 90, 'outlier_remover__metric_LOF': 'chebyshev', 'outlier_remover__max_samples_IF': 0.7, 'outlier_remover__estimators_IF': 200, 'outlier_remover__contamination_LOF': 0.01, 'outlier_remover__contamination_IF': 0.03, 'imputer__simple_strategy_num': 'median', 'imputer__knn_scaling_method': 'minmax', 'imputer__knn_neighbors': 27, 'imputer__iterative_max_iter': 50, 'imputer__imputation_method': 'simple'}",0.9450311993090567,0.9450311993090567,0.0,7
146,7.183697938919067,0.0,10.396425008773804,0.0,minmax,3.0,Isolation_Forest,5,chebyshev,auto,50,0.15,0.5,mean,minmax,24,50,knn,"{'scaler__scaler_name': 'minmax', 'outlier_remover__threshold': 3, 'outlier_remover__outlier_method': 'Isolation_Forest', 'outlier_remover__n_neighbors': 5, 'outlier_remover__metric_LOF': 'chebyshev', 'outlier_remover__max_samples_IF': 'auto', 'outlier_remover__estimators_IF': 50, 'outlier_remover__contamination_LOF': 0.15, 'outlier_remover__contamination_IF': 0.5, 'imputer__simple_strategy_num': 'mean', 'imputer__knn_scaling_method': 'minmax', 'imputer__knn_neighbors': 24, 'imputer__iterative_max_iter': 50, 'imputer__imputation_method': 'knn'}",0.8953581200534367,0.8953581200534367,0.0,67
147,0.08915901184082031,0.0,2.94439697265625,0.0,minmax,3.5,z_score,30,euclidean,auto,100,0.25,0.1,median,minmax,23,10,simple,"{'scaler__scaler_name': 'minmax', 'outlier_remover__threshold': 3.5, 'outlier_remover__outlier_method': 'z_score', 'outlier_remover__n_neighbors': 30, 'outlier_remover__metric_LOF': 'euclidean', 'outlier_remover__max_samples_IF': 'auto', 'outlier_remover__estimators_IF': 100, 'outlier_remover__contamination_LOF': 0.25, 'outlier_remover__contamination_IF': 0.1, 'imputer__simple_strategy_num': 'median', 'imputer__knn_scaling_method': 'minmax', 'imputer__knn_neighbors': 23, 'imputer__iterative_max_iter': 10, 'imputer__imputation_method': 'simple'}",0.9003519669087813,0.9003519669087813,0.0,56
148,0.08085131645202637,0.0,2.8119077682495117,0.0,minmax,4.0,z_score,5,euclidean,auto,50,0.15,0.05,median,standard,12,20,simple,"{'scaler__scaler_name': 'minmax', 'outlier_remover__threshold': 4, 'outlier_remover__outlier_method': 'z_score', 'outlier_remover__n_neighbors': 5, 'outlier_remover__metric_LOF': 'euclidean', 'outlier_remover__max_samples_IF': 'auto', 'outlier_remover__estimators_IF': 50, 'outlier_remover__contamination_LOF': 0.15, 'outlier_remover__contamination_IF': 0.05, 'imputer__simple_strategy_num': 'median', 'imputer__knn_scaling_method': 'standard', 'imputer__knn_neighbors': 12, 'imputer__iterative_max_iter': 20, 'imputer__imputation_method': 'simple'}",0.9004676641731102,0.9004676641731102,0.0,55
149,6.062166929244995,0.0,8.888906002044678,0.0,robust,4.0,LOF,20,manhattan,0.7,200,0.3,0.5,mean,robust,18,5,iterative,"{'scaler__scaler_name': 'robust', 'outlier_remover__threshold': 4, 'outlier_remover__outlier_method': 'LOF', 'outlier_remover__n_neighbors': 20, 'outlier_remover__metric_LOF': 'manhattan', 'outlier_remover__max_samples_IF': 0.7, 'outlier_remover__estimators_IF': 200, 'outlier_remover__contamination_LOF': 0.3, 'outlier_remover__contamination_IF': 0.5, 'imputer__simple_strategy_num': 'mean', 'imputer__knn_scaling_method': 'robust', 'imputer__knn_neighbors': 18, 'imputer__iterative_max_iter': 5, 'imputer__imputation_method': 'iterative'}",0.7272689991139941,0.7272689991139941,0.0,157
150,8.694032907485962,0.0,12.412280082702637,0.0,minmax,4.0,LOF,70,euclidean,auto,50,0.15,0.1,mean,standard,9,5,knn,"{'scaler__scaler_name': 'minmax', 'outlier_remover__threshold': 4, 'outlier_remover__outlier_method': 'LOF', 'outlier_remover__n_neighbors': 70, 'outlier_remover__metric_LOF': 'euclidean', 'outlier_remover__max_samples_IF': 'auto', 'outlier_remover__estimators_IF': 50, 'outlier_remover__contamination_LOF': 0.15, 'outlier_remover__contamination_IF': 0.1, 'imputer__simple_strategy_num': 'mean', 'imputer__knn_scaling_method': 'standard', 'imputer__knn_neighbors': 9, 'imputer__iterative_max_iter': 5, 'imputer__imputation_method': 'knn'}",0.851037087716099,0.851037087716099,0.0,108
151,1.4613618850708008,0.0,4.21754002571106,0.0,standard,3.5,z_score,50,euclidean,1.0,150,0.1,0.05,mean,standard,7,5,iterative,"{'scaler__scaler_name': 'standard', 'outlier_remover__threshold': 3.5, 'outlier_remover__outlier_method': 'z_score', 'outlier_remover__n_neighbors': 50, 'outlier_remover__metric_LOF': 'euclidean', 'outlier_remover__max_samples_IF': 1.0, 'outlier_remover__estimators_IF': 150, 'outlier_remover__contamination_LOF': 0.1, 'outlier_remover__contamination_IF': 0.05, 'imputer__simple_strategy_num': 'mean', 'imputer__knn_scaling_method': 'standard', 'imputer__knn_neighbors': 7, 'imputer__iterative_max_iter': 5, 'imputer__imputation_method': 'iterative'}",0.6606383272708443,0.6606383272708443,0.0,196
152,7.588882923126221,0.0,9.942838907241821,0.0,standard,4.0,z_score,100,minkowski,0.5,150,0.01,0.03,mean,robust,22,10,knn,"{'scaler__scaler_name': 'standard', 'outlier_remover__threshold': 4, 'outlier_remover__outlier_method': 'z_score', 'outlier_remover__n_neighbors': 100, 'outlier_remover__metric_LOF': 'minkowski', 'outlier_remover__max_samples_IF': 0.5, 'outlier_remover__estimators_IF': 150, 'outlier_remover__contamination_LOF': 0.01, 'outlier_remover__contamination_IF': 0.03, 'imputer__simple_strategy_num': 'mean', 'imputer__knn_scaling_method': 'robust', 'imputer__knn_neighbors': 22, 'imputer__iterative_max_iter': 10, 'imputer__imputation_method': 'knn'}",0.874684609492546,0.874684609492546,0.0,91
153,5.477614164352417,0.0,8.352349758148193,0.0,minmax,3.5,LOF,90,manhattan,0.5,100,0.1,0.15,mean,robust,4,20,simple,"{'scaler__scaler_name': 'minmax', 'outlier_remover__threshold': 3.5, 'outlier_remover__outlier_method': 'LOF', 'outlier_remover__n_neighbors': 90, 'outlier_remover__metric_LOF': 'manhattan', 'outlier_remover__max_samples_IF': 0.5, 'outlier_remover__estimators_IF': 100, 'outlier_remover__contamination_LOF': 0.1, 'outlier_remover__contamination_IF': 0.15, 'imputer__simple_strategy_num': 'mean', 'imputer__knn_scaling_method': 'robust', 'imputer__knn_neighbors': 4, 'imputer__iterative_max_iter': 20, 'imputer__imputation_method': 'simple'}",0.8819051576373227,0.8819051576373227,0.0,83
154,1.8052759170532227,0.0,4.4102630615234375,0.0,robust,2.0,z_score,5,minkowski,0.5,150,0.5,0.3,mean,minmax,17,5,iterative,"{'scaler__scaler_name': 'robust', 'outlier_remover__threshold': 2, 'outlier_remover__outlier_method': 'z_score', 'outlier_remover__n_neighbors': 5, 'outlier_remover__metric_LOF': 'minkowski', 'outlier_remover__max_samples_IF': 0.5, 'outlier_remover__estimators_IF': 150, 'outlier_remover__contamination_LOF': 0.5, 'outlier_remover__contamination_IF': 0.3, 'imputer__simple_strategy_num': 'mean', 'imputer__knn_scaling_method': 'minmax', 'imputer__knn_neighbors': 17, 'imputer__iterative_max_iter': 5, 'imputer__imputation_method': 'iterative'}",0.7125625091518552,0.7125625091518552,0.0,173
155,9.151090860366821,0.0,12.370471000671387,0.0,minmax,3.0,Isolation_Forest,70,chebyshev,0.7,200,0.05,0.05,median,standard,21,5,knn,"{'scaler__scaler_name': 'minmax', 'outlier_remover__threshold': 3, 'outlier_remover__outlier_method': 'Isolation_Forest', 'outlier_remover__n_neighbors': 70, 'outlier_remover__metric_LOF': 'chebyshev', 'outlier_remover__max_samples_IF': 0.7, 'outlier_remover__estimators_IF': 200, 'outlier_remover__contamination_LOF': 0.05, 'outlier_remover__contamination_IF': 0.05, 'imputer__simple_strategy_num': 'median', 'imputer__knn_scaling_method': 'standard', 'imputer__knn_neighbors': 21, 'imputer__iterative_max_iter': 5, 'imputer__imputation_method': 'knn'}",0.9062014797767884,0.9062014797767884,0.0,44
156,9.567062139511108,0.0,11.3537757396698,0.0,robust,3.0,Isolation_Forest,50,manhattan,auto,50,0.05,0.1,median,minmax,3,5,knn,"{'scaler__scaler_name': 'robust', 'outlier_remover__threshold': 3, 'outlier_remover__outlier_method': 'Isolation_Forest', 'outlier_remover__n_neighbors': 50, 'outlier_remover__metric_LOF': 'manhattan', 'outlier_remover__max_samples_IF': 'auto', 'outlier_remover__estimators_IF': 50, 'outlier_remover__contamination_LOF': 0.05, 'outlier_remover__contamination_IF': 0.1, 'imputer__simple_strategy_num': 'median', 'imputer__knn_scaling_method': 'minmax', 'imputer__knn_neighbors': 3, 'imputer__iterative_max_iter': 5, 'imputer__imputation_method': 'knn'}",0.8305486324045063,0.8305486324045063,0.0,125
157,10.678471803665161,0.0,11.74803113937378,0.0,robust,3.0,Isolation_Forest,30,minkowski,1.0,200,0.03,0.03,median,minmax,30,50,knn,"{'scaler__scaler_name': 'robust', 'outlier_remover__threshold': 3, 'outlier_remover__outlier_method': 'Isolation_Forest', 'outlier_remover__n_neighbors': 30, 'outlier_remover__metric_LOF': 'minkowski', 'outlier_remover__max_samples_IF': 1.0, 'outlier_remover__estimators_IF': 200, 'outlier_remover__contamination_LOF': 0.03, 'outlier_remover__contamination_IF': 0.03, 'imputer__simple_strategy_num': 'median', 'imputer__knn_scaling_method': 'minmax', 'imputer__knn_neighbors': 30, 'imputer__iterative_max_iter': 50, 'imputer__imputation_method': 'knn'}",0.9155679344663664,0.9155679344663664,0.0,32
158,1.726994276046753,0.0,5.5886547565460205,0.0,robust,3.0,z_score,70,chebyshev,auto,150,0.5,0.15,median,robust,25,5,iterative,"{'scaler__scaler_name': 'robust', 'outlier_remover__threshold': 3, 'outlier_remover__outlier_method': 'z_score', 'outlier_remover__n_neighbors': 70, 'outlier_remover__metric_LOF': 'chebyshev', 'outlier_remover__max_samples_IF': 'auto', 'outlier_remover__estimators_IF': 150, 'outlier_remover__contamination_LOF': 0.5, 'outlier_remover__contamination_IF': 0.15, 'imputer__simple_strategy_num': 'median', 'imputer__knn_scaling_method': 'robust', 'imputer__knn_neighbors': 25, 'imputer__iterative_max_iter': 5, 'imputer__imputation_method': 'iterative'}",0.6980632561975274,0.6980632561975274,0.0,180
159,5.680417776107788,0.0,10.011543989181519,0.0,minmax,2.5,LOF,70,manhattan,0.7,200,0.1,0.5,median,standard,14,20,iterative,"{'scaler__scaler_name': 'minmax', 'outlier_remover__threshold': 2.5, 'outlier_remover__outlier_method': 'LOF', 'outlier_remover__n_neighbors': 70, 'outlier_remover__metric_LOF': 'manhattan', 'outlier_remover__max_samples_IF': 0.7, 'outlier_remover__estimators_IF': 200, 'outlier_remover__contamination_LOF': 0.1, 'outlier_remover__contamination_IF': 0.5, 'imputer__simple_strategy_num': 'median', 'imputer__knn_scaling_method': 'standard', 'imputer__knn_neighbors': 14, 'imputer__iterative_max_iter': 20, 'imputer__imputation_method': 'iterative'}",0.6756869637947287,0.6756869637947287,0.0,194
160,2.620157241821289,0.0,5.471462965011597,0.0,standard,3.0,Isolation_Forest,90,chebyshev,1.0,100,0.1,0.15,median,standard,24,50,iterative,"{'scaler__scaler_name': 'standard', 'outlier_remover__threshold': 3, 'outlier_remover__outlier_method': 'Isolation_Forest', 'outlier_remover__n_neighbors': 90, 'outlier_remover__metric_LOF': 'chebyshev', 'outlier_remover__max_samples_IF': 1.0, 'outlier_remover__estimators_IF': 100, 'outlier_remover__contamination_LOF': 0.1, 'outlier_remover__contamination_IF': 0.15, 'imputer__simple_strategy_num': 'median', 'imputer__knn_scaling_method': 'standard', 'imputer__knn_neighbors': 24, 'imputer__iterative_max_iter': 50, 'imputer__imputation_method': 'iterative'}",0.734719637578594,0.734719637578594,0.0,154
161,6.777496814727783,0.0,8.730329036712646,0.0,minmax,2.5,LOF,20,manhattan,1.0,50,0.1,0.1,median,minmax,27,5,iterative,"{'scaler__scaler_name': 'minmax', 'outlier_remover__threshold': 2.5, 'outlier_remover__outlier_method': 'LOF', 'outlier_remover__n_neighbors': 20, 'outlier_remover__metric_LOF': 'manhattan', 'outlier_remover__max_samples_IF': 1.0, 'outlier_remover__estimators_IF': 50, 'outlier_remover__contamination_LOF': 0.1, 'outlier_remover__contamination_IF': 0.1, 'imputer__simple_strategy_num': 'median', 'imputer__knn_scaling_method': 'minmax', 'imputer__knn_neighbors': 27, 'imputer__iterative_max_iter': 5, 'imputer__imputation_method': 'iterative'}",0.7427023261287491,0.7427023261287491,0.0,149
162,3.4819090366363525,0.0,5.2851738929748535,0.0,minmax,2.0,Isolation_Forest,10,chebyshev,1.0,200,0.25,0.5,mean,standard,8,5,iterative,"{'scaler__scaler_name': 'minmax', 'outlier_remover__threshold': 2, 'outlier_remover__outlier_method': 'Isolation_Forest', 'outlier_remover__n_neighbors': 10, 'outlier_remover__metric_LOF': 'chebyshev', 'outlier_remover__max_samples_IF': 1.0, 'outlier_remover__estimators_IF': 200, 'outlier_remover__contamination_LOF': 0.25, 'outlier_remover__contamination_IF': 0.5, 'imputer__simple_strategy_num': 'mean', 'imputer__knn_scaling_method': 'standard', 'imputer__knn_neighbors': 8, 'imputer__iterative_max_iter': 5, 'imputer__imputation_method': 'iterative'}",0.8462292788986232,0.8462292788986232,0.0,112
163,7.39795994758606,0.0,11.107748985290527,0.0,standard,2.5,LOF,5,euclidean,0.7,200,0.5,0.05,mean,robust,11,10,knn,"{'scaler__scaler_name': 'standard', 'outlier_remover__threshold': 2.5, 'outlier_remover__outlier_method': 'LOF', 'outlier_remover__n_neighbors': 5, 'outlier_remover__metric_LOF': 'euclidean', 'outlier_remover__max_samples_IF': 0.7, 'outlier_remover__estimators_IF': 200, 'outlier_remover__contamination_LOF': 0.5, 'outlier_remover__contamination_IF': 0.05, 'imputer__simple_strategy_num': 'mean', 'imputer__knn_scaling_method': 'robust', 'imputer__knn_neighbors': 11, 'imputer__iterative_max_iter': 10, 'imputer__imputation_method': 'knn'}",0.9281166937393212,0.9281166937393212,0.0,24
164,7.0170958042144775,0.0,9.587661027908325,0.0,standard,2.0,LOF,70,chebyshev,1.0,200,0.1,0.25,median,robust,7,20,simple,"{'scaler__scaler_name': 'standard', 'outlier_remover__threshold': 2, 'outlier_remover__outlier_method': 'LOF', 'outlier_remover__n_neighbors': 70, 'outlier_remover__metric_LOF': 'chebyshev', 'outlier_remover__max_samples_IF': 1.0, 'outlier_remover__estimators_IF': 200, 'outlier_remover__contamination_LOF': 0.1, 'outlier_remover__contamination_IF': 0.25, 'imputer__simple_strategy_num': 'median', 'imputer__knn_scaling_method': 'robust', 'imputer__knn_neighbors': 7, 'imputer__iterative_max_iter': 20, 'imputer__imputation_method': 'simple'}",0.9030455800646282,0.9030455800646282,0.0,48
165,14.582856178283691,0.0,17.560685873031616,0.0,robust,3.5,LOF,50,chebyshev,1.0,100,0.01,0.25,median,standard,19,10,knn,"{'scaler__scaler_name': 'robust', 'outlier_remover__threshold': 3.5, 'outlier_remover__outlier_method': 'LOF', 'outlier_remover__n_neighbors': 50, 'outlier_remover__metric_LOF': 'chebyshev', 'outlier_remover__max_samples_IF': 1.0, 'outlier_remover__estimators_IF': 100, 'outlier_remover__contamination_LOF': 0.01, 'outlier_remover__contamination_IF': 0.25, 'imputer__simple_strategy_num': 'median', 'imputer__knn_scaling_method': 'standard', 'imputer__knn_neighbors': 19, 'imputer__iterative_max_iter': 10, 'imputer__imputation_method': 'knn'}",0.9070514759500328,0.9070514759500328,0.0,43
166,8.607589960098267,0.0,10.996831893920898,0.0,standard,2.5,LOF,30,minkowski,auto,200,0.01,0.5,median,robust,21,20,knn,"{'scaler__scaler_name': 'standard', 'outlier_remover__threshold': 2.5, 'outlier_remover__outlier_method': 'LOF', 'outlier_remover__n_neighbors': 30, 'outlier_remover__metric_LOF': 'minkowski', 'outlier_remover__max_samples_IF': 'auto', 'outlier_remover__estimators_IF': 200, 'outlier_remover__contamination_LOF': 0.01, 'outlier_remover__contamination_IF': 0.5, 'imputer__simple_strategy_num': 'median', 'imputer__knn_scaling_method': 'robust', 'imputer__knn_neighbors': 21, 'imputer__iterative_max_iter': 20, 'imputer__imputation_method': 'knn'}",0.8569969658488263,0.8569969658488263,0.0,100
167,8.28851318359375,0.0,11.815590858459473,0.0,standard,4.0,LOF,5,chebyshev,1.0,200,0.15,0.01,mean,robust,4,10,iterative,"{'scaler__scaler_name': 'standard', 'outlier_remover__threshold': 4, 'outlier_remover__outlier_method': 'LOF', 'outlier_remover__n_neighbors': 5, 'outlier_remover__metric_LOF': 'chebyshev', 'outlier_remover__max_samples_IF': 1.0, 'outlier_remover__estimators_IF': 200, 'outlier_remover__contamination_LOF': 0.15, 'outlier_remover__contamination_IF': 0.01, 'imputer__simple_strategy_num': 'mean', 'imputer__knn_scaling_method': 'robust', 'imputer__knn_neighbors': 4, 'imputer__iterative_max_iter': 10, 'imputer__imputation_method': 'iterative'}",0.7360636388366011,0.7360636388366011,0.0,153
168,8.41618800163269,0.0,11.920691013336182,0.0,robust,2.5,LOF,10,chebyshev,auto,200,0.3,0.03,median,robust,15,20,iterative,"{'scaler__scaler_name': 'robust', 'outlier_remover__threshold': 2.5, 'outlier_remover__outlier_method': 'LOF', 'outlier_remover__n_neighbors': 10, 'outlier_remover__metric_LOF': 'chebyshev', 'outlier_remover__max_samples_IF': 'auto', 'outlier_remover__estimators_IF': 200, 'outlier_remover__contamination_LOF': 0.3, 'outlier_remover__contamination_IF': 0.03, 'imputer__simple_strategy_num': 'median', 'imputer__knn_scaling_method': 'robust', 'imputer__knn_neighbors': 15, 'imputer__iterative_max_iter': 20, 'imputer__imputation_method': 'iterative'}",0.7633277845828856,0.7633277845828856,0.0,145
169,3.1807730197906494,0.0,5.373301982879639,0.0,robust,2.5,Isolation_Forest,90,manhattan,0.5,200,0.15,0.5,mean,minmax,24,20,iterative,"{'scaler__scaler_name': 'robust', 'outlier_remover__threshold': 2.5, 'outlier_remover__outlier_method': 'Isolation_Forest', 'outlier_remover__n_neighbors': 90, 'outlier_remover__metric_LOF': 'manhattan', 'outlier_remover__max_samples_IF': 0.5, 'outlier_remover__estimators_IF': 200, 'outlier_remover__contamination_LOF': 0.15, 'outlier_remover__contamination_IF': 0.5, 'imputer__simple_strategy_num': 'mean', 'imputer__knn_scaling_method': 'minmax', 'imputer__knn_neighbors': 24, 'imputer__iterative_max_iter': 20, 'imputer__imputation_method': 'iterative'}",0.8339207843227676,0.8339207843227676,0.0,123
170,1.2253460884094238,0.0,4.362588167190552,0.0,minmax,2.5,LOF,20,minkowski,auto,100,0.25,0.3,median,minmax,10,10,simple,"{'scaler__scaler_name': 'minmax', 'outlier_remover__threshold': 2.5, 'outlier_remover__outlier_method': 'LOF', 'outlier_remover__n_neighbors': 20, 'outlier_remover__metric_LOF': 'minkowski', 'outlier_remover__max_samples_IF': 'auto', 'outlier_remover__estimators_IF': 100, 'outlier_remover__contamination_LOF': 0.25, 'outlier_remover__contamination_IF': 0.3, 'imputer__simple_strategy_num': 'median', 'imputer__knn_scaling_method': 'minmax', 'imputer__knn_neighbors': 10, 'imputer__iterative_max_iter': 10, 'imputer__imputation_method': 'simple'}",0.9373282139429239,0.9373282139429239,0.0,16
171,7.778122901916504,0.0,11.430880069732666,0.0,robust,4.0,z_score,30,chebyshev,1.0,200,0.01,0.1,mean,minmax,24,50,knn,"{'scaler__scaler_name': 'robust', 'outlier_remover__threshold': 4, 'outlier_remover__outlier_method': 'z_score', 'outlier_remover__n_neighbors': 30, 'outlier_remover__metric_LOF': 'chebyshev', 'outlier_remover__max_samples_IF': 1.0, 'outlier_remover__estimators_IF': 200, 'outlier_remover__contamination_LOF': 0.01, 'outlier_remover__contamination_IF': 0.1, 'imputer__simple_strategy_num': 'mean', 'imputer__knn_scaling_method': 'minmax', 'imputer__knn_neighbors': 24, 'imputer__iterative_max_iter': 50, 'imputer__imputation_method': 'knn'}",0.8463669886011701,0.8463669886011701,0.0,111
172,2.7396159172058105,0.0,6.500746011734009,0.0,standard,3.0,LOF,5,euclidean,0.5,200,0.15,0.03,median,minmax,18,20,iterative,"{'scaler__scaler_name': 'standard', 'outlier_remover__threshold': 3, 'outlier_remover__outlier_method': 'LOF', 'outlier_remover__n_neighbors': 5, 'outlier_remover__metric_LOF': 'euclidean', 'outlier_remover__max_samples_IF': 0.5, 'outlier_remover__estimators_IF': 200, 'outlier_remover__contamination_LOF': 0.15, 'outlier_remover__contamination_IF': 0.03, 'imputer__simple_strategy_num': 'median', 'imputer__knn_scaling_method': 'minmax', 'imputer__knn_neighbors': 18, 'imputer__iterative_max_iter': 20, 'imputer__imputation_method': 'iterative'}",0.7437248863980601,0.7437248863980601,0.0,148
173,2.1577088832855225,0.0,6.215003252029419,0.0,robust,3.0,Isolation_Forest,20,euclidean,auto,200,0.03,0.25,median,minmax,7,20,iterative,"{'scaler__scaler_name': 'robust', 'outlier_remover__threshold': 3, 'outlier_remover__outlier_method': 'Isolation_Forest', 'outlier_remover__n_neighbors': 20, 'outlier_remover__metric_LOF': 'euclidean', 'outlier_remover__max_samples_IF': 'auto', 'outlier_remover__estimators_IF': 200, 'outlier_remover__contamination_LOF': 0.03, 'outlier_remover__contamination_IF': 0.25, 'imputer__simple_strategy_num': 'median', 'imputer__knn_scaling_method': 'minmax', 'imputer__knn_neighbors': 7, 'imputer__iterative_max_iter': 20, 'imputer__imputation_method': 'iterative'}",0.7526766665165017,0.7526766665165017,0.0,147
174,9.4497389793396,0.0,11.380943059921265,0.0,robust,3.0,LOF,10,minkowski,0.7,200,0.5,0.25,median,standard,22,20,knn,"{'scaler__scaler_name': 'robust', 'outlier_remover__threshold': 3, 'outlier_remover__outlier_method': 'LOF', 'outlier_remover__n_neighbors': 10, 'outlier_remover__metric_LOF': 'minkowski', 'outlier_remover__max_samples_IF': 0.7, 'outlier_remover__estimators_IF': 200, 'outlier_remover__contamination_LOF': 0.5, 'outlier_remover__contamination_IF': 0.25, 'imputer__simple_strategy_num': 'median', 'imputer__knn_scaling_method': 'standard', 'imputer__knn_neighbors': 22, 'imputer__iterative_max_iter': 20, 'imputer__imputation_method': 'knn'}",0.9329046273277719,0.9329046273277719,0.0,20
175,1.4330298900604248,0.0,4.175868988037109,0.0,robust,3.5,z_score,30,chebyshev,0.5,200,0.05,0.1,mean,standard,17,5,iterative,"{'scaler__scaler_name': 'robust', 'outlier_remover__threshold': 3.5, 'outlier_remover__outlier_method': 'z_score', 'outlier_remover__n_neighbors': 30, 'outlier_remover__metric_LOF': 'chebyshev', 'outlier_remover__max_samples_IF': 0.5, 'outlier_remover__estimators_IF': 200, 'outlier_remover__contamination_LOF': 0.05, 'outlier_remover__contamination_IF': 0.1, 'imputer__simple_strategy_num': 'mean', 'imputer__knn_scaling_method': 'standard', 'imputer__knn_neighbors': 17, 'imputer__iterative_max_iter': 5, 'imputer__imputation_method': 'iterative'}",0.6565244413320317,0.6565244413320317,0.0,198
176,7.284173965454102,0.0,9.477921962738037,0.0,robust,2.5,z_score,90,euclidean,0.5,200,0.1,0.15,median,robust,15,20,knn,"{'scaler__scaler_name': 'robust', 'outlier_remover__threshold': 2.5, 'outlier_remover__outlier_method': 'z_score', 'outlier_remover__n_neighbors': 90, 'outlier_remover__metric_LOF': 'euclidean', 'outlier_remover__max_samples_IF': 0.5, 'outlier_remover__estimators_IF': 200, 'outlier_remover__contamination_LOF': 0.1, 'outlier_remover__contamination_IF': 0.15, 'imputer__simple_strategy_num': 'median', 'imputer__knn_scaling_method': 'robust', 'imputer__knn_neighbors': 15, 'imputer__iterative_max_iter': 20, 'imputer__imputation_method': 'knn'}",0.8709870077855072,0.8709870077855072,0.0,93
177,6.582473993301392,0.0,10.127140998840332,0.0,standard,2.0,z_score,30,euclidean,0.5,100,0.01,0.3,mean,minmax,15,50,knn,"{'scaler__scaler_name': 'standard', 'outlier_remover__threshold': 2, 'outlier_remover__outlier_method': 'z_score', 'outlier_remover__n_neighbors': 30, 'outlier_remover__metric_LOF': 'euclidean', 'outlier_remover__max_samples_IF': 0.5, 'outlier_remover__estimators_IF': 100, 'outlier_remover__contamination_LOF': 0.01, 'outlier_remover__contamination_IF': 0.3, 'imputer__simple_strategy_num': 'mean', 'imputer__knn_scaling_method': 'minmax', 'imputer__knn_neighbors': 15, 'imputer__iterative_max_iter': 50, 'imputer__imputation_method': 'knn'}",0.8475493194445274,0.8475493194445274,0.0,110
178,0.07737421989440918,0.0,2.515377998352051,0.0,robust,2.0,z_score,20,chebyshev,auto,150,0.5,0.5,mean,standard,15,20,simple,"{'scaler__scaler_name': 'robust', 'outlier_remover__threshold': 2, 'outlier_remover__outlier_method': 'z_score', 'outlier_remover__n_neighbors': 20, 'outlier_remover__metric_LOF': 'chebyshev', 'outlier_remover__max_samples_IF': 'auto', 'outlier_remover__estimators_IF': 150, 'outlier_remover__contamination_LOF': 0.5, 'outlier_remover__contamination_IF': 0.5, 'imputer__simple_strategy_num': 'mean', 'imputer__knn_scaling_method': 'standard', 'imputer__knn_neighbors': 15, 'imputer__iterative_max_iter': 20, 'imputer__imputation_method': 'simple'}",0.8492102709931977,0.8492102709931977,0.0,109
179,2.555957078933716,0.0,5.568883895874023,0.0,standard,4.0,LOF,30,euclidean,0.7,100,0.5,0.15,mean,robust,29,50,iterative,"{'scaler__scaler_name': 'standard', 'outlier_remover__threshold': 4, 'outlier_remover__outlier_method': 'LOF', 'outlier_remover__n_neighbors': 30, 'outlier_remover__metric_LOF': 'euclidean', 'outlier_remover__max_samples_IF': 0.7, 'outlier_remover__estimators_IF': 100, 'outlier_remover__contamination_LOF': 0.5, 'outlier_remover__contamination_IF': 0.15, 'imputer__simple_strategy_num': 'mean', 'imputer__knn_scaling_method': 'robust', 'imputer__knn_neighbors': 29, 'imputer__iterative_max_iter': 50, 'imputer__imputation_method': 'iterative'}",0.8258941958210654,0.8258941958210654,0.0,128
180,8.015456199645996,0.0,10.3102388381958,0.0,minmax,2.0,Isolation_Forest,5,manhattan,1.0,150,0.25,0.3,median,minmax,30,50,knn,"{'scaler__scaler_name': 'minmax', 'outlier_remover__threshold': 2, 'outlier_remover__outlier_method': 'Isolation_Forest', 'outlier_remover__n_neighbors': 5, 'outlier_remover__metric_LOF': 'manhattan', 'outlier_remover__max_samples_IF': 1.0, 'outlier_remover__estimators_IF': 150, 'outlier_remover__contamination_LOF': 0.25, 'outlier_remover__contamination_IF': 0.3, 'imputer__simple_strategy_num': 'median', 'imputer__knn_scaling_method': 'minmax', 'imputer__knn_neighbors': 30, 'imputer__iterative_max_iter': 50, 'imputer__imputation_method': 'knn'}",0.9308045705817388,0.9308045705817388,0.0,23
181,0.07845520973205566,0.0,2.8331127166748047,0.0,standard,2.0,z_score,20,chebyshev,0.7,200,0.01,0.25,median,standard,28,50,simple,"{'scaler__scaler_name': 'standard', 'outlier_remover__threshold': 2, 'outlier_remover__outlier_method': 'z_score', 'outlier_remover__n_neighbors': 20, 'outlier_remover__metric_LOF': 'chebyshev', 'outlier_remover__max_samples_IF': 0.7, 'outlier_remover__estimators_IF': 200, 'outlier_remover__contamination_LOF': 0.01, 'outlier_remover__contamination_IF': 0.25, 'imputer__simple_strategy_num': 'median', 'imputer__knn_scaling_method': 'standard', 'imputer__knn_neighbors': 28, 'imputer__iterative_max_iter': 50, 'imputer__imputation_method': 'simple'}",0.8825349105637847,0.8825349105637847,0.0,81
182,0.052834272384643555,0.0,2.795400857925415,0.0,minmax,3.0,z_score,90,chebyshev,auto,50,0.05,0.1,mean,minmax,28,20,simple,"{'scaler__scaler_name': 'minmax', 'outlier_remover__threshold': 3, 'outlier_remover__outlier_method': 'z_score', 'outlier_remover__n_neighbors': 90, 'outlier_remover__metric_LOF': 'chebyshev', 'outlier_remover__max_samples_IF': 'auto', 'outlier_remover__estimators_IF': 50, 'outlier_remover__contamination_LOF': 0.05, 'outlier_remover__contamination_IF': 0.1, 'imputer__simple_strategy_num': 'mean', 'imputer__knn_scaling_method': 'minmax', 'imputer__knn_neighbors': 28, 'imputer__iterative_max_iter': 20, 'imputer__imputation_method': 'simple'}",0.8995571479227364,0.8995571479227364,0.0,59
183,1.6887319087982178,0.0,4.720299959182739,0.0,standard,4.0,LOF,100,euclidean,1.0,200,0.03,0.01,median,minmax,22,20,simple,"{'scaler__scaler_name': 'standard', 'outlier_remover__threshold': 4, 'outlier_remover__outlier_method': 'LOF', 'outlier_remover__n_neighbors': 100, 'outlier_remover__metric_LOF': 'euclidean', 'outlier_remover__max_samples_IF': 1.0, 'outlier_remover__estimators_IF': 200, 'outlier_remover__contamination_LOF': 0.03, 'outlier_remover__contamination_IF': 0.01, 'imputer__simple_strategy_num': 'median', 'imputer__knn_scaling_method': 'minmax', 'imputer__knn_neighbors': 22, 'imputer__iterative_max_iter': 20, 'imputer__imputation_method': 'simple'}",0.9141191706479859,0.9141191706479859,0.0,35
184,6.45474910736084,0.0,9.287379026412964,0.0,robust,2.5,z_score,90,chebyshev,0.7,50,0.1,0.05,median,robust,22,5,knn,"{'scaler__scaler_name': 'robust', 'outlier_remover__threshold': 2.5, 'outlier_remover__outlier_method': 'z_score', 'outlier_remover__n_neighbors': 90, 'outlier_remover__metric_LOF': 'chebyshev', 'outlier_remover__max_samples_IF': 0.7, 'outlier_remover__estimators_IF': 50, 'outlier_remover__contamination_LOF': 0.1, 'outlier_remover__contamination_IF': 0.05, 'imputer__simple_strategy_num': 'median', 'imputer__knn_scaling_method': 'robust', 'imputer__knn_neighbors': 22, 'imputer__iterative_max_iter': 5, 'imputer__imputation_method': 'knn'}",0.8687346358995028,0.8687346358995028,0.0,95
185,6.72388482093811,0.0,9.436820030212402,0.0,minmax,4.0,z_score,10,euclidean,0.5,150,0.25,0.03,median,minmax,9,50,knn,"{'scaler__scaler_name': 'minmax', 'outlier_remover__threshold': 4, 'outlier_remover__outlier_method': 'z_score', 'outlier_remover__n_neighbors': 10, 'outlier_remover__metric_LOF': 'euclidean', 'outlier_remover__max_samples_IF': 0.5, 'outlier_remover__estimators_IF': 150, 'outlier_remover__contamination_LOF': 0.25, 'outlier_remover__contamination_IF': 0.03, 'imputer__simple_strategy_num': 'median', 'imputer__knn_scaling_method': 'minmax', 'imputer__knn_neighbors': 9, 'imputer__iterative_max_iter': 50, 'imputer__imputation_method': 'knn'}",0.8779167785546422,0.8779167785546422,0.0,87
186,0.5147409439086914,0.0,3.3795201778411865,0.0,minmax,3.0,Isolation_Forest,20,manhattan,auto,200,0.5,0.1,mean,minmax,6,50,simple,"{'scaler__scaler_name': 'minmax', 'outlier_remover__threshold': 3, 'outlier_remover__outlier_method': 'Isolation_Forest', 'outlier_remover__n_neighbors': 20, 'outlier_remover__metric_LOF': 'manhattan', 'outlier_remover__max_samples_IF': 'auto', 'outlier_remover__estimators_IF': 200, 'outlier_remover__contamination_LOF': 0.5, 'outlier_remover__contamination_IF': 0.1, 'imputer__simple_strategy_num': 'mean', 'imputer__knn_scaling_method': 'minmax', 'imputer__knn_neighbors': 6, 'imputer__iterative_max_iter': 50, 'imputer__imputation_method': 'simple'}",0.8971412661741904,0.8971412661741904,0.0,61
187,2.2982630729675293,0.0,4.9877777099609375,0.0,standard,4.0,Isolation_Forest,50,minkowski,0.7,200,0.03,0.05,median,minmax,25,50,iterative,"{'scaler__scaler_name': 'standard', 'outlier_remover__threshold': 4, 'outlier_remover__outlier_method': 'Isolation_Forest', 'outlier_remover__n_neighbors': 50, 'outlier_remover__metric_LOF': 'minkowski', 'outlier_remover__max_samples_IF': 0.7, 'outlier_remover__estimators_IF': 200, 'outlier_remover__contamination_LOF': 0.03, 'outlier_remover__contamination_IF': 0.05, 'imputer__simple_strategy_num': 'median', 'imputer__knn_scaling_method': 'minmax', 'imputer__knn_neighbors': 25, 'imputer__iterative_max_iter': 50, 'imputer__imputation_method': 'iterative'}",0.6875383195772985,0.6875383195772985,0.0,188
188,11.150983095169067,0.0,15.381755828857422,0.0,robust,3.0,LOF,100,manhattan,0.5,50,0.5,0.25,mean,standard,14,20,knn,"{'scaler__scaler_name': 'robust', 'outlier_remover__threshold': 3, 'outlier_remover__outlier_method': 'LOF', 'outlier_remover__n_neighbors': 100, 'outlier_remover__metric_LOF': 'manhattan', 'outlier_remover__max_samples_IF': 0.5, 'outlier_remover__estimators_IF': 50, 'outlier_remover__contamination_LOF': 0.5, 'outlier_remover__contamination_IF': 0.25, 'imputer__simple_strategy_num': 'mean', 'imputer__knn_scaling_method': 'standard', 'imputer__knn_neighbors': 14, 'imputer__iterative_max_iter': 20, 'imputer__imputation_method': 'knn'}",0.8259285230551191,0.8259285230551191,0.0,127
189,1.9705071449279785,0.0,4.689634799957275,0.0,minmax,4.0,Isolation_Forest,70,chebyshev,0.5,100,0.05,0.05,median,minmax,24,5,iterative,"{'scaler__scaler_name': 'minmax', 'outlier_remover__threshold': 4, 'outlier_remover__outlier_method': 'Isolation_Forest', 'outlier_remover__n_neighbors': 70, 'outlier_remover__metric_LOF': 'chebyshev', 'outlier_remover__max_samples_IF': 0.5, 'outlier_remover__estimators_IF': 100, 'outlier_remover__contamination_LOF': 0.05, 'outlier_remover__contamination_IF': 0.05, 'imputer__simple_strategy_num': 'median', 'imputer__knn_scaling_method': 'minmax', 'imputer__knn_neighbors': 24, 'imputer__iterative_max_iter': 5, 'imputer__imputation_method': 'iterative'}",0.6860035839892367,0.6860035839892367,0.0,191
190,0.07485699653625488,0.0,2.8514668941497803,0.0,robust,2.5,z_score,70,minkowski,0.5,200,0.1,0.05,mean,minmax,30,5,simple,"{'scaler__scaler_name': 'robust', 'outlier_remover__threshold': 2.5, 'outlier_remover__outlier_method': 'z_score', 'outlier_remover__n_neighbors': 70, 'outlier_remover__metric_LOF': 'minkowski', 'outlier_remover__max_samples_IF': 0.5, 'outlier_remover__estimators_IF': 200, 'outlier_remover__contamination_LOF': 0.1, 'outlier_remover__contamination_IF': 0.05, 'imputer__simple_strategy_num': 'mean', 'imputer__knn_scaling_method': 'minmax', 'imputer__knn_neighbors': 30, 'imputer__iterative_max_iter': 5, 'imputer__imputation_method': 'simple'}",0.8357889131851397,0.8357889131851397,0.0,121
191,0.1610569953918457,0.0,2.898998975753784,0.0,robust,3.5,z_score,50,manhattan,1.0,100,0.15,0.01,median,minmax,13,5,simple,"{'scaler__scaler_name': 'robust', 'outlier_remover__threshold': 3.5, 'outlier_remover__outlier_method': 'z_score', 'outlier_remover__n_neighbors': 50, 'outlier_remover__metric_LOF': 'manhattan', 'outlier_remover__max_samples_IF': 1.0, 'outlier_remover__estimators_IF': 100, 'outlier_remover__contamination_LOF': 0.15, 'outlier_remover__contamination_IF': 0.01, 'imputer__simple_strategy_num': 'median', 'imputer__knn_scaling_method': 'minmax', 'imputer__knn_neighbors': 13, 'imputer__iterative_max_iter': 5, 'imputer__imputation_method': 'simple'}",0.8550964849021675,0.8550964849021675,0.0,103
192,6.666243076324463,0.0,10.173442840576172,0.0,standard,2.5,z_score,70,euclidean,auto,50,0.3,0.1,median,robust,5,20,knn,"{'scaler__scaler_name': 'standard', 'outlier_remover__threshold': 2.5, 'outlier_remover__outlier_method': 'z_score', 'outlier_remover__n_neighbors': 70, 'outlier_remover__metric_LOF': 'euclidean', 'outlier_remover__max_samples_IF': 'auto', 'outlier_remover__estimators_IF': 50, 'outlier_remover__contamination_LOF': 0.3, 'outlier_remover__contamination_IF': 0.1, 'imputer__simple_strategy_num': 'median', 'imputer__knn_scaling_method': 'robust', 'imputer__knn_neighbors': 5, 'imputer__iterative_max_iter': 20, 'imputer__imputation_method': 'knn'}",0.8443274206917052,0.8443274206917052,0.0,113
193,2.6234970092773438,0.0,6.113739967346191,0.0,standard,3.0,Isolation_Forest,90,chebyshev,0.7,200,0.05,0.05,median,standard,3,20,iterative,"{'scaler__scaler_name': 'standard', 'outlier_remover__threshold': 3, 'outlier_remover__outlier_method': 'Isolation_Forest', 'outlier_remover__n_neighbors': 90, 'outlier_remover__metric_LOF': 'chebyshev', 'outlier_remover__max_samples_IF': 0.7, 'outlier_remover__estimators_IF': 200, 'outlier_remover__contamination_LOF': 0.05, 'outlier_remover__contamination_IF': 0.05, 'imputer__simple_strategy_num': 'median', 'imputer__knn_scaling_method': 'standard', 'imputer__knn_neighbors': 3, 'imputer__iterative_max_iter': 20, 'imputer__imputation_method': 'iterative'}",0.7229972592824055,0.7229972592824055,0.0,160
194,7.661501884460449,0.0,9.116569995880127,0.0,minmax,4.0,Isolation_Forest,10,euclidean,1.0,50,0.3,0.25,median,minmax,26,10,knn,"{'scaler__scaler_name': 'minmax', 'outlier_remover__threshold': 4, 'outlier_remover__outlier_method': 'Isolation_Forest', 'outlier_remover__n_neighbors': 10, 'outlier_remover__metric_LOF': 'euclidean', 'outlier_remover__max_samples_IF': 1.0, 'outlier_remover__estimators_IF': 50, 'outlier_remover__contamination_LOF': 0.3, 'outlier_remover__contamination_IF': 0.25, 'imputer__simple_strategy_num': 'median', 'imputer__knn_scaling_method': 'minmax', 'imputer__knn_neighbors': 26, 'imputer__iterative_max_iter': 10, 'imputer__imputation_method': 'knn'}",0.9516604714360134,0.9516604714360134,0.0,4
195,1.2553231716156006,0.0,3.8070600032806396,0.0,robust,2.5,z_score,50,minkowski,auto,50,0.15,0.1,mean,standard,9,50,iterative,"{'scaler__scaler_name': 'robust', 'outlier_remover__threshold': 2.5, 'outlier_remover__outlier_method': 'z_score', 'outlier_remover__n_neighbors': 50, 'outlier_remover__metric_LOF': 'minkowski', 'outlier_remover__max_samples_IF': 'auto', 'outlier_remover__estimators_IF': 50, 'outlier_remover__contamination_LOF': 0.15, 'outlier_remover__contamination_IF': 0.1, 'imputer__simple_strategy_num': 'mean', 'imputer__knn_scaling_method': 'standard', 'imputer__knn_neighbors': 9, 'imputer__iterative_max_iter': 50, 'imputer__imputation_method': 'iterative'}",0.7068737716756786,0.7068737716756786,0.0,176
196,0.406160831451416,0.0,3.0984280109405518,0.0,robust,2.5,Isolation_Forest,5,manhattan,0.7,50,0.3,0.5,median,minmax,11,50,simple,"{'scaler__scaler_name': 'robust', 'outlier_remover__threshold': 2.5, 'outlier_remover__outlier_method': 'Isolation_Forest', 'outlier_remover__n_neighbors': 5, 'outlier_remover__metric_LOF': 'manhattan', 'outlier_remover__max_samples_IF': 0.7, 'outlier_remover__estimators_IF': 50, 'outlier_remover__contamination_LOF': 0.3, 'outlier_remover__contamination_IF': 0.5, 'imputer__simple_strategy_num': 'median', 'imputer__knn_scaling_method': 'minmax', 'imputer__knn_neighbors': 11, 'imputer__iterative_max_iter': 50, 'imputer__imputation_method': 'simple'}",0.9267808878510876,0.9267808878510876,0.0,26
197,7.204365968704224,0.0,7.431055068969727,0.0,minmax,4.0,LOF,100,euclidean,0.7,100,0.5,0.3,median,robust,21,10,knn,"{'scaler__scaler_name': 'minmax', 'outlier_remover__threshold': 4, 'outlier_remover__outlier_method': 'LOF', 'outlier_remover__n_neighbors': 100, 'outlier_remover__metric_LOF': 'euclidean', 'outlier_remover__max_samples_IF': 0.7, 'outlier_remover__estimators_IF': 100, 'outlier_remover__contamination_LOF': 0.5, 'outlier_remover__contamination_IF': 0.3, 'imputer__simple_strategy_num': 'median', 'imputer__knn_scaling_method': 'robust', 'imputer__knn_neighbors': 21, 'imputer__iterative_max_iter': 10, 'imputer__imputation_method': 'knn'}",0.8873653573612241,0.8873653573612241,0.0,77
198,1.4504170417785645,0.0,3.906400203704834,0.0,standard,4.0,LOF,70,minkowski,0.5,100,0.03,0.03,median,standard,29,50,simple,"{'scaler__scaler_name': 'standard', 'outlier_remover__threshold': 4, 'outlier_remover__outlier_method': 'LOF', 'outlier_remover__n_neighbors': 70, 'outlier_remover__metric_LOF': 'minkowski', 'outlier_remover__max_samples_IF': 0.5, 'outlier_remover__estimators_IF': 100, 'outlier_remover__contamination_LOF': 0.03, 'outlier_remover__contamination_IF': 0.03, 'imputer__simple_strategy_num': 'median', 'imputer__knn_scaling_method': 'standard', 'imputer__knn_neighbors': 29, 'imputer__iterative_max_iter': 50, 'imputer__imputation_method': 'simple'}",0.9236896357816478,0.9236896357816478,0.0,28
199,2.09565806388855,0.0,4.13975715637207,0.0,standard,2.0,Isolation_Forest,50,chebyshev,0.7,150,0.25,0.05,mean,robust,19,50,iterative,"{'scaler__scaler_name': 'standard', 'outlier_remover__threshold': 2, 'outlier_remover__outlier_method': 'Isolation_Forest', 'outlier_remover__n_neighbors': 50, 'outlier_remover__metric_LOF': 'chebyshev', 'outlier_remover__max_samples_IF': 0.7, 'outlier_remover__estimators_IF': 150, 'outlier_remover__contamination_LOF': 0.25, 'outlier_remover__contamination_IF': 0.05, 'imputer__simple_strategy_num': 'mean', 'imputer__knn_scaling_method': 'robust', 'imputer__knn_neighbors': 19, 'imputer__iterative_max_iter': 50, 'imputer__imputation_method': 'iterative'}",0.7259830833903961,0.7259830833903961,0.0,158
