Loyalty#,Income,Days_in_prog,Customer Lifetime Value,Location_cluster
100011,34148.0,0.0,5780.18,1
100012,34148.0,0.0,5780.18,4
100013,34148.0,0.0,5780.18,5
100014,34148.0,0.0,5780.18,3
100015,34148.0,0.0,5780.18,4
100016,34148.0,0.0,5780.18,5
100017,34148.0,0.0,5780.18,5
100018,82877.0,874.0,7919.2,5
100102,0.0,2122.0,2887.74,1
100140,0.0,884.0,2838.07,5
100214,42837.0,1242.0,4170.57,2
100272,80979.0,1816.0,6622.05,1
100301,52499.0,1930.0,48356.96,1
100364,61417.0,1335.0,5143.88,0
100380,51641.0,2254.0,2465.62,4
100428,43145.0,2333.0,5845.43,2
100504,59762.0,243.0,8807.61,1
100550,30374.0,2145.0,7861.8,4
100585,87957.0,1870.0,7334.33,0
100590,51840.0,297.0,34090.04,0
100642,27005.0,2415.0,4892.63,4
100644,17622.0,1256.0,4458.11,5
100646,95697.0,1175.0,2471.53,6
100727,28142.0,1745.0,3873.65,4
100737,0.0,622.0,12786.67,2
100753,21606.0,1169.0,2534.31,4
100816,18577.0,2129.0,6273.91,4
100853,0.0,1071.0,10153.89,1
100883,0.0,2012.0,3561.04,0
100890,0.0,1612.0,8007.4,1
101018,33640.0,1734.0,4392.98,0
101148,12964.0,2251.0,4770.55,2
101356,25666.0,2228.0,7482.64,1
101363,37449.0,986.0,12898.59,3
101487,81872.0,2213.0,14024.36,4
101515,50296.0,1807.0,7737.27,3
101540,50719.0,581.0,2688.88,1
101544,33651.0,1726.0,24249.34,4
101547,0.0,447.0,5619.69,1
101581,76357.0,2266.0,4595.46,1
101594,25237.0,1220.0,5205.75,1
101644,19683.0,47.0,8382.63,1
101663,86148.0,833.0,5129.74,1
101664,76184.0,1992.0,9002.41,3
101709,47593.0,1088.0,8396.61,3
101768,52423.0,119.0,13916.93,2
101876,0.0,242.0,4949.53,4
101895,68297.0,2132.0,24543.2,4
101902,0.0,723.0,6265.34,1
101945,74057.0,1861.0,4202.66,3
102168,59253.0,360.0,7166.34,1
102184,61469.0,977.0,4923.18,5
102207,74487.0,2408.0,6960.92,4
102299,0.0,1266.0,2089.34,0
102308,0.0,44.0,12866.89,4
102311,60920.0,793.0,7507.46,1
102376,0.0,286.0,12765.78,1
102464,39161.0,891.0,2725.68,4
102726,71391.0,488.0,8044.87,0
102730,29735.0,386.0,2453.57,3
102740,93836.0,206.0,16922.13,1
102788,42596.0,296.0,11124.21,4
102851,38688.0,1600.0,19435.63,2
102877,0.0,1642.0,2863.04,1
102982,71794.0,768.0,5235.57,5
103043,90213.0,28.0,3351.21,0
103151,45173.0,2061.0,32613.69,2
103217,0.0,1892.0,6439.33,4
103304,48269.0,1905.0,2683.47,5
103340,0.0,660.0,7577.07,2
103352,51705.0,281.0,5555.49,4
103359,0.0,1030.0,4502.87,2
103362,0.0,60.0,4807.0,4
103383,11432.0,245.0,13466.92,1
103436,48567.0,2055.0,5015.01,4
103490,22510.0,1979.0,17651.96,5
103502,46900.0,594.0,2580.85,1
103536,0.0,2272.0,9202.64,2
103699,74454.0,351.0,5595.39,5
103731,80055.0,1075.0,4015.34,0
103758,97785.0,190.0,14727.51,2
103823,16531.0,1538.0,4812.53,1
103860,59367.0,1691.0,3358.53,0
103862,29950.0,1990.0,4878.83,1
103916,20325.0,1749.0,3803.92,5
103969,28013.0,1366.0,31410.93,4
103970,23815.0,1170.0,8257.67,5
103975,54483.0,131.0,2411.26,1
103985,0.0,120.0,2761.69,1
104103,0.0,955.0,8262.88,2
104267,39141.0,285.0,2701.04,1
104353,98713.0,1794.0,15777.89,0
104431,25531.0,1516.0,2822.59,0
104541,44988.0,2101.0,8621.0,1
104586,74755.0,759.0,7772.58,4
104673,38401.0,2252.0,14723.41,1
104732,25998.0,1067.0,8382.48,2
104739,22520.0,232.0,5498.94,4
104849,42937.0,1764.0,2816.76,4
104960,79751.0,2402.0,2551.23,6
105063,18665.0,288.0,7251.33,4
105073,0.0,281.0,7562.82,1
105074,65351.0,1538.0,2799.75,1
105145,0.0,2374.0,4839.11,1
105193,82664.0,189.0,8838.09,3
105214,77835.0,1968.0,5897.99,2
105251,66933.0,1028.0,5074.25,1
105335,28915.0,1534.0,11611.95,2
105352,0.0,136.0,3923.27,2
105552,62902.0,1128.0,8256.3,3
105688,0.0,1655.0,5507.06,2
105700,0.0,741.0,7944.97,2
105712,0.0,1242.0,8311.14,1
105789,0.0,2394.0,2943.05,0
105835,56146.0,258.0,4756.13,1
105841,31737.0,298.0,17420.57,2
105921,61972.0,2297.0,5041.45,4
105932,42460.0,892.0,3671.82,6
105992,59848.0,747.0,5905.97,1
106001,10037.0,2180.0,4914.04,4
106037,86195.0,2100.0,11281.52,2
106038,21841.0,851.0,7380.09,2
106046,22724.0,261.0,2658.22,4
106048,11885.0,45.0,11315.2,2
106218,22828.0,1794.0,16473.17,1
106397,0.0,2434.0,7902.68,2
106444,0.0,375.0,8447.8,2
106477,28738.0,1776.0,2487.26,2
106509,30915.0,530.0,16727.77,1
106589,25370.0,16.0,11638.9,2
106592,29879.0,940.0,11727.78,5
106616,30027.0,170.0,2560.69,4
106623,62053.0,96.0,10827.87,2
106637,74089.0,1710.0,7455.36,4
106689,40516.0,563.0,2795.41,1
106754,23576.0,2358.0,31864.86,1
106757,0.0,1306.0,21423.64,5
106776,25561.0,2193.0,19357.8,3
106838,36580.0,803.0,7524.74,2
106839,42602.0,1635.0,6511.47,1
106936,48367.0,2246.0,57520.5,1
106946,32169.0,1010.0,7796.0,2
106964,0.0,122.0,5568.95,3
106978,68401.0,2193.0,3455.23,4
106979,74916.0,2383.0,14083.97,4
107037,42191.0,582.0,17732.46,5
107067,93872.0,1007.0,5137.35,4
107119,82667.0,2083.0,17684.65,4
107141,0.0,1949.0,7292.91,0
107203,17489.0,1022.0,3044.79,2
107212,25259.0,2144.0,6842.58,2
107296,58149.0,526.0,21892.94,4
107385,76506.0,421.0,7155.47,2
107420,21921.0,243.0,15771.39,1
107461,0.0,1407.0,2519.92,2
107466,47823.0,716.0,4285.58,3
107487,21073.0,615.0,7805.31,4
107519,54507.0,242.0,5470.06,4
107571,0.0,657.0,7486.09,2
107649,85857.0,2426.0,5879.18,5
107719,0.0,2364.0,2345.08,2
107730,28773.0,394.0,26511.6,6
107835,10275.0,113.0,3495.89,1
107902,97321.0,1340.0,4369.5,2
107993,28025.0,942.0,23740.12,1
108264,39718.0,2164.0,2515.41,0
108346,29834.0,243.0,4854.75,5
108367,31278.0,245.0,3528.04,1
108381,21947.0,1509.0,3289.13,0
108430,24626.0,1996.0,30081.37,0
108440,94263.0,2065.0,7842.87,1
108462,43877.0,941.0,8186.1,4
108481,39669.0,39.0,11633.58,4
108528,28937.0,1695.0,7858.11,1
108625,68086.0,980.0,15470.6,2
108666,44428.0,1170.0,12036.62,2
108857,77601.0,243.0,5719.09,2
108896,91375.0,245.0,32196.6,1
108907,0.0,873.0,2337.36,2
109022,35605.0,2122.0,2991.42,1
109023,13528.0,1257.0,6005.85,3
109029,58643.0,73.0,5812.0,0
109203,50825.0,1521.0,8092.88,0
109399,0.0,14.0,4376.08,5
109478,71663.0,1635.0,20998.26,1
109495,69268.0,1822.0,11218.44,4
109517,0.0,1318.0,21295.51,1
109552,67588.0,1109.0,14166.2,1
109612,0.0,326.0,6827.18,3
109660,35695.0,1040.0,3543.23,5
109767,78108.0,954.0,3886.65,1
109840,66982.0,846.0,4916.37,4
109896,0.0,1893.0,3884.86,0
109903,35625.0,1905.0,5107.16,0
109956,78460.0,245.0,5137.85,1
110001,68144.0,26.0,8173.5,0
110030,23156.0,363.0,3387.78,4
110065,68956.0,278.0,13432.0,2
110073,72117.0,22.0,8364.56,1
110099,0.0,2186.0,4731.84,7
110142,0.0,242.0,4866.65,2
110170,29084.0,230.0,5532.46,2
110211,44428.0,244.0,12036.62,1
110262,27824.0,307.0,9427.68,5
110296,0.0,1870.0,2396.22,4
110394,68321.0,1887.0,2565.12,0
110422,0.0,339.0,2414.77,3
110476,74257.0,1741.0,6098.46,1
110603,28909.0,28.0,5246.28,2
110678,25927.0,927.0,3933.81,1
110691,0.0,1321.0,4722.24,2
110752,55645.0,2337.0,5154.05,4
111022,0.0,2140.0,14635.45,0
111034,25251.0,1743.0,11790.5,1
111171,0.0,1414.0,4628.28,2
111176,0.0,1650.0,4568.82,5
111255,24732.0,2129.0,4122.96,4
111286,32821.0,1985.0,10382.38,2
111329,25748.0,855.0,3585.94,4
111387,95733.0,557.0,5793.16,4
111485,79867.0,1337.0,2989.96,1
111507,36212.0,2277.0,17556.99,4
111573,73222.0,1693.0,14349.86,1
111584,11689.0,704.0,4163.79,1
111646,48567.0,1154.0,5015.01,1
111788,29560.0,834.0,4935.19,2
111899,0.0,1637.0,13021.09,0
111912,62229.0,937.0,5592.46,1
112026,20942.0,1809.0,9670.18,2
112142,83589.0,1253.0,16272.74,0
112226,58089.0,1824.0,4686.47,2
112393,0.0,1769.0,6763.18,1
112522,24516.0,321.0,5636.74,5
112632,0.0,19.0,9006.6,4
112661,74935.0,1392.0,4523.75,1
112678,0.0,1542.0,35537.85,1
112709,11698.0,833.0,4834.4,3
112732,48521.0,885.0,8360.15,3
112733,63398.0,2166.0,3353.38,2
112797,80277.0,243.0,13345.14,4
112842,0.0,771.0,6217.26,1
112856,20346.0,1662.0,26199.53,2
112863,63288.0,891.0,16107.19,2
112894,0.0,14.0,10221.81,1
113040,46503.0,2187.0,8427.17,2
113184,98879.0,138.0,2859.8,1
113220,74217.0,2216.0,7986.19,2
113293,49659.0,414.0,18370.57,4
113316,38606.0,243.0,5282.54,2
113363,34717.0,484.0,2760.95,3
113442,71809.0,98.0,2962.98,3
113476,47048.0,2051.0,9420.97,6
113529,61006.0,185.0,5953.21,1
113558,46750.0,1250.0,6444.08,4
113578,37072.0,1419.0,2542.85,2
113656,27750.0,613.0,11618.56,4
113679,0.0,1806.0,10634.84,1
113694,0.0,1556.0,4890.11,0
113755,43334.0,2115.0,3633.05,2
113779,24695.0,1746.0,25640.24,4
113804,0.0,773.0,3173.03,4
113831,21585.0,1054.0,3605.86,1
113839,0.0,1190.0,3839.61,1
113861,0.0,573.0,2409.37,4
113864,65605.0,407.0,8652.65,0
113874,0.0,324.0,2894.24,1
113877,0.0,1837.0,9575.76,1
113904,42961.0,1305.0,26453.94,1
113919,40417.0,1124.0,5614.59,0
114018,63878.0,2032.0,9120.07,1
114021,76717.0,1562.0,5326.68,5
114131,66429.0,269.0,5389.5,5
114214,0.0,351.0,2554.55,4
114219,56005.0,2346.0,5479.56,0
114242,50217.0,898.0,5914.95,2
114307,99654.0,2121.0,9863.5,1
114399,0.0,184.0,15994.01,2
114414,0.0,2246.0,3591.07,1
114493,20676.0,988.0,6063.2,1
114553,21975.0,2386.0,3703.93,5
114638,0.0,2220.0,2152.08,4
114700,16916.0,386.0,7155.34,2
114743,38055.0,535.0,4966.77,3
114835,19782.0,545.0,4001.52,1
114857,34495.0,662.0,13355.49,5
114903,36225.0,1910.0,9767.94,2
114924,0.0,242.0,5037.95,4
114927,21353.0,618.0,3013.44,2
114983,11920.0,1913.0,5601.68,2
115198,32714.0,2291.0,3469.84,7
115322,23815.0,1881.0,8257.67,1
115354,0.0,2327.0,6297.0,3
115405,25816.0,1260.0,4637.16,1
115427,87544.0,776.0,8685.92,4
115505,94527.0,250.0,5860.17,6
115529,19683.0,1519.0,8382.63,2
115633,66022.0,2268.0,9685.54,1
115705,54105.0,2111.0,17435.68,4
115749,99494.0,194.0,6650.82,2
115805,30324.0,1508.0,6781.13,1
115852,37455.0,620.0,40688.53,4
116016,33882.0,1921.0,9118.93,2
116045,0.0,1701.0,11308.47,4
116164,95241.0,417.0,8170.62,2
116207,41460.0,244.0,6625.29,4
116238,13663.0,169.0,25464.82,0
116288,24825.0,520.0,2497.46,1
116332,42090.0,2385.0,9386.75,1
116372,87094.0,1363.0,8886.61,4
116562,39778.0,193.0,13235.54,2
116703,46370.0,1677.0,2702.38,2
116732,55588.0,370.0,13681.71,5
116735,82320.0,1152.0,27443.47,2
116895,21159.0,262.0,19378.91,1
116897,0.0,150.0,3683.79,4
116932,70600.0,865.0,14435.66,2
116948,75648.0,480.0,4349.31,7
116999,31650.0,1474.0,14228.23,3
117033,23550.0,1565.0,5657.81,1
117053,58883.0,1522.0,15118.9,2
117169,31756.0,1863.0,8417.1,2
117219,51789.0,1549.0,2750.71,1
117240,28181.0,376.0,8476.08,1
117333,88680.0,2214.0,23813.52,3
117342,20870.0,902.0,8400.79,2
117351,89586.0,2266.0,7675.87,0
117358,74422.0,33.0,6770.31,1
117408,0.0,1080.0,5099.51,0
117456,0.0,1112.0,5170.03,5
117460,38595.0,1463.0,8203.22,4
117482,21234.0,321.0,2869.74,3
117618,23206.0,2372.0,4082.7,6
117725,65870.0,197.0,7286.79,5
117782,89918.0,1463.0,23207.25,2
117832,0.0,84.0,8520.15,4
117910,38279.0,1355.0,9732.58,2
117915,60252.0,275.0,2605.57,2
117932,67176.0,1503.0,5608.32,1
117939,0.0,1256.0,20294.39,4
117975,0.0,105.0,2393.92,1
118076,91475.0,1292.0,5176.16,4
118298,29628.0,130.0,8482.46,4
118320,63357.0,1608.0,8005.96,1
118332,23218.0,1167.0,5514.34,5
118355,21986.0,514.0,2395.57,4
118365,81082.0,2265.0,5838.9,4
118376,0.0,243.0,20455.25,2
118379,27354.0,1759.0,6775.92,3
118418,25884.0,286.0,5442.74,4
118511,89158.0,1039.0,5350.0,0
118514,39770.0,75.0,9393.97,1
118612,0.0,459.0,7868.81,4
118628,20848.0,831.0,2715.69,1
118632,0.0,807.0,5308.25,1
118675,30090.0,752.0,8708.28,1
118688,31572.0,1057.0,5348.3,3
118729,33104.0,242.0,2691.6,4
118864,0.0,873.0,44771.3,1
119009,58268.0,2378.0,7988.51,1
119015,52009.0,218.0,8010.97,2
119135,49136.0,2188.0,2496.17,2
119198,0.0,246.0,2659.71,4
119200,51833.0,601.0,3903.8,2
119408,0.0,46.0,4760.94,2
119460,29808.0,1064.0,8047.41,2
119488,0.0,551.0,4108.26,4
119519,67467.0,1996.0,4874.67,0
119633,29053.0,1759.0,7256.58,6
119634,25905.0,297.0,2300.69,0
119638,0.0,309.0,6409.63,2
119690,55099.0,152.0,9837.51,0
119731,46667.0,1487.0,10103.66,1
119837,0.0,1477.0,4774.75,2
119845,46168.0,1775.0,2588.86,4
119917,20978.0,245.0,3508.57,1
119997,24744.0,702.0,2514.28,7
120046,33488.0,536.0,4314.17,3
120126,0.0,508.0,8098.97,1
120140,36510.0,1384.0,6721.89,4
120164,0.0,1559.0,13024.13,3
120192,45668.0,2112.0,9701.03,2
120206,99845.0,615.0,8819.02,2
120393,29735.0,1006.0,2453.57,4
120434,90252.0,583.0,7611.95,4
120554,0.0,1861.0,4055.4,4
120583,0.0,2332.0,7539.6,2
120594,41859.0,949.0,5994.23,2
120613,0.0,18.0,4466.1,4
120635,73716.0,243.0,24636.97,4
120799,0.0,455.0,5678.05,0
120868,56779.0,715.0,6862.87,4
121068,57693.0,21.0,5979.72,2
121095,51071.0,1760.0,5148.65,2
121139,60880.0,914.0,14435.67,2
121183,28848.0,1676.0,7427.5,4
121236,86305.0,254.0,4984.62,2
121351,42803.0,70.0,28421.57,1
121410,46573.0,1729.0,3781.69,4
121469,76875.0,215.0,5890.53,1
121605,33190.0,1810.0,9710.29,2
121710,73168.0,1772.0,5639.94,4
121737,71943.0,778.0,8960.28,1
121751,70082.0,159.0,4743.62,1
121856,23665.0,622.0,22658.54,0
121919,58419.0,439.0,7764.27,2
121930,36495.0,80.0,10629.22,5
121935,29950.0,1168.0,4878.83,7
121999,31414.0,211.0,4298.38,4
122009,21359.0,2230.0,4035.68,4
122020,33963.0,1208.0,7822.3,0
122049,19794.0,2345.0,3794.96,2
122094,48039.0,1542.0,2726.39,2
122166,56455.0,866.0,5737.23,1
122173,69497.0,2266.0,16973.74,1
122206,50071.0,243.0,2771.05,1
122283,58518.0,1335.0,10899.3,1
122357,78494.0,2044.0,22399.13,4
122456,96610.0,695.0,6915.73,5
122517,80797.0,244.0,5166.19,2
122519,24626.0,285.0,30081.37,3
122545,0.0,573.0,9490.41,1
122561,89689.0,186.0,8972.14,1
122577,41212.0,1514.0,3791.55,3
122685,63583.0,796.0,3314.55,1
122797,81139.0,270.0,5946.67,1
122858,41479.0,237.0,3746.75,4
122890,44897.0,1426.0,7785.0,5
122946,95766.0,719.0,5505.69,1
122958,24059.0,936.0,4430.57,3
123060,10892.0,3.0,5010.45,1
123083,67798.0,862.0,5548.03,1
123094,82427.0,348.0,4103.85,2
123115,64125.0,2337.0,8646.5,2
123151,0.0,245.0,21578.86,0
123164,0.0,1192.0,5619.69,2
123344,73759.0,794.0,9102.9,1
123393,94115.0,1944.0,5963.82,2
123420,53351.0,1364.0,9540.92,2
123525,46587.0,1446.0,41787.9,0
123538,42303.0,243.0,7180.97,1
123586,50397.0,1463.0,2813.51,4
123667,58237.0,1990.0,2393.81,3
123668,24392.0,1559.0,10387.25,1
123697,0.0,1645.0,2767.59,1
123702,44662.0,2186.0,2449.79,0
123727,26900.0,230.0,22721.24,3
123773,72878.0,2236.0,7094.16,4
123780,0.0,13.0,2509.51,3
123784,62464.0,2342.0,8658.86,2
123830,65775.0,2281.0,5674.14,4
123908,0.0,2225.0,3383.45,4
123928,28264.0,0.0,4624.56,4
123944,26239.0,445.0,7451.48,3
124038,43817.0,1451.0,12302.76,1
124056,44428.0,784.0,12036.62,6
124085,45025.0,420.0,2725.32,3
124088,59207.0,669.0,13770.98,2
124119,0.0,2229.0,11413.44,1
124195,58713.0,210.0,3910.7,2
124207,83488.0,89.0,7294.4,1
124355,52405.0,2137.0,4115.58,1
124377,0.0,237.0,8175.32,2
124536,29938.0,82.0,3478.89,4
124678,18375.0,2026.0,3954.34,3
124761,43922.0,1810.0,10546.66,3
124931,50631.0,305.0,13297.71,1
124987,60466.0,243.0,4666.64,2
125059,36088.0,118.0,5528.21,1
125068,26599.0,303.0,4064.18,2
125300,76927.0,1016.0,5583.58,2
125393,20656.0,1617.0,15120.21,0
125493,30915.0,64.0,16727.77,2
125606,26320.0,81.0,8826.61,4
125919,56980.0,776.0,6689.02,4
125969,26744.0,867.0,2694.6,2
125996,0.0,1882.0,4512.2,2
126097,0.0,1346.0,4551.06,1
126100,26000.0,265.0,17790.41,3
126148,0.0,245.0,3732.57,2
126181,72460.0,829.0,3417.95,0
126216,62365.0,2237.0,4969.53,1
126219,0.0,1797.0,6846.15,5
126239,92423.0,2284.0,7109.34,4
126262,41770.0,1998.0,5720.77,1
126308,82664.0,245.0,8838.09,0
126424,29439.0,1376.0,16355.31,4
126466,81872.0,2216.0,14024.36,4
126490,0.0,1509.0,2486.43,0
126526,28519.0,191.0,13113.14,2
126581,43922.0,1308.0,10546.66,4
126665,0.0,974.0,4825.26,2
127039,0.0,1965.0,11274.91,2
127052,66620.0,24.0,5619.85,1
127127,26526.0,1347.0,7644.68,4
127128,0.0,575.0,5077.32,5
127137,60798.0,2114.0,2609.53,2
127185,0.0,908.0,6846.15,4
127241,52629.0,219.0,5206.12,1
127279,0.0,1850.0,11131.57,4
127289,0.0,1842.0,2776.63,2
127311,22862.0,1770.0,7937.06,5
127350,16040.0,1719.0,10614.64,1
127400,0.0,1648.0,3914.72,2
127410,76310.0,893.0,2701.49,5
127496,25666.0,40.0,7482.64,5
127590,66991.0,634.0,4582.9,4
127645,0.0,987.0,2195.3,2
127663,0.0,2260.0,2034.99,2
127725,0.0,1344.0,2242.57,1
127785,50201.0,1690.0,2552.0,2
127827,44605.0,1852.0,7284.45,1
127882,0.0,784.0,7716.44,4
127946,41479.0,753.0,3746.75,2
127966,0.0,1039.0,2217.66,2
128007,87050.0,835.0,5160.25,4
128032,89451.0,405.0,2530.71,4
128039,84927.0,1568.0,4474.48,0
128041,63834.0,732.0,8000.55,1
128156,0.0,1487.0,36470.3,1
128210,0.0,2240.0,2175.62,1
128245,24860.0,244.0,5810.63,1
128280,42633.0,785.0,3979.28,1
128325,19447.0,452.0,3336.22,0
128405,79655.0,245.0,23984.62,4
128459,71210.0,1209.0,25807.06,3
128467,77282.0,1529.0,8209.05,2
128475,92678.0,1830.0,5561.29,2
128534,0.0,2018.0,8501.65,2
128572,61737.0,152.0,4296.6,2
128587,65989.0,524.0,19834.2,1
128611,74583.0,1751.0,9521.68,3
128615,20290.0,2341.0,9079.82,2
128633,33738.0,2019.0,3702.63,1
128749,25320.0,107.0,5977.41,0
128753,21986.0,54.0,2395.57,1
128754,45856.0,1245.0,5316.64,3
128789,27972.0,1449.0,2227.07,5
128950,49539.0,1804.0,6031.52,2
128975,59797.0,586.0,15261.41,1
129030,71176.0,774.0,3580.08,2
129071,34695.0,985.0,8750.22,1
129171,14030.0,165.0,2719.51,6
129328,61584.0,242.0,7379.46,7
129343,0.0,2184.0,4463.0,7
129372,0.0,27.0,7200.66,2
129409,44428.0,258.0,12036.62,4
129429,0.0,744.0,4709.52,2
129434,84927.0,896.0,4474.48,3
129510,61401.0,2182.0,5510.11,5
129515,27872.0,2394.0,4820.7,4
129533,81893.0,291.0,2858.29,1
129555,39278.0,1152.0,2620.9,4
129743,99316.0,595.0,4574.52,5
129817,29757.0,2284.0,2581.11,1
129827,16869.0,1832.0,16460.08,4
129914,23749.0,1276.0,6005.03,2
129976,38795.0,924.0,6519.29,4
130032,24695.0,294.0,25640.24,3
130077,61148.0,2173.0,15956.52,2
130086,58166.0,662.0,2685.9,4
130179,0.0,77.0,2129.06,4
130208,0.0,2123.0,12827.43,2
130217,0.0,244.0,11624.82,2
130326,0.0,1553.0,5175.29,0
130331,64640.0,760.0,2862.73,3
130368,83297.0,1901.0,4591.63,1
130419,82477.0,1642.0,3644.83,2
130439,72450.0,245.0,2678.06,5
130446,0.0,330.0,5907.15,2
130497,40531.0,332.0,5928.75,1
130548,25820.0,1780.0,3265.16,2
130593,95351.0,1619.0,8940.58,4
130823,31796.0,2229.0,2656.0,2
130953,10621.0,1081.0,4386.28,1
131001,0.0,1310.0,7659.72,4
131036,82828.0,935.0,8016.75,4
131047,37876.0,849.0,2647.52,2
131098,31356.0,2290.0,16510.97,0
131228,0.0,506.0,4476.81,3
131253,57245.0,2014.0,19327.87,1
131257,58729.0,1545.0,2642.93,4
131321,28045.0,1055.0,11763.15,1
131342,42513.0,956.0,10581.28,6
131463,32114.0,2072.0,4128.09,2
131558,22664.0,580.0,2706.61,3
131560,57561.0,2287.0,14642.14,1
131637,0.0,245.0,3735.84,1
131673,46435.0,744.0,3245.33,2
131680,21073.0,1161.0,7805.31,2
131717,69792.0,243.0,11058.22,4
131721,44817.0,696.0,9886.66,1
131761,43916.0,1565.0,7911.63,2
131772,20668.0,1908.0,21435.88,1
131815,78772.0,1874.0,5024.78,4
131893,30944.0,2246.0,3589.37,3
131956,96335.0,212.0,3887.32,0
131990,83170.0,1410.0,31162.69,1
131997,0.0,1973.0,3744.58,1
132045,35257.0,498.0,7556.24,5
132209,63127.0,2152.0,2928.12,2
132296,36631.0,2184.0,2491.32,4
132319,44051.0,1629.0,5274.43,4
132320,66707.0,512.0,4887.34,2
132337,58651.0,1812.0,5480.1,1
132552,84768.0,415.0,2875.43,1
132563,0.0,267.0,5955.54,5
132592,93210.0,1054.0,11430.59,1
132705,22862.0,1848.0,7937.06,1
132756,60244.0,486.0,3238.0,4
132774,19864.0,2361.0,2359.42,4
132884,37759.0,2044.0,8561.56,0
132914,62582.0,2095.0,7671.85,4
132928,53262.0,245.0,16887.8,2
132935,0.0,2123.0,6595.1,4
133035,0.0,681.0,4236.81,7
133065,22568.0,1525.0,6990.92,2
133066,0.0,861.0,2269.84,2
133128,46168.0,309.0,2588.86,2
133324,85448.0,248.0,5759.91,5
133429,19614.0,1790.0,16301.97,4
133463,59253.0,762.0,7166.34,2
133518,0.0,1141.0,3623.45,1
133608,63329.0,2270.0,3611.18,2
133698,59325.0,706.0,9772.74,0
133730,74585.0,1900.0,4222.63,1
133732,0.0,1924.0,2228.53,1
133821,41059.0,1319.0,2544.34,4
133859,42056.0,1822.0,3130.68,2
133956,19715.0,256.0,4882.29,0
134000,41854.0,181.0,8861.9,2
134012,71868.0,138.0,2545.07,1
134085,19168.0,2216.0,24061.11,2
134148,0.0,596.0,13727.8,4
134180,0.0,1575.0,4726.96,1
134202,60021.0,1762.0,3939.01,1
134241,73049.0,1594.0,16710.84,3
134273,22520.0,1515.0,5498.94,1
134279,63774.0,151.0,4376.36,1
134397,48638.0,1481.0,6470.54,2
134470,37541.0,761.0,13094.2,2
134717,0.0,258.0,2379.74,5
134738,81350.0,1200.0,8869.62,2
134760,60817.0,1026.0,3964.73,4
134827,96306.0,243.0,7519.13,0
134847,62076.0,96.0,8491.02,2
134857,19614.0,1401.0,16301.97,1
135016,86277.0,1236.0,5908.16,1
135076,75690.0,793.0,3235.36,1
135134,58516.0,288.0,15806.53,2
135250,76778.0,1954.0,4298.66,0
135257,70190.0,283.0,5577.94,1
135279,0.0,349.0,2938.73,1
135312,72353.0,1263.0,7812.89,4
135381,0.0,1384.0,11855.14,3
135382,0.0,1069.0,4899.23,1
135392,18577.0,1324.0,6273.91,5
135421,80969.0,723.0,17441.64,3
135554,85654.0,1622.0,9247.55,2
135574,0.0,1353.0,6601.61,3
135578,66267.0,2348.0,8986.61,2
135635,0.0,491.0,2746.08,2
135808,0.0,1962.0,5179.55,1
135841,28204.0,9.0,2894.58,4
135872,19592.0,686.0,9927.05,1
135878,60475.0,1141.0,4330.39,2
135977,50146.0,851.0,4514.25,0
136020,43682.0,2172.0,4267.08,4
136022,64125.0,2088.0,8646.5,4
136049,39646.0,218.0,2769.73,1
136065,69844.0,2362.0,2731.52,2
136089,21440.0,1548.0,5391.08,5
136106,22448.0,1849.0,15173.97,4
136121,41104.0,1178.0,38545.71,3
136169,63909.0,938.0,8836.03,4
136230,16654.0,173.0,6106.94,2
136232,0.0,1500.0,3210.42,4
136334,66463.0,979.0,2717.78,4
136345,80757.0,49.0,15262.96,3
136430,0.0,2059.0,6185.1,1
136464,62375.0,2232.0,8253.27,1
136470,0.0,2082.0,5666.47,0
136473,40352.0,296.0,6188.38,2
136516,22166.0,1827.0,9799.18,0
136547,82302.0,2304.0,4331.46,5
136608,40921.0,486.0,2435.54,1
136637,97321.0,2193.0,4369.5,1
136715,97673.0,1359.0,2507.88,2
136772,0.0,1772.0,3697.04,4
136879,52228.0,286.0,17526.18,3
136906,30335.0,1724.0,3412.57,1
137020,0.0,130.0,8456.27,4
137040,92711.0,739.0,2469.78,1
137106,0.0,1960.0,2237.35,2
137161,44577.0,277.0,10145.44,1
137185,0.0,1845.0,5001.53,5
137209,50180.0,128.0,2805.29,3
137227,29194.0,626.0,3425.73,4
137251,0.0,68.0,5553.36,4
137383,55632.0,243.0,9775.82,1
137529,92079.0,1734.0,20708.26,1
137646,21206.0,2263.0,16256.81,3
137744,31710.0,357.0,2420.71,1
137751,48608.0,608.0,2595.85,0
137845,77265.0,2023.0,4277.27,5
137850,92766.0,2185.0,20096.89,2
137852,29038.0,287.0,2693.66,3
137858,0.0,243.0,11095.97,2
137944,60596.0,28.0,5517.2,6
137952,0.0,1990.0,6601.61,0
137968,64502.0,354.0,8355.77,1
137973,22627.0,339.0,5285.31,1
137985,0.0,1369.0,5886.62,2
137999,53133.0,2374.0,6938.87,1
138025,35482.0,245.0,10208.93,1
138065,0.0,243.0,2993.02,2
138121,0.0,969.0,2546.36,4
138204,0.0,909.0,3008.97,4
138369,61894.0,2073.0,3663.74,2
138421,49078.0,1108.0,22332.44,1
138449,21342.0,18.0,4949.8,1
138475,80358.0,2176.0,4698.88,1
138565,70958.0,1719.0,9212.61,2
138653,28806.0,111.0,11763.94,1
138737,48911.0,861.0,2374.15,2
138746,18505.0,2198.0,4479.49,2
138759,0.0,76.0,5070.23,4
138768,40105.0,1226.0,8346.02,1
138777,55437.0,242.0,17857.97,1
138810,44940.0,217.0,2570.43,4
138853,0.0,478.0,12556.95,3
138873,52408.0,1538.0,9890.21,4
138894,78255.0,882.0,11093.72,0
138896,61783.0,2113.0,7481.83,4
138908,70360.0,1915.0,5524.31,4
138981,21723.0,928.0,7894.5,1
138993,41662.0,2009.0,5391.97,1
139022,42148.0,445.0,16504.96,2
139023,31930.0,299.0,9788.71,0
139087,20090.0,1476.0,34611.38,4
139135,0.0,647.0,2541.52,4
139270,73795.0,554.0,9185.03,2
139356,29505.0,244.0,11250.1,4
139479,25550.0,243.0,2372.29,1
139511,52082.0,2285.0,3145.46,1
139518,34614.0,955.0,8954.43,4
139532,25965.0,1329.0,2491.26,2
139600,0.0,89.0,10865.86,4
139682,25884.0,2432.0,5442.74,6
139699,50809.0,126.0,19480.5,1
139863,48263.0,1177.0,4142.56,4
139932,76276.0,2123.0,10110.77,2
139974,43597.0,39.0,8738.4,2
140005,0.0,742.0,2141.75,1
140042,75838.0,3.0,7189.11,1
140077,12964.0,302.0,4770.55,3
140079,30383.0,2258.0,4655.21,1
140130,20983.0,1532.0,24278.1,0
140191,29136.0,575.0,8927.57,3
140208,26806.0,1372.0,7019.18,4
140223,15818.0,243.0,12427.39,1
140290,68205.0,1142.0,3034.65,5
140375,25147.0,242.0,3600.93,4
140381,23376.0,2374.0,2867.31,2
140391,22050.0,1659.0,2548.39,1
140392,88701.0,1987.0,3963.39,2
140419,64125.0,896.0,8646.5,4
140483,77646.0,1275.0,5723.54,3
140534,14290.0,2166.0,10179.72,1
140598,0.0,2079.0,3731.5,0
140674,79619.0,1632.0,5544.91,1
140735,16097.0,164.0,10056.51,4
140750,0.0,1560.0,4311.42,6
140768,28855.0,1880.0,3945.24,5
140769,15741.0,14.0,9414.94,1
140823,26436.0,854.0,6388.21,0
140891,23916.0,979.0,7948.54,1
140977,74001.0,629.0,8476.77,3
141023,61567.0,1092.0,2608.79,1
141043,0.0,245.0,7439.98,3
141047,19064.0,1385.0,7403.45,4
141139,37038.0,978.0,2772.84,1
141181,63651.0,1128.0,7150.23,2
141233,0.0,1549.0,5050.83,5
141266,74015.0,675.0,5555.83,2
141456,14973.0,354.0,12168.74,1
141497,35127.0,293.0,4842.28,5
141614,89285.0,1356.0,6496.2,2
141655,74215.0,2149.0,2577.32,4
141703,42968.0,994.0,2732.61,1
141742,0.0,732.0,8403.91,2
141844,32314.0,2260.0,8109.36,2
141877,20484.0,1782.0,2389.31,4
141945,41082.0,946.0,15147.93,1
142122,76157.0,16.0,4669.23,2
142190,49706.0,12.0,8996.77,0
142224,0.0,795.0,2795.32,2
142290,0.0,293.0,2004.35,5
142354,31383.0,1255.0,7915.98,4
142371,34498.0,1611.0,6369.26,2
142434,57264.0,245.0,16477.48,4
142511,46072.0,534.0,5040.41,5
142545,51791.0,2070.0,7148.33,3
142609,0.0,251.0,7974.39,1
142621,22705.0,327.0,19160.99,4
142649,27042.0,243.0,8365.96,4
142686,42526.0,900.0,3417.2,1
142715,62464.0,901.0,8658.86,4
142717,85654.0,930.0,6087.3,0
142726,91653.0,251.0,4397.78,2
142749,46623.0,2215.0,7164.4,1
142763,0.0,8.0,2747.77,1
142800,32823.0,13.0,7824.37,4
142812,0.0,1832.0,5087.02,2
142855,98254.0,890.0,11323.36,4
142906,20327.0,1948.0,2911.92,4
142925,55350.0,124.0,5380.9,0
142950,73536.0,2258.0,5419.46,1
143087,79719.0,1393.0,5714.23,2
143151,0.0,1049.0,23866.16,1
143266,32823.0,98.0,7824.37,0
143389,56457.0,1054.0,14413.38,3
143422,58327.0,1602.0,10364.35,1
143730,95766.0,2398.0,5505.69,0
143784,60475.0,2176.0,4330.39,4
143981,94310.0,1472.0,2786.66,4
144261,72302.0,2232.0,2616.61,6
144301,33257.0,245.0,5675.92,1
144328,0.0,2143.0,7449.86,4
144355,93715.0,2352.0,8131.78,1
144402,0.0,613.0,10915.36,1
144514,24204.0,933.0,3864.78,5
144523,27849.0,1952.0,9269.68,4
144565,26660.0,23.0,4892.42,2
144593,41402.0,821.0,4477.45,2
144615,61886.0,1230.0,27666.3,4
144633,55483.0,2362.0,5447.84,4
144641,79253.0,395.0,3034.8,2
144695,28377.0,245.0,7434.68,2
144702,43276.0,814.0,4163.04,1
144756,76694.0,1278.0,4700.58,5
144830,89410.0,2405.0,2946.0,2
144879,51246.0,620.0,4889.61,4
144936,69379.0,860.0,4118.59,5
144977,55687.0,2270.0,10963.96,2
145017,56070.0,59.0,20498.83,4
145177,0.0,1758.0,9354.13,4
145192,0.0,2417.0,6776.35,1
145193,25370.0,114.0,11638.9,4
145220,37970.0,1020.0,9061.77,2
145292,29822.0,289.0,19014.48,2
145322,52174.0,2218.0,14382.56,1
145323,99241.0,1367.0,22325.83,3
145449,36580.0,271.0,7524.74,4
145480,26802.0,2067.0,4636.55,3
145542,0.0,14.0,3870.36,1
145552,17950.0,1192.0,8847.44,3
145688,25147.0,361.0,3600.93,1
145988,60964.0,874.0,9051.71,4
146028,0.0,1663.0,8152.24,4
146037,87197.0,599.0,4956.25,2
146067,23554.0,2248.0,4808.96,0
146086,52447.0,1129.0,7057.46,3
146090,61108.0,327.0,10484.92,4
146099,34498.0,322.0,6369.26,3
146215,75952.0,1082.0,5866.07,4
146354,89398.0,350.0,3500.45,1
146400,60607.0,510.0,3337.98,4
146527,64502.0,1359.0,8355.77,2
146560,0.0,357.0,8036.45,5
146572,40160.0,242.0,4579.61,1
146702,54289.0,324.0,7385.36,2
146760,0.0,1996.0,4821.99,4
146839,20545.0,1443.0,7271.43,2
147064,33232.0,2218.0,11160.08,4
147241,37695.0,1317.0,7517.38,1
147272,18577.0,2065.0,6273.91,1
147408,62447.0,31.0,5807.66,2
147602,0.0,1389.0,9817.03,2
147700,22728.0,1091.0,4583.1,2
147754,83869.0,800.0,3274.04,3
147891,81531.0,1186.0,5411.94,4
147898,19834.0,2329.0,4241.64,4
147986,0.0,243.0,7550.42,2
148111,25141.0,39.0,8456.96,5
148201,0.0,1352.0,8149.77,3
148208,79055.0,283.0,7283.93,2
148216,39854.0,411.0,5217.51,2
148234,82800.0,2402.0,8408.32,2
148258,81883.0,544.0,4654.58,1
148289,92949.0,326.0,5926.39,0
148299,0.0,1658.0,4903.81,0
148322,30449.0,407.0,7390.9,2
148368,0.0,1018.0,4670.05,5
148381,27750.0,2257.0,11618.56,6
148382,20495.0,476.0,12128.37,0
148453,0.0,156.0,3479.14,2
148486,89092.0,552.0,5383.67,0
148487,21514.0,1244.0,11981.98,2
148570,27985.0,134.0,4698.52,1
148612,58414.0,2.0,7840.17,2
148677,22254.0,99.0,21903.91,5
148690,52717.0,786.0,8679.84,2
148749,25506.0,278.0,2537.93,4
148753,0.0,1000.0,17497.52,4
148766,23665.0,1051.0,22658.54,4
148767,62587.0,2189.0,10373.89,5
148810,48587.0,2382.0,40224.01,1
148865,0.0,375.0,5673.84,1
148942,0.0,1157.0,6361.95,5
148982,0.0,260.0,2326.86,2
149174,0.0,71.0,16388.1,2
149225,79153.0,1259.0,8500.91,3
149318,0.0,275.0,9103.7,0
149348,0.0,1751.0,28824.06,2
149426,0.0,612.0,4173.14,1
149430,28215.0,243.0,4650.06,2
149462,48096.0,2181.0,15739.92,4
149542,78152.0,23.0,4631.01,1
149549,77609.0,328.0,4436.81,2
149655,43499.0,493.0,3141.25,2
149782,31134.0,2053.0,7498.29,1
149841,90783.0,243.0,32864.4,1
149846,0.0,1221.0,11158.13,4
149884,37229.0,567.0,7855.32,4
149912,68261.0,333.0,8238.46,4
149981,85607.0,528.0,5272.52,0
149993,0.0,1163.0,26134.91,4
150004,35504.0,2343.0,10168.27,1
150074,58703.0,682.0,9927.88,1
150134,31591.0,2180.0,2764.8,5
150141,28909.0,187.0,5246.28,6
150233,71210.0,245.0,25807.06,5
150253,18263.0,1124.0,4428.63,4
150291,52583.0,1863.0,8879.79,2
150301,35868.0,2403.0,26232.85,0
150383,23530.0,255.0,7478.31,2
150596,57563.0,259.0,2592.93,4
150656,94812.0,455.0,2833.98,1
150671,67763.0,243.0,2903.94,1
150751,51791.0,140.0,7148.33,0
150754,0.0,1815.0,15789.65,2
150767,0.0,8.0,2241.11,3
150883,0.0,654.0,6141.96,1
150909,0.0,1387.0,9656.76,2
151010,39604.0,188.0,5357.26,1
151030,23459.0,323.0,3847.35,3
151036,58236.0,339.0,12919.42,4
151183,0.0,1953.0,4471.78,5
151327,0.0,1413.0,13061.52,2
151399,59364.0,2265.0,5384.53,0
151554,21114.0,812.0,6698.97,3
151571,73945.0,362.0,6243.09,6
151627,49419.0,695.0,6207.17,1
151655,23402.0,2240.0,15519.67,4
151967,23860.0,389.0,8925.63,3
152007,70435.0,243.0,9322.09,5
152014,41460.0,992.0,6625.29,3
152016,29095.0,306.0,5067.21,1
152139,66161.0,722.0,4603.98,1
152148,76375.0,1718.0,3838.11,2
152276,86355.0,1428.0,14195.36,1
152305,77330.0,2.0,7988.26,5
152307,52228.0,306.0,17526.18,0
152338,0.0,1634.0,8923.11,4
152355,89030.0,2398.0,16775.81,1
152406,56869.0,1657.0,3061.05,3
152423,59768.0,2330.0,5532.86,2
152499,19794.0,243.0,7138.17,2
152681,0.0,1743.0,3885.46,1
152685,0.0,242.0,27420.81,4
152740,62018.0,375.0,2921.49,2
152778,73102.0,1352.0,5310.91,4
152936,46503.0,2351.0,8427.17,4
153003,65017.0,727.0,3075.59,3
153072,19240.0,851.0,3829.28,4
153075,72236.0,245.0,9726.55,1
153146,25632.0,1266.0,4929.55,5
153193,58166.0,2357.0,2685.9,2
153261,0.0,735.0,4502.41,3
153395,42754.0,1920.0,19079.1,0
153439,0.0,116.0,8621.19,4
153462,0.0,469.0,2373.8,1
153582,0.0,315.0,3435.65,1
153586,39293.0,1155.0,5896.54,4
153600,53986.0,690.0,8409.67,0
153626,31058.0,2370.0,2489.39,4
153645,0.0,245.0,5619.69,4
153656,0.0,244.0,2287.6,5
153760,0.0,244.0,2275.4,4
153884,0.0,1286.0,2004.35,3
153953,29318.0,385.0,6930.63,4
153968,36267.0,450.0,5511.03,1
153987,27681.0,372.0,6057.07,4
153998,58058.0,246.0,8012.37,2
154136,33176.0,269.0,4981.83,2
154172,23815.0,21.0,8257.67,2
154173,33832.0,200.0,5297.67,3
154175,20742.0,1990.0,11177.75,2
154194,0.0,179.0,5528.08,1
154230,0.0,1468.0,5340.81,4
154480,96314.0,1577.0,2735.47,1
154606,59523.0,289.0,6189.99,4
154643,0.0,305.0,4228.73,4
154644,34807.0,764.0,2854.27,3
154652,91603.0,2251.0,5335.38,2
154680,0.0,1142.0,2458.56,2
154726,73205.0,1346.0,3712.43,1
154736,93987.0,1305.0,2619.48,2
154782,99553.0,235.0,5510.97,2
154855,32225.0,390.0,7851.35,3
154864,70742.0,555.0,4887.79,0
154868,29193.0,331.0,4723.45,6
154889,0.0,243.0,12176.01,4
154958,18892.0,669.0,5575.2,3
154981,20587.0,748.0,37939.49,4
155020,0.0,242.0,14455.86,2
155118,49673.0,1263.0,18611.45,1
155253,59107.0,245.0,8629.33,2
155348,27504.0,242.0,22647.22,2
155354,13093.0,1080.0,3741.57,1
155374,55359.0,1372.0,3352.94,4
155488,27906.0,1552.0,3842.03,4
155623,53351.0,243.0,9540.92,1
155654,0.0,310.0,13372.33,1
155763,96306.0,26.0,7519.13,1
155791,73196.0,1185.0,2654.38,1
155795,30814.0,260.0,6889.62,2
155820,63267.0,1069.0,7247.21,2
155964,27572.0,319.0,14476.12,1
155965,64801.0,378.0,7582.11,3
156031,72531.0,243.0,4328.37,4
156071,28928.0,266.0,3399.13,4
156138,86788.0,1314.0,2751.25,4
156305,40870.0,1936.0,12731.95,1
156313,28140.0,795.0,2959.95,6
156355,39679.0,646.0,3652.53,5
156457,85654.0,1884.0,6087.3,3
156666,29215.0,87.0,7892.82,4
156673,31562.0,1888.0,9198.69,1
156684,73895.0,773.0,10351.37,4
156730,26487.0,175.0,7998.35,3
156750,0.0,631.0,7429.08,6
156868,70164.0,1342.0,31234.89,4
156870,20396.0,170.0,6047.03,1
156945,92147.0,477.0,3086.72,4
156948,88340.0,737.0,12280.77,1
156959,51066.0,1363.0,5780.18,2
156980,0.0,225.0,14962.37,2
157005,91182.0,791.0,3890.87,2
157092,0.0,1051.0,9700.35,2
157200,0.0,2299.0,2509.51,0
157212,60875.0,736.0,7289.3,4
157300,48091.0,245.0,8617.55,2
157566,25290.0,191.0,7705.28,5
157672,21835.0,521.0,6715.59,1
157674,71982.0,2138.0,8038.95,4
157704,30130.0,1505.0,13104.3,2
157712,20101.0,2269.0,3776.32,1
157729,72439.0,287.0,3966.13,2
157731,54480.0,907.0,2676.87,1
157751,0.0,1389.0,20957.61,1
157766,29695.0,1339.0,14700.5,2
157771,46644.0,526.0,3355.53,0
157816,91099.0,1150.0,8528.29,1
157879,0.0,1225.0,3923.27,1
157902,0.0,80.0,8012.92,1
157911,32311.0,1592.0,6282.08,1
157971,97832.0,244.0,3842.79,2
158113,0.0,2398.0,9764.95,5
158314,38713.0,463.0,4834.71,1
158400,48938.0,1557.0,4756.91,3
158401,0.0,198.0,6355.68,1
158508,33947.0,1801.0,2599.29,5
158560,37384.0,1115.0,4014.45,2
158680,17576.0,1369.0,2722.21,1
158901,0.0,817.0,2943.05,3
158969,32989.0,2072.0,24186.88,2
158995,0.0,72.0,7815.47,1
159227,0.0,834.0,9492.34,5
159233,0.0,570.0,4634.73,1
159272,29066.0,1229.0,7998.14,5
159275,14957.0,1958.0,4763.33,4
159344,41396.0,1324.0,5640.02,2
159351,56531.0,1957.0,6670.85,4
159359,56980.0,354.0,6689.02,6
159397,0.0,1805.0,16350.13,3
159486,0.0,1565.0,2876.78,1
159500,24031.0,313.0,5264.43,0
159525,54105.0,2305.0,17435.68,3
159531,35398.0,1845.0,5563.77,0
159533,59601.0,139.0,5368.89,1
159608,0.0,2146.0,2289.62,1
159680,0.0,1181.0,6811.58,0
159688,50537.0,1110.0,6672.06,4
159745,0.0,1748.0,19512.0,4
159751,51705.0,1698.0,5555.49,2
159800,72608.0,2379.0,6521.37,3
159856,87840.0,960.0,9419.88,4
159942,27722.0,2324.0,5532.63,1
159960,0.0,2296.0,3756.64,3
160135,48990.0,1643.0,8804.54,1
160143,24378.0,1395.0,13897.39,4
160154,86653.0,931.0,13363.52,2
160181,0.0,936.0,14917.33,2
160203,0.0,856.0,18131.19,5
160250,15462.0,2262.0,4506.49,4
160266,29735.0,93.0,2453.57,4
160320,0.0,1531.0,8150.57,4
160471,16495.0,193.0,2962.72,1
160640,0.0,1249.0,20766.67,4
160686,45867.0,2323.0,5010.92,4
160707,93721.0,1904.0,6520.82,1
160740,28432.0,926.0,13869.93,1
160773,72608.0,1131.0,6521.37,4
160779,55436.0,4.0,10706.67,4
160905,27961.0,1032.0,25581.61,2
160927,24059.0,1041.0,4430.57,4
160993,0.0,1167.0,3819.62,2
161045,37056.0,1414.0,11029.93,2
161103,0.0,1652.0,7923.14,1
161180,26308.0,2320.0,9051.91,1
161241,0.0,730.0,9015.82,1
161276,15741.0,1721.0,9414.94,2
161338,28327.0,2066.0,14131.12,1
161373,36615.0,244.0,5243.83,1
161414,24711.0,476.0,4328.86,4
161415,22239.0,815.0,2404.63,4
161437,65985.0,2155.0,4940.51,2
161525,0.0,31.0,4250.28,1
161546,28948.0,476.0,10390.67,1
161557,81280.0,10.0,2752.66,1
161574,29938.0,7.0,3478.89,2
161650,66957.0,244.0,5234.33,1
161728,98132.0,114.0,5734.6,1
161766,50825.0,1703.0,8092.88,2
161769,90353.0,1323.0,5680.47,2
161774,39854.0,245.0,5217.51,1
161780,37800.0,264.0,4424.58,4
161956,39017.0,243.0,13306.18,1
162013,52796.0,1792.0,4911.46,3
162155,0.0,243.0,21531.33,5
162166,0.0,659.0,9117.44,4
162167,0.0,1666.0,4177.7,1
162180,61160.0,459.0,7409.08,3
162420,40810.0,1428.0,13745.05,2
162456,55005.0,1888.0,2808.08,4
162472,97607.0,200.0,5755.54,1
162485,0.0,771.0,5553.76,0
162489,42557.0,2353.0,2540.69,1
162496,47297.0,26.0,8840.19,2
162568,0.0,965.0,3622.87,0
162658,0.0,1599.0,7751.86,3
163002,22241.0,5.0,5054.33,1
163058,44577.0,2433.0,10145.44,2
163083,35143.0,1356.0,5179.89,2
163137,73457.0,243.0,21255.5,4
163260,0.0,1155.0,7247.31,2
163301,98677.0,135.0,8531.4,4
163388,56779.0,1468.0,6862.87,2
163445,0.0,200.0,5272.32,1
163481,42314.0,564.0,6282.08,4
163598,48992.0,1571.0,7482.49,1
163608,0.0,2165.0,4896.26,2
163615,27681.0,1651.0,6057.07,4
163639,0.0,712.0,2203.59,1
163645,38713.0,1683.0,4834.71,5
163723,20179.0,243.0,10598.54,2
163757,42336.0,1143.0,2756.54,4
163776,34644.0,2406.0,7832.57,1
163970,0.0,1611.0,2489.66,3
164013,66346.0,706.0,6991.61,1
164017,12688.0,583.0,10529.01,2
164034,23815.0,1373.0,8257.67,4
164064,24019.0,242.0,3141.33,4
164094,83318.0,654.0,2957.76,1
164192,53262.0,818.0,16887.8,4
164211,40513.0,890.0,3801.28,2
164224,0.0,309.0,8324.23,5
164226,51144.0,1710.0,4768.96,2
164298,11167.0,908.0,2568.84,2
164313,30449.0,774.0,7390.9,1
164363,24814.0,2352.0,8200.27,4
164374,88249.0,961.0,13094.61,1
164388,56047.0,1809.0,7444.81,2
164429,35457.0,2288.0,4169.36,5
164500,21603.0,93.0,2585.94,5
164512,20870.0,1001.0,8400.79,1
164559,28695.0,310.0,4978.95,2
164657,0.0,1052.0,2305.24,3
164743,45855.0,1053.0,2494.87,3
164794,35205.0,212.0,2967.67,2
164947,0.0,1186.0,21283.64,4
164973,0.0,582.0,3268.32,4
164983,40252.0,1971.0,29006.67,4
165019,26184.0,2311.0,2354.32,2
165022,88251.0,134.0,5475.34,1
165056,41991.0,1116.0,5251.97,0
165138,0.0,945.0,4516.81,3
165188,81197.0,737.0,21923.12,4
165224,34990.0,244.0,2574.02,5
165260,0.0,1296.0,4799.62,3
165265,21299.0,699.0,5316.61,4
165339,56718.0,320.0,4371.19,1
165443,0.0,621.0,2167.33,2
165484,21885.0,1120.0,4210.1,4
165550,28657.0,1193.0,11431.73,1
165554,37995.0,521.0,5597.12,1
165596,48054.0,1016.0,4344.52,2
165742,0.0,1030.0,13552.78,2
165759,30344.0,915.0,8341.93,4
165827,0.0,1219.0,8520.15,2
165893,21839.0,2435.0,10302.9,2
165900,21370.0,2238.0,9294.55,4
166011,0.0,384.0,2629.32,1
166037,49367.0,2384.0,5016.14,2
166110,76590.0,245.0,7887.96,2
166175,81439.0,253.0,10391.78,3
166239,63885.0,2270.0,9011.76,2
166273,64929.0,256.0,18704.85,2
166333,21952.0,1716.0,5207.64,5
166475,48567.0,1563.0,5015.01,2
166535,0.0,2164.0,7645.86,5
166537,0.0,1379.0,8708.02,2
166577,0.0,1180.0,5162.12,1
166677,35482.0,286.0,10208.93,2
166693,23220.0,2369.0,2803.92,5
166705,91025.0,1788.0,9057.94,1
166712,23904.0,1605.0,4334.06,0
166825,86355.0,412.0,14195.36,5
166829,33317.0,558.0,5643.72,2
166846,0.0,945.0,18948.35,2
166865,75740.0,2284.0,2552.04,4
166911,47481.0,2386.0,4605.87,1
166938,21576.0,560.0,5207.2,2
166953,60021.0,696.0,3939.01,6
166955,18779.0,772.0,4826.83,0
166966,0.0,298.0,27945.89,1
167001,0.0,243.0,2430.8,2
167016,65636.0,2121.0,8013.9,4
167026,26864.0,2047.0,8807.49,4
167062,76731.0,2337.0,2582.41,4
167177,52391.0,358.0,5717.22,1
167219,88590.0,243.0,4300.9,3
167257,21724.0,2234.0,22721.47,4
167335,69063.0,2257.0,9264.33,4
167363,43209.0,1471.0,4268.62,4
167465,11167.0,437.0,2568.84,1
167491,52651.0,244.0,29874.74,4
167515,0.0,1779.0,2590.84,1
167569,71684.0,257.0,2677.5,2
167575,0.0,243.0,8083.54,2
167578,19614.0,2357.0,16301.97,5
167587,0.0,1242.0,2129.06,3
167660,22908.0,1918.0,5344.99,2
167670,46239.0,243.0,4946.96,1
167795,70174.0,749.0,5107.07,1
167879,22012.0,213.0,14472.58,2
167933,0.0,1241.0,7689.71,1
168026,0.0,2309.0,8024.9,1
168123,0.0,366.0,6361.85,4
168160,63800.0,311.0,9050.76,1
168290,27398.0,884.0,38445.86,1
168302,38521.0,206.0,5293.37,2
168316,46135.0,1246.0,2730.2,5
168349,52018.0,1624.0,5971.31,6
168385,26680.0,1477.0,8613.46,4
168418,15131.0,521.0,5112.1,4
168641,74423.0,242.0,5018.89,4
168727,92921.0,30.0,4526.95,2
168843,53304.0,1460.0,2590.32,1
168887,46648.0,311.0,6418.25,3
169054,0.0,2345.0,3008.97,0
169129,0.0,1089.0,6481.38,1
169131,0.0,157.0,8236.92,5
169137,30009.0,703.0,2718.38,4
169247,31433.0,22.0,32021.4,3
169253,0.0,167.0,5075.42,4
169270,0.0,243.0,7290.07,5
169302,10211.0,381.0,9052.95,4
169393,25965.0,1357.0,2491.26,4
169418,0.0,334.0,3173.03,2
169525,70795.0,1708.0,5481.5,2
169529,84583.0,282.0,10359.02,2
169603,78904.0,198.0,8641.53,5
169661,0.0,2276.0,5611.93,1
169665,55510.0,1841.0,10676.59,4
169697,41154.0,1846.0,5701.28,2
169699,54292.0,243.0,8021.07,1
169857,93272.0,1844.0,3861.49,0
169865,0.0,481.0,2229.36,2
169932,20951.0,1727.0,4961.57,4
169948,0.0,1055.0,2215.91,5
170027,39608.0,970.0,6245.58,1
170079,0.0,2163.0,3362.67,0
170091,0.0,33.0,9810.41,1
170152,58466.0,102.0,23187.15,2
170211,28224.0,2394.0,8544.41,5
170232,81955.0,465.0,15320.37,2
170311,46133.0,1650.0,5718.28,2
170321,53997.0,1721.0,5568.98,2
170368,66524.0,250.0,2899.92,0
170404,47622.0,952.0,6301.1,2
170443,0.0,253.0,7664.81,4
170531,0.0,1300.0,2960.03,2
170534,63936.0,2392.0,14628.5,1
170544,35577.0,474.0,5163.23,4
170566,53792.0,598.0,9165.72,4
170585,69379.0,1950.0,4118.59,0
170655,60479.0,246.0,7627.43,4
170656,47451.0,1565.0,6802.07,2
170710,40001.0,1927.0,8286.96,1
170791,0.0,1643.0,8263.48,3
170799,36014.0,888.0,7983.43,5
170801,0.0,243.0,8709.32,1
170903,50200.0,2362.0,5295.74,1
170965,0.0,1033.0,9061.63,1
170982,14072.0,0.0,24127.5,4
171027,64816.0,942.0,5525.47,4
171042,89451.0,3.0,2530.71,3
171047,0.0,1240.0,7923.14,5
171137,67798.0,459.0,5548.03,6
171192,52436.0,261.0,11960.48,2
171257,49345.0,677.0,5431.37,4
171264,0.0,1227.0,5152.82,5
171350,77915.0,1329.0,32643.08,4
171419,0.0,832.0,7714.62,3
171582,55393.0,243.0,5903.61,1
171638,99772.0,403.0,19231.77,2
171691,0.0,244.0,8586.53,1
171788,97238.0,324.0,10090.41,1
171883,33191.0,1163.0,5498.66,4
171902,62447.0,243.0,5807.66,1
171906,41958.0,1243.0,2602.65,4
171908,42795.0,247.0,5813.24,2
171937,22601.0,962.0,10394.36,1
172059,37751.0,1131.0,7249.07,0
172135,56005.0,1379.0,5479.56,3
172162,23845.0,129.0,2467.13,2
172200,79751.0,290.0,2551.23,2
172233,19382.0,496.0,10758.66,4
172259,25965.0,528.0,2491.26,2
172284,18608.0,31.0,2538.63,1
172345,34717.0,629.0,2760.95,4
172348,59523.0,625.0,6189.99,0
172444,53078.0,778.0,5677.64,4
172532,72540.0,169.0,10656.88,5
172593,46897.0,2.0,5626.53,4
172610,17622.0,330.0,4458.11,1
172724,45855.0,51.0,2494.87,4
172731,31278.0,45.0,3528.04,1
172755,0.0,295.0,5303.76,5
172757,97742.0,1799.0,5352.19,2
172971,90874.0,293.0,10628.06,2
172983,0.0,599.0,6846.15,5
172987,56342.0,2024.0,2674.73,2
173092,29932.0,807.0,15503.72,1
173178,75121.0,134.0,5862.8,4
173212,60277.0,2085.0,5141.98,4
173227,73782.0,236.0,3032.82,2
173235,0.0,477.0,4454.1,2
173252,0.0,1504.0,4652.91,2
173343,78757.0,329.0,4764.86,2
173356,0.0,898.0,9655.44,2
173398,32869.0,1907.0,20120.56,4
173416,35625.0,1591.0,5107.16,4
173446,29295.0,638.0,58207.13,3
173485,0.0,1809.0,4748.79,0
173506,88009.0,264.0,2798.68,4
173531,72117.0,430.0,8364.56,2
173548,87864.0,1918.0,7666.52,1
173666,73976.0,785.0,5824.22,2
173673,0.0,934.0,31516.51,1
173798,74965.0,1233.0,10928.41,1
173834,39886.0,184.0,12379.57,4
173873,50071.0,1398.0,2771.05,1
173884,64371.0,154.0,7344.84,1
173938,90043.0,1022.0,7681.55,4
174044,21733.0,2125.0,8550.39,1
174343,89270.0,2109.0,2946.15,1
174439,0.0,1239.0,5454.89,5
174666,0.0,72.0,1904.0,2
174669,59732.0,83.0,3745.37,0
174702,0.0,222.0,3858.87,2
174729,46402.0,1101.0,4502.21,1
174743,25820.0,1307.0,3265.16,4
174803,0.0,614.0,6826.8,2
174896,0.0,244.0,4016.54,5
174923,78127.0,1482.0,2799.47,4
174925,0.0,636.0,14666.23,2
174996,0.0,1546.0,4488.13,0
175017,0.0,779.0,17349.03,2
175104,25927.0,2413.0,3933.81,5
175169,84106.0,925.0,20635.08,1
175191,39786.0,27.0,7255.58,4
175249,89205.0,2043.0,5494.87,1
175285,93383.0,2153.0,2480.05,2
175320,51294.0,1035.0,18572.01,4
175342,79898.0,1572.0,2452.98,1
175360,65448.0,2116.0,11269.23,1
175387,39266.0,429.0,9587.33,1
175488,0.0,1842.0,14208.51,4
175528,46587.0,1103.0,41787.9,4
175584,34337.0,1181.0,9035.67,4
175711,25141.0,1249.0,8456.96,1
175804,52583.0,591.0,8879.79,2
175814,36650.0,2402.0,2725.36,1
175832,36060.0,684.0,6599.08,0
175902,27430.0,279.0,5403.55,1
175954,52993.0,1099.0,22940.38,4
175967,60230.0,318.0,3906.67,2
176115,24495.0,1871.0,2659.34,5
176142,32762.0,242.0,13268.79,0
176166,0.0,1028.0,5205.91,4
176278,68103.0,1672.0,3244.82,1
176284,0.0,822.0,3289.55,5
176359,66331.0,1049.0,4297.19,1
176379,19352.0,259.0,2467.62,1
176480,0.0,519.0,5936.01,5
176521,75457.0,305.0,11196.02,4
176599,0.0,1744.0,4117.37,4
176611,33700.0,393.0,4911.12,3
176688,74069.0,2068.0,7298.58,1
176848,26004.0,123.0,2805.1,6
176885,79583.0,243.0,4361.37,5
177029,80590.0,431.0,2981.55,1
177146,0.0,1997.0,7413.39,4
177199,58718.0,19.0,8906.99,4
177345,20252.0,223.0,5604.33,4
177457,24133.0,2364.0,7583.19,4
177483,0.0,735.0,8007.4,1
177518,0.0,1876.0,3545.41,6
177583,19851.0,283.0,11658.6,4
177598,25965.0,1913.0,2491.26,1
177677,44368.0,242.0,6366.23,2
177700,0.0,654.0,9048.98,1
177713,81285.0,322.0,3124.93,0
177814,62366.0,100.0,8678.51,2
177962,70725.0,1291.0,13891.68,0
177993,51790.0,1003.0,2859.41,5
178036,46384.0,1103.0,4443.74,1
178077,0.0,1682.0,7896.71,1
178081,0.0,141.0,8591.31,5
178157,0.0,827.0,7457.24,1
178160,27048.0,1792.0,5697.18,1
178331,74454.0,1098.0,5595.39,2
178335,41986.0,2192.0,6364.9,1
178403,56005.0,308.0,5479.56,2
178409,0.0,252.0,8714.92,4
178459,79041.0,129.0,16138.42,5
178461,0.0,1047.0,6033.22,1
178540,26287.0,2350.0,8697.79,0
178565,43731.0,134.0,2548.51,4
178643,72608.0,480.0,6521.37,2
178720,45732.0,1640.0,10677.25,4
178864,0.0,1876.0,12101.21,5
179042,15406.0,691.0,9546.82,4
179053,0.0,244.0,8263.48,4
179075,54834.0,2137.0,5647.15,4
179153,51437.0,2170.0,22754.66,1
179489,72805.0,93.0,4758.19,3
179585,80550.0,1142.0,5392.5,4
179590,26806.0,1692.0,7019.18,0
179603,0.0,1966.0,12255.12,4
179707,0.0,30.0,17497.52,4
179719,0.0,1353.0,5085.02,1
179773,84183.0,244.0,5715.31,1
179870,33481.0,546.0,66025.75,4
179944,79090.0,2372.0,8609.16,4
179956,41341.0,432.0,3834.74,0
180009,0.0,2273.0,6613.97,1
180024,44605.0,212.0,7284.45,2
180137,54538.0,209.0,9591.23,2
180140,51001.0,2009.0,7842.38,3
180207,55916.0,2384.0,7522.9,4
180216,56980.0,1154.0,6689.02,3
180219,0.0,499.0,5162.12,5
180231,44428.0,98.0,12036.62,1
180321,0.0,426.0,6269.14,4
180380,89092.0,2387.0,5383.67,4
180411,0.0,2114.0,4108.26,3
180484,0.0,976.0,2231.79,0
180488,0.0,687.0,22029.15,0
180832,36650.0,243.0,2725.36,4
180922,57052.0,2194.0,9268.67,2
180925,65974.0,1911.0,9028.82,1
180977,31617.0,1931.0,2347.05,1
181033,0.0,216.0,19069.5,5
181082,58484.0,2465.0,3498.77,2
181139,0.0,1842.0,8002.31,5
181140,57117.0,285.0,2656.99,4
181184,20090.0,1588.0,34611.38,4
181377,65099.0,1269.0,2853.37,2
181423,27972.0,1956.0,2227.07,2
181434,23051.0,242.0,3837.36,1
181498,40372.0,243.0,6762.08,1
181607,0.0,142.0,9657.58,4
181726,48139.0,1945.0,4974.87,2
181728,0.0,1393.0,4466.1,2
181770,35095.0,337.0,16979.8,5
181825,58577.0,1344.0,4428.03,5
181830,0.0,984.0,3054.54,4
181852,0.0,817.0,6993.38,4
182058,0.0,853.0,4196.69,1
182124,0.0,1781.0,5232.33,1
182130,0.0,1698.0,5527.99,1
182148,99617.0,883.0,13265.51,4
182159,0.0,456.0,2416.48,4
182184,18768.0,1463.0,4276.92,5
182205,0.0,398.0,7399.03,1
182235,58092.0,782.0,14031.7,2
182272,35625.0,2094.0,5107.16,1
182320,0.0,1492.0,4506.66,5
182459,90035.0,2087.0,6438.97,2
182490,74365.0,1415.0,7769.84,2
182519,51020.0,1356.0,2907.9,2
182531,0.0,1124.0,9672.7,2
182534,33799.0,2241.0,5791.01,4
182543,28262.0,822.0,15023.6,1
182587,0.0,1454.0,5156.07,1
182749,0.0,2211.0,5140.11,1
182782,86876.0,1051.0,8139.53,0
182785,52342.0,1258.0,10426.09,2
183020,0.0,1455.0,5313.47,3
183023,59230.0,129.0,8513.59,2
183025,50097.0,1188.0,5531.72,2
183052,28729.0,1011.0,3267.71,1
183096,22093.0,1723.0,6874.33,5
183129,31433.0,2156.0,32021.4,4
183208,0.0,1693.0,10575.95,2
183224,46879.0,1495.0,6756.06,4
183235,55270.0,1700.0,20237.15,6
183305,17034.0,1700.0,8300.71,2
183339,99961.0,616.0,2628.47,1
183374,60415.0,856.0,4983.46,1
183388,0.0,316.0,24096.24,4
183456,24177.0,220.0,10436.57,5
183523,81676.0,1563.0,5773.52,1
183626,77221.0,550.0,5789.85,2
183692,37899.0,242.0,14854.2,4
183716,0.0,1720.0,4931.26,1
183748,34919.0,2046.0,9547.71,1
183754,0.0,785.0,6274.56,4
183755,30389.0,1074.0,5745.12,2
183885,0.0,2194.0,3735.84,5
183948,33032.0,1562.0,23777.81,2
184009,43412.0,1439.0,3768.09,2
184035,59789.0,1618.0,7143.04,2
184045,52705.0,331.0,7649.28,1
184090,21959.0,504.0,2691.38,2
184151,98333.0,604.0,3980.42,4
184206,29530.0,1848.0,5792.44,4
184207,0.0,267.0,7857.3,2
184306,30009.0,2211.0,2718.38,2
184456,51817.0,2312.0,14789.62,4
184466,47259.0,1981.0,6515.03,4
184478,0.0,412.0,2821.45,4
184490,0.0,37.0,2369.11,2
184496,31911.0,1867.0,2620.17,0
184635,99316.0,1533.0,4574.52,1
184678,22705.0,827.0,19160.99,2
184735,83707.0,2108.0,8717.78,5
184754,38702.0,2007.0,8024.99,5
184755,28215.0,324.0,4650.06,2
184895,57231.0,643.0,2601.81,0
184924,0.0,13.0,9048.98,7
184959,44695.0,739.0,21522.95,5
184976,0.0,1131.0,4490.55,4
185013,67780.0,1403.0,7284.36,3
185101,0.0,1997.0,13197.93,4
185129,56218.0,1843.0,2781.45,2
185153,72258.0,950.0,8414.94,2
185285,29629.0,432.0,5433.21,1
185288,60415.0,47.0,4983.46,5
185496,26477.0,571.0,2621.12,2
185509,66839.0,1235.0,5989.77,4
185531,45600.0,243.0,8845.19,0
185561,0.0,2110.0,6933.34,0
185573,89892.0,1160.0,10954.38,4
185774,27627.0,692.0,14594.45,1
185808,74335.0,1313.0,7372.23,1
185815,62464.0,2360.0,8658.86,1
185830,0.0,1862.0,13024.13,3
185835,99069.0,1830.0,7985.47,2
185857,22139.0,2326.0,14947.92,1
185919,0.0,1872.0,2226.59,2
186015,18375.0,1212.0,3954.34,2
186020,64125.0,17.0,8646.5,1
186146,64964.0,201.0,5219.89,3
186199,77350.0,2110.0,2635.51,1
186246,0.0,517.0,4541.26,3
186295,55359.0,1653.0,3352.94,6
186469,72109.0,103.0,12663.99,4
186539,26806.0,1462.0,7019.18,4
186593,33060.0,1487.0,9357.74,2
186668,83392.0,1432.0,5761.32,2
186729,54507.0,117.0,5470.06,1
186754,20545.0,2067.0,7271.43,1
186807,53357.0,1654.0,2939.33,1
186810,69230.0,1380.0,2550.66,4
186901,29444.0,699.0,2480.53,1
186942,37910.0,551.0,8521.74,1
187010,0.0,289.0,4692.17,5
187025,69451.0,507.0,5715.79,3
187041,0.0,1535.0,6021.84,2
187077,22854.0,1348.0,36860.91,4
187141,0.0,293.0,7191.83,0
187161,13457.0,244.0,3621.69,1
187175,0.0,1487.0,12564.07,0
187291,42090.0,381.0,9386.75,5
187318,0.0,2428.0,13024.13,7
187390,0.0,391.0,4644.7,5
187435,36067.0,2098.0,9378.63,1
187459,24672.0,503.0,7297.69,4
187618,88704.0,179.0,2780.85,4
187710,0.0,824.0,7216.1,1
187758,22373.0,268.0,8835.16,1
187835,60880.0,690.0,14435.67,1
187838,11276.0,668.0,30591.61,0
187876,20090.0,125.0,34611.38,1
187887,80046.0,1444.0,10633.5,4
187902,0.0,609.0,2141.98,3
187958,26887.0,244.0,12321.84,2
188006,44280.0,2307.0,2477.71,4
188033,40968.0,2193.0,3719.25,1
188071,0.0,1985.0,40440.76,3
188120,40046.0,1866.0,2868.6,2
188136,74900.0,2259.0,16705.1,1
188147,65176.0,883.0,2471.15,3
188218,0.0,316.0,15700.28,1
188307,0.0,1553.0,3164.49,1
188318,29465.0,2404.0,2497.91,1
188328,63328.0,317.0,7199.65,4
188340,69379.0,617.0,4118.59,1
188470,56342.0,784.0,2674.73,2
188542,50450.0,1168.0,10640.94,5
188559,98478.0,2268.0,12902.09,3
188655,52130.0,627.0,7413.42,4
188668,32365.0,493.0,5278.53,2
188828,22732.0,1176.0,2445.84,1
188893,93272.0,753.0,3861.49,1
189139,86180.0,2324.0,8090.88,2
189146,49414.0,245.0,4999.35,4
189158,31058.0,1068.0,2489.39,6
189197,44698.0,1219.0,7918.33,2
189294,16476.0,242.0,3707.28,4
189329,48736.0,989.0,8860.65,2
189611,0.0,2277.0,4468.22,2
189613,0.0,160.0,18399.83,4
189666,67798.0,153.0,5548.03,5
189707,0.0,400.0,5039.39,4
189775,0.0,1514.0,12786.67,1
189817,40308.0,1949.0,5396.37,2
189822,14290.0,2374.0,10179.72,5
189836,68997.0,1100.0,10097.2,0
189854,45768.0,174.0,2931.16,2
189914,0.0,2431.0,7706.96,3
190052,45354.0,1904.0,11463.99,5
190149,0.0,1645.0,3849.6,1
190227,0.0,1418.0,2533.8,4
190236,38210.0,1726.0,5479.85,2
190256,52982.0,2382.0,7053.3,2
190405,35822.0,1523.0,15394.87,1
190429,50555.0,320.0,20878.41,0
190465,0.0,1391.0,13009.18,1
190524,82554.0,942.0,42389.01,4
190529,0.0,1417.0,4784.42,4
190561,22436.0,2368.0,6988.4,1
190570,37124.0,245.0,2832.51,1
190716,75648.0,759.0,4349.31,1
190720,61809.0,1901.0,2893.81,2
190791,62277.0,787.0,8837.33,6
190827,0.0,429.0,2537.67,0
191044,0.0,1007.0,21423.64,2
191057,27782.0,1675.0,4027.7,4
191065,64403.0,732.0,46770.95,1
191150,0.0,252.0,4270.03,2
191189,0.0,252.0,2352.37,6
191508,41842.0,357.0,2410.5,2
191537,0.0,1948.0,11885.97,2
191558,31196.0,456.0,4455.52,2
191626,91871.0,269.0,28486.07,1
191638,83640.0,2250.0,5689.64,1
191656,85689.0,335.0,33451.79,1
191780,17308.0,17.0,3034.77,0
191814,0.0,560.0,30745.96,0
191869,31365.0,1559.0,9209.41,4
191917,0.0,696.0,7017.15,2
192009,21073.0,1924.0,7805.31,2
192013,19591.0,1647.0,5635.25,2
192096,44743.0,90.0,5112.31,2
192098,26334.0,311.0,17086.75,4
192115,43285.0,1771.0,3142.74,3
192136,17101.0,2146.0,12298.69,1
192141,0.0,2287.0,10442.45,5
192177,18866.0,1144.0,4873.44,0
192250,79253.0,1565.0,3034.8,1
192355,32245.0,939.0,9800.34,0
192405,35832.0,2097.0,5043.8,4
192543,69024.0,1338.0,2287.92,4
192554,0.0,2430.0,7223.69,4
192556,0.0,32.0,6941.87,4
192600,63860.0,1508.0,2472.47,1
192651,0.0,1742.0,4777.12,5
192685,62588.0,1734.0,8246.83,2
192691,79189.0,975.0,3821.82,4
192772,73847.0,2238.0,2935.99,1
192816,0.0,245.0,6776.35,2
192898,0.0,1797.0,6674.45,0
192994,21513.0,1746.0,13171.01,5
193020,36812.0,257.0,7356.01,2
193037,90969.0,335.0,7779.59,0
193147,0.0,1748.0,6950.53,0
193150,81565.0,897.0,2880.35,1
193212,99239.0,721.0,5816.71,2
193519,33190.0,297.0,33473.35,4
193564,99845.0,1459.0,8819.02,1
193662,26262.0,2429.0,3844.57,7
193665,35143.0,522.0,5179.89,4
193722,37843.0,729.0,3624.9,2
193747,86811.0,1099.0,8157.93,1
193775,73168.0,640.0,5639.94,1
193781,16618.0,1605.0,2272.34,5
193824,10237.0,1391.0,2620.6,4
193827,0.0,2211.0,20579.69,2
193917,0.0,1765.0,8418.57,0
193928,18375.0,1105.0,3954.34,1
193946,92038.0,58.0,2562.6,2
193953,0.0,1289.0,6784.89,5
194009,99002.0,1894.0,9027.87,1
194065,65412.0,319.0,2888.85,1
194200,74561.0,1380.0,5427.48,4
194254,82255.0,2116.0,5680.28,1
194297,54193.0,1487.0,14014.72,5
194394,47918.0,1442.0,2476.48,2
194480,22784.0,203.0,19338.53,2
194482,57449.0,771.0,12157.33,5
194493,39895.0,970.0,19253.03,4
194571,0.0,1271.0,2317.28,1
194640,0.0,2164.0,2220.19,4
194657,45944.0,205.0,3330.67,1
194694,40153.0,1767.0,7227.12,2
194709,73259.0,1419.0,9217.13,5
194722,44719.0,962.0,23331.83,0
194737,25370.0,436.0,11638.9,4
194758,81605.0,635.0,2725.19,4
194762,33232.0,2312.0,11160.08,0
194786,49945.0,1088.0,19363.53,6
194813,0.0,441.0,4355.7,2
194855,0.0,593.0,3857.95,2
194859,23870.0,250.0,3440.36,0
194886,62922.0,1165.0,15558.44,4
194959,28354.0,1545.0,4590.81,1
195069,56768.0,89.0,3572.49,3
195131,29735.0,467.0,2453.57,1
195137,29735.0,542.0,2453.57,0
195150,24959.0,313.0,3576.71,4
195368,97742.0,1071.0,5352.19,1
195419,26318.0,2002.0,3785.75,1
195594,77739.0,2430.0,3985.4,7
195684,58007.0,431.0,9332.49,2
195806,66466.0,2206.0,8581.64,1
195848,71811.0,1643.0,5592.16,1
195895,75180.0,257.0,3038.83,4
195960,90343.0,1988.0,13742.54,1
195977,0.0,655.0,2388.95,1
195994,44368.0,275.0,6366.23,2
196016,93308.0,2232.0,3713.8,3
196096,56343.0,85.0,35203.57,2
196202,89285.0,489.0,7443.83,4
196240,84311.0,1353.0,13117.52,1
196367,88246.0,1908.0,3095.18,1
196442,21542.0,2342.0,3733.03,3
196467,93595.0,575.0,3763.64,1
196469,0.0,1671.0,3398.05,2
196514,60875.0,1278.0,7289.3,2
196582,0.0,1762.0,5619.69,2
196583,38893.0,2174.0,2779.85,1
196757,14278.0,153.0,25626.71,1
196777,0.0,445.0,2294.3,5
196779,43879.0,715.0,5363.53,4
196798,73345.0,1704.0,4307.42,5
196812,0.0,7.0,2147.66,4
196845,49682.0,1592.0,7757.92,2
196892,26975.0,1401.0,5809.26,4
196905,59522.0,1713.0,7153.67,4
196992,60120.0,1484.0,14510.75,2
197062,51148.0,187.0,5710.33,1
197063,59630.0,22.0,7329.78,3
197067,17658.0,1496.0,2511.94,1
197086,89025.0,752.0,20467.72,3
197096,38795.0,1988.0,6519.29,2
197113,23908.0,2103.0,5297.15,5
197138,97095.0,2001.0,5625.31,4
197192,39834.0,736.0,6656.2,0
197239,30244.0,82.0,3575.04,3
197320,97212.0,1556.0,3792.13,5
197491,10511.0,267.0,5346.92,5
197509,32787.0,1290.0,6807.27,0
197514,0.0,2258.0,3798.32,1
197529,0.0,8.0,4699.03,0
197578,60596.0,2303.0,5517.2,4
197608,0.0,1687.0,3063.11,0
197642,18661.0,1873.0,2470.44,1
197855,54507.0,113.0,5470.06,2
197890,93836.0,2209.0,16922.13,2
198010,0.0,1337.0,13372.33,5
198075,0.0,1974.0,8906.51,4
198123,0.0,2286.0,8491.47,1
198147,0.0,782.0,11880.97,1
198167,74454.0,1497.0,5595.39,4
198354,97361.0,384.0,8622.84,4
198407,15680.0,245.0,4718.56,1
198424,0.0,1662.0,4863.54,5
198456,57693.0,242.0,5979.72,1
198485,0.0,24.0,2355.28,4
198499,84731.0,1051.0,8874.55,3
198570,27357.0,229.0,4688.46,2
198625,26318.0,1200.0,3785.75,2
198645,70277.0,1423.0,3223.33,1
198713,20440.0,862.0,10064.61,5
198785,50148.0,118.0,2582.86,5
198813,25820.0,2281.0,3265.16,2
198836,38676.0,1104.0,8586.8,0
198900,43846.0,1077.0,2574.2,0
198961,97924.0,803.0,8962.8,4
199021,0.0,243.0,3530.01,5
199073,17860.0,725.0,3288.83,2
199342,0.0,1890.0,4966.85,4
199358,0.0,212.0,7216.1,5
199374,0.0,265.0,9103.7,4
199405,65017.0,1679.0,3075.59,4
199478,70961.0,2428.0,17114.33,4
199493,0.0,2197.0,5527.99,5
199507,39843.0,654.0,12981.53,2
199509,21604.0,1229.0,3096.51,1
199513,61990.0,2023.0,5746.15,1
199603,25419.0,908.0,12052.98,4
199652,56598.0,1732.0,10629.34,0
199792,77025.0,167.0,5104.35,0
199809,0.0,1130.0,2243.47,4
199810,91276.0,1721.0,8593.87,1
199959,0.0,301.0,4628.28,4
200012,0.0,925.0,2161.69,1
200065,48259.0,1581.0,8346.98,1
200067,92296.0,1183.0,2759.98,2
200077,0.0,466.0,4759.66,1
200168,51937.0,1151.0,15253.26,2
200309,96961.0,2336.0,7743.92,2
200321,47593.0,1723.0,8396.61,4
200326,0.0,848.0,4727.83,4
200519,43720.0,837.0,13448.81,4
200552,94153.0,1026.0,13576.14,4
200663,0.0,195.0,5917.47,5
200681,56855.0,1392.0,9951.71,5
200708,0.0,898.0,14862.76,4
200744,41247.0,818.0,2521.68,0
200764,85067.0,62.0,7857.36,2
200802,37759.0,570.0,8561.56,3
200863,87728.0,890.0,8432.52,4
200877,65090.0,965.0,2826.31,1
200960,24910.0,1576.0,5470.18,2
200991,31056.0,1540.0,2464.71,4
201055,83838.0,41.0,2628.66,4
201115,0.0,323.0,6941.87,2
201220,43199.0,1937.0,4892.62,2
201256,70837.0,1639.0,5635.4,1
201273,12607.0,261.0,12516.92,2
201276,76769.0,812.0,3560.63,2
201292,97316.0,1025.0,5387.41,4
201339,68931.0,1613.0,5332.46,5
201343,31739.0,2426.0,14019.83,4
201355,16258.0,2230.0,2410.11,1
201365,99368.0,1601.0,9124.6,1
201436,72196.0,471.0,18929.33,5
201475,79157.0,245.0,9705.31,4
201550,0.0,443.0,2517.53,5
201561,96200.0,411.0,8632.78,1
201564,20698.0,2128.0,4744.97,0
201574,26605.0,244.0,3893.31,4
201683,51859.0,2163.0,6837.93,5
201709,0.0,1861.0,7591.11,2
201816,94812.0,1964.0,2833.98,0
201891,69900.0,1332.0,7623.58,2
201898,0.0,243.0,9591.03,4
202035,77678.0,47.0,4685.5,5
202052,35984.0,954.0,5039.87,2
202055,0.0,1293.0,17497.52,5
202108,0.0,243.0,2409.0,1
202156,0.0,1015.0,2444.62,1
202182,0.0,2120.0,11228.29,4
202218,0.0,406.0,2506.36,4
202227,29256.0,2258.0,4918.92,1
202248,95579.0,961.0,10864.27,5
202271,12677.0,243.0,7679.68,0
202293,90289.0,1780.0,5633.53,1
202299,25676.0,657.0,4373.36,3
202329,27769.0,283.0,9521.22,4
202358,35695.0,1513.0,3543.23,1
202585,0.0,1025.0,5088.69,4
202696,0.0,1250.0,4428.04,1
202716,0.0,2178.0,2337.36,4
202761,0.0,548.0,4654.95,0
202784,0.0,2296.0,3059.43,2
202807,20269.0,1415.0,5301.84,4
202831,0.0,1813.0,4334.21,6
202859,74454.0,1390.0,5595.39,2
202864,54507.0,962.0,5470.06,2
203033,83846.0,1015.0,8717.05,4
203084,31056.0,722.0,2464.71,3
203133,51978.0,1859.0,2600.27,5
203143,55289.0,1506.0,5323.27,1
203184,29105.0,1601.0,4633.55,3
203245,25048.0,24.0,13406.92,2
203258,0.0,806.0,5061.76,5
203293,78494.0,1942.0,3209.66,2
203306,67431.0,274.0,5321.11,1
203409,25472.0,1465.0,5800.17,2
203517,56587.0,5.0,5112.57,4
203550,29660.0,1885.0,4426.1,4
203577,27972.0,1368.0,2227.07,1
203607,12048.0,355.0,2910.32,4
203625,0.0,2309.0,13752.47,3
203696,37813.0,1257.0,6259.51,2
203698,11489.0,2115.0,8110.33,1
203745,93102.0,794.0,2750.88,1
203772,71210.0,1672.0,25807.06,5
203773,25544.0,222.0,2695.96,1
203809,17161.0,2373.0,4165.35,5
203815,0.0,243.0,8650.0,1
203864,93348.0,1381.0,5266.42,4
203947,20993.0,167.0,4772.94,1
203950,63189.0,489.0,3497.48,4
203973,50071.0,470.0,2771.05,1
204000,47950.0,447.0,13334.27,4
204042,61067.0,1351.0,5067.64,0
204111,0.0,243.0,2188.66,1
204220,19132.0,1323.0,15063.5,4
204237,0.0,774.0,4595.04,2
204311,46043.0,126.0,5551.59,4
204343,81721.0,1678.0,2478.83,4
204375,39428.0,1534.0,6727.62,4
204424,0.0,1822.0,21283.64,3
204484,66146.0,1540.0,11243.9,4
204507,28343.0,396.0,5437.44,2
204535,0.0,151.0,8543.33,0
204686,71391.0,2340.0,8044.87,4
204693,0.0,1547.0,4355.7,1
204763,15131.0,794.0,5112.1,3
204840,55907.0,243.0,16681.33,2
204848,0.0,349.0,2682.91,2
204926,86498.0,243.0,5893.37,1
204935,40082.0,2336.0,8031.71,3
204994,0.0,2214.0,6382.58,0
205087,0.0,2337.0,3187.35,4
205111,50825.0,1557.0,8092.88,0
205156,25542.0,2236.0,11084.61,3
205170,94415.0,1005.0,5113.87,1
205195,74422.0,999.0,6770.31,5
205197,61036.0,1741.0,8130.65,1
205256,22338.0,1935.0,5123.2,1
205367,51523.0,552.0,4598.24,1
205371,80727.0,872.0,5539.35,4
205413,12780.0,252.0,8193.75,1
205430,29590.0,600.0,2599.31,5
205445,46177.0,859.0,4905.32,0
205465,39854.0,227.0,5217.51,4
205505,0.0,1737.0,3618.43,6
205658,40672.0,1892.0,9559.34,4
205671,59207.0,2215.0,13770.98,2
205697,23665.0,623.0,22658.54,5
205698,22726.0,2108.0,5087.02,4
205785,28142.0,858.0,3873.65,1
205826,51437.0,117.0,22754.66,2
206050,37931.0,213.0,27495.42,5
206108,70973.0,2393.0,9129.87,4
206119,0.0,1485.0,4224.83,2
206207,78358.0,1798.0,10307.65,0
206284,0.0,276.0,6784.89,1
206328,75644.0,1229.0,4974.8,2
206332,0.0,243.0,6189.12,2
206366,13792.0,1180.0,6317.37,4
206466,95697.0,253.0,8564.77,1
206576,12902.0,244.0,4904.89,2
206591,47746.0,798.0,4260.77,2
206680,0.0,2120.0,6265.34,3
206772,0.0,931.0,2523.17,5
206773,32314.0,620.0,3677.78,1
206871,0.0,1160.0,3962.83,1
206890,34835.0,1122.0,6981.08,1
206914,50632.0,2166.0,2483.64,2
206925,17130.0,1563.0,28432.0,4
206947,0.0,552.0,3871.07,3
206992,35625.0,943.0,5107.16,1
207001,88706.0,1275.0,13372.02,5
207047,19186.0,224.0,4518.78,4
207110,49532.0,666.0,3136.43,2
207195,39626.0,980.0,5461.55,2
207220,0.0,806.0,6661.74,6
207372,84491.0,369.0,4383.15,0
207453,69417.0,974.0,2842.27,1
207484,24031.0,2352.0,8496.06,3
207492,18141.0,2410.0,8936.37,0
207500,40564.0,997.0,11726.19,4
207543,62396.0,538.0,22951.89,1
207576,54780.0,2424.0,6862.51,5
207821,19581.0,1209.0,2342.01,2
207860,0.0,243.0,6919.02,0
207865,25147.0,752.0,3600.93,1
208234,0.0,1642.0,7281.25,4
208241,24959.0,87.0,3576.71,0
208256,0.0,1901.0,2938.08,1
208323,16244.0,1300.0,2523.96,5
208329,24083.0,2291.0,7317.01,0
208368,81082.0,314.0,5838.9,1
208375,50472.0,348.0,6832.13,2
208485,46900.0,1130.0,2580.85,6
208517,0.0,318.0,12362.09,1
208553,34614.0,1239.0,8954.43,3
208584,0.0,1229.0,9238.31,5
208585,0.0,24.0,3761.79,0
208586,74624.0,379.0,2454.36,0
208630,18129.0,615.0,5229.99,0
208634,29664.0,710.0,5385.85,1
208649,0.0,1909.0,3491.74,1
208668,92107.0,180.0,7013.44,0
208787,33599.0,1861.0,9388.98,2
208940,31063.0,1680.0,10808.07,1
208961,0.0,272.0,17793.61,4
208967,47325.0,2313.0,8534.79,1
209021,58443.0,547.0,5143.65,3
209022,78617.0,1765.0,8052.24,1
209058,19864.0,1870.0,2359.42,4
209102,64396.0,2243.0,16373.73,1
209107,58194.0,294.0,10049.29,2
209134,57647.0,337.0,3781.45,2
209172,0.0,1956.0,5504.14,4
209249,11885.0,2412.0,11315.2,4
209357,26747.0,1327.0,4759.62,2
209405,40036.0,2426.0,7869.43,1
209675,29957.0,1492.0,5046.89,4
209729,24910.0,990.0,2248.45,1
209787,0.0,2395.0,15814.75,1
209831,34837.0,1482.0,7663.51,4
209846,0.0,535.0,16236.48,1
209850,22355.0,177.0,7873.71,4
209886,71592.0,2006.0,8742.06,1
209994,0.0,2119.0,14741.76,4
210100,33806.0,139.0,27789.69,1
210148,0.0,244.0,4383.75,1
210205,97768.0,1196.0,8692.64,1
210226,67696.0,1050.0,10852.96,4
210236,96331.0,1855.0,9159.01,1
210247,79297.0,557.0,5054.78,1
210291,98710.0,423.0,40132.01,4
210298,0.0,929.0,7494.09,4
210339,0.0,1512.0,5775.52,1
210385,78494.0,288.0,3209.66,1
210416,0.0,2018.0,3402.39,2
210442,66156.0,245.0,5762.47,6
210485,77362.0,202.0,2796.8,2
210498,56379.0,1852.0,9934.87,2
210630,0.0,1423.0,4922.17,4
210647,20075.0,1590.0,2913.32,2
210725,44096.0,1840.0,25253.1,4
210734,61725.0,826.0,8512.13,2
210746,44934.0,2200.0,4869.28,2
210752,97017.0,1990.0,4637.03,4
210755,0.0,672.0,21423.64,1
210761,25542.0,396.0,11084.61,4
210770,79325.0,1153.0,5482.55,2
210815,0.0,397.0,27580.55,1
210835,29152.0,1755.0,2446.91,1
210870,0.0,421.0,8385.25,1
210910,0.0,1071.0,7974.39,2
211030,17101.0,435.0,12298.69,0
211043,0.0,2366.0,4566.12,7
211058,56263.0,699.0,14718.12,4
211083,0.0,1494.0,4916.48,1
211217,0.0,1668.0,3857.77,3
211475,31591.0,483.0,2764.8,1
211524,43758.0,342.0,6803.6,2
211549,0.0,1833.0,2199.62,1
211575,0.0,466.0,5331.82,4
211589,50562.0,922.0,6279.82,2
211625,70624.0,2165.0,8471.29,1
211714,14476.0,1301.0,4236.84,2
211715,60068.0,244.0,3903.47,1
211755,57134.0,25.0,7285.1,4
211802,80355.0,358.0,22235.01,2
211842,22044.0,730.0,7405.42,1
211891,76792.0,1313.0,2498.96,2
211966,85789.0,1886.0,12332.52,2
211984,29120.0,494.0,5556.91,2
212128,42056.0,317.0,3130.68,1
212130,29894.0,1292.0,5106.78,1
212189,0.0,885.0,2517.53,1
212209,40870.0,1303.0,12731.95,4
212230,42800.0,1831.0,6102.31,2
212301,49889.0,2401.0,32861.26,4
212304,39854.0,2362.0,5217.51,1
212350,0.0,2244.0,17254.04,4
212477,0.0,525.0,2433.09,3
212484,46503.0,391.0,8427.17,1
212493,0.0,2355.0,8105.87,2
212544,25905.0,465.0,2300.69,3
212553,0.0,86.0,13727.8,0
212579,0.0,85.0,7388.73,4
212602,25575.0,254.0,14191.6,1
212604,0.0,856.0,4882.07,4
212695,0.0,91.0,5871.61,3
212707,86830.0,2280.0,9696.55,1
212735,76731.0,1244.0,2582.41,1
212762,0.0,2141.0,7292.4,6
212848,0.0,182.0,9234.28,1
212849,0.0,1882.0,2533.8,2
212862,30865.0,1539.0,8329.29,0
212977,50165.0,217.0,7340.5,1
213013,19168.0,816.0,24061.11,4
213086,90083.0,1534.0,2861.72,4
213112,71333.0,467.0,3721.06,2
213113,64495.0,2283.0,3660.77,1
213177,0.0,2343.0,7247.31,1
213246,0.0,444.0,2496.48,4
213297,27694.0,1215.0,8434.12,4
213303,66106.0,2206.0,7638.44,2
213432,86732.0,1889.0,7263.6,2
213480,68073.0,368.0,9080.28,2
213545,55687.0,152.0,10963.96,1
213723,32714.0,961.0,3469.84,1
213813,0.0,2409.0,3659.18,0
213841,0.0,2058.0,12252.6,5
213934,24164.0,1457.0,10972.07,2
213979,42790.0,2311.0,6907.55,1
214020,0.0,8.0,5140.11,2
214030,26630.0,1661.0,8365.68,2
214095,91169.0,246.0,2544.97,2
214123,26030.0,245.0,16229.65,1
214322,78618.0,499.0,2619.34,1
214354,30584.0,1747.0,8072.75,1
214504,60060.0,1837.0,2690.48,4
214605,58498.0,1100.0,2570.16,3
214639,31349.0,855.0,3677.91,4
214661,0.0,1027.0,12285.05,2
214878,0.0,2334.0,8715.95,4
214995,37874.0,2190.0,5258.25,1
215051,73769.0,412.0,4822.44,1
215089,36794.0,1952.0,3837.49,6
215257,28909.0,1433.0,5246.28,4
215260,60986.0,472.0,5331.74,1
215294,88997.0,243.0,5757.44,5
215314,0.0,70.0,6277.01,5
215508,74730.0,1197.0,4819.18,1
215567,0.0,1446.0,3164.49,2
215626,0.0,2415.0,2325.26,3
215639,57016.0,342.0,9551.17,3
215651,0.0,546.0,3467.32,1
215719,23091.0,233.0,5926.73,5
215751,14262.0,242.0,3460.67,5
215840,0.0,2175.0,2392.13,2
215869,58643.0,1231.0,5812.0,4
215952,26806.0,2337.0,7019.18,3
215955,0.0,410.0,8083.54,1
216040,0.0,1406.0,9085.2,2
216072,93210.0,134.0,11430.59,5
216095,43946.0,287.0,15865.17,4
216109,88122.0,2095.0,5948.99,4
216139,91123.0,1744.0,10883.79,0
216269,10275.0,2212.0,3495.89,2
216359,10563.0,142.0,13523.13,1
216445,23091.0,7.0,5926.73,1
216467,13483.0,1631.0,4083.56,3
216487,86617.0,926.0,2518.11,1
216500,0.0,2331.0,5341.44,1
216517,85355.0,1990.0,8405.75,1
216573,23986.0,2190.0,4724.79,1
216596,74034.0,330.0,2862.18,2
216652,56835.0,242.0,5387.93,5
216658,75449.0,1031.0,2442.2,1
216661,54834.0,270.0,5647.15,2
216666,0.0,615.0,20370.77,0
216683,0.0,824.0,9295.41,4
216719,39815.0,826.0,7492.06,7
216725,41479.0,1026.0,3746.75,4
216762,28700.0,1713.0,2575.32,1
216937,70286.0,2370.0,5372.35,4
216946,0.0,589.0,2776.32,2
217051,0.0,1668.0,6893.17,4
217054,58778.0,1483.0,44795.47,5
217124,80237.0,2134.0,13178.43,1
217204,57587.0,607.0,5418.15,2
217235,70958.0,788.0,9212.61,4
217284,25398.0,245.0,4815.01,5
217364,31617.0,251.0,2347.05,2
217401,67627.0,245.0,14002.38,1
217497,55281.0,242.0,7605.64,2
217616,87050.0,169.0,5160.25,6
217695,23904.0,1935.0,4334.06,1
217754,96335.0,1289.0,3887.32,4
217761,98701.0,831.0,7610.84,2
217772,40548.0,476.0,11692.01,7
217792,58089.0,1570.0,4686.47,2
217802,0.0,2233.0,3747.06,4
217862,91147.0,847.0,8563.97,1
217967,0.0,244.0,5227.77,1
218122,32403.0,1896.0,5583.83,4
218127,63401.0,243.0,27643.24,2
218241,64620.0,2011.0,18073.94,5
218277,25236.0,953.0,3449.49,4
218278,23031.0,321.0,35227.3,2
218311,0.0,775.0,4151.67,1
218362,68197.0,825.0,5553.3,1
218373,0.0,256.0,2681.33,2
218383,36633.0,2386.0,3757.8,1
218425,0.0,1844.0,4422.41,2
218529,0.0,692.0,4727.35,4
218538,20090.0,546.0,34611.38,5
218545,49833.0,1583.0,5564.74,1
218601,63657.0,1245.0,10089.79,3
218757,79452.0,375.0,2551.31,4
218917,0.0,714.0,14635.45,4
219043,0.0,2191.0,4031.54,4
219139,61321.0,1025.0,58166.55,5
219160,42191.0,2204.0,17732.46,1
219270,71210.0,242.0,25807.06,1
219276,21150.0,1768.0,9144.86,4
219413,21546.0,616.0,4723.82,4
219431,0.0,322.0,3982.27,5
219555,19614.0,2401.0,16301.97,0
219646,23333.0,2232.0,2974.31,1
219714,0.0,944.0,3539.97,1
219747,0.0,1326.0,9955.49,2
219779,23046.0,2172.0,22563.62,1
219806,48029.0,243.0,9101.52,0
219984,0.0,295.0,32437.05,4
220131,58327.0,311.0,10364.35,5
220139,53863.0,243.0,15182.28,5
220244,0.0,1626.0,4446.74,2
220315,0.0,216.0,4813.28,1
220358,63147.0,621.0,5126.04,1
220538,22050.0,366.0,2548.39,2
220564,17622.0,1649.0,4458.11,1
220601,82534.0,116.0,4692.05,0
220616,42983.0,944.0,3483.63,1
220794,25074.0,1259.0,13248.64,0
220802,0.0,1898.0,6861.28,4
220806,0.0,1429.0,3823.85,4
220808,86001.0,308.0,4358.76,2
220822,0.0,2121.0,21423.64,1
220892,64388.0,945.0,16172.94,1
221014,93348.0,124.0,5266.42,0
221075,45506.0,1434.0,7713.49,5
221204,27604.0,1912.0,6969.88,0
221205,37282.0,1090.0,25169.19,0
221254,58842.0,1113.0,4362.93,2
221287,21024.0,972.0,6277.84,2
221328,74931.0,2057.0,3571.83,4
221345,20497.0,1251.0,7785.67,4
221361,11854.0,1159.0,13118.74,4
221388,0.0,2008.0,4531.37,1
221446,43811.0,1939.0,9429.63,1
221469,52717.0,1932.0,8679.84,4
221595,34133.0,205.0,8834.32,1
221627,77512.0,242.0,8370.4,1
221643,40447.0,2062.0,8314.31,0
221709,30205.0,286.0,15245.25,0
221721,35693.0,2410.0,12265.6,1
221775,0.0,1590.0,11293.98,1
221813,72211.0,304.0,2906.3,2
221862,42968.0,737.0,2732.61,2
221993,70602.0,546.0,9416.91,5
222065,13050.0,2011.0,8079.83,3
222102,56480.0,2280.0,10330.44,4
222278,20396.0,2428.0,6047.03,5
222280,0.0,261.0,6466.3,4
222425,33811.0,242.0,7221.15,2
222453,52721.0,1009.0,5438.7,2
222490,42218.0,1236.0,20314.44,4
222644,65727.0,296.0,10861.52,4
222702,0.0,323.0,6556.1,0
222743,27504.0,2209.0,22647.22,1
222748,33451.0,1703.0,2674.23,0
222874,26057.0,1559.0,8509.85,5
222929,48473.0,1274.0,2444.9,2
222960,81839.0,1249.0,5207.99,4
223018,88997.0,34.0,5757.44,4
223081,30604.0,940.0,9915.9,4
223238,51814.0,71.0,3517.39,5
223313,0.0,375.0,9015.92,2
223354,67241.0,1090.0,5405.52,1
223380,0.0,47.0,7700.62,4
223534,37541.0,2005.0,13094.2,4
223587,93284.0,497.0,4013.96,2
223632,28422.0,1908.0,7891.58,1
223638,32051.0,7.0,7724.84,5
223643,0.0,157.0,5553.36,6
223684,58842.0,181.0,4362.93,1
223946,82093.0,1259.0,4942.87,4
223958,64348.0,590.0,3435.25,1
224000,40987.0,1057.0,2938.08,1
224130,57563.0,2371.0,2592.93,0
224132,37478.0,242.0,4171.19,2
224178,0.0,2237.0,32777.3,4
224298,14321.0,769.0,2398.35,4
224384,90034.0,2075.0,4528.74,1
224402,43358.0,804.0,4878.95,1
224530,40135.0,9.0,3208.92,4
224607,32051.0,51.0,7724.84,1
224661,0.0,1143.0,7444.94,4
224664,85586.0,1919.0,3113.34,4
224666,59216.0,451.0,5061.18,3
224676,36938.0,2314.0,5682.52,1
224691,0.0,950.0,7343.35,1
224740,97162.0,2284.0,3459.04,4
224842,0.0,220.0,8923.11,2
224854,78618.0,478.0,2619.34,7
224924,0.0,2061.0,3615.89,2
224952,20263.0,1927.0,4200.82,1
225067,0.0,1736.0,2298.38,1
225077,26802.0,2263.0,4636.55,0
225087,96869.0,2311.0,8029.39,1
225088,90310.0,1192.0,4170.34,2
225205,55687.0,222.0,10963.96,2
225262,19019.0,883.0,6991.25,1
225279,48329.0,309.0,2690.78,1
225318,0.0,2247.0,2739.06,2
225327,71210.0,1224.0,25807.06,1
225363,15897.0,1276.0,15363.85,5
225482,97868.0,2089.0,5577.54,4
225486,42862.0,1894.0,23435.73,4
225529,12266.0,366.0,8161.17,4
225576,34854.0,297.0,11378.89,1
225656,0.0,68.0,5018.73,1
225743,43461.0,243.0,5165.81,1
225746,63624.0,1849.0,41143.09,4
225748,0.0,243.0,5907.15,4
225891,64801.0,788.0,7582.11,1
225920,68563.0,923.0,10425.99,2
225930,0.0,318.0,2848.56,1
225972,92834.0,520.0,2443.67,1
226176,0.0,243.0,5121.56,5
226191,83318.0,653.0,5811.92,2
226194,87002.0,1446.0,26576.32,1
226360,28919.0,2217.0,13350.12,1
226387,62977.0,245.0,4482.02,1
226422,79487.0,1823.0,4626.8,2
226511,0.0,1923.0,4653.09,2
226643,38870.0,598.0,2877.81,1
226710,75634.0,1646.0,13333.39,1
226804,24980.0,80.0,8160.59,4
226842,57283.0,866.0,4080.82,4
226847,73435.0,2230.0,5525.84,2
226866,95102.0,556.0,8223.16,3
226924,61040.0,254.0,6269.59,3
227008,0.0,1949.0,4665.25,0
227015,23352.0,2226.0,4341.36,0
227234,78387.0,587.0,5924.67,4
227239,21331.0,686.0,12208.12,1
227274,80979.0,192.0,6622.05,2
227293,58518.0,2168.0,10899.3,2
227303,75037.0,151.0,13530.03,1
227398,27760.0,234.0,16464.37,1
227429,87462.0,1938.0,2436.01,1
227433,0.0,470.0,8329.04,0
227547,20742.0,734.0,11177.75,4
227796,74489.0,1738.0,10014.03,4
227804,97719.0,603.0,2721.59,2
227808,69700.0,295.0,7109.3,2
227906,86073.0,1252.0,5500.01,1
228151,0.0,1599.0,5504.14,2
228273,21474.0,1078.0,8668.61,1
228469,43318.0,245.0,5261.1,3
228557,35158.0,190.0,15025.19,2
228580,31071.0,2423.0,4305.79,1
228673,88049.0,2283.0,7341.74,0
228748,0.0,1110.0,2050.62,1
228772,72731.0,1425.0,2584.53,1
228820,67206.0,412.0,7159.81,0
228896,80969.0,1957.0,17441.64,4
228984,34640.0,1135.0,4530.53,2
228995,0.0,1576.0,12767.23,1
229075,22985.0,26.0,3065.37,2
229094,62773.0,1775.0,5887.18,1
229166,30250.0,1562.0,7366.09,1
229204,0.0,134.0,4652.89,2
229210,27354.0,1770.0,6775.92,4
229265,49088.0,2221.0,13107.93,1
229308,27835.0,88.0,6376.75,4
229391,56228.0,36.0,2520.3,0
229436,0.0,704.0,7452.94,1
229530,91193.0,2279.0,14886.71,3
229612,67591.0,2340.0,3087.43,4
229621,52984.0,622.0,5554.83,6
229636,68658.0,2192.0,6019.93,4
229677,60192.0,969.0,17816.68,2
229692,0.0,243.0,4574.0,1
229842,12195.0,1888.0,7453.0,3
229861,70911.0,242.0,2386.2,0
230027,50843.0,1086.0,6332.94,1
230070,11828.0,242.0,10083.49,4
230101,92777.0,1189.0,8146.27,4
230124,52423.0,49.0,13916.93,4
230240,16101.0,2143.0,5534.57,3
230311,30361.0,1582.0,4781.82,0
230337,0.0,386.0,5885.34,1
230429,62739.0,2298.0,5581.76,1
230560,0.0,307.0,8231.22,2
230687,0.0,243.0,7643.07,2
230693,45963.0,1925.0,14914.53,1
230763,74960.0,1025.0,5507.16,2
230840,38521.0,706.0,5293.37,1
230908,23474.0,2409.0,3964.15,2
230942,55593.0,768.0,14203.04,4
231013,10312.0,1160.0,2886.45,1
231047,36088.0,1906.0,5528.21,1
231080,66216.0,243.0,36860.73,4
231084,91811.0,923.0,2857.11,3
231090,79880.0,1493.0,6310.4,1
231273,39452.0,1458.0,5103.36,2
231319,52583.0,243.0,8879.79,4
231462,0.0,1642.0,23895.68,0
231508,35205.0,1777.0,2967.67,4
231530,83640.0,2421.0,5689.64,2
231592,74835.0,958.0,10760.18,4
231614,72834.0,2401.0,2464.24,1
231641,49988.0,1823.0,6408.79,1
231755,0.0,1779.0,9048.98,2
231843,0.0,788.0,4896.27,2
231992,60420.0,299.0,19896.42,5
232022,71391.0,1446.0,8044.87,1
232137,40032.0,1590.0,9246.22,4
232203,94885.0,952.0,3470.18,0
232290,25134.0,1481.0,5318.9,5
232317,72517.0,245.0,13156.75,1
232395,0.0,1770.0,10759.4,7
232426,0.0,245.0,5208.35,2
232450,21442.0,2097.0,8312.68,5
232533,0.0,142.0,36695.91,2
232555,41456.0,1291.0,2919.71,2
232579,0.0,212.0,10595.81,0
232609,0.0,1828.0,4022.96,5
232685,99823.0,1065.0,14091.19,1
232703,25236.0,2258.0,3449.49,2
232755,45225.0,279.0,4787.81,2
232871,72196.0,808.0,18929.33,1
232884,22276.0,199.0,17250.75,2
232907,0.0,540.0,6553.94,3
232924,25251.0,2227.0,11790.5,7
233017,38500.0,541.0,3982.18,2
233051,22886.0,387.0,5096.67,2
233084,22520.0,1756.0,5498.94,4
233437,37586.0,243.0,9918.7,4
233646,0.0,1803.0,4815.02,3
233738,0.0,1891.0,6582.45,2
233768,67798.0,1095.0,5548.03,2
233774,0.0,195.0,10153.89,2
233819,0.0,1865.0,3871.78,3
233831,73268.0,267.0,10881.77,4
233877,77627.0,186.0,10552.88,2
233958,0.0,2197.0,8714.92,1
233969,67575.0,631.0,11014.16,2
233991,43054.0,2366.0,5418.46,1
234047,23402.0,1622.0,4786.01,4
234256,58419.0,1923.0,7764.27,1
234435,88218.0,2255.0,11895.18,4
234454,92593.0,139.0,2692.06,1
234515,29598.0,1042.0,9875.09,1
234562,0.0,638.0,8332.73,1
234588,26802.0,1246.0,4636.55,2
234630,86631.0,1086.0,2845.52,0
234807,23909.0,692.0,21569.34,1
234836,70263.0,244.0,7462.93,4
234866,0.0,1587.0,4558.59,3
234878,90443.0,2161.0,2644.98,4
234895,40154.0,512.0,2698.05,0
234922,99845.0,507.0,8819.02,2
234973,0.0,1919.0,5800.77,4
235030,83761.0,60.0,8900.42,3
235063,34236.0,1236.0,5509.38,2
235092,52583.0,1060.0,8879.79,1
235102,41546.0,933.0,8709.85,1
235220,17860.0,242.0,3288.83,1
235229,37722.0,325.0,9075.77,4
235391,28909.0,2366.0,5246.28,4
235398,21235.0,2311.0,3102.79,1
235428,60021.0,2279.0,3939.01,3
235454,53503.0,1530.0,8873.53,4
235459,14174.0,1449.0,5598.27,1
235506,58414.0,467.0,7840.17,5
235585,0.0,226.0,9415.9,3
235629,26952.0,209.0,5140.39,3
235683,0.0,499.0,38055.21,4
235709,0.0,809.0,6941.9,5
235716,55419.0,958.0,5838.13,4
235857,36121.0,1222.0,9470.27,4
235872,13330.0,2111.0,4046.94,1
235882,35503.0,1547.0,2661.03,1
235885,29286.0,1473.0,2727.08,4
235930,74918.0,1825.0,3360.44,0
236001,34482.0,1092.0,13265.96,2
236003,41005.0,1456.0,2719.85,1
236026,19614.0,2380.0,16301.97,2
236037,12430.0,244.0,5169.5,4
236093,34148.0,631.0,12883.81,1
236129,10860.0,1201.0,2563.39,3
236165,52018.0,1807.0,5971.31,4
236300,32272.0,388.0,4384.35,0
236395,62338.0,1962.0,7326.54,0
236593,0.0,1287.0,5016.64,4
236701,85942.0,261.0,9114.28,4
236710,83195.0,1229.0,2937.42,4
236767,95697.0,1413.0,2471.53,5
236794,0.0,19.0,6625.47,1
236874,54408.0,1970.0,6314.58,2
237018,36168.0,1398.0,3549.02,4
237094,91603.0,667.0,5024.03,0
237105,28264.0,403.0,4624.56,3
237106,91890.0,2206.0,8738.3,2
237107,67572.0,245.0,24826.89,0
237274,0.0,1739.0,10759.4,1
237293,0.0,2016.0,6109.14,1
237303,79674.0,689.0,8660.84,1
237312,83235.0,254.0,14158.61,1
237319,44656.0,409.0,8270.63,4
237402,0.0,1401.0,19957.79,4
237434,22497.0,761.0,16985.5,1
237492,56342.0,539.0,2674.73,4
237586,96950.0,995.0,13862.1,4
237651,10621.0,767.0,4386.28,5
237729,0.0,1035.0,2163.87,1
237751,0.0,188.0,3031.4,2
237770,74015.0,595.0,5555.83,1
237858,34990.0,298.0,2574.02,1
237888,73054.0,607.0,12741.85,1
237984,0.0,621.0,4896.26,4
238063,97658.0,2390.0,6159.01,3
238070,0.0,143.0,10996.71,4
238119,60230.0,2051.0,3906.67,4
238156,0.0,2319.0,2502.64,2
238193,40602.0,1175.0,12383.53,3
238233,73345.0,618.0,4307.42,1
238342,0.0,315.0,2179.43,2
238367,65196.0,481.0,24084.54,1
238434,79632.0,1601.0,8292.63,2
238442,73903.0,1565.0,11718.42,2
238556,60021.0,1986.0,3939.01,2
238607,81082.0,1832.0,5838.9,3
238640,85871.0,575.0,3693.44,1
238647,63977.0,947.0,4737.84,4
238649,32238.0,2096.0,7153.21,4
238752,0.0,2365.0,5612.38,1
238753,12902.0,2032.0,4904.89,2
238796,96668.0,519.0,5272.19,1
238814,0.0,1216.0,2449.58,1
238939,67371.0,1040.0,5059.33,2
239027,25632.0,1585.0,4929.55,1
239182,99961.0,1965.0,2628.47,2
239184,0.0,1856.0,6877.82,1
239221,66152.0,8.0,4407.97,2
239276,98235.0,774.0,7446.81,1
239457,87796.0,289.0,5907.91,2
239476,33806.0,1296.0,27789.69,4
239490,19121.0,1653.0,3645.46,4
239525,40867.0,296.0,8920.46,5
239605,68568.0,1515.0,18089.8,1
239606,92717.0,1560.0,8459.05,1
239749,0.0,244.0,8007.4,4
239892,0.0,1348.0,5515.41,1
239955,44368.0,300.0,6366.23,4
239956,0.0,721.0,3049.84,0
239970,22594.0,1241.0,5146.81,2
240044,95782.0,713.0,2743.55,1
240132,36631.0,2224.0,2491.32,1
240135,28909.0,243.0,5246.28,4
240141,66795.0,243.0,7680.75,4
240143,40463.0,370.0,4944.24,2
240209,0.0,1450.0,20534.39,2
240299,46507.0,244.0,5564.96,2
240330,0.0,1659.0,5152.82,1
240362,36692.0,1539.0,4276.36,1
240365,93818.0,245.0,5380.31,4
240442,0.0,2325.0,3293.25,6
240476,58580.0,1555.0,4879.44,4
240500,42512.0,87.0,4049.81,2
240760,20705.0,981.0,13115.41,6
240761,86946.0,1995.0,9438.92,1
240774,0.0,71.0,2456.82,3
240829,0.0,1625.0,2263.28,2
240861,82875.0,242.0,2824.68,0
240886,63892.0,1349.0,7948.57,4
240942,0.0,852.0,6968.34,1
240963,33738.0,262.0,2899.32,1
241038,27444.0,1622.0,5244.55,1
241069,0.0,365.0,5337.35,1
241144,10621.0,1472.0,4386.28,2
241165,88430.0,492.0,13297.64,2
241167,57135.0,1994.0,4762.59,6
241374,95854.0,1763.0,2632.55,1
241391,0.0,2244.0,6409.63,1
241421,22732.0,1942.0,2445.84,5
241436,88997.0,1369.0,5757.44,1
241455,26721.0,161.0,6747.52,0
241468,0.0,191.0,11834.73,3
241495,81367.0,607.0,8287.68,1
241600,0.0,2390.0,5815.05,2
241641,83846.0,1366.0,8717.05,5
241675,58480.0,1386.0,8861.48,1
241677,24804.0,2270.0,20171.96,5
241714,51397.0,2106.0,2345.26,1
241849,56788.0,588.0,8197.71,2
241854,98623.0,263.0,17019.19,3
241967,0.0,756.0,6288.16,2
241990,31727.0,2434.0,3536.65,2
242028,48473.0,1426.0,2444.9,1
242203,27972.0,695.0,2227.07,2
242288,69819.0,865.0,2639.98,1
242304,75203.0,2041.0,12682.25,5
242348,28447.0,2055.0,5259.71,4
242377,0.0,262.0,4221.31,1
242387,25539.0,244.0,8438.46,1
242637,31421.0,606.0,9594.78,4
242719,40153.0,70.0,7227.12,1
242779,47888.0,2011.0,2489.17,2
242789,0.0,1898.0,3962.83,2
242812,97024.0,1244.0,7083.64,0
242839,75217.0,2371.0,7173.91,5
242917,62053.0,1600.0,10827.87,4
242980,55478.0,245.0,8539.83,1
243001,11904.0,45.0,4254.62,1
243005,0.0,2141.0,14428.87,6
243018,0.0,2166.0,2822.73,3
243061,74775.0,860.0,3829.09,2
243153,67890.0,243.0,5020.47,1
243191,18608.0,1588.0,2538.63,1
243272,70908.0,364.0,36632.53,1
243273,97298.0,47.0,30475.78,5
243294,45794.0,335.0,5827.48,4
243444,0.0,1591.0,11537.51,1
243455,38736.0,638.0,9597.47,5
243557,0.0,1780.0,3726.73,1
243642,27398.0,1925.0,2331.33,0
243696,72845.0,1997.0,13158.37,1
243713,0.0,324.0,3883.4,3
243726,57693.0,473.0,5979.72,2
243734,13129.0,462.0,8635.4,5
243741,84302.0,2098.0,7425.85,2
243751,23791.0,1120.0,8495.16,5
243965,22981.0,173.0,2393.12,4
244032,77846.0,805.0,4798.24,2
244039,11885.0,666.0,11315.2,2
244099,0.0,308.0,4863.54,1
244132,32555.0,1933.0,7927.18,1
244245,0.0,2033.0,10377.37,2
244271,0.0,1704.0,15984.53,2
244296,16244.0,1783.0,2523.96,1
244308,54950.0,853.0,8193.56,2
244367,17449.0,913.0,15550.19,3
244387,0.0,1503.0,4165.4,7
244398,0.0,1017.0,17602.51,0
244414,89096.0,2080.0,8718.06,2
244419,0.0,323.0,8470.04,3
244475,92606.0,920.0,8711.3,1
244527,73339.0,265.0,17788.06,4
244538,0.0,895.0,6240.66,6
244595,17101.0,37.0,12298.69,1
244611,44379.0,825.0,6529.91,4
244652,13908.0,1559.0,8558.04,2
244676,45971.0,428.0,5512.34,4
244721,31115.0,150.0,7308.43,1
244734,30595.0,180.0,8114.41,2
244762,0.0,1837.0,7412.96,1
244844,0.0,62.0,6062.44,2
244865,41186.0,485.0,5100.74,2
244925,72960.0,517.0,5334.18,4
245066,0.0,314.0,7781.0,5
245227,42433.0,227.0,6751.78,1
245289,81893.0,1927.0,2858.29,2
245307,0.0,96.0,5006.61,1
245356,0.0,939.0,6113.87,6
245419,0.0,1895.0,3288.66,2
245440,0.0,1370.0,6679.14,0
245465,11811.0,1228.0,4319.15,0
245575,63774.0,687.0,4376.36,6
245604,47747.0,1521.0,4379.77,2
245671,77309.0,243.0,3358.66,2
245800,0.0,2253.0,8901.68,1
245929,0.0,1401.0,7180.28,4
246059,34133.0,603.0,8834.32,2
246117,75438.0,138.0,5392.44,2
246187,16154.0,831.0,18534.61,4
246273,53691.0,2251.0,24138.06,6
246323,11193.0,1714.0,8164.31,3
246399,52583.0,199.0,8879.79,3
246405,25965.0,2280.0,2491.26,1
246421,73466.0,263.0,8161.58,5
246517,0.0,1938.0,3683.1,1
246571,0.0,1348.0,2496.77,2
246581,68946.0,33.0,5737.5,4
246591,76731.0,460.0,2582.41,1
246690,0.0,292.0,7343.35,2
246722,44788.0,475.0,7285.03,1
246734,0.0,1167.0,2336.18,4
246736,33760.0,156.0,11944.4,0
246737,0.0,939.0,4531.68,0
246775,11896.0,441.0,5227.23,1
246800,60244.0,983.0,3238.0,4
246911,0.0,138.0,5674.38,1
246935,29977.0,1635.0,15769.11,3
247050,59047.0,2338.0,8750.64,0
247103,59496.0,2378.0,3527.85,4
247180,56379.0,1567.0,9934.87,1
247220,23158.0,1213.0,2454.58,1
247247,0.0,1180.0,3508.93,6
247391,25023.0,243.0,12734.21,1
247433,80321.0,604.0,38230.21,2
247471,75644.0,2146.0,4974.8,1
247514,69152.0,1989.0,3319.62,1
247551,82320.0,2301.0,27443.47,1
247607,0.0,966.0,3569.86,2
247645,76797.0,1786.0,16953.08,1
247680,27972.0,688.0,2227.07,5
247692,64125.0,242.0,8646.5,0
247714,68309.0,687.0,10357.51,5
247721,22886.0,2007.0,5096.67,4
247833,0.0,168.0,2966.94,0
248011,0.0,937.0,4068.09,1
248138,48091.0,999.0,8617.55,4
248196,51643.0,243.0,11009.13,4
248265,22537.0,1599.0,22425.26,2
248356,63209.0,757.0,20315.0,5
248433,0.0,1208.0,3123.08,2
248445,52651.0,122.0,29874.74,6
248461,0.0,2299.0,8689.82,1
248487,66889.0,2085.0,3241.31,5
248497,63624.0,180.0,41143.09,2
248593,36234.0,1467.0,5041.3,1
248620,0.0,2223.0,8296.18,1
248664,45329.0,24.0,4954.29,4
248752,0.0,99.0,2382.67,1
248885,0.0,848.0,9490.41,2
248886,56586.0,243.0,4013.95,6
248950,65742.0,153.0,3179.47,1
248952,86732.0,2046.0,7263.6,1
249019,87615.0,1513.0,7573.34,3
249224,75644.0,2152.0,4974.8,1
249270,97899.0,291.0,7486.07,2
249352,25646.0,1207.0,6013.74,3
249381,27756.0,178.0,5578.52,0
249408,0.0,305.0,3792.83,0
249466,0.0,1364.0,4741.81,1
249555,0.0,1102.0,4876.47,1
249559,25927.0,2199.0,3933.81,0
249639,51692.0,48.0,7484.38,4
249693,25370.0,2387.0,11638.9,1
249723,32150.0,1806.0,7887.82,2
249795,42889.0,392.0,5936.34,2
249811,25317.0,433.0,2829.86,1
249813,0.0,1455.0,26570.34,4
249833,66203.0,217.0,5297.92,3
249841,95419.0,715.0,8268.27,1
249982,84429.0,2357.0,9802.55,2
250089,67241.0,257.0,5405.52,5
250194,44341.0,2223.0,12522.54,2
250280,37910.0,750.0,8521.74,2
250311,23170.0,2281.0,2646.57,1
250315,24851.0,1389.0,32069.88,0
250363,94003.0,245.0,2534.95,4
250380,23634.0,437.0,4803.78,6
250391,27558.0,191.0,7568.85,1
250422,12075.0,2326.0,7264.8,2
250540,33967.0,73.0,5871.18,1
250586,0.0,2128.0,8827.23,4
250609,68103.0,159.0,3244.82,5
250619,47285.0,1027.0,2503.6,3
250696,62470.0,1940.0,5325.39,2
250711,0.0,1708.0,3979.39,2
250854,31115.0,1094.0,7308.43,2
250921,59853.0,849.0,19454.41,1
251012,0.0,491.0,14944.84,1
251020,85367.0,245.0,3433.82,2
251023,0.0,1872.0,4016.54,1
251081,79189.0,43.0,2878.77,4
251095,53310.0,769.0,7082.83,5
251116,70432.0,914.0,4766.65,4
251195,37695.0,2160.0,13931.35,0
251211,50800.0,403.0,13369.44,4
251223,34886.0,479.0,6652.47,2
251324,0.0,2300.0,4777.12,1
251432,24982.0,1844.0,7613.05,3
251436,0.0,651.0,5714.25,3
251521,24030.0,203.0,7048.38,4
251641,0.0,628.0,22500.88,5
251779,36898.0,1332.0,13246.57,3
251874,17269.0,2244.0,10442.65,1
251950,46268.0,483.0,23675.03,2
252082,60345.0,1556.0,7229.33,6
252110,89284.0,1122.0,7920.11,1
252135,0.0,294.0,7350.18,0
252136,0.0,2116.0,14428.87,4
252147,30514.0,244.0,5384.02,4
252165,88997.0,242.0,5757.44,0
252271,0.0,919.0,17497.52,1
252341,28524.0,2053.0,4967.54,4
252419,40113.0,1355.0,5029.3,1
252450,25352.0,283.0,6863.12,2
252472,94903.0,276.0,3808.12,4
252476,0.0,743.0,3398.01,2
252531,25806.0,173.0,8750.71,3
252563,25876.0,244.0,6568.76,1
252628,67763.0,2248.0,8663.36,5
252679,54665.0,407.0,7693.12,3
252782,0.0,2102.0,7194.23,1
252954,0.0,943.0,19512.0,2
253046,45356.0,2205.0,7218.38,6
253056,71401.0,1068.0,5908.75,6
253082,50296.0,245.0,7737.27,4
253098,0.0,1125.0,4468.22,4
253210,35456.0,837.0,8545.61,2
253282,63583.0,1440.0,3314.55,2
253283,0.0,245.0,10169.37,1
253412,79751.0,0.0,2551.23,4
253466,0.0,395.0,12836.01,1
253528,0.0,404.0,8002.31,1
253601,24477.0,892.0,6289.95,2
253609,45345.0,285.0,14696.64,5
253619,0.0,733.0,5800.19,1
253635,82828.0,1502.0,8016.75,2
253689,21326.0,1841.0,7756.17,4
253825,0.0,1480.0,2305.24,4
253852,15169.0,1789.0,4746.69,5
254097,72540.0,245.0,10656.88,4
254161,61638.0,337.0,3167.89,1
254230,30763.0,2144.0,12948.4,4
254361,40450.0,2204.0,22207.83,2
254371,35398.0,1759.0,5563.77,3
254372,84365.0,1265.0,23981.54,1
254428,27880.0,243.0,5867.13,1
254546,0.0,1813.0,2442.22,4
254567,73760.0,213.0,25830.91,1
254575,0.0,2335.0,4572.04,2
254579,35149.0,1402.0,2552.23,2
254667,76352.0,1108.0,8444.84,2
254683,61067.0,2322.0,5067.64,4
254745,62262.0,275.0,25997.75,1
254853,48927.0,485.0,5801.13,2
254860,36088.0,1481.0,5528.21,5
254940,0.0,1731.0,2426.96,2
255019,0.0,23.0,2417.76,2
255028,80991.0,161.0,17995.87,3
255032,0.0,294.0,4845.0,4
255087,0.0,2262.0,14429.89,3
255108,66839.0,1833.0,5989.77,2
255183,34075.0,243.0,7639.67,2
255215,23053.0,1688.0,10127.77,2
255267,74871.0,1569.0,14517.44,2
255320,33190.0,1350.0,33473.35,1
255333,71391.0,1637.0,8044.87,4
255425,97830.0,1824.0,11628.73,2
255475,0.0,844.0,3686.72,1
255509,58620.0,703.0,2722.41,2
255546,0.0,1271.0,2063.39,2
255623,27604.0,437.0,6969.88,4
255653,26057.0,1178.0,8509.85,1
255718,24395.0,2136.0,4792.81,2
255740,94161.0,505.0,5586.89,4
255767,0.0,118.0,3744.58,2
255818,0.0,896.0,9350.87,2
255836,98784.0,1921.0,4971.35,1
255951,0.0,982.0,8078.53,2
255994,24152.0,242.0,2661.73,6
256003,0.0,2302.0,13494.76,2
256013,39754.0,1115.0,3369.71,1
256135,0.0,1339.0,4838.88,1
256147,0.0,2309.0,3958.0,1
256188,0.0,351.0,4270.03,1
256189,26676.0,245.0,4389.28,1
256198,50097.0,337.0,5531.72,1
256323,76157.0,1508.0,4669.23,4
256360,41004.0,550.0,11814.53,2
256434,0.0,1294.0,5373.72,4
256467,0.0,242.0,3312.25,1
256483,0.0,1481.0,8647.14,2
256486,69276.0,894.0,5797.6,2
256502,0.0,1669.0,10255.8,4
256544,82297.0,170.0,4538.85,1
256574,0.0,750.0,8403.91,1
256627,37056.0,181.0,11029.93,4
256731,27293.0,589.0,7614.14,5
256755,0.0,211.0,5849.32,5
256821,51883.0,259.0,5194.65,1
256920,0.0,173.0,10036.54,0
256945,0.0,243.0,5331.82,0
257236,77094.0,2217.0,13976.52,1
257301,0.0,2193.0,4811.18,4
257369,52728.0,244.0,4863.47,4
257391,44804.0,1260.0,4364.31,2
257393,25629.0,791.0,9624.52,1
257417,16794.0,2273.0,13759.15,0
257440,76608.0,1896.0,2485.11,4
257463,84424.0,242.0,5339.39,2
257506,28513.0,672.0,15114.4,4
257509,67436.0,243.0,4894.99,3
257575,69085.0,921.0,4582.67,1
257579,47122.0,2149.0,2449.32,0
257705,0.0,1521.0,2294.3,1
257820,0.0,125.0,5714.25,4
257862,58988.0,373.0,14140.56,1
257864,54040.0,145.0,8255.76,1
257880,66429.0,1204.0,5389.5,1
257981,40135.0,2087.0,3208.92,2
257985,24345.0,469.0,8183.59,1
258067,0.0,492.0,8630.7,4
258088,82225.0,657.0,2446.66,1
258102,31278.0,2298.0,3528.04,2
258123,26239.0,1249.0,7451.48,0
258141,97742.0,165.0,5367.09,2
258166,0.0,1983.0,20864.31,4
258184,25998.0,1653.0,8382.48,4
258202,0.0,1084.0,8930.14,1
258228,75740.0,576.0,7870.36,2
258238,47221.0,658.0,4012.32,5
258248,88731.0,1222.0,2639.64,4
258296,61675.0,2271.0,44856.11,4
258323,63513.0,2297.0,8471.42,1
258358,0.0,244.0,4363.2,4
258408,67798.0,258.0,5548.03,1
258799,0.0,245.0,4699.03,1
258849,0.0,1597.0,17253.73,2
258860,40864.0,1528.0,4282.95,1
258951,0.0,1955.0,2504.44,1
259067,0.0,520.0,8002.31,1
259110,0.0,1533.0,12767.23,2
259170,0.0,122.0,4529.11,2
259219,0.0,408.0,7388.73,2
259252,40810.0,1074.0,13745.05,4
259342,30718.0,618.0,2668.66,4
259446,35124.0,1343.0,21768.7,2
259532,0.0,1955.0,8160.69,1
259634,23840.0,1841.0,5070.35,2
259700,29105.0,125.0,4633.55,0
259734,60455.0,243.0,32450.39,2
259789,38667.0,311.0,2487.65,6
259878,22426.0,586.0,2792.01,7
260000,0.0,788.0,27945.89,2
260106,77853.0,1408.0,4228.25,0
260112,73168.0,1200.0,5639.94,5
260155,0.0,1410.0,4727.35,2
260245,12048.0,1642.0,2910.32,2
260285,16794.0,243.0,13759.15,3
260408,34455.0,1423.0,15925.06,4
260452,80797.0,2418.0,5166.19,4
260464,40525.0,1905.0,2879.63,6
260513,19782.0,1892.0,4001.52,5
260515,73054.0,2321.0,12741.85,5
260622,85023.0,2249.0,3409.68,4
260685,13037.0,160.0,4726.87,2
260712,39310.0,243.0,4836.89,3
260714,0.0,1525.0,2004.35,2
260726,92296.0,625.0,2759.98,3
260838,0.0,1088.0,6382.58,4
260855,34990.0,1678.0,2574.02,0
261044,25064.0,899.0,2357.75,1
261077,28014.0,2226.0,11925.72,1
261109,83771.0,2393.0,5358.27,2
261125,28879.0,1688.0,12023.75,0
261187,60433.0,236.0,9171.0,4
261229,61613.0,1356.0,4825.65,4
261273,68931.0,253.0,5332.46,2
261283,62365.0,1936.0,4969.53,2
261331,66839.0,1962.0,5989.77,1
261423,63223.0,784.0,2797.76,1
261426,48887.0,243.0,3788.65,1
261468,43811.0,2081.0,9429.63,2
261573,28524.0,2407.0,4967.54,3
261582,58577.0,2368.0,4428.03,3
261715,32435.0,1381.0,11701.07,1
261767,50037.0,244.0,6513.61,1
261780,20325.0,1070.0,3803.92,1
261787,0.0,915.0,2168.52,5
261789,39018.0,1412.0,14014.1,0
261832,39188.0,1999.0,5897.75,4
261957,26032.0,744.0,8510.76,0
261964,0.0,1787.0,3233.26,4
262099,52822.0,2149.0,2672.1,1
262176,88867.0,2214.0,2698.36,1
262177,36655.0,599.0,4835.78,5
262211,22254.0,820.0,21903.91,1
262305,45525.0,412.0,2671.3,3
262336,88294.0,2060.0,8693.65,4
262351,90551.0,416.0,7072.93,4
262366,95697.0,2005.0,8564.77,4
262369,47945.0,1580.0,5960.58,5
262374,0.0,890.0,7191.83,3
262422,35159.0,631.0,2744.74,4
262467,83006.0,2141.0,46805.22,2
262508,39161.0,480.0,5004.26,1
262526,0.0,1758.0,7236.13,5
262562,0.0,2243.0,2294.48,1
262574,24726.0,162.0,7025.04,4
262586,0.0,1293.0,9031.21,0
262613,35625.0,990.0,5107.16,6
262683,80584.0,790.0,2601.47,1
262717,0.0,564.0,8430.06,2
262770,0.0,247.0,10623.41,2
262774,23376.0,1949.0,2867.31,2
262810,40036.0,1238.0,7869.43,5
262937,84658.0,92.0,2447.05,1
263055,61385.0,1999.0,3452.03,4
263068,62902.0,225.0,8256.3,5
263069,75526.0,1700.0,16531.7,2
263080,0.0,1684.0,3886.5,5
263127,0.0,912.0,4196.69,2
263237,11828.0,1434.0,10083.49,4
263246,65024.0,1045.0,13422.06,1
263260,41438.0,1887.0,5703.29,2
263267,0.0,39.0,11624.82,4
263302,56680.0,236.0,7688.02,4
263339,96276.0,942.0,9500.08,1
263402,99159.0,190.0,15506.93,4
263433,44047.0,1338.0,5395.43,2
263569,64125.0,1275.0,8646.5,5
263592,55193.0,866.0,12296.5,2
263612,23241.0,244.0,5533.23,2
263707,23904.0,1691.0,4334.06,3
263729,85140.0,244.0,4554.56,1
263762,35503.0,908.0,2661.03,2
263763,31614.0,1734.0,5420.36,0
263766,44368.0,883.0,6366.23,4
263781,70833.0,272.0,7804.02,2
263812,0.0,1879.0,7863.03,4
263822,74163.0,459.0,4351.55,2
263866,97361.0,750.0,8622.84,4
263921,58684.0,2116.0,13055.57,3
264018,12964.0,1338.0,4770.55,4
264034,0.0,298.0,2840.9,2
264050,40864.0,2370.0,4282.95,2
264053,51337.0,7.0,3484.25,1
264064,0.0,243.0,4715.47,0
264095,80584.0,340.0,2601.47,2
264107,0.0,270.0,3852.43,4
264145,0.0,1184.0,10025.92,4
264234,0.0,1796.0,4929.81,1
264236,61897.0,1986.0,8703.73,0
264308,63741.0,1421.0,7185.67,4
264331,90456.0,1443.0,14203.62,3
264365,55193.0,394.0,12296.5,4
264409,30646.0,327.0,3240.67,4
264486,21726.0,1543.0,7860.09,2
264491,90043.0,2015.0,7681.55,2
264632,75436.0,2180.0,9352.48,1
264690,29504.0,1207.0,9656.21,1
264701,22283.0,2186.0,2397.04,2
264723,53997.0,1947.0,5568.98,4
264733,0.0,1711.0,10242.41,4
264741,37388.0,1666.0,9192.59,4
264823,87002.0,2154.0,26576.32,2
264904,0.0,107.0,6810.53,1
264936,0.0,1968.0,4272.81,2
265072,13688.0,2415.0,6086.43,2
265226,53333.0,1797.0,2660.93,3
265284,0.0,1002.0,13024.13,4
265297,39101.0,166.0,3978.67,0
265317,0.0,2106.0,4383.75,2
265383,25663.0,643.0,31803.31,3
265557,11538.0,1235.0,21528.57,4
265566,37899.0,1137.0,14854.2,0
265575,82664.0,1848.0,8838.09,2
265612,0.0,1348.0,3489.28,4
265665,0.0,52.0,2601.35,2
265677,24410.0,808.0,25107.1,4
265784,0.0,243.0,15144.41,2
265836,44804.0,2019.0,4364.31,4
265975,16266.0,2244.0,11513.36,2
266148,88867.0,581.0,2698.36,2
266234,76530.0,1660.0,27279.34,0
266284,0.0,602.0,4250.28,1
266298,63267.0,244.0,7247.21,1
266326,36464.0,53.0,6183.19,2
266365,0.0,1406.0,3731.5,4
266377,30061.0,261.0,4062.0,1
266429,80590.0,555.0,6162.2,3
266474,31725.0,1409.0,5763.27,4
266479,23091.0,405.0,5926.73,4
266516,0.0,1135.0,4633.1,1
266536,21835.0,1169.0,7123.08,4
266541,77521.0,464.0,5918.07,1
266561,0.0,219.0,42462.97,4
266604,72096.0,998.0,5123.48,1
266640,0.0,1221.0,26462.76,1
266757,61650.0,972.0,10506.94,6
266861,0.0,1016.0,5886.22,2
266884,11432.0,242.0,13466.92,1
266953,70973.0,276.0,9129.87,3
266968,0.0,893.0,4917.89,2
267020,63499.0,594.0,2921.93,1
267245,30817.0,1484.0,3436.13,1
267291,28264.0,1589.0,2499.04,4
267306,85537.0,1330.0,26416.25,2
267352,0.0,2028.0,19069.5,1
267428,0.0,708.0,2220.0,1
267474,68423.0,1685.0,6748.23,2
267566,0.0,2066.0,8385.25,2
267717,0.0,353.0,11631.88,2
267739,44084.0,764.0,2874.07,3
267930,53944.0,2325.0,8583.85,1
267944,0.0,1838.0,3135.58,0
267951,0.0,1461.0,4526.61,4
268076,70435.0,1860.0,9322.09,1
268094,0.0,443.0,4921.75,4
268128,14108.0,2168.0,4177.88,1
268129,33871.0,676.0,15978.91,2
268139,75891.0,1825.0,7212.14,4
268145,21986.0,2315.0,2395.57,1
268281,72540.0,2391.0,10656.88,5
268293,46530.0,742.0,9470.06,0
268307,99845.0,2396.0,8819.02,4
268414,48268.0,2233.0,26346.09,5
268439,60010.0,646.0,4179.49,1
268500,0.0,521.0,9048.98,4
268630,26554.0,1042.0,2689.17,4
268643,0.0,67.0,7250.03,1
268789,0.0,786.0,8377.5,1
268842,0.0,1424.0,7531.03,4
268932,57231.0,1530.0,2601.81,4
268958,0.0,2339.0,4463.0,2
269070,17220.0,2177.0,3985.32,2
269120,0.0,1543.0,3571.35,2
269154,97984.0,1271.0,4880.34,1
269297,21586.0,1716.0,6638.12,0
269434,74640.0,243.0,18680.99,2
269565,30817.0,337.0,3436.13,1
269632,32471.0,928.0,4220.61,1
269694,18608.0,2182.0,2538.63,5
269775,70914.0,421.0,5519.51,1
269960,62010.0,1589.0,4563.86,4
270011,25820.0,2433.0,3265.16,2
270022,0.0,2396.0,2300.33,1
270160,0.0,356.0,12836.01,2
270183,0.0,173.0,7451.49,4
270203,0.0,244.0,2594.59,2
270248,0.0,1386.0,3382.22,4
270266,0.0,1537.0,6535.56,1
270304,69387.0,1912.0,5659.24,1
270337,24285.0,807.0,8417.0,4
270389,54539.0,1029.0,7635.55,2
270499,86205.0,957.0,17776.82,0
270570,0.0,792.0,4692.66,2
270575,92711.0,1408.0,2469.78,5
270723,55385.0,1569.0,4732.22,1
270730,94652.0,2263.0,6992.53,4
270759,87777.0,2282.0,5483.89,4
270761,44705.0,950.0,5609.08,5
270862,27972.0,1951.0,2227.07,4
270901,0.0,1931.0,22315.06,1
270909,0.0,1693.0,2188.66,7
270935,34115.0,2133.0,9422.97,5
270969,20068.0,189.0,6618.02,1
271043,59034.0,1524.0,6765.8,4
271059,71401.0,245.0,5908.75,4
271148,0.0,801.0,2467.46,1
271235,0.0,559.0,17497.52,2
271297,39621.0,63.0,4274.62,2
271357,0.0,456.0,7412.96,2
271365,69488.0,2143.0,5195.82,2
271432,0.0,407.0,4526.13,2
271463,70961.0,562.0,17114.33,2
271641,0.0,292.0,3256.77,5
271660,0.0,1346.0,4270.03,2
271675,61675.0,551.0,44856.11,2
271680,0.0,1790.0,4140.65,0
271911,0.0,1925.0,6275.16,2
271929,53986.0,756.0,8409.67,4
271987,13528.0,245.0,6005.85,0
272001,25074.0,2302.0,13248.64,4
272097,25370.0,1007.0,11638.9,3
272114,26554.0,122.0,2689.17,2
272123,26893.0,581.0,5414.62,1
272144,0.0,1384.0,15862.18,4
272148,41077.0,2075.0,2863.05,4
272225,0.0,110.0,8460.81,1
272250,28909.0,304.0,5246.28,4
272289,0.0,242.0,21343.47,5
272476,0.0,517.0,21423.64,3
272551,56531.0,243.0,6670.85,2
272568,66037.0,1896.0,8209.92,1
272672,0.0,1251.0,5191.05,1
272686,85956.0,22.0,5846.11,0
272787,60282.0,1956.0,12200.79,4
272812,25963.0,694.0,5158.58,1
272839,0.0,979.0,5568.95,2
272848,54684.0,161.0,13167.61,0
272893,45892.0,940.0,3219.15,1
272944,0.0,1124.0,4872.02,4
273020,43000.0,1524.0,21886.2,4
273052,69461.0,487.0,5095.37,4
273054,0.0,353.0,34708.87,2
273070,45360.0,1363.0,2833.8,1
273144,93920.0,1352.0,10212.02,0
273177,43626.0,1101.0,2593.82,0
273179,43440.0,943.0,5906.94,2
273198,0.0,1877.0,5414.32,3
273213,77857.0,1812.0,5155.53,2
273243,0.0,211.0,2004.35,4
273357,0.0,1590.0,5158.65,1
273391,16450.0,704.0,4836.22,1
273414,21353.0,1897.0,3013.44,4
273478,22081.0,868.0,6503.4,2
273552,94242.0,516.0,4325.49,0
273984,29401.0,1165.0,5048.23,5
274083,96306.0,963.0,7519.13,2
274107,40675.0,243.0,6289.8,4
274117,90893.0,584.0,4349.1,4
274141,0.0,1409.0,2287.6,1
274179,10743.0,192.0,4875.32,2
274204,23748.0,1304.0,10952.13,1
274211,88370.0,1139.0,5794.1,3
274264,27940.0,1828.0,5096.7,3
274354,40175.0,916.0,3954.54,2
274410,14030.0,477.0,2719.51,4
274428,0.0,934.0,4194.91,0
274431,29633.0,280.0,7475.78,0
274473,74069.0,1673.0,7298.58,2
274535,44695.0,243.0,21522.95,1
274622,92629.0,118.0,2842.03,2
274698,34549.0,1645.0,4434.41,2
274765,80355.0,177.0,22235.01,4
274803,61883.0,273.0,2450.63,2
274817,0.0,1606.0,6511.1,1
274858,24213.0,1078.0,24709.6,5
274879,0.0,435.0,4035.77,3
274896,0.0,1988.0,2354.5,4
275049,0.0,1714.0,4460.42,3
275118,67881.0,1562.0,6383.48,2
275209,47259.0,1497.0,6515.03,2
275244,58508.0,1656.0,2712.92,1
275287,0.0,494.0,8129.51,4
275298,36247.0,1689.0,7613.19,1
275306,80129.0,1022.0,2630.21,3
275358,68041.0,1801.0,2497.81,2
275386,0.0,2341.0,6158.6,5
275387,55385.0,245.0,4732.22,2
275413,76731.0,249.0,2582.41,5
275442,75648.0,1081.0,4349.31,3
275446,47455.0,2239.0,2375.0,4
275531,88359.0,382.0,5823.16,2
275637,64195.0,1100.0,11971.98,2
275670,64321.0,976.0,30442.54,4
275694,58493.0,291.0,5340.54,4
275762,36723.0,901.0,4171.3,4
275846,22093.0,282.0,6874.33,1
275849,31530.0,2409.0,5460.37,4
275933,32627.0,401.0,7280.3,4
275949,0.0,325.0,30966.32,4
275954,78904.0,137.0,8641.53,1
276035,53703.0,2384.0,2521.56,1
276037,58851.0,1697.0,18943.27,2
276100,79632.0,1524.0,8292.63,4
276152,0.0,1223.0,4520.34,1
276204,50071.0,510.0,2771.05,5
276255,73245.0,679.0,8214.6,1
276289,11896.0,438.0,5227.23,2
276484,0.0,20.0,14962.37,1
276494,55674.0,1359.0,5333.04,2
276648,0.0,2397.0,20714.94,5
276650,0.0,1646.0,19116.57,2
276673,34847.0,775.0,5754.75,1
276746,90217.0,1121.0,5261.12,2
276806,68658.0,266.0,6019.93,3
276931,0.0,244.0,3508.93,4
276937,75497.0,1521.0,7951.78,1
276947,40867.0,278.0,8920.46,1
276967,89834.0,243.0,8306.55,1
276990,23105.0,2104.0,5426.86,1
277025,83431.0,244.0,3394.72,2
277033,21839.0,812.0,10302.9,4
277091,18174.0,628.0,4960.97,1
277094,91015.0,2223.0,14663.2,3
277139,54292.0,1329.0,8021.07,2
277145,90969.0,710.0,7779.59,3
277188,70829.0,1376.0,6761.11,0
277281,0.0,841.0,7643.07,1
277285,25632.0,1976.0,4929.55,2
277341,66140.0,376.0,8162.62,1
277356,0.0,243.0,4830.91,2
277367,82918.0,1936.0,3590.69,0
277370,63483.0,18.0,6633.14,3
277375,26463.0,1723.0,19582.47,1
277430,0.0,138.0,4827.78,4
277494,28441.0,871.0,8595.15,1
277565,11854.0,1544.0,13118.74,0
277587,14030.0,590.0,2719.51,0
277594,91469.0,1049.0,11797.99,5
277607,0.0,2.0,3946.37,5
277610,99144.0,769.0,2463.24,5
277649,86001.0,2336.0,4358.76,1
277769,22241.0,214.0,5054.33,2
277783,0.0,859.0,6064.34,1
277788,70263.0,2164.0,7462.93,1
277826,51747.0,2235.0,17103.79,2
277855,0.0,883.0,22895.35,4
277884,10312.0,198.0,2886.45,2
277910,33566.0,1417.0,5004.58,1
278013,86134.0,182.0,35186.26,1
278045,31364.0,78.0,5828.18,2
278054,11097.0,2286.0,5577.67,1
278059,53304.0,108.0,2590.32,2
278164,38688.0,1874.0,19435.63,1
278213,0.0,424.0,3097.92,4
278227,80640.0,78.0,4408.07,3
278307,0.0,1883.0,13197.93,1
278345,53295.0,217.0,5568.89,2
278464,0.0,2214.0,12263.11,1
278539,60969.0,921.0,7258.99,1
278568,53214.0,142.0,7228.99,0
278676,65162.0,2185.0,3482.69,1
278719,0.0,2265.0,2309.88,1
278815,45318.0,1587.0,8188.92,4
278822,0.0,1543.0,5165.57,0
278836,43704.0,364.0,24178.68,1
278854,0.0,1454.0,2557.09,2
278865,22571.0,2115.0,4605.04,4
278898,40272.0,557.0,3419.11,2
278916,64985.0,605.0,13023.93,2
278928,0.0,204.0,7054.78,1
278932,72669.0,595.0,2980.46,3
278983,67060.0,778.0,13623.62,2
278987,34927.0,484.0,2787.54,1
279221,35832.0,990.0,5043.8,3
279231,25370.0,519.0,9384.65,6
279380,0.0,436.0,7294.49,1
279408,77601.0,1274.0,5719.09,1
279409,0.0,797.0,4784.42,0
279419,0.0,2006.0,4117.37,2
279430,83777.0,965.0,4508.86,0
279468,0.0,676.0,6961.95,2
279580,71460.0,1687.0,2839.3,3
279634,22608.0,1110.0,2961.31,2
279654,57740.0,180.0,5745.94,5
279693,25998.0,1514.0,8382.48,5
279777,88049.0,2245.0,7341.74,4
279821,65083.0,2218.0,3059.28,1
279883,21604.0,79.0,3096.51,2
279919,89834.0,842.0,4660.4,4
279967,47519.0,861.0,7601.95,2
280087,79867.0,1882.0,2989.96,2
280216,30852.0,533.0,6699.28,2
280292,92766.0,768.0,20096.89,1
280545,71186.0,931.0,5399.58,4
280574,17950.0,715.0,8847.44,2
280588,0.0,1951.0,11042.29,2
280602,69063.0,365.0,9264.33,3
280603,37874.0,1187.0,5258.25,2
280641,0.0,1142.0,2396.22,4
280659,25352.0,441.0,6863.12,1
280790,58713.0,242.0,3910.7,1
280796,46946.0,1699.0,5480.7,2
280822,0.0,1096.0,26134.91,3
280828,16113.0,1173.0,20885.56,2
280864,25965.0,1741.0,2491.26,4
280879,46648.0,582.0,6418.25,4
280895,0.0,2327.0,8467.37,4
281032,92606.0,200.0,8711.3,2
281064,21986.0,1079.0,2395.57,2
281075,84658.0,1507.0,2447.05,2
281108,41463.0,318.0,17569.16,4
281118,50472.0,388.0,6832.13,1
281305,23554.0,2022.0,3210.14,1
281328,25612.0,1935.0,6943.56,3
281449,0.0,914.0,11880.97,2
281550,34498.0,525.0,6369.26,4
281571,86054.0,843.0,9664.33,1
281585,31456.0,1020.0,7607.98,0
281608,70600.0,1558.0,14435.66,1
281737,73695.0,242.0,3331.45,1
281777,56017.0,254.0,5638.26,0
281926,70610.0,1867.0,7950.57,0
281952,22562.0,153.0,2584.2,1
281979,0.0,2403.0,8487.24,5
282041,0.0,1905.0,3200.8,2
282140,29484.0,323.0,11064.29,0
282181,71600.0,245.0,4996.55,2
282259,71210.0,1849.0,25807.06,4
282472,84910.0,73.0,11365.27,1
282532,0.0,185.0,2703.27,4
282542,99553.0,2106.0,5510.97,4
282545,33599.0,77.0,9388.98,4
282678,35624.0,1741.0,19237.77,2
282723,51972.0,982.0,7814.6,2
282759,48019.0,74.0,7706.04,1
282854,38166.0,1440.0,2602.25,1
282872,0.0,2190.0,2376.53,1
282896,77493.0,1382.0,5610.96,1
282930,0.0,1997.0,5201.71,2
283066,31275.0,153.0,5205.75,2
283110,91810.0,1496.0,2867.21,2
283122,27558.0,1795.0,7568.85,7
283133,56021.0,1702.0,8232.76,2
283290,23599.0,1450.0,3971.35,5
283314,54964.0,657.0,3991.73,1
283326,41968.0,270.0,2680.9,2
283338,63499.0,548.0,2921.93,2
283358,52583.0,711.0,8879.79,0
283437,22828.0,1675.0,16473.17,4
283654,21297.0,973.0,2659.98,1
283709,46879.0,461.0,6756.06,3
283747,0.0,1002.0,4389.95,4
283770,32857.0,412.0,12547.43,2
283807,93210.0,2338.0,12846.45,2
283822,44897.0,864.0,7785.0,1
283929,66839.0,1941.0,5989.77,5
283980,24049.0,1408.0,2907.36,1
283994,35033.0,643.0,3479.76,1
284203,0.0,717.0,2496.14,2
284290,0.0,712.0,7376.8,4
284362,16097.0,1083.0,10056.51,2
284419,79157.0,378.0,9705.31,0
284442,23827.0,337.0,7762.59,1
284461,0.0,2369.0,3771.62,2
284610,26245.0,1957.0,4271.2,1
284621,0.0,977.0,2276.39,2
284782,71135.0,1606.0,7396.28,5
284866,31572.0,1317.0,5348.3,0
284889,0.0,1070.0,7444.94,0
284892,76266.0,263.0,8810.9,2
285074,25595.0,153.0,8058.66,2
285122,0.0,1542.0,4022.96,1
285202,0.0,380.0,5926.96,3
285220,59414.0,1035.0,16589.71,0
285335,16181.0,1300.0,13736.13,2
285386,0.0,243.0,5116.24,1
285411,92864.0,1860.0,5008.28,3
285484,0.0,1559.0,5028.84,4
285485,77524.0,373.0,5320.34,1
285579,0.0,255.0,3995.36,1
285631,36268.0,864.0,9985.37,2
285636,76731.0,520.0,2582.41,2
285738,36428.0,243.0,4896.56,2
285767,0.0,243.0,8197.2,1
285776,31841.0,158.0,3103.0,1
285909,34974.0,302.0,5671.93,3
285938,60021.0,1579.0,3939.01,4
285942,48911.0,1659.0,2374.15,1
285982,59803.0,2433.0,10856.01,0
286065,0.0,1435.0,5504.14,2
286114,0.0,762.0,3872.22,1
286182,95647.0,130.0,4233.57,1
286225,37995.0,2170.0,5597.12,4
286262,44222.0,911.0,4177.29,4
286370,0.0,1769.0,7116.55,0
286388,0.0,541.0,2191.13,1
286551,58109.0,2163.0,3380.71,1
286611,43758.0,332.0,6803.6,1
286614,29365.0,11.0,10896.05,2
286636,81872.0,2465.0,14024.36,4
286641,76374.0,2257.0,4886.54,1
286718,80580.0,488.0,3193.16,0
286883,98132.0,680.0,5734.6,5
286927,40794.0,1761.0,3343.93,4
286942,61486.0,484.0,11638.67,5
286954,97065.0,2142.0,4623.62,4
286975,37009.0,1836.0,2806.7,1
286989,11343.0,1518.0,5507.24,4
287023,0.0,520.0,9657.58,4
287088,17576.0,1677.0,2722.21,5
287097,68776.0,887.0,3218.61,5
287198,0.0,2128.0,2274.65,1
287211,17150.0,243.0,15032.9,2
287212,72096.0,166.0,5123.48,2
287224,0.0,2293.0,2273.62,1
287254,40467.0,410.0,15167.04,1
287266,72026.0,2075.0,15485.8,3
287343,0.0,124.0,4079.13,1
287385,0.0,195.0,4848.9,2
287414,0.0,2296.0,4660.01,4
287591,36084.0,1220.0,7627.31,1
287593,62258.0,1987.0,5071.65,2
287690,78596.0,591.0,2949.28,2
287750,0.0,2323.0,4109.31,4
287799,60613.0,1061.0,9366.82,2
287927,47234.0,556.0,2595.75,1
287942,0.0,1406.0,7215.82,1
287962,37937.0,243.0,9095.05,4
287979,13088.0,613.0,6411.12,2
288015,31027.0,168.0,14255.23,1
288112,67840.0,245.0,9012.92,4
288164,49057.0,16.0,7434.27,3
288369,0.0,1283.0,4463.0,2
288384,0.0,1355.0,36897.8,1
288419,0.0,1089.0,4896.27,4
288451,43460.0,128.0,5065.94,3
288491,44891.0,1665.0,6712.29,3
288500,28377.0,1347.0,7434.68,1
288530,0.0,1138.0,13552.78,4
288612,52216.0,201.0,2907.44,0
288636,16972.0,374.0,9029.71,1
288735,28360.0,916.0,8776.36,4
288774,17331.0,88.0,8991.98,2
288776,22853.0,1871.0,3362.41,2
289116,0.0,331.0,3383.45,6
289133,78046.0,1931.0,14230.32,1
289134,75909.0,5.0,9343.2,2
289139,51859.0,1436.0,6837.93,1
289151,58082.0,1275.0,4434.94,1
289177,32802.0,1479.0,4525.28,1
289294,25180.0,1416.0,5580.96,4
289354,12261.0,2227.0,4643.41,1
289472,67249.0,629.0,3386.19,0
289476,59665.0,311.0,2409.76,2
289516,55483.0,2229.0,5447.84,3
289665,84824.0,1359.0,15727.13,5
289693,0.0,179.0,6314.6,5
289732,98192.0,1993.0,10003.25,1
289863,20178.0,581.0,4877.95,4
289921,45356.0,1304.0,7218.38,4
289968,29853.0,246.0,5394.91,4
290024,58089.0,600.0,4686.47,1
290091,21114.0,896.0,6698.97,4
290109,0.0,279.0,16468.22,3
290184,0.0,2213.0,2241.46,4
290200,62777.0,618.0,2656.71,1
290249,59438.0,1562.0,4815.85,4
290250,21331.0,245.0,12208.12,5
290356,0.0,242.0,2150.91,2
290362,22280.0,764.0,5279.12,1
290395,42621.0,1500.0,5288.17,5
290445,0.0,959.0,3420.45,2
290465,36212.0,2029.0,17556.99,0
290507,51944.0,375.0,6218.66,3
290517,49414.0,87.0,4999.35,2
290554,35482.0,2013.0,10208.93,3
290564,17157.0,598.0,14267.93,0
290599,54189.0,802.0,4991.04,3
290620,58092.0,240.0,14031.7,4
290638,22547.0,592.0,8672.19,1
290756,0.0,2034.0,10129.51,1
290902,60668.0,2150.0,5498.75,0
290964,0.0,422.0,3444.17,3
290994,36463.0,2215.0,7158.53,1
291148,56900.0,686.0,2748.8,3
291336,78189.0,1888.0,8294.97,0
291509,39913.0,286.0,4198.03,1
291510,83218.0,1053.0,2915.65,1
291595,50071.0,495.0,2771.05,5
291831,20668.0,243.0,21435.88,5
292021,37937.0,1829.0,9095.05,6
292035,20676.0,728.0,6063.2,2
292049,61139.0,2006.0,6126.57,4
292061,35095.0,1700.0,16979.8,2
292084,61469.0,174.0,4923.18,1
292096,74608.0,988.0,2727.68,2
292164,30110.0,1977.0,6262.66,5
292384,0.0,963.0,24552.87,2
292497,21604.0,1155.0,3096.51,4
292516,52674.0,112.0,2894.33,1
292546,86933.0,260.0,2535.27,2
292617,0.0,1155.0,6832.11,5
292618,25785.0,838.0,8596.57,1
292843,0.0,930.0,7635.42,0
292957,24204.0,1505.0,3864.78,1
293100,35406.0,243.0,7903.99,1
293137,49675.0,130.0,2589.43,1
293212,35625.0,933.0,5107.16,1
293222,20282.0,317.0,5445.37,4
293266,28909.0,1525.0,5246.28,4
293343,36554.0,79.0,8110.54,4
293496,0.0,1572.0,3567.5,4
293531,0.0,663.0,4784.77,5
293663,72916.0,1103.0,3122.98,3
293676,0.0,872.0,4330.8,1
293685,13432.0,828.0,6906.2,4
293689,79751.0,178.0,2551.23,5
294005,35045.0,476.0,7614.83,0
294016,30916.0,2277.0,31161.75,1
294027,79681.0,1932.0,2872.67,4
294048,50144.0,588.0,13610.11,2
294071,53021.0,991.0,2599.04,2
294172,22814.0,294.0,5749.88,1
294184,61584.0,1029.0,7379.46,1
294273,74720.0,300.0,5565.69,1
294278,85470.0,1122.0,8661.74,2
294283,83758.0,1810.0,2585.96,1
294289,0.0,2223.0,36897.8,2
294334,61807.0,908.0,2784.97,6
294396,0.0,2096.0,9764.95,1
294580,88895.0,1974.0,8496.36,2
294617,0.0,2313.0,8522.76,0
294634,49367.0,966.0,5016.14,4
294642,0.0,1284.0,8672.23,5
294728,0.0,1073.0,7516.79,4
294738,83771.0,1754.0,5358.27,4
294753,0.0,1458.0,4463.61,1
294849,21986.0,503.0,2395.57,1
294865,25049.0,1520.0,2566.87,1
295064,0.0,1673.0,10634.84,2
295078,21708.0,760.0,17930.6,1
295138,0.0,2391.0,8681.05,1
295147,92801.0,588.0,4048.16,2
295205,0.0,626.0,2203.44,1
295217,11621.0,938.0,4059.57,1
295302,29195.0,498.0,2661.82,4
295327,40870.0,2278.0,12731.95,2
295355,64937.0,2039.0,42937.35,0
295387,84376.0,1842.0,15417.73,2
295412,72540.0,2415.0,10656.88,4
295423,0.0,1118.0,2127.92,2
295510,45128.0,461.0,2906.89,4
295533,0.0,1961.0,7091.74,3
295561,0.0,244.0,22337.16,2
295578,0.0,624.0,2272.31,2
295795,23129.0,73.0,7880.34,0
295884,0.0,791.0,3728.87,3
295906,52957.0,2072.0,4530.39,2
295929,86305.0,1625.0,4984.62,1
296088,55281.0,584.0,7605.64,1
296095,0.0,87.0,20604.02,2
296097,22103.0,904.0,16407.66,2
296104,70725.0,435.0,13891.68,1
296141,14533.0,30.0,11172.5,4
296146,59230.0,1889.0,8513.59,1
296217,0.0,627.0,9047.12,1
296457,29460.0,574.0,5754.85,2
296566,92914.0,242.0,10978.78,2
296567,34990.0,281.0,2574.02,4
296579,38179.0,412.0,7268.1,2
296626,40097.0,1333.0,3289.12,1
296689,64014.0,1563.0,5010.38,3
296690,20811.0,2032.0,2308.65,5
296736,0.0,944.0,4717.63,4
296887,51721.0,2202.0,5632.61,0
296915,48381.0,1847.0,7564.61,4
296997,95697.0,1866.0,8564.77,0
297101,0.0,2169.0,5325.72,0
297167,42540.0,246.0,8406.39,2
297172,74454.0,533.0,5595.39,4
297218,52972.0,602.0,2886.23,4
297306,79041.0,926.0,16138.42,1
297327,52361.0,1050.0,3895.03,1
297379,26285.0,1293.0,3312.32,1
297382,0.0,1189.0,11631.88,4
297427,91099.0,2368.0,8528.29,2
297520,59888.0,909.0,8453.68,2
297568,74905.0,1788.0,5714.56,0
297607,22094.0,894.0,9298.89,0
297621,11432.0,2321.0,13466.92,0
297684,35654.0,287.0,2885.74,4
297702,61160.0,164.0,7409.08,4
297869,82730.0,1714.0,5154.76,4
297954,26304.0,2207.0,2345.13,3
298063,0.0,1754.0,8204.86,5
298098,32390.0,33.0,6285.48,1
298156,60244.0,46.0,3238.0,1
298160,0.0,72.0,2142.89,2
298181,49214.0,1442.0,15638.58,2
298232,16711.0,696.0,3499.99,1
298280,47048.0,2054.0,9420.97,4
298327,63684.0,1046.0,2693.53,2
298343,95399.0,1561.0,2698.01,4
298344,28646.0,2192.0,2393.04,2
298506,52984.0,2430.0,5554.83,4
298535,26790.0,665.0,2810.46,2
298539,0.0,489.0,2425.3,1
298543,59207.0,243.0,13770.98,1
298601,39718.0,1465.0,2515.41,1
298671,21513.0,1928.0,13171.01,1
298681,33176.0,1852.0,4981.83,4
298712,83707.0,545.0,8717.78,1
298795,0.0,1822.0,7809.86,2
298813,0.0,334.0,7955.44,2
298817,72006.0,962.0,5094.52,5
298829,0.0,1288.0,4611.25,1
298853,96339.0,1628.0,2746.12,1
298865,19003.0,1729.0,2612.76,5
298869,44820.0,1111.0,5182.39,4
298883,0.0,99.0,5335.02,1
298967,62474.0,2295.0,5089.69,2
298999,22520.0,260.0,5498.94,4
299034,28754.0,1901.0,10155.3,1
299107,69446.0,1413.0,2570.19,2
299113,0.0,2018.0,2426.96,4
299165,31562.0,435.0,9198.69,2
299204,21073.0,295.0,7805.31,1
299210,0.0,2325.0,8197.2,5
299278,53219.0,2054.0,4673.2,2
299359,40635.0,846.0,8012.84,1
299366,0.0,627.0,4877.61,4
299367,36794.0,16.0,3837.49,4
299397,95765.0,430.0,4935.64,6
299412,95191.0,1109.0,8024.51,0
299419,71888.0,2194.0,9215.54,0
299448,56005.0,837.0,5479.56,1
299454,0.0,1486.0,3107.59,4
299464,28513.0,2011.0,15114.4,4
299501,0.0,1300.0,6785.54,1
299573,72330.0,863.0,3242.04,1
299585,0.0,537.0,3731.5,1
299760,84551.0,2222.0,5790.57,2
299769,30092.0,534.0,8532.99,2
299830,26790.0,1038.0,2810.46,2
299919,0.0,329.0,2306.43,4
300008,26876.0,1733.0,6005.21,2
300023,23031.0,2149.0,35227.3,4
300051,90750.0,2406.0,6837.54,2
300106,55855.0,37.0,3135.41,4
300166,57564.0,170.0,2458.45,4
300371,57659.0,1492.0,30909.22,2
300376,0.0,265.0,2417.76,4
300454,93489.0,297.0,3372.42,4
300460,39894.0,243.0,32725.3,0
300465,0.0,1751.0,2064.7,4
300606,74243.0,2099.0,10171.48,1
300623,57882.0,1644.0,18060.48,4
300676,0.0,2036.0,2114.74,0
300678,30689.0,242.0,6481.53,1
300733,33190.0,873.0,33473.35,1
300806,0.0,891.0,2631.56,4
300818,0.0,1278.0,2393.92,2
300836,55687.0,1235.0,10963.96,1
300845,0.0,1832.0,2695.35,2
300867,0.0,103.0,5099.51,1
300870,94392.0,2285.0,5206.11,4
300945,95815.0,161.0,6646.75,4
300960,0.0,1045.0,20864.31,2
300964,34337.0,1784.0,9035.67,6
301094,0.0,557.0,7600.44,0
301112,23376.0,1150.0,2867.31,1
301152,23893.0,355.0,2902.62,3
301155,0.0,1296.0,7627.03,2
301301,24279.0,2350.0,14866.45,1
301323,23091.0,271.0,5926.73,3
301563,0.0,881.0,4582.65,4
301603,0.0,1906.0,13197.93,5
301744,39507.0,1030.0,5607.25,1
301760,54684.0,1733.0,5574.96,4
301784,56872.0,1720.0,5551.39,1
301793,56980.0,2357.0,6689.02,2
301794,0.0,2428.0,4620.39,5
302056,55843.0,1085.0,7690.16,1
302057,69379.0,291.0,4118.59,2
302066,0.0,193.0,6158.6,1
302129,66900.0,1459.0,2729.13,1
302134,38667.0,2374.0,2787.42,5
302158,26021.0,2127.0,15083.78,4
302186,0.0,1342.0,5201.71,1
302188,58236.0,111.0,12919.42,2
302198,73853.0,2071.0,3571.35,3
302258,36523.0,1235.0,14010.53,1
302313,13663.0,475.0,25464.82,2
302414,53736.0,1744.0,8596.92,1
302460,77237.0,1561.0,56675.94,2
302467,12902.0,681.0,4904.89,2
302509,12160.0,640.0,4213.92,5
302628,40740.0,2114.0,55277.45,4
302657,79298.0,129.0,3589.71,1
302669,37995.0,228.0,5597.12,1
302792,39660.0,2347.0,4330.77,1
302804,56900.0,675.0,2748.8,4
302827,80321.0,2238.0,38230.21,4
302839,88218.0,1565.0,11895.18,2
302874,90874.0,2205.0,10628.06,4
302908,0.0,1462.0,5159.37,1
302921,83502.0,1745.0,2747.43,2
302957,44934.0,2242.0,4869.28,1
302980,0.0,243.0,7212.52,4
303049,0.0,5.0,8002.31,2
303207,75644.0,630.0,4974.8,1
303246,0.0,1249.0,8262.88,1
303396,23970.0,864.0,3090.13,4
303445,76797.0,169.0,16953.08,2
303573,26287.0,2428.0,8697.79,4
303621,0.0,243.0,2224.09,1
303682,0.0,1945.0,5678.05,4
303934,82477.0,1851.0,3644.83,4
304080,56070.0,128.0,20498.83,2
304117,0.0,1419.0,6418.85,2
304131,60101.0,2094.0,5260.92,1
304445,25905.0,552.0,2300.69,4
304528,26689.0,21.0,2495.46,0
304600,26441.0,1363.0,5553.8,4
304601,95550.0,848.0,4595.52,3
304620,0.0,244.0,2144.92,1
304643,0.0,878.0,4359.74,4
304726,0.0,1296.0,6019.96,1
304764,75638.0,353.0,9429.08,3
304770,70999.0,1401.0,5059.99,4
304779,17150.0,1080.0,15032.9,1
304824,0.0,589.0,3546.4,5
304870,34495.0,209.0,13355.49,1
304887,91761.0,243.0,4339.87,5
304944,0.0,1821.0,4703.72,7
305100,48008.0,1800.0,2824.85,4
305102,0.0,653.0,3618.43,4
305150,22568.0,2056.0,6990.92,1
305171,0.0,1557.0,4697.15,1
305243,15142.0,655.0,8903.97,3
305287,78127.0,1476.0,2799.47,2
305380,86195.0,1960.0,11281.52,4
305412,37995.0,1694.0,5597.12,2
305556,0.0,48.0,3687.17,4
305572,44186.0,76.0,7474.61,2
305604,48767.0,907.0,12887.43,5
305618,33190.0,245.0,9710.29,4
305687,87197.0,1194.0,4956.25,4
305807,17483.0,902.0,7126.6,1
305843,0.0,192.0,13024.13,1
305857,87798.0,227.0,2882.35,2
305910,0.0,457.0,4814.35,3
306051,63471.0,1232.0,2682.7,0
306068,89205.0,1084.0,5494.87,2
306110,44661.0,2058.0,4053.37,1
306112,99239.0,2229.0,5816.71,1
306203,52113.0,403.0,7599.9,2
306231,73945.0,1735.0,6243.09,4
306288,21709.0,1540.0,4892.44,1
306331,0.0,1497.0,8858.35,1
306400,24561.0,1517.0,14432.75,1
306402,28859.0,1778.0,5011.75,1
306596,52957.0,192.0,4530.39,1
306667,19581.0,2325.0,2320.75,0
306676,78275.0,2005.0,11619.92,1
306708,15616.0,1168.0,13269.6,2
306869,0.0,1315.0,4836.75,1
306872,0.0,1472.0,8149.77,0
306880,0.0,1131.0,2382.67,0
306965,94161.0,1967.0,5586.89,2
307032,96950.0,243.0,13862.1,0
307033,25370.0,164.0,11638.9,4
307047,74656.0,693.0,13211.01,0
307049,41539.0,1649.0,9007.43,1
307136,23156.0,152.0,3387.78,2
307159,0.0,2228.0,4654.84,3
307166,16764.0,2312.0,4617.39,4
307178,0.0,647.0,9048.98,1
307233,0.0,973.0,4965.49,3
307256,22081.0,2260.0,6503.4,1
307296,57734.0,1797.0,6243.14,0
307321,26607.0,145.0,4693.75,4
307619,74592.0,165.0,2727.52,1
307622,47829.0,734.0,4708.2,4
307623,60880.0,2404.0,14435.67,4
307631,0.0,244.0,7076.65,1
307740,27593.0,1576.0,4904.46,0
307785,23091.0,799.0,5926.73,2
307848,70061.0,1533.0,7996.6,0
307859,40113.0,1038.0,5029.3,5
308144,37038.0,403.0,2772.84,5
308171,0.0,1584.0,2478.18,4
308176,0.0,1007.0,5678.05,2
308197,87728.0,2377.0,8432.52,3
308202,73054.0,212.0,12741.85,0
308214,31477.0,1008.0,7516.83,1
308255,0.0,413.0,2388.35,1
308362,43267.0,2173.0,15673.14,3
308379,58682.0,824.0,4883.81,2
308480,56980.0,50.0,6689.02,1
308591,69512.0,1618.0,5781.02,1
308629,0.0,863.0,5426.14,1
308704,18495.0,897.0,26197.41,4
308798,96045.0,579.0,2434.68,1
308891,0.0,336.0,2695.35,4
308991,18168.0,1221.0,3413.62,4
309041,0.0,1326.0,36695.91,4
309108,56233.0,2079.0,9487.72,2
309110,48156.0,1103.0,5666.7,1
309230,62808.0,2267.0,5365.93,4
309277,0.0,1436.0,3444.17,4
309304,0.0,1569.0,2535.32,2
309352,34161.0,1275.0,7180.27,1
309364,0.0,1773.0,5619.69,4
309408,75007.0,812.0,3985.55,1
309456,23203.0,1073.0,43290.5,4
309480,53441.0,175.0,3045.06,1
309584,14315.0,1737.0,2665.22,5
309602,59098.0,2286.0,8688.75,4
309639,75728.0,175.0,10732.51,0
309727,45768.0,1579.0,2931.16,1
309861,24631.0,1959.0,26413.55,2
309921,45281.0,1155.0,4139.53,3
309933,0.0,774.0,2280.39,2
310236,72264.0,603.0,5138.24,4
310252,69085.0,1080.0,4582.67,2
310396,39075.0,2013.0,3557.2,3
310534,82157.0,1968.0,7531.7,1
310681,52162.0,128.0,7807.22,4
310700,51504.0,1440.0,43217.22,2
310833,32775.0,789.0,19088.34,1
310853,98278.0,2349.0,3439.09,1
310867,46971.0,56.0,5522.77,1
310911,0.0,334.0,2396.22,3
310965,0.0,956.0,2705.99,1
310983,73809.0,1931.0,5015.64,4
311008,47622.0,2423.0,6301.1,4
311346,28505.0,1085.0,10552.43,2
311363,98078.0,800.0,5964.35,4
311556,20694.0,1769.0,3647.25,1
311619,15192.0,432.0,3832.12,1
311636,81947.0,1643.0,8621.17,1
311684,0.0,1893.0,6307.5,1
311692,0.0,254.0,9048.98,2
311762,91890.0,1106.0,8738.3,4
311795,40706.0,581.0,2858.45,1
311841,52965.0,342.0,10682.76,1
311857,18150.0,12.0,10215.78,1
311907,64127.0,1705.0,8343.75,3
311943,23604.0,1189.0,4804.51,1
311946,24910.0,168.0,2248.45,2
311952,43091.0,243.0,5450.39,2
312048,72988.0,2292.0,15234.75,1
312074,0.0,1660.0,8478.82,4
312148,80192.0,782.0,10419.17,4
312180,27229.0,1824.0,18745.4,4
312226,34498.0,433.0,6369.26,1
312248,32627.0,2288.0,7280.3,6
312312,0.0,835.0,7662.43,0
312455,62810.0,1099.0,7408.17,2
312474,99845.0,739.0,8819.02,1
312490,57777.0,1462.0,7319.58,4
312530,43610.0,1001.0,8624.92,4
312545,18608.0,447.0,2538.63,4
312568,31354.0,1912.0,8667.09,4
312607,0.0,939.0,2467.98,4
312630,0.0,1014.0,12866.89,2
312744,36116.0,132.0,20239.38,4
312774,72897.0,2059.0,8793.52,1
312863,0.0,856.0,6162.37,4
312867,0.0,1887.0,5654.59,4
312933,23748.0,906.0,10952.13,5
312979,0.0,1966.0,22445.28,2
313185,27972.0,1389.0,2227.07,2
313254,36167.0,1182.0,2945.37,1
313292,25134.0,347.0,5318.9,1
313424,24400.0,1652.0,2311.21,0
313437,94186.0,743.0,5201.97,2
313461,20532.0,2401.0,7858.05,4
313473,0.0,1618.0,12689.43,1
313477,41449.0,1997.0,7083.21,5
313538,31383.0,1925.0,7915.98,3
313544,0.0,599.0,2267.6,1
313571,0.0,2370.0,2393.92,4
313602,45310.0,1378.0,9090.27,2
313673,0.0,135.0,7121.08,4
313681,75264.0,752.0,9388.16,2
313688,52009.0,588.0,8010.97,4
313708,47137.0,375.0,6678.9,0
313732,75740.0,1896.0,2552.04,2
313763,0.0,596.0,20496.69,1
313815,0.0,1745.0,7663.87,2
313837,0.0,245.0,4556.59,1
313860,37520.0,1322.0,8936.82,7
313982,62902.0,834.0,8256.3,1
313996,22276.0,244.0,17250.75,4
314014,23033.0,489.0,2434.0,4
314065,52210.0,894.0,6285.15,1
314081,44940.0,508.0,2570.43,6
314108,0.0,1637.0,3123.08,4
314147,0.0,1474.0,7600.44,4
314182,0.0,822.0,4691.04,4
314189,79487.0,92.0,4626.8,3
314202,44320.0,1981.0,8044.73,5
314250,24711.0,594.0,4328.86,0
314258,14616.0,1329.0,8126.77,4
314317,75457.0,2379.0,11196.02,3
314328,87020.0,1638.0,5963.17,4
314372,65999.0,1938.0,18975.46,1
314413,40864.0,391.0,4282.95,3
314441,45032.0,1063.0,6143.9,4
314558,54311.0,1577.0,10722.06,4
314589,53691.0,1663.0,24138.06,4
314705,25714.0,251.0,5319.84,2
314713,0.0,494.0,6860.59,2
314718,21139.0,1492.0,8467.39,2
314742,0.0,819.0,4484.25,3
314842,44817.0,2172.0,9886.66,5
314898,0.0,986.0,10036.54,4
314935,53787.0,2134.0,4150.84,0
314941,29853.0,2140.0,5394.91,0
315014,33588.0,294.0,19731.34,4
315054,85483.0,581.0,8096.31,3
315113,0.0,1105.0,5994.42,2
315225,34075.0,1109.0,7639.67,1
315235,29095.0,732.0,13561.2,2
315242,58042.0,2218.0,7425.87,5
315337,18690.0,65.0,6104.5,2
315361,24589.0,1173.0,9206.6,5
315482,19634.0,1700.0,7426.46,1
315527,56017.0,304.0,5638.26,4
315736,23376.0,2066.0,2867.31,1
315848,20951.0,925.0,4961.57,3
315851,88692.0,2159.0,5163.84,6
315869,25905.0,2098.0,2300.69,1
316082,0.0,2142.0,2897.49,1
316290,0.0,1033.0,3135.58,1
316307,68980.0,335.0,7736.65,1
316308,0.0,1800.0,2175.74,1
316323,0.0,243.0,4151.67,2
316527,0.0,2398.0,2767.5,2
316548,33806.0,42.0,27789.69,1
316633,33104.0,474.0,2691.6,3
316644,33786.0,2328.0,6889.52,1
316666,77411.0,229.0,2691.57,1
316752,95697.0,1093.0,8564.77,5
316793,20090.0,566.0,34611.38,0
316933,37125.0,536.0,2540.55,1
316970,12180.0,87.0,8428.47,4
316982,69704.0,1031.0,8653.56,2
317001,40864.0,121.0,4282.95,1
317060,0.0,2037.0,3272.01,1
317094,0.0,665.0,5568.95,4
317100,88340.0,1328.0,12280.77,4
317137,53305.0,308.0,4883.12,4
317205,66169.0,680.0,3790.19,4
317260,0.0,522.0,7482.85,0
317624,14290.0,1632.0,10179.72,1
317664,73758.0,1614.0,5923.52,0
317683,56047.0,882.0,7444.81,1
317689,27615.0,2317.0,2389.98,1
317726,0.0,1400.0,4060.96,1
317774,69346.0,901.0,22523.71,4
317776,25163.0,2105.0,2534.99,6
317827,50450.0,2290.0,2513.97,7
317888,61402.0,1771.0,2506.02,1
317919,0.0,2098.0,21423.64,4
318180,0.0,1694.0,7286.16,2
318199,32375.0,1805.0,6563.64,1
318264,41832.0,1613.0,7942.17,2
318285,57449.0,415.0,12157.33,2
318291,36706.0,1206.0,2863.31,2
318537,21195.0,244.0,5764.65,2
318561,16969.0,660.0,4499.49,5
318564,30825.0,1685.0,2609.88,4
318595,89601.0,225.0,17019.01,3
318654,93489.0,1072.0,3372.42,2
318751,49746.0,1178.0,4240.93,2
318753,88370.0,454.0,5794.1,2
318755,26691.0,2329.0,2543.0,2
318786,32931.0,1122.0,2435.69,1
318845,0.0,463.0,8489.84,2
318902,0.0,1311.0,4774.75,1
318945,0.0,923.0,6846.15,3
319012,81945.0,519.0,5534.82,1
319052,30130.0,942.0,13104.3,4
319059,86687.0,2218.0,6342.47,1
319092,0.0,244.0,6758.81,2
319123,12829.0,735.0,8970.65,5
319193,36413.0,244.0,4849.7,1
319304,21297.0,555.0,2659.98,5
319378,46855.0,1020.0,9501.01,2
319387,74001.0,1108.0,10114.99,4
319430,44368.0,302.0,6366.23,2
319433,84869.0,1208.0,6883.69,1
319464,28120.0,863.0,8560.16,4
319469,17272.0,676.0,3557.37,2
319501,86640.0,856.0,5395.09,1
319504,72193.0,649.0,4755.76,1
319658,44385.0,510.0,7472.67,0
319664,39719.0,968.0,10213.56,2
319671,31456.0,267.0,7607.98,4
319742,40252.0,409.0,29006.67,6
319766,27756.0,242.0,5578.52,4
319768,0.0,242.0,2749.19,1
319801,74454.0,280.0,5595.39,4
319822,19834.0,2247.0,4241.64,3
319850,58842.0,1736.0,4362.93,2
319868,30250.0,2207.0,7366.09,2
319901,74454.0,42.0,5595.39,6
319947,21911.0,1763.0,18939.51,0
320004,31503.0,2127.0,32098.32,3
320031,0.0,842.0,8296.18,2
320042,0.0,591.0,6863.71,4
320180,95697.0,875.0,8564.77,1
320183,58842.0,324.0,4362.93,1
320191,43091.0,1649.0,5450.39,1
320377,35095.0,243.0,16979.8,2
320414,63741.0,373.0,7185.67,2
320576,81872.0,1872.0,14024.36,1
320685,22571.0,2086.0,4605.04,4
320728,0.0,207.0,14703.13,2
320772,31093.0,1423.0,2482.2,2
320784,0.0,2102.0,7196.72,4
320980,94827.0,383.0,10979.1,5
320996,52497.0,370.0,7412.03,0
321012,72217.0,2391.0,2549.79,1
321027,14278.0,1345.0,25626.71,2
321074,0.0,1030.0,14635.45,4
321213,42570.0,303.0,15374.18,4
321227,92895.0,1925.0,6252.36,1
321388,0.0,2039.0,11360.46,1
321427,69024.0,224.0,2287.92,3
321436,90893.0,1192.0,4349.1,6
321457,56940.0,1088.0,6997.83,1
321557,95550.0,286.0,4595.52,2
321656,0.0,10.0,2840.9,3
321666,29095.0,1065.0,5067.21,2
321734,69736.0,230.0,8973.11,1
321748,69704.0,1942.0,8653.56,1
321762,0.0,1981.0,2878.85,4
321795,97424.0,2126.0,5556.28,0
321954,10105.0,1251.0,12819.1,5
322000,59207.0,2065.0,13770.98,1
322102,0.0,243.0,3992.58,2
322169,67197.0,603.0,8481.31,4
322193,0.0,993.0,2175.62,2
322294,54431.0,185.0,7849.13,4
322435,25950.0,243.0,7851.9,1
322451,78735.0,1026.0,5064.13,1
322501,86653.0,1911.0,13363.52,4
322606,68164.0,586.0,9175.17,1
322733,92864.0,1635.0,5008.28,0
322955,56536.0,191.0,2677.22,4
323043,0.0,926.0,2230.76,2
323068,59763.0,2044.0,8719.9,1
323099,13037.0,165.0,4726.87,2
323154,13528.0,1035.0,6005.85,2
323249,46750.0,295.0,6444.08,2
323311,0.0,1950.0,6462.22,4
323341,56516.0,243.0,31934.62,2
323345,0.0,1484.0,7439.98,2
323424,92914.0,1196.0,10978.78,1
323448,0.0,1388.0,3021.94,1
323542,94137.0,1364.0,10571.54,3
323593,0.0,73.0,3237.31,4
323660,61552.0,332.0,37111.66,2
323720,63933.0,1452.0,16706.12,1
323735,98859.0,2276.0,2805.18,3
323776,50165.0,208.0,7340.5,7
323792,0.0,213.0,13752.47,4
323821,14775.0,730.0,5297.63,2
324013,26480.0,106.0,4858.43,5
324048,26463.0,2234.0,19582.47,5
324049,0.0,243.0,22041.86,1
324066,0.0,176.0,5058.93,4
324125,15300.0,162.0,6494.24,1
324139,53792.0,2074.0,9165.72,3
324143,15871.0,1561.0,6838.77,4
324242,97234.0,1675.0,3105.35,4
324248,72540.0,1961.0,10656.88,2
324295,50648.0,562.0,5531.63,2
324364,0.0,1777.0,4965.49,4
324404,76358.0,488.0,23594.68,4
324506,36088.0,591.0,5528.21,1
324557,0.0,2136.0,3914.72,4
324662,0.0,1703.0,7098.91,1
324707,0.0,2102.0,4572.04,4
324713,25180.0,400.0,5580.96,2
324739,48597.0,653.0,2488.24,2
324773,0.0,2395.0,3692.58,4
324801,31614.0,1634.0,5420.36,4
324881,25398.0,627.0,4815.01,1
324900,46244.0,71.0,14590.25,2
324997,13663.0,1289.0,25464.82,2
325082,34236.0,1795.0,5509.38,1
325134,53437.0,2110.0,10777.57,2
325190,94590.0,1522.0,9840.08,2
325268,81412.0,2113.0,4347.59,2
325367,0.0,593.0,3444.97,1
325379,22567.0,829.0,2309.6,2
325382,0.0,1687.0,6656.71,4
325490,39894.0,586.0,32725.3,3
325498,0.0,1068.0,4846.32,4
325593,0.0,285.0,12556.95,4
325599,68516.0,1160.0,8712.16,1
325661,78185.0,2245.0,2381.79,1
325778,52920.0,1526.0,7325.89,1
325802,85857.0,853.0,5879.18,1
325830,19724.0,251.0,5584.96,1
325901,60920.0,173.0,7507.46,2
325935,0.0,2367.0,3561.6,1
326001,59098.0,1085.0,8688.75,2
326028,28432.0,160.0,13869.93,5
326069,73168.0,1191.0,5639.94,2
326174,37384.0,144.0,4014.45,2
326234,62488.0,1996.0,2404.38,1
326240,36913.0,1016.0,4938.89,4
326267,10194.0,1561.0,4957.4,1
326272,29286.0,272.0,2727.08,3
326280,99747.0,2049.0,5687.9,4
326418,50037.0,1634.0,6513.61,2
326561,85140.0,856.0,4554.56,2
326564,91603.0,2395.0,5335.38,1
326603,58881.0,1247.0,11776.0,4
326699,81280.0,2028.0,2752.66,7
326703,31702.0,95.0,4985.24,1
326707,20263.0,1741.0,4200.82,2
326724,95058.0,2116.0,7218.16,0
326803,27951.0,2248.0,10418.31,1
326823,53808.0,837.0,6978.72,1
326905,0.0,692.0,4068.09,2
326961,0.0,1949.0,7619.48,1
326988,87210.0,612.0,6486.11,4
327015,0.0,1673.0,4558.5,1
327019,33247.0,79.0,2801.56,0
327098,48990.0,987.0,8804.54,2
327163,86834.0,1139.0,5004.14,2
327203,58213.0,386.0,3155.91,4
327285,71416.0,2107.0,9277.23,1
327320,50979.0,1662.0,2456.82,1
327365,10710.0,139.0,7255.71,2
327470,0.0,2031.0,4655.39,1
327474,25581.0,533.0,4194.66,1
327498,44818.0,243.0,7956.15,5
327530,0.0,674.0,4566.38,2
327555,0.0,174.0,8007.4,5
327565,62396.0,240.0,4219.02,1
327638,50366.0,154.0,5645.4,1
327653,95697.0,1298.0,2471.53,2
327688,81064.0,1138.0,5328.84,1
327796,0.0,569.0,4191.06,4
327866,63786.0,599.0,7778.53,5
327903,63774.0,243.0,4376.36,1
327910,71038.0,1141.0,6847.12,5
327972,76731.0,1700.0,2582.41,5
328111,0.0,896.0,16060.07,2
328116,94125.0,2171.0,13160.34,1
328173,0.0,1943.0,5247.85,2
328180,40864.0,327.0,2567.15,5
328181,0.0,677.0,10014.06,4
328188,80744.0,1093.0,2527.65,1
328198,95102.0,1890.0,8223.16,4
328213,38460.0,1938.0,3403.92,1
328303,58317.0,2311.0,20477.11,1
328323,96768.0,582.0,8927.13,2
328349,0.0,159.0,3961.59,2
328394,11432.0,2395.0,13466.92,4
328446,97750.0,1553.0,15695.54,1
328543,63328.0,978.0,7199.65,2
328576,30039.0,743.0,5376.89,4
328602,22220.0,242.0,36229.41,1
328623,41418.0,723.0,17367.53,3
328668,94389.0,1896.0,8649.7,1
328754,0.0,2035.0,4866.65,1
328936,28987.0,1380.0,4005.72,0
329039,75333.0,1991.0,3580.26,0
329056,0.0,672.0,2454.59,1
329088,33806.0,1022.0,27789.69,5
329094,0.0,1124.0,14396.24,4
329162,76441.0,2209.0,2472.23,1
329214,19683.0,1864.0,8382.63,2
329215,0.0,1214.0,4165.4,1
329281,83073.0,100.0,5706.96,0
329300,39854.0,2032.0,5217.51,4
329302,51643.0,1327.0,11009.13,2
329355,82477.0,604.0,3644.83,2
329358,79284.0,338.0,4599.76,4
329364,80536.0,2432.0,9618.31,1
329382,0.0,2317.0,3961.59,4
329446,48008.0,558.0,2824.85,2
329587,30110.0,2302.0,5106.11,1
329660,0.0,1898.0,5234.78,3
329692,0.0,2298.0,2191.13,2
329720,81439.0,2026.0,10391.78,4
329730,0.0,412.0,7547.76,2
329735,48804.0,2081.0,13057.17,5
329736,0.0,2073.0,17759.39,1
329826,99364.0,1513.0,9778.73,1
329833,16511.0,245.0,10053.55,1
329839,10337.0,920.0,22806.47,1
329910,68273.0,195.0,17557.54,3
330040,31842.0,1080.0,4110.62,1
330053,0.0,1106.0,12840.43,3
330131,83879.0,596.0,19688.32,1
330249,21808.0,1932.0,4755.37,1
330278,15529.0,1306.0,20725.38,1
330316,38210.0,1792.0,5479.85,1
330343,71982.0,1827.0,8038.95,3
330365,18168.0,1634.0,3413.62,2
330433,64220.0,2331.0,8614.69,3
330464,93752.0,1534.0,5146.9,3
330468,10629.0,1661.0,5274.2,4
330515,53249.0,2155.0,5416.41,4
330562,97785.0,313.0,14727.51,1
330680,54193.0,618.0,14014.72,1
330694,99960.0,331.0,6172.91,5
330741,70263.0,1752.0,7462.93,4
330779,47199.0,1601.0,3863.31,1
330783,40589.0,609.0,8159.14,1
330858,51199.0,2055.0,2996.89,4
330870,33514.0,228.0,12780.28,4
330947,0.0,185.0,4303.47,2
330988,97431.0,543.0,5969.55,5
331078,17576.0,1775.0,2722.21,1
331094,59590.0,235.0,10592.59,1
331184,0.0,465.0,2821.0,2
331258,14606.0,1356.0,4681.53,3
331301,41692.0,1445.0,11320.83,1
331325,19948.0,1207.0,3226.79,4
331353,13050.0,755.0,8079.83,4
331560,89601.0,1414.0,17019.01,4
331598,44988.0,2168.0,8621.0,5
331669,0.0,243.0,4787.21,4
331697,60880.0,1715.0,14435.67,2
331698,22886.0,1131.0,5096.67,2
331699,48534.0,2051.0,13575.68,5
331706,61709.0,2090.0,6410.97,5
331857,20368.0,1152.0,2827.33,0
331992,0.0,49.0,6739.66,4
331995,86305.0,243.0,4984.62,4
332003,78824.0,245.0,6156.36,4
332027,0.0,1154.0,15328.46,2
332077,46897.0,421.0,9424.26,0
332082,54422.0,1348.0,5465.6,1
332175,0.0,1514.0,2433.02,1
332208,0.0,1862.0,4733.51,4
332225,28140.0,654.0,2959.95,4
332276,24254.0,669.0,5360.56,4
332289,65436.0,876.0,2912.6,2
332387,39452.0,1293.0,5103.36,1
332409,0.0,2366.0,8470.04,0
332430,0.0,996.0,9747.99,2
332466,19581.0,1072.0,2320.75,4
332711,42247.0,2000.0,2879.51,3
332716,0.0,608.0,7250.03,5
332780,55964.0,985.0,2748.93,1
332823,25852.0,274.0,15266.48,1
332855,64859.0,180.0,7739.55,5
332869,94903.0,1262.0,3808.12,4
332962,49078.0,1824.0,22332.44,2
332983,94656.0,308.0,4479.02,5
333039,0.0,1695.0,14246.15,2
333051,84650.0,244.0,51426.25,3
333064,42305.0,1188.0,13891.74,5
333207,96137.0,479.0,2902.15,2
333213,85221.0,286.0,9448.83,4
333295,34087.0,1005.0,18544.3,4
333451,43676.0,1183.0,5913.31,5
333502,0.0,1762.0,3891.58,2
333595,24450.0,1639.0,7079.17,4
333621,0.0,2017.0,4692.17,1
333644,83846.0,39.0,8717.05,1
333680,89113.0,1884.0,6291.66,1
333694,65099.0,1398.0,2853.37,1
333773,50071.0,901.0,2771.05,3
333799,0.0,1780.0,6656.71,2
333825,17103.0,2255.0,9671.98,1
334003,53252.0,2022.0,4668.04,2
334143,22355.0,1346.0,7873.71,0
334192,0.0,9.0,14635.45,5
334224,0.0,1915.0,8467.37,0
334273,21881.0,650.0,5420.34,3
334324,0.0,641.0,14816.95,1
334329,36650.0,1443.0,2725.36,5
334437,0.0,1105.0,18767.55,2
334454,0.0,872.0,2419.31,2
334574,27430.0,2300.0,5403.55,2
334575,46900.0,1844.0,2580.85,0
334997,43267.0,2357.0,15673.14,4
335137,37260.0,1365.0,4932.92,1
335143,0.0,803.0,21766.83,4
335162,99368.0,1910.0,9124.6,2
335246,78352.0,274.0,5895.11,0
335306,64586.0,388.0,2978.85,5
335324,30344.0,1619.0,8341.93,2
335365,31517.0,1903.0,6685.8,2
335371,76594.0,1093.0,4899.98,3
335421,16370.0,2139.0,8467.27,4
335545,72540.0,741.0,10656.88,4
335554,0.0,1865.0,5313.29,5
335671,0.0,1977.0,5061.76,1
335755,43209.0,2026.0,4268.62,2
335839,80604.0,1978.0,4882.49,1
335852,0.0,1213.0,2510.63,6
335964,21506.0,1815.0,11660.57,5
336025,45270.0,1324.0,8161.78,4
336037,0.0,659.0,3059.43,4
336076,65742.0,32.0,3179.47,0
336127,63651.0,1709.0,7150.23,1
336138,0.0,889.0,2409.37,2
336139,0.0,2317.0,3669.83,4
336141,44820.0,2390.0,5182.39,0
336143,25564.0,2156.0,5495.18,1
336238,60774.0,244.0,12269.42,4
336247,55270.0,1514.0,20237.15,4
336271,57248.0,2017.0,2952.58,1
336281,25251.0,608.0,11790.5,5
336341,0.0,2228.0,4709.52,1
336357,69011.0,262.0,8274.15,4
336451,25411.0,56.0,6965.42,0
336469,52965.0,656.0,10682.76,2
336484,36357.0,299.0,5363.08,3
336539,22886.0,660.0,5096.67,2
336541,51790.0,469.0,2859.41,1
336665,66550.0,414.0,25674.15,4
336722,66216.0,2123.0,36860.73,0
336724,85297.0,1202.0,14970.29,1
336770,84768.0,164.0,2875.43,2
336809,83576.0,2403.0,5557.93,4
336817,25998.0,255.0,8382.48,1
336831,65247.0,113.0,2899.7,1
336878,97666.0,40.0,2640.52,1
336882,96339.0,608.0,2746.12,5
336902,76358.0,244.0,23594.68,1
337066,89451.0,647.0,2530.71,1
337148,49078.0,1551.0,22332.44,3
337235,53588.0,1800.0,3095.63,2
337260,36247.0,1300.0,7613.19,2
337341,30216.0,2259.0,2452.06,2
337453,88708.0,1843.0,9011.13,2
337488,62113.0,832.0,4178.59,4
337812,95284.0,245.0,5603.74,4
337815,81132.0,1289.0,4272.59,1
337818,40372.0,1549.0,6762.08,2
337842,0.0,1317.0,2441.39,5
337857,93210.0,2398.0,12846.45,4
337925,45254.0,1608.0,7090.47,4
337932,13663.0,652.0,25464.82,0
337945,20920.0,869.0,5638.93,4
337980,0.0,1483.0,9155.24,1
337983,0.0,1666.0,8719.13,4
338059,0.0,1488.0,16468.22,6
338125,63885.0,37.0,9011.76,4
338212,30886.0,1127.0,4754.65,4
338285,62473.0,618.0,7414.44,1
338291,48081.0,206.0,14895.4,1
338295,86073.0,164.0,5692.68,4
338346,0.0,1558.0,6875.61,2
338750,29250.0,2427.0,2545.52,1
338786,0.0,2065.0,2294.48,5
338803,70705.0,189.0,5390.27,2
338808,87747.0,375.0,5934.74,1
338837,76157.0,244.0,4669.23,2
338838,0.0,1102.0,3136.08,3
338872,30944.0,753.0,3589.37,0
339005,33775.0,818.0,2430.48,1
339151,20244.0,1251.0,5091.1,2
339220,66023.0,1877.0,2816.76,1
339274,0.0,425.0,8681.05,2
339371,86901.0,221.0,25805.51,2
339573,97830.0,2259.0,11628.73,1
339800,89270.0,244.0,2946.15,5
339819,55674.0,2371.0,5333.04,1
339845,0.0,424.0,4250.28,4
339880,51255.0,1017.0,34243.51,1
339927,0.0,1923.0,8002.31,2
339941,85632.0,1493.0,3309.25,4
340156,21594.0,242.0,5206.76,2
340277,46928.0,2002.0,4063.33,4
340307,46655.0,1887.0,3157.55,4
340467,69186.0,2176.0,5439.36,3
340479,88989.0,855.0,5055.9,2
340492,26713.0,243.0,2686.54,1
340574,86321.0,539.0,2666.05,1
340583,68073.0,597.0,9080.28,1
340604,72608.0,2224.0,6521.37,4
340638,48521.0,310.0,8360.15,4
340691,0.0,1119.0,4713.4,4
340723,58237.0,170.0,2393.81,4
340736,37308.0,658.0,6899.71,2
340782,94846.0,564.0,5918.33,1
340802,92766.0,739.0,20096.89,4
340874,35300.0,336.0,26305.42,2
340881,43846.0,325.0,2574.2,1
340924,16994.0,604.0,8783.17,2
340925,84146.0,949.0,6575.45,1
340927,52564.0,661.0,14566.09,1
340931,39393.0,848.0,32677.34,2
340934,21236.0,58.0,4882.29,3
341169,0.0,2290.0,13021.09,4
341185,0.0,1807.0,7707.81,1
341302,37233.0,1186.0,10856.18,2
341549,0.0,878.0,9435.54,2
341594,52471.0,1198.0,4187.78,2
341725,70263.0,986.0,7462.93,0
341728,0.0,2004.0,8628.3,4
341867,10629.0,1712.0,5274.2,2
341897,56021.0,114.0,8232.76,4
341904,0.0,87.0,2254.4,0
341907,20592.0,1869.0,2605.6,3
341942,31794.0,1847.0,14137.23,7
342007,30503.0,247.0,4897.98,3
342044,79797.0,1978.0,3308.0,1
342156,39035.0,1583.0,2650.62,1
342407,44527.0,1400.0,7163.8,3
342483,0.0,300.0,23706.11,5
342527,62006.0,1178.0,2472.25,1
342554,0.0,928.0,2195.3,4
342569,0.0,912.0,2230.28,0
342570,25270.0,2173.0,35022.45,6
342583,68164.0,1410.0,9175.17,5
342679,0.0,1357.0,4652.89,1
342725,95697.0,1743.0,2471.53,1
342738,0.0,244.0,5028.84,3
342836,98693.0,390.0,4909.03,2
342929,25943.0,1670.0,4145.71,1
342945,92539.0,1361.0,3980.84,4
342958,21371.0,443.0,5218.97,3
342980,50809.0,310.0,19480.5,5
343001,0.0,1019.0,5310.86,3
343011,58480.0,1700.0,8861.48,0
343051,43259.0,293.0,8730.42,5
343103,33485.0,1943.0,2526.73,2
343139,45431.0,2400.0,41745.01,0
343218,15505.0,2078.0,21480.82,2
343247,29160.0,190.0,3351.57,2
343377,21366.0,2225.0,4920.49,0
343383,53882.0,2343.0,2790.68,5
343425,91212.0,429.0,5532.75,2
343547,0.0,891.0,2746.9,1
343605,0.0,1420.0,6846.15,1
343706,51066.0,901.0,5780.18,1
343879,43860.0,372.0,2514.59,5
343884,0.0,64.0,12515.18,4
343978,69050.0,243.0,5375.84,1
343994,56005.0,1113.0,5479.56,5
344009,86101.0,602.0,4117.47,4
344039,43720.0,91.0,13448.81,6
344052,79699.0,377.0,2638.14,2
344121,94676.0,1000.0,5520.48,4
344180,0.0,524.0,4502.67,2
344199,0.0,2365.0,4563.87,0
344232,84650.0,2366.0,51426.25,4
344260,16976.0,1930.0,2631.88,1
344372,24581.0,289.0,11923.75,0
344413,85322.0,2364.0,16265.59,2
344464,35158.0,1057.0,15025.19,1
344483,0.0,1695.0,12495.74,3
344527,90289.0,178.0,31269.27,4
344570,0.0,441.0,6647.85,1
344580,82297.0,454.0,4538.85,5
344627,0.0,2164.0,2703.47,4
344669,73695.0,142.0,3331.45,5
344671,72462.0,413.0,10932.21,1
344749,77552.0,80.0,5382.75,1
344768,36845.0,243.0,2903.02,1
344797,29057.0,642.0,8178.24,4
344990,25820.0,932.0,3265.16,2
344998,0.0,809.0,3420.45,1
345014,0.0,157.0,5009.6,2
345090,48689.0,32.0,7783.78,3
345099,26806.0,1389.0,7019.18,5
345238,82800.0,775.0,8408.32,4
345244,97592.0,1590.0,7756.44,0
345518,0.0,1073.0,1898.68,1
345572,56263.0,1881.0,14718.12,2
345597,18661.0,2071.0,2470.44,2
345608,93018.0,2410.0,5090.78,5
345615,0.0,576.0,4655.39,2
345657,62739.0,246.0,5581.76,5
345682,0.0,766.0,7917.12,2
345765,45431.0,737.0,41745.01,4
345802,0.0,1686.0,4484.25,4
345840,0.0,343.0,6860.59,4
345841,62271.0,1019.0,5029.67,4
345908,16171.0,459.0,5652.72,2
345931,84629.0,1123.0,7291.6,2
345959,60920.0,47.0,7507.46,4
345978,65167.0,219.0,5213.37,0
346090,0.0,2246.0,7247.5,1
346103,27132.0,691.0,4633.34,2
346163,34510.0,1911.0,3126.27,5
346205,79507.0,1766.0,2754.46,1
346225,96443.0,2127.0,4072.85,2
346274,73758.0,1812.0,5923.52,4
346295,36328.0,394.0,12282.84,4
346346,31911.0,358.0,2636.98,5
346384,16042.0,2076.0,5528.66,1
346390,56342.0,338.0,2674.73,2
346456,39778.0,2153.0,13235.54,1
346499,37256.0,160.0,9816.53,1
346529,0.0,1831.0,6297.0,4
346532,0.0,1171.0,7205.02,1
346554,94903.0,2348.0,3808.12,2
346560,89384.0,245.0,22837.14,3
346598,88669.0,382.0,5320.08,4
346633,0.0,504.0,5504.14,1
346678,77411.0,2401.0,2691.57,5
346704,76638.0,1632.0,2913.48,0
346766,50494.0,168.0,27542.37,2
346809,25854.0,603.0,4860.62,1
346828,30703.0,2428.0,2814.44,1
346925,14306.0,1423.0,5264.36,4
347001,75606.0,1710.0,9581.28,1
347013,55037.0,275.0,6446.71,4
347142,77153.0,987.0,7914.82,2
347212,0.0,114.0,2937.17,4
347227,70911.0,331.0,2386.2,4
347231,0.0,1028.0,13080.79,1
347276,20978.0,1397.0,3508.57,2
347423,50446.0,451.0,8625.84,3
347431,37260.0,590.0,4932.92,5
347466,58840.0,1817.0,3427.15,1
347515,55898.0,403.0,5451.8,1
347629,0.0,559.0,6912.04,2
347634,20510.0,1332.0,2903.24,4
347733,0.0,265.0,2141.75,2
347850,42406.0,1623.0,3055.7,3
347861,0.0,927.0,4735.18,5
347914,33747.0,239.0,23536.75,4
347932,63597.0,2301.0,4425.75,3
347955,69468.0,684.0,5453.71,4
347982,97868.0,246.0,5577.54,2
347987,71592.0,191.0,8742.06,2
347997,61402.0,73.0,4909.84,4
348047,65794.0,1303.0,2758.5,5
348056,43736.0,601.0,10209.93,4
348065,16711.0,1745.0,3499.99,2
348085,0.0,2269.0,4017.06,1
348143,27400.0,247.0,4950.25,4
348173,30852.0,243.0,6699.28,4
348202,0.0,1685.0,5087.02,1
348215,43204.0,946.0,2523.65,2
348238,0.0,243.0,9575.36,3
348245,0.0,243.0,2419.31,1
348299,0.0,74.0,4827.78,2
348350,76358.0,1171.0,23594.68,2
348400,79751.0,1210.0,2551.23,1
348448,20396.0,1917.0,6047.03,3
348463,49532.0,2307.0,3136.43,1
348471,77603.0,1752.0,9191.67,1
348475,16269.0,1639.0,3211.07,1
348600,0.0,431.0,22895.35,2
348672,0.0,2073.0,3161.17,1
348681,0.0,1218.0,35944.71,2
348718,0.0,243.0,2413.89,4
348723,28887.0,2410.0,2753.31,4
348732,12964.0,575.0,4770.55,4
348740,68867.0,1179.0,5220.69,2
348751,0.0,1525.0,8012.12,1
348774,45484.0,2031.0,8767.63,6
348835,13663.0,1068.0,25464.82,0
348920,87517.0,2081.0,4515.18,4
348994,19359.0,1005.0,25390.55,0
349001,30817.0,1360.0,3436.13,5
349046,73168.0,790.0,5639.94,3
349108,60920.0,973.0,7507.46,2
349115,17533.0,1502.0,2736.35,0
349132,29486.0,613.0,2457.44,5
349153,0.0,1992.0,3402.39,1
349220,62810.0,1757.0,7408.17,4
349278,74089.0,430.0,7455.36,6
349342,32653.0,1589.0,5271.98,1
349447,0.0,245.0,2864.09,2
349470,84539.0,293.0,9587.59,4
349490,11828.0,1261.0,10083.49,4
349539,33832.0,2196.0,5297.67,4
349577,64311.0,1018.0,7381.62,4
349638,16476.0,2059.0,3707.28,2
349670,60689.0,2395.0,5799.83,2
349695,70277.0,31.0,3223.33,2
349730,28334.0,1626.0,6232.69,1
349767,74888.0,659.0,5382.76,0
349838,0.0,1991.0,8714.92,4
350001,0.0,1338.0,4788.93,5
350059,0.0,242.0,7076.65,5
350238,25036.0,1298.0,2422.19,4
350269,79090.0,587.0,8609.16,5
350271,0.0,398.0,8311.14,5
350486,49889.0,18.0,32861.26,3
350587,24164.0,2151.0,10972.07,3
350631,99241.0,1549.0,22325.83,4
350675,59438.0,2233.0,4815.85,0
350692,84824.0,763.0,15727.13,1
350863,97131.0,607.0,5181.62,1
350901,0.0,438.0,13561.43,4
350910,0.0,280.0,2693.61,4
350979,22346.0,2009.0,17223.07,0
351029,74092.0,991.0,5317.81,2
351138,61029.0,1618.0,2836.68,0
351145,37256.0,1254.0,9816.53,2
351238,49529.0,1513.0,6176.7,4
351292,76731.0,201.0,2582.41,1
351296,99875.0,600.0,39365.3,4
351367,0.0,2385.0,5079.83,0
351389,77609.0,1841.0,4436.81,1
351461,67523.0,267.0,5640.73,2
351500,72685.0,2296.0,2572.45,2
351513,22886.0,2227.0,5096.67,4
351551,0.0,329.0,4034.93,1
351615,0.0,1309.0,8689.82,2
351753,13528.0,386.0,6005.85,1
351889,57107.0,1600.0,8707.62,1
351897,11885.0,616.0,11315.2,1
351937,88105.0,350.0,27929.96,0
351966,28919.0,242.0,5761.11,2
352005,18052.0,869.0,4196.26,1
352026,61846.0,244.0,4465.34,1
352034,39886.0,244.0,12379.57,0
352053,89384.0,1519.0,22837.14,4
352068,69600.0,1696.0,2951.29,4
352078,55992.0,2253.0,5412.46,2
352092,85483.0,587.0,8096.31,4
352101,48567.0,1825.0,5015.01,1
352170,0.0,804.0,2030.78,4
352216,22881.0,118.0,2555.85,3
352242,70263.0,2058.0,7462.93,2
352280,86863.0,521.0,7437.69,5
352306,58452.0,420.0,14439.8,2
352337,52220.0,1719.0,5536.39,5
352377,21073.0,1755.0,7805.31,5
352424,20836.0,2377.0,6273.17,5
352490,12459.0,816.0,2554.44,5
352501,66245.0,1750.0,17367.27,0
352581,26277.0,244.0,4720.61,2
352582,67099.0,269.0,5469.54,1
352617,78108.0,2346.0,3886.65,5
352653,91474.0,868.0,13778.37,5
352702,27739.0,1607.0,12663.6,4
352734,26876.0,243.0,6005.21,2
352747,42148.0,407.0,16504.96,1
352809,37511.0,268.0,7098.02,2
352834,19065.0,515.0,4582.69,1
352916,16701.0,1211.0,4294.0,1
353032,0.0,1282.0,2393.92,2
353076,0.0,186.0,19964.4,4
353096,18608.0,1570.0,2538.63,1
353128,69921.0,2286.0,4670.06,2
353308,44019.0,246.0,5500.58,0
353369,51504.0,98.0,43217.22,4
353396,57483.0,825.0,9971.02,4
353455,22022.0,1716.0,46611.87,1
353486,34112.0,2368.0,6140.24,3
353535,61953.0,522.0,4416.21,5
353614,46338.0,245.0,15306.22,2
353648,0.0,295.0,6857.52,2
353786,0.0,399.0,2656.52,4
354002,26876.0,692.0,6005.21,0
354084,0.0,1977.0,2558.18,5
354150,57925.0,511.0,5583.07,0
354176,10312.0,1030.0,2886.45,1
354206,31678.0,40.0,2479.92,2
354295,31670.0,1332.0,7100.33,4
354438,0.0,120.0,4167.09,4
354442,63935.0,706.0,6880.47,2
354461,79751.0,1294.0,2551.23,2
354464,25147.0,1258.0,3600.93,2
354477,0.0,957.0,2504.44,5
354483,28327.0,1211.0,14131.12,2
354547,0.0,2336.0,12362.09,2
354730,0.0,1167.0,3885.46,3
355039,50825.0,535.0,8092.88,4
355099,39602.0,49.0,7488.79,3
355102,0.0,339.0,2279.75,2
355126,40994.0,1024.0,8378.36,2
355184,0.0,1839.0,4629.97,4
355298,57693.0,2416.0,5979.72,4
355331,0.0,2002.0,4145.02,0
355491,39492.0,290.0,2736.53,3
355512,0.0,94.0,9031.21,2
355515,29505.0,2130.0,11250.1,0
355578,33992.0,351.0,29676.81,4
355628,26222.0,2261.0,2396.67,3
355669,0.0,1094.0,6334.47,1
355707,21841.0,381.0,7380.09,1
355724,52674.0,92.0,2894.33,2
355750,0.0,901.0,2839.01,4
355775,89703.0,1923.0,5067.0,4
355781,0.0,245.0,8078.53,1
355795,33806.0,832.0,27789.69,2
355839,24518.0,107.0,5618.49,2
355906,62134.0,2155.0,11472.24,0
355908,64495.0,1696.0,3660.77,5
355994,21052.0,1551.0,8432.82,1
355995,45867.0,2057.0,5010.92,0
356237,0.0,288.0,2659.71,2
356240,63009.0,368.0,26900.27,1
356460,17622.0,283.0,4458.11,1
356507,24744.0,1030.0,2514.28,1
356558,0.0,2102.0,2676.95,3
356561,34161.0,881.0,7180.27,7
356578,92296.0,277.0,2759.98,1
356613,40571.0,641.0,15272.8,0
356618,28792.0,1758.0,6612.62,7
356708,18577.0,438.0,6273.91,4
356712,25746.0,1909.0,4716.26,4
356812,0.0,2050.0,6763.18,2
356828,14973.0,899.0,12168.74,6
356955,58544.0,1575.0,13583.62,1
356980,44230.0,2357.0,4510.19,1
357059,51066.0,266.0,5780.18,1
357138,80780.0,2129.0,8797.83,1
357149,0.0,957.0,4526.13,4
357161,0.0,1618.0,6418.85,4
357166,33716.0,661.0,5386.33,1
357173,0.0,1877.0,6307.5,0
357199,72208.0,640.0,5912.78,1
357298,16113.0,1177.0,20885.56,1
357375,27228.0,965.0,4865.37,2
357381,0.0,1766.0,8007.4,4
357466,0.0,1909.0,3651.69,4
357549,60817.0,100.0,3964.73,2
357567,0.0,1842.0,11196.46,0
357574,41958.0,1800.0,2602.65,0
357589,83365.0,1446.0,8656.4,4
357901,95058.0,252.0,7218.16,4
357903,72335.0,56.0,2762.8,1
357971,73809.0,2213.0,5015.64,0
357988,10211.0,267.0,9052.95,2
358012,57052.0,296.0,9268.67,4
358020,25703.0,1912.0,2435.62,2
358039,0.0,185.0,6358.25,2
358054,0.0,244.0,10461.58,0
358151,0.0,443.0,2562.84,2
358201,0.0,756.0,3123.08,2
358255,52823.0,2349.0,7590.96,2
358375,19683.0,2280.0,8382.63,1
358384,0.0,1678.0,6943.74,1
358513,56398.0,2287.0,6701.57,1
358586,96748.0,139.0,7725.54,0
358792,0.0,1725.0,8714.92,5
358794,0.0,1552.0,3342.18,4
358900,25134.0,922.0,5318.9,4
358948,99583.0,245.0,12743.35,2
358968,0.0,520.0,5003.34,0
358979,23376.0,2283.0,2867.31,4
358997,25048.0,147.0,13406.92,4
359011,39018.0,1016.0,14014.1,4
359029,0.0,359.0,7343.53,4
359091,74015.0,608.0,5555.83,0
359133,74286.0,301.0,5638.54,2
359138,59847.0,19.0,7596.29,1
359188,85721.0,113.0,5218.34,4
359275,51643.0,2136.0,11009.13,0
359360,25147.0,1624.0,3600.93,3
359446,0.0,1633.0,5504.14,2
359466,12904.0,599.0,5165.2,4
359575,0.0,938.0,14687.08,4
359693,12811.0,1880.0,5253.49,6
359816,31364.0,1104.0,5828.18,1
360017,92374.0,1436.0,8639.5,1
360031,0.0,230.0,2357.5,1
360240,33415.0,338.0,3095.8,2
360256,56980.0,517.0,6689.02,1
360435,64460.0,931.0,5343.12,1
360446,66947.0,1421.0,6314.49,4
360472,20993.0,2198.0,4772.94,4
360485,26436.0,47.0,6388.21,4
360537,87485.0,1970.0,3694.15,3
360730,45743.0,769.0,11280.73,3
360732,70412.0,117.0,4930.95,2
360744,28432.0,244.0,13869.93,1
360805,22081.0,1408.0,6503.4,1
360868,75272.0,218.0,4122.57,4
360902,64801.0,687.0,7582.11,3
360942,27972.0,2099.0,2227.07,1
360981,22537.0,204.0,22425.26,4
361109,59183.0,2330.0,9100.73,3
361237,35091.0,906.0,5768.09,5
361266,0.0,624.0,2652.06,1
361434,78115.0,818.0,5270.01,2
361439,93721.0,1553.0,6520.82,2
361680,43579.0,442.0,6135.08,3
361707,0.0,1194.0,6829.41,2
361710,0.0,242.0,8087.22,5
361816,22571.0,1745.0,4605.04,2
361827,75740.0,952.0,7870.36,1
361892,70082.0,1758.0,4743.62,2
361944,80409.0,245.0,26113.36,0
362055,0.0,1725.0,6781.27,5
362134,41701.0,205.0,8113.96,0
362165,87123.0,764.0,8388.72,3
362167,28937.0,2216.0,7858.11,5
362201,0.0,1410.0,15860.04,0
362293,22926.0,1367.0,11003.02,1
362471,57591.0,1730.0,13009.24,1
362541,0.0,1887.0,9657.58,2
362586,78596.0,2089.0,2949.28,4
362642,43259.0,1386.0,8730.42,1
362680,0.0,1772.0,3054.54,2
362736,0.0,2263.0,6113.87,4
362742,45302.0,540.0,16007.95,2
362823,13870.0,139.0,8478.3,2
362841,63800.0,674.0,9050.76,2
362855,94731.0,792.0,5457.34,1
362925,56680.0,261.0,7688.02,0
363178,16891.0,243.0,3359.29,4
363199,58577.0,435.0,4428.03,4
363314,93303.0,2412.0,5157.64,4
363483,96021.0,19.0,5508.32,1
363513,69746.0,190.0,2959.82,0
363743,81872.0,2098.0,14024.36,1
363774,57099.0,2053.0,2613.02,5
363780,0.0,188.0,13419.4,2
363864,19589.0,488.0,4987.64,2
363866,28142.0,239.0,3873.65,3
363925,0.0,398.0,4853.53,5
363967,0.0,246.0,5568.95,1
363983,0.0,92.0,18361.56,1
364049,57335.0,2084.0,13367.87,2
364067,55790.0,2312.0,8535.11,1
364137,46503.0,2265.0,8427.17,3
364153,28582.0,1455.0,13037.03,4
364247,54010.0,242.0,2734.44,3
364264,57449.0,1033.0,12157.33,1
364356,72421.0,291.0,2592.44,0
364372,99189.0,2417.0,9406.38,2
364596,73049.0,244.0,16710.84,4
364710,25167.0,270.0,51016.07,4
364895,0.0,1565.0,13864.38,5
364908,28859.0,1130.0,5011.75,5
364931,51962.0,691.0,4804.36,2
365138,46988.0,260.0,7724.05,0
365156,0.0,192.0,7821.19,4
365166,33555.0,244.0,2509.11,1
365208,53690.0,63.0,18211.14,1
365346,0.0,1331.0,1898.01,4
365404,0.0,1969.0,9657.58,1
365413,25378.0,483.0,7854.96,5
365421,42297.0,662.0,2783.58,1
365451,19132.0,1560.0,15063.5,2
365468,0.0,644.0,8104.5,1
365515,44986.0,2187.0,8041.2,1
365557,27961.0,1567.0,25581.61,4
365596,0.0,280.0,10442.45,1
365619,17101.0,1628.0,12298.69,1
365635,69263.0,2369.0,3275.16,5
365642,63422.0,1183.0,2637.94,1
365761,0.0,996.0,12234.36,4
365816,26802.0,875.0,4636.55,1
365863,37534.0,1887.0,13223.04,5
365887,0.0,219.0,18948.35,1
366049,19098.0,260.0,3220.78,2
366116,85221.0,800.0,9448.83,2
366133,0.0,782.0,3992.58,1
366161,35830.0,330.0,4674.71,3
366250,0.0,231.0,4162.18,4
366263,46855.0,1070.0,9501.01,1
366467,40964.0,1460.0,5824.82,4
366487,0.0,1397.0,2121.31,2
366500,21921.0,837.0,15771.39,5
366537,0.0,1005.0,2652.29,2
366540,79494.0,277.0,7288.88,5
366576,0.0,192.0,5293.72,2
366599,96610.0,271.0,6915.73,1
366654,0.0,1691.0,8558.93,4
366687,22022.0,171.0,46611.87,2
366719,47824.0,534.0,4873.35,4
366727,49561.0,374.0,7506.78,4
366744,25239.0,2306.0,7995.41,2
366894,92472.0,1380.0,5228.92,2
366911,0.0,2240.0,4786.05,1
366932,10180.0,488.0,5049.77,1
366977,0.0,298.0,19357.37,2
367006,0.0,26.0,17288.55,1
367338,56550.0,1369.0,8696.71,4
367492,0.0,474.0,3885.46,1
367511,94508.0,1030.0,7074.4,2
367547,0.0,845.0,2454.59,2
367562,37876.0,1875.0,2647.52,4
367680,20978.0,1374.0,13569.24,1
367685,0.0,113.0,6861.28,2
367697,94527.0,1185.0,5860.17,4
367751,0.0,2226.0,4260.71,2
367774,84863.0,2072.0,5535.96,4
367782,90607.0,242.0,5565.89,2
367811,36631.0,208.0,2491.32,2
367961,0.0,2029.0,4670.95,4
368027,14909.0,1281.0,15096.27,4
368045,47482.0,1505.0,7281.72,2
368062,80213.0,243.0,8488.56,4
368073,19447.0,643.0,3336.22,4
368118,53055.0,369.0,8548.3,4
368122,0.0,155.0,8555.89,2
368292,0.0,92.0,4770.26,5
368330,0.0,1698.0,5770.68,2
368391,53330.0,313.0,7651.1,4
368435,57107.0,244.0,8707.62,7
368523,92783.0,365.0,4874.22,2
368549,0.0,1862.0,2326.86,1
368566,25358.0,1732.0,14616.37,0
368591,26057.0,1593.0,8509.85,2
368669,50985.0,36.0,2776.58,2
368675,0.0,155.0,6512.98,1
368713,46135.0,54.0,2730.2,1
368772,57933.0,247.0,4209.68,1
368830,0.0,243.0,4974.24,2
368878,69186.0,179.0,5439.36,4
368981,27500.0,1811.0,33718.84,2
369000,50755.0,1673.0,3618.69,2
369035,44428.0,1374.0,12036.62,5
369084,0.0,260.0,11039.32,5
369091,28463.0,1950.0,8826.96,2
369121,25820.0,1431.0,3265.16,1
369141,39482.0,2296.0,6006.44,1
369188,30969.0,2377.0,7334.92,4
369229,84581.0,1807.0,15435.69,2
369242,11828.0,1011.0,10083.49,6
369361,0.0,1784.0,7559.21,0
369388,26790.0,59.0,2810.46,1
369392,31421.0,994.0,9594.78,2
369416,81565.0,529.0,2880.35,2
369458,22726.0,988.0,5087.02,2
369569,0.0,1991.0,5098.85,3
369603,52774.0,1926.0,7529.86,3
369638,40833.0,140.0,5358.16,1
369646,14973.0,632.0,12168.74,5
369658,75838.0,2072.0,7189.11,2
369682,0.0,1789.0,2497.53,1
369715,85721.0,270.0,5218.34,0
369739,51032.0,1134.0,3339.85,2
369795,36635.0,380.0,2486.06,2
369841,87421.0,1467.0,8026.28,2
369853,0.0,337.0,3133.02,4
369867,55274.0,201.0,2851.16,1
369943,42297.0,1762.0,2783.58,2
370014,0.0,1358.0,9661.1,0
370066,0.0,898.0,6611.12,1
370090,44619.0,1295.0,2758.7,4
370093,82108.0,1787.0,2691.22,0
370300,88340.0,2182.0,12280.77,5
370405,43416.0,2314.0,5669.97,3
370443,0.0,1495.0,2009.77,2
370450,20920.0,2250.0,3934.1,0
370486,18024.0,545.0,4657.16,1
370517,0.0,1611.0,7432.3,1
370539,21450.0,1842.0,10937.18,1
370660,28082.0,245.0,2499.5,2
370744,94230.0,935.0,5526.44,4
370842,89061.0,1631.0,8188.98,3
370877,39428.0,1230.0,6727.62,6
370959,41228.0,138.0,2816.57,5
370979,43510.0,251.0,3337.59,2
370990,75648.0,2183.0,4349.31,2
371065,0.0,1506.0,2393.92,4
371079,45181.0,1567.0,2599.97,2
371148,0.0,31.0,29297.33,3
371152,24976.0,2123.0,5493.02,2
371159,0.0,1480.0,6559.35,1
371164,69921.0,1332.0,4670.06,3
371191,26802.0,749.0,4636.55,4
371368,70047.0,407.0,2821.1,4
371402,35033.0,307.0,3479.76,2
371422,25404.0,1482.0,4312.64,1
371511,0.0,249.0,8028.48,4
371532,0.0,600.0,2354.5,3
371580,16656.0,2403.0,4762.56,1
371606,70279.0,2004.0,5708.02,4
371672,0.0,2206.0,8207.86,2
371675,68798.0,1001.0,4502.68,5
371737,42987.0,244.0,3012.04,7
371739,91416.0,820.0,5575.75,2
371875,0.0,2329.0,3771.62,4
371969,23665.0,947.0,22658.54,1
372069,56146.0,521.0,4756.13,2
372111,0.0,900.0,12255.12,2
372169,78275.0,27.0,11619.92,2
372175,25545.0,1499.0,5348.07,1
372183,0.0,1937.0,4745.68,4
372237,0.0,1955.0,6624.61,1
372261,21497.0,632.0,4983.18,4
372290,39133.0,1413.0,5418.73,2
372353,17109.0,2190.0,9259.73,2
372522,73858.0,771.0,2810.67,2
372622,61726.0,1904.0,7540.91,3
372647,45331.0,1291.0,32227.08,5
372652,21375.0,1790.0,2566.78,0
372663,89948.0,171.0,13081.31,3
372737,22520.0,249.0,5498.94,1
372755,84978.0,168.0,11665.1,2
372824,25646.0,733.0,6013.74,4
372865,48534.0,244.0,13575.68,1
372961,69387.0,417.0,5659.24,2
373044,44385.0,584.0,7472.67,3
373118,0.0,1280.0,7516.79,0
373144,0.0,1695.0,2746.9,2
373204,71445.0,54.0,2749.41,2
373242,0.0,418.0,13419.4,1
373321,11432.0,53.0,13466.92,1
373374,0.0,1676.0,5081.74,4
373429,25905.0,8.0,2300.69,2
373501,18263.0,526.0,4428.63,3
373554,93884.0,61.0,2635.15,4
373638,82807.0,1542.0,11073.11,0
373665,93272.0,242.0,3861.49,2
373737,21509.0,725.0,8888.88,0
373771,52507.0,272.0,4928.65,4
373886,81097.0,883.0,2912.89,5
373888,0.0,209.0,2695.46,2
373898,53907.0,1126.0,5666.87,1
373950,42585.0,1321.0,2751.37,2
374107,33580.0,778.0,4931.5,3
374113,60861.0,25.0,5216.91,2
374117,65828.0,1740.0,2451.99,2
374266,33881.0,1599.0,5488.93,2
374275,23923.0,1598.0,9824.75,2
374293,0.0,121.0,9032.37,4
374344,98044.0,450.0,8923.15,4
374345,75648.0,1177.0,4349.31,0
374401,59886.0,1129.0,8323.53,1
374421,47482.0,93.0,7281.72,4
374440,61546.0,1389.0,5439.8,1
374585,83389.0,2053.0,5224.33,2
374639,0.0,2235.0,4102.2,2
374679,81763.0,1123.0,2866.78,1
374721,43982.0,804.0,14722.22,1
374736,36305.0,1881.0,4861.37,2
374850,44980.0,1280.0,9368.27,1
374881,0.0,1791.0,3721.39,3
374931,63546.0,2159.0,2541.52,2
374941,0.0,508.0,9713.16,1
374967,46587.0,740.0,41787.9,3
374984,32903.0,2365.0,4911.0,4
375056,13088.0,243.0,6411.12,1
375105,31561.0,2044.0,5324.39,3
375115,0.0,8.0,12851.42,1
375162,53562.0,243.0,5364.47,3
375203,72421.0,245.0,2592.44,1
375265,55836.0,606.0,5875.04,2
375297,51643.0,1190.0,11009.13,3
375371,43000.0,22.0,21886.2,2
375399,36283.0,161.0,2649.21,2
375430,76731.0,958.0,2582.41,1
375451,61687.0,228.0,5294.28,4
375467,45473.0,152.0,27382.82,2
375511,37435.0,1638.0,4070.05,4
375540,16181.0,2361.0,13736.13,2
375597,0.0,754.0,3915.8,2
375683,72075.0,746.0,2889.09,4
375694,45128.0,2323.0,2906.89,2
375722,60244.0,1381.0,3238.0,2
375757,0.0,1696.0,3199.75,2
375768,0.0,1751.0,3199.75,4
375792,56342.0,406.0,2674.73,1
375814,0.0,2254.0,9955.49,4
375890,26884.0,1206.0,3531.04,2
375909,76358.0,1325.0,23594.68,5
375987,0.0,1119.0,9227.95,0
376072,90804.0,1539.0,9122.93,5
376144,97268.0,495.0,17002.02,1
376299,0.0,1813.0,35013.54,1
376367,41859.0,191.0,5994.23,1
376424,22475.0,586.0,2513.12,4
376484,22784.0,1720.0,19338.53,4
376572,0.0,1953.0,9624.94,2
376618,71126.0,1509.0,2854.11,1
376630,30763.0,1213.0,12948.4,0
376725,36800.0,2097.0,25401.52,4
376862,59592.0,1361.0,3300.61,4
376863,40417.0,2186.0,5614.59,4
376969,40032.0,615.0,9246.22,3
376983,64706.0,90.0,3176.36,2
377029,58577.0,1890.0,4428.03,4
377050,85478.0,2261.0,8295.84,2
377114,91811.0,2005.0,2857.11,4
377173,94304.0,1865.0,2814.21,4
377247,50332.0,1797.0,2860.86,2
377288,93303.0,1777.0,5157.64,0
377289,12608.0,1646.0,4991.47,2
377302,23634.0,245.0,4803.78,4
377322,41833.0,967.0,4023.81,5
377364,26713.0,416.0,2686.54,7
377375,0.0,389.0,9657.58,0
377444,48245.0,613.0,13995.69,2
377464,0.0,955.0,14980.05,1
377471,0.0,251.0,4270.03,2
377489,0.0,1177.0,7897.02,0
377642,43671.0,242.0,5329.08,2
377674,20592.0,1107.0,2605.6,4
377724,0.0,2150.0,14050.17,4
377742,0.0,244.0,8009.03,0
377796,15413.0,243.0,4013.85,1
377858,0.0,340.0,5142.05,1
377928,72517.0,105.0,13156.75,2
377968,14973.0,1697.0,12168.74,4
378014,0.0,598.0,2360.6,4
378153,0.0,261.0,6172.39,4
378181,62074.0,1744.0,5278.2,2
378267,0.0,2204.0,4135.78,1
378454,30431.0,2042.0,9640.53,4
378498,0.0,242.0,2600.64,2
378793,83800.0,2179.0,2444.33,4
378827,29406.0,1637.0,5204.65,4
378857,22081.0,1477.0,6503.4,5
378920,43478.0,1414.0,6446.92,1
378968,25634.0,1096.0,10622.52,3
379038,16233.0,180.0,7609.09,0
379041,93854.0,208.0,7081.69,3
379110,0.0,806.0,12827.43,1
379117,0.0,244.0,8663.5,1
379120,32437.0,977.0,2742.8,4
379238,61108.0,1111.0,10484.92,2
379281,60668.0,501.0,5498.75,3
379351,0.0,895.0,3007.39,2
379384,0.0,813.0,9901.28,2
379414,51692.0,301.0,7484.38,0
379446,32370.0,426.0,9150.14,0
379506,18558.0,1687.0,3088.0,5
379562,37748.0,1759.0,41491.74,2
379572,51721.0,1085.0,5632.61,4
379629,41186.0,2109.0,5100.74,4
379716,0.0,1200.0,4529.11,1
379752,69959.0,1296.0,7553.23,4
379836,0.0,893.0,16313.68,5
379962,72149.0,1619.0,8071.33,2
380001,90330.0,1920.0,36057.54,1
380031,62039.0,1625.0,5396.31,4
380059,37839.0,1932.0,6806.49,1
380099,0.0,1159.0,5296.84,4
380110,57564.0,2117.0,2458.45,0
380183,0.0,1050.0,4735.18,1
380247,62464.0,2356.0,8658.86,0
380255,13662.0,873.0,6274.45,4
380262,37553.0,1608.0,22217.97,2
380294,27722.0,1469.0,5532.63,5
380526,23339.0,1335.0,5437.91,2
380627,80590.0,725.0,6162.2,4
380709,75203.0,194.0,12682.25,1
380788,91535.0,721.0,18938.54,4
380795,52135.0,2398.0,12275.34,1
380843,95340.0,1315.0,15531.79,4
380928,75716.0,1591.0,9928.99,4
380954,91535.0,140.0,18938.54,2
381065,76157.0,589.0,4669.23,0
381176,72302.0,243.0,2616.61,0
381189,37612.0,1330.0,2537.97,2
381234,0.0,1416.0,2319.74,5
381284,0.0,159.0,9476.9,4
381307,20101.0,2355.0,3776.32,2
381308,0.0,49.0,6039.02,2
381316,17291.0,1785.0,5631.45,1
381395,22061.0,742.0,5878.2,5
381459,48278.0,2267.0,5932.56,4
381471,67134.0,18.0,10339.6,4
381472,48866.0,1197.0,8237.25,4
381496,54737.0,1502.0,2610.37,1
381539,0.0,207.0,7416.47,1
381651,21299.0,1268.0,5316.61,3
381717,86305.0,178.0,4984.62,1
381748,62326.0,1460.0,9880.1,4
381786,29177.0,107.0,4766.94,6
381901,24599.0,2182.0,7463.14,1
382045,39854.0,1240.0,5217.51,5
382149,24919.0,1828.0,6532.01,1
382197,51193.0,243.0,4100.47,2
382243,0.0,2084.0,6361.85,2
382252,0.0,832.0,17497.52,5
382271,41121.0,969.0,11211.59,1
382464,0.0,1399.0,4463.0,1
382671,55350.0,909.0,5380.9,2
382678,37937.0,618.0,9095.05,2
382738,11904.0,601.0,4254.62,0
382739,0.0,279.0,7286.16,4
382748,85132.0,485.0,8291.66,3
382889,72302.0,303.0,2616.61,2
382953,0.0,2258.0,4758.56,2
382971,39034.0,17.0,19190.32,4
382980,26023.0,1912.0,8457.46,1
382983,76310.0,21.0,2701.49,1
383108,44537.0,2397.0,4247.68,2
383147,15850.0,1139.0,6945.02,1
383190,87274.0,1348.0,2944.78,0
383202,36088.0,1743.0,5528.21,1
383367,39377.0,280.0,2520.82,4
383391,31213.0,88.0,2550.0,1
383399,21156.0,1337.0,6540.2,0
383421,0.0,2246.0,8012.92,2
383627,17576.0,2044.0,2722.21,2
383656,65733.0,783.0,9103.9,1
383701,42406.0,469.0,3055.7,4
383787,40803.0,1798.0,8169.51,1
383808,0.0,1122.0,4496.98,3
383826,31485.0,1453.0,9407.45,1
383842,68745.0,439.0,3238.93,4
383891,30817.0,1620.0,3436.13,2
383898,0.0,277.0,4481.39,4
383912,72309.0,2301.0,8059.89,2
383954,53265.0,1805.0,4980.83,1
383962,21665.0,464.0,5097.53,5
383969,59648.0,460.0,7920.28,2
384010,96269.0,277.0,9555.17,0
384090,0.0,1489.0,3653.13,1
384146,22974.0,244.0,2790.23,5
384269,50549.0,1228.0,4745.18,6
384286,0.0,667.0,2258.79,0
384296,69417.0,663.0,2842.27,5
384328,0.0,664.0,6165.56,5
384336,41832.0,1151.0,7942.17,1
384356,79898.0,189.0,2452.98,5
384409,14909.0,140.0,15096.27,0
384412,96306.0,244.0,7519.13,4
384543,14985.0,1129.0,4506.58,1
384548,72191.0,187.0,8189.97,2
384599,26488.0,1518.0,19337.9,0
384602,0.0,757.0,6941.9,1
384686,0.0,2338.0,10014.06,2
384737,29318.0,243.0,6930.63,2
384744,81285.0,1285.0,3124.93,4
384750,91580.0,1623.0,8870.67,2
384818,24030.0,297.0,7048.38,3
384825,75648.0,2327.0,4349.31,0
384905,0.0,243.0,5264.64,4
384907,72302.0,1066.0,2616.61,5
384920,85522.0,2123.0,5126.84,1
384928,77642.0,1331.0,7710.91,2
384986,92834.0,1445.0,2443.67,5
385092,74298.0,315.0,7095.13,2
385131,0.0,2037.0,5504.14,6
385190,13528.0,2332.0,6005.85,4
385235,0.0,1894.0,4260.71,1
385358,53863.0,1341.0,15182.28,1
385593,0.0,1601.0,6729.87,2
385638,89196.0,243.0,3241.59,3
385718,64706.0,1593.0,5323.87,4
385747,76381.0,26.0,9337.9,0
385861,50537.0,114.0,6672.06,3
385864,0.0,2363.0,3857.77,4
385912,47725.0,1850.0,15119.56,1
386037,83460.0,860.0,2655.86,1
386082,41662.0,245.0,5391.97,5
386298,37876.0,200.0,2647.52,4
386342,43946.0,1631.0,15865.17,2
386363,55702.0,1958.0,4961.41,1
386446,46043.0,119.0,5551.59,3
386607,57883.0,2026.0,5580.82,2
386649,49182.0,1243.0,8436.35,4
386790,58557.0,1530.0,3554.85,4
386825,0.0,627.0,3697.04,0
386926,61225.0,1732.0,14002.76,1
386936,85067.0,139.0,7857.36,1
386979,0.0,243.0,8555.89,4
386986,25134.0,2333.0,5318.9,2
387121,26848.0,1247.0,4450.22,4
387129,0.0,2029.0,4776.19,2
387203,14985.0,533.0,4506.58,2
387214,58842.0,308.0,4362.93,1
387307,0.0,310.0,5395.35,1
387455,41372.0,1120.0,2519.57,2
387506,0.0,836.0,4448.56,0
387523,98451.0,2413.0,4964.67,1
387553,55005.0,350.0,2808.08,2
387568,37138.0,2159.0,6186.27,1
387570,48567.0,1740.0,5015.01,2
387584,0.0,1892.0,6158.85,2
387648,39783.0,1101.0,2794.91,5
387650,0.0,1041.0,4354.4,2
387695,0.0,1184.0,8818.05,4
387705,17220.0,2070.0,3985.32,4
387721,0.0,1815.0,13104.15,0
387834,62989.0,177.0,8395.27,2
387880,46182.0,1417.0,7777.2,2
387971,91653.0,1978.0,4397.78,1
388046,76184.0,588.0,9002.41,0
388140,0.0,1900.0,13561.43,6
388156,51789.0,1337.0,2750.71,2
388292,0.0,1950.0,8025.23,1
388448,57760.0,1472.0,6236.02,1
388478,79192.0,522.0,2744.08,4
388624,37840.0,589.0,7057.89,4
388639,0.0,1866.0,4881.75,1
388777,46370.0,886.0,2702.38,1
388985,32169.0,944.0,7796.0,1
389081,85297.0,243.0,14970.29,2
389146,31071.0,1367.0,4305.79,2
389225,33879.0,2026.0,15428.01,5
389387,26876.0,388.0,6005.21,0
389429,14030.0,871.0,2719.51,2
389430,0.0,243.0,7619.48,5
389488,21636.0,505.0,11236.31,7
389551,29730.0,1927.0,5728.58,4
389565,66429.0,1243.0,5389.5,4
389583,80928.0,281.0,5283.36,7
389706,0.0,1660.0,29577.28,1
389741,62902.0,513.0,8256.3,1
389804,0.0,2061.0,5619.69,5
389812,20943.0,392.0,2627.76,1
389928,0.0,1638.0,13024.13,1
389995,0.0,2081.0,4522.88,2
389996,67511.0,967.0,5849.49,2
390022,82664.0,245.0,8838.09,4
390117,0.0,1136.0,8123.02,0
390190,96306.0,588.0,7519.13,2
390203,0.0,2251.0,8215.39,2
390209,50180.0,2016.0,2805.29,0
390297,82753.0,176.0,13749.37,1
390343,70263.0,989.0,7462.93,1
390350,0.0,2309.0,3569.86,4
390377,0.0,1522.0,16727.56,1
390434,28804.0,826.0,5995.41,1
390435,46998.0,597.0,7484.31,1
390480,64559.0,235.0,19597.06,0
390546,52979.0,646.0,5794.68,2
390562,74270.0,169.0,6222.21,4
390651,21195.0,702.0,5764.65,1
390719,51523.0,237.0,4598.24,2
390874,38500.0,174.0,3982.18,1
390880,74028.0,1221.0,19174.63,2
390911,25866.0,740.0,4236.3,0
390974,83220.0,1718.0,4434.03,4
390980,25998.0,1256.0,8382.48,4
391034,42987.0,2156.0,3012.04,1
391091,0.0,411.0,10196.11,1
391106,47669.0,1762.0,6278.76,2
391313,36088.0,372.0,5528.21,5
391357,28909.0,245.0,5246.28,2
391397,67282.0,1154.0,2487.73,5
391402,51737.0,561.0,5598.01,1
391509,29133.0,842.0,4177.67,4
391542,57925.0,1189.0,5583.07,4
391557,60475.0,205.0,4330.39,1
391564,41968.0,2138.0,2680.9,1
391611,0.0,672.0,22103.51,3
391673,34337.0,2199.0,9035.67,2
391761,0.0,680.0,6102.95,1
391861,54483.0,643.0,2411.26,5
391900,0.0,434.0,9031.21,3
391927,54094.0,953.0,8791.44,2
391939,0.0,1171.0,7890.6,0
392098,0.0,777.0,6964.05,2
392206,0.0,2217.0,6869.19,2
392235,29875.0,1987.0,4542.41,2
392335,74243.0,1567.0,10171.48,2
392402,61417.0,2336.0,5143.88,1
392430,29084.0,1171.0,5532.46,1
392558,39161.0,86.0,2725.68,2
392575,67627.0,1949.0,14002.38,2
392582,63243.0,1338.0,6112.76,1
392619,0.0,1790.0,6993.84,1
392682,0.0,452.0,2356.07,2
392713,50332.0,123.0,2860.86,1
392774,0.0,1429.0,5357.19,5
392781,0.0,303.0,2452.36,1
392785,62366.0,1236.0,8678.51,4
392802,99612.0,1169.0,2855.69,3
392953,0.0,432.0,2510.05,2
392989,41449.0,91.0,5443.76,2
393101,19637.0,143.0,2521.16,1
393130,45257.0,72.0,8277.75,1
393206,54702.0,1636.0,8019.86,2
393309,63354.0,1494.0,8343.41,1
393329,0.0,93.0,12357.12,7
393380,18643.0,1264.0,9320.24,0
393403,0.0,1247.0,2236.09,4
393565,33243.0,2088.0,3344.81,1
393604,54668.0,387.0,5345.68,5
393806,0.0,2409.0,7556.51,1
393853,62534.0,2134.0,8145.99,2
393888,26784.0,2358.0,5108.04,4
393975,78879.0,412.0,5509.9,1
394078,33566.0,1051.0,5004.58,2
394167,0.0,1583.0,5439.34,2
394195,0.0,1154.0,12944.19,2
394196,31475.0,168.0,5068.26,1
394200,25680.0,245.0,8722.9,4
394213,32365.0,647.0,5278.53,1
394248,0.0,2208.0,7107.66,1
394321,0.0,1575.0,7371.59,4
394363,0.0,127.0,3268.32,3
394454,94903.0,1487.0,3808.12,2
394569,46503.0,245.0,8427.17,5
394715,0.0,2415.0,12807.09,1
394806,0.0,2321.0,3891.58,1
394812,24248.0,2091.0,2403.54,2
394927,69588.0,357.0,9115.57,4
394941,33514.0,868.0,12780.28,2
394946,0.0,243.0,4778.68,4
394979,77104.0,2421.0,8888.89,0
395026,0.0,1541.0,4624.62,1
395121,72006.0,1164.0,5094.52,1
395168,0.0,509.0,3432.96,3
395189,92589.0,243.0,5279.48,3
395300,21119.0,484.0,10193.77,4
395324,0.0,1720.0,13379.81,4
395384,66839.0,592.0,5989.77,1
395446,69736.0,196.0,8973.11,2
395460,0.0,1825.0,4330.8,5
395511,52679.0,457.0,4964.63,5
395512,38692.0,242.0,4091.93,2
395525,0.0,2203.0,4398.05,4
395622,0.0,1283.0,21112.54,2
395639,13542.0,1269.0,7188.29,4
395871,24182.0,344.0,2398.74,2
395887,82399.0,1238.0,6045.63,6
395912,31409.0,1176.0,3891.54,3
395962,0.0,193.0,2510.59,0
396018,0.0,1557.0,9354.13,3
396048,0.0,128.0,7517.08,1
396155,0.0,2134.0,20090.44,5
396267,77077.0,1980.0,8845.71,4
396446,0.0,2057.0,16045.11,2
396471,45106.0,1832.0,17476.64,1
396726,0.0,643.0,6179.7,2
396863,41854.0,872.0,8861.9,1
396867,0.0,150.0,14827.91,1
396920,0.0,954.0,18892.2,1
396984,36791.0,1626.0,5290.67,3
396996,41408.0,2029.0,2837.01,0
396997,28304.0,2268.0,3579.02,1
396998,66825.0,646.0,24967.76,4
397053,99428.0,1190.0,5185.8,1
397065,21514.0,576.0,11981.98,1
397099,0.0,90.0,14084.49,4
397104,42536.0,2388.0,4889.25,1
397141,0.0,1943.0,2160.92,2
397242,22849.0,1639.0,8789.88,5
397248,89781.0,2028.0,5210.35,3
397272,85210.0,52.0,2916.42,4
397376,0.0,37.0,2374.81,2
397377,42240.0,920.0,9486.6,5
397480,67117.0,1996.0,30313.31,4
397518,60334.0,242.0,4235.18,0
397533,0.0,2322.0,6234.31,1
397706,0.0,1833.0,4002.86,1
397787,56334.0,243.0,5169.56,6
397817,37256.0,1737.0,9816.53,4
397820,0.0,834.0,4574.55,1
397848,0.0,244.0,7850.59,4
397891,92296.0,442.0,2759.98,5
397934,81872.0,501.0,14024.36,3
397947,63326.0,2096.0,8935.27,2
397962,82655.0,490.0,2652.7,5
398074,16233.0,950.0,7609.09,4
398086,38113.0,1821.0,8598.19,0
398305,0.0,285.0,5009.6,4
398351,80807.0,867.0,21991.62,4
398506,0.0,1747.0,20842.6,1
398535,0.0,244.0,4250.28,4
398586,26335.0,1993.0,26770.45,2
398603,73601.0,726.0,2944.18,1
398611,0.0,1798.0,3870.36,2
398655,37876.0,273.0,2647.52,3
398819,26320.0,991.0,8826.61,2
398839,27587.0,1347.0,30286.69,4
398846,0.0,510.0,13727.8,0
398924,25285.0,1330.0,35900.08,4
398965,14072.0,766.0,24127.5,1
399065,27681.0,2419.0,6057.07,2
399101,57693.0,832.0,5979.72,4
399214,0.0,1018.0,7218.09,1
399251,0.0,1933.0,8276.44,5
399372,29695.0,2168.0,14700.5,4
399379,0.0,2243.0,2004.35,1
399397,0.0,2175.0,7799.44,4
399417,79153.0,2430.0,8500.91,2
399418,21277.0,1559.0,5109.5,3
399514,53984.0,245.0,3214.98,5
399555,44891.0,272.0,6712.29,0
399575,68331.0,1013.0,5033.39,7
399666,0.0,448.0,7086.18,2
399670,26790.0,1976.0,2810.46,1
399678,24992.0,2434.0,8139.0,2
399704,11885.0,577.0,11315.2,2
399917,58557.0,2274.0,3554.85,6
399943,53105.0,1700.0,25900.2,4
399973,26255.0,1905.0,7031.79,2
399982,0.0,2035.0,4529.98,2
400030,53957.0,2125.0,7380.57,3
400079,66676.0,662.0,3919.37,1
400181,86599.0,154.0,2915.61,4
400224,10105.0,1431.0,12819.1,1
400265,0.0,746.0,6553.94,4
400272,37937.0,411.0,9095.05,2
400313,65436.0,1333.0,2912.6,1
400392,24664.0,962.0,7787.43,1
400404,0.0,635.0,6846.15,5
400470,0.0,1455.0,3107.57,5
400478,80521.0,159.0,5187.65,0
400486,26876.0,1296.0,6005.21,2
400513,20009.0,2243.0,9688.33,4
400600,45856.0,269.0,5316.64,4
400702,95427.0,652.0,5116.73,4
400802,70699.0,1572.0,19776.57,5
400844,0.0,396.0,27287.5,4
400873,22398.0,226.0,2590.1,5
400958,0.0,1096.0,2843.15,0
400979,0.0,1063.0,9553.42,1
400985,0.0,1754.0,2230.76,4
401007,88079.0,1418.0,4864.38,4
401036,85753.0,2346.0,5285.08,1
401055,90035.0,2089.0,6438.97,4
401060,20123.0,1225.0,4867.38,4
401062,0.0,454.0,8662.05,1
401101,64304.0,1166.0,8056.9,2
401336,0.0,2124.0,4936.89,1
401350,80744.0,92.0,2527.65,5
401422,16450.0,270.0,4836.22,2
401424,0.0,1307.0,4491.91,4
401454,0.0,2294.0,2302.82,4
401645,12081.0,1549.0,9244.35,4
401710,36301.0,1787.0,32306.29,2
401722,0.0,1505.0,4389.95,6
401760,74142.0,998.0,3317.9,2
401766,18608.0,1429.0,2538.63,2
401769,34095.0,966.0,7615.38,1
401824,84811.0,1691.0,35062.65,5
401834,76474.0,1025.0,2953.62,2
401857,22926.0,643.0,11003.02,2
401858,0.0,243.0,4644.7,1
401859,0.0,1628.0,4307.46,4
401943,91071.0,2267.0,7648.26,4
401956,0.0,667.0,2004.35,2
402034,0.0,700.0,2322.57,1
402052,0.0,1513.0,7222.85,4
402082,23540.0,2145.0,3815.32,1
402136,86901.0,243.0,25805.51,4
402177,0.0,65.0,4638.95,4
402251,97361.0,451.0,8622.84,1
402332,54500.0,2051.0,5018.89,5
402624,0.0,23.0,5637.74,2
402638,13688.0,431.0,6086.43,4
402697,73643.0,450.0,3514.21,4
402706,0.0,1641.0,6744.19,4
402918,92296.0,41.0,2759.98,4
402964,33321.0,2092.0,8260.64,5
402966,0.0,506.0,35537.85,5
403052,36706.0,220.0,2863.31,1
403118,53437.0,1284.0,10777.57,1
403185,46897.0,510.0,5626.53,2
403258,0.0,6.0,4157.7,1
403282,15323.0,457.0,4772.93,4
403361,52361.0,432.0,3895.03,2
403463,57693.0,73.0,5979.72,0
403473,43630.0,1612.0,7908.67,2
403500,0.0,1835.0,19237.7,1
403507,56455.0,1480.0,5737.23,2
403529,37697.0,366.0,4413.29,3
403675,71644.0,2141.0,38410.6,1
403764,63009.0,155.0,26900.27,5
403856,0.0,291.0,2821.45,0
403893,0.0,1484.0,2189.64,1
404011,51240.0,2408.0,5365.98,2
404012,93405.0,109.0,3193.82,4
404106,55390.0,895.0,16874.33,1
404233,16042.0,1521.0,5528.66,5
404314,25965.0,978.0,2491.26,4
404339,0.0,543.0,29589.94,2
404417,0.0,1547.0,5181.05,3
404426,14170.0,1575.0,4223.27,2
404431,81568.0,1522.0,7583.56,1
404434,0.0,2357.0,4767.69,6
404475,56044.0,2148.0,21776.58,0
404720,0.0,944.0,2265.32,1
404742,18495.0,778.0,26197.41,3
404801,45310.0,165.0,9090.27,1
404805,48642.0,174.0,21151.23,4
404846,84302.0,1541.0,7425.85,1
404920,0.0,910.0,6803.62,1
405030,0.0,2377.0,3362.67,4
405201,66726.0,753.0,7661.39,2
405318,37934.0,1592.0,10506.88,4
405339,92296.0,763.0,2759.98,1
405351,0.0,1970.0,18532.41,4
405418,36088.0,1570.0,5528.21,2
405442,63684.0,2412.0,2693.53,4
405465,49793.0,243.0,4783.92,2
405500,60920.0,1518.0,7507.46,5
405597,21685.0,2048.0,4858.12,4
405602,23228.0,298.0,4831.42,2
405698,50044.0,429.0,5457.26,5
405699,91474.0,2225.0,13778.37,1
405735,55873.0,40.0,6997.01,5
405739,0.0,1571.0,5447.81,3
405740,85896.0,22.0,5638.15,1
405768,82414.0,245.0,3816.41,3
405804,22283.0,1157.0,2397.04,0
405928,0.0,2318.0,11855.14,4
406047,0.0,658.0,4463.0,1
406099,0.0,88.0,2953.8,4
406176,43860.0,2236.0,2514.59,0
406252,81872.0,293.0,14024.36,4
406254,68931.0,2080.0,5332.46,3
406287,21474.0,243.0,8668.61,5
406294,0.0,2150.0,8509.45,3
406367,25480.0,169.0,4416.35,1
406369,54183.0,267.0,2764.02,3
406373,0.0,709.0,4540.99,4
406411,92079.0,2154.0,20708.26,2
406564,84815.0,1128.0,8217.43,2
406574,20993.0,1352.0,4772.94,1
406810,35754.0,1000.0,15797.99,1
406988,0.0,245.0,14040.96,6
407008,99845.0,64.0,8819.02,1
407032,0.0,1157.0,6187.35,5
407119,28806.0,903.0,2337.35,0
407173,0.0,2127.0,4692.66,1
407233,73903.0,39.0,11718.42,4
407238,0.0,1706.0,4874.07,1
407305,58842.0,2351.0,4362.93,1
407340,40238.0,2022.0,5764.86,4
407377,75264.0,1260.0,9388.16,1
407404,96306.0,567.0,7519.13,1
407411,0.0,1454.0,5252.51,1
407433,69205.0,1347.0,8875.97,2
407468,38798.0,2038.0,2853.51,0
407478,20472.0,1557.0,5408.89,0
407641,0.0,257.0,7714.65,0
407648,70340.0,242.0,4528.5,5
407768,92456.0,2346.0,7668.81,1
407798,25899.0,1668.0,6042.91,1
407924,0.0,798.0,6979.54,5
407933,74640.0,1310.0,18680.99,4
407945,59038.0,2196.0,4236.47,3
407999,96402.0,1863.0,13277.08,0
408047,52436.0,1949.0,11960.48,4
408091,0.0,244.0,5657.03,1
408134,30968.0,228.0,5759.01,1
408170,29790.0,1.0,14503.02,4
408259,0.0,661.0,3189.67,1
408309,32245.0,841.0,9800.34,4
408347,13528.0,155.0,6005.85,2
408378,55687.0,158.0,10963.96,4
408468,66331.0,242.0,4297.19,2
408493,54431.0,534.0,7849.13,2
408500,30752.0,1265.0,2925.73,1
408561,29111.0,937.0,4791.08,0
408651,68144.0,1002.0,8173.5,4
408838,68229.0,1517.0,7680.15,1
408863,0.0,666.0,5802.84,1
408886,61374.0,2127.0,9002.12,1
408915,45106.0,71.0,17476.64,2
408931,53252.0,54.0,4668.04,4
408990,0.0,1983.0,6852.0,1
409051,0.0,1766.0,20534.39,1
409102,86599.0,2323.0,2915.61,6
409156,94827.0,1385.0,10979.1,1
409174,0.0,192.0,4428.04,2
409454,59648.0,1620.0,7920.28,1
409512,78294.0,2046.0,7427.85,2
409603,0.0,592.0,5248.98,0
409684,28432.0,683.0,13869.93,2
409741,70930.0,1900.0,11681.37,5
409768,26876.0,122.0,6005.21,1
409798,52278.0,1337.0,5773.9,4
409908,68899.0,1582.0,2912.91,4
409914,30916.0,1073.0,2734.33,4
409951,0.0,866.0,5625.91,0
409984,0.0,244.0,7452.23,7
409989,0.0,169.0,2499.41,3
410202,14072.0,794.0,24127.5,1
410209,38008.0,971.0,7553.94,4
410218,53058.0,1469.0,6745.89,2
410341,40516.0,933.0,2795.41,2
410343,20053.0,245.0,17085.41,4
410347,23285.0,1932.0,4942.63,2
410373,0.0,2189.0,6880.63,3
410384,0.0,2288.0,4492.52,3
410460,34452.0,244.0,5048.05,1
410544,0.0,1661.0,2154.07,3
410552,52785.0,991.0,2452.74,2
410558,41770.0,925.0,5720.77,5
410702,0.0,1350.0,3571.35,1
410790,63438.0,1513.0,2884.64,4
410921,23975.0,843.0,4755.72,1
410938,0.0,1470.0,13197.93,3
410958,90414.0,166.0,6615.82,1
410963,59888.0,660.0,8453.68,1
410982,29465.0,683.0,4237.37,1
411030,0.0,622.0,6503.14,1
411094,62863.0,1352.0,3540.21,0
411116,71811.0,2352.0,5592.16,5
411204,42790.0,1413.0,6907.55,7
411242,0.0,2409.0,4670.05,1
411272,0.0,89.0,7055.96,1
411296,60060.0,254.0,2690.48,3
411298,36084.0,933.0,7627.31,2
411365,0.0,96.0,4488.13,1
411420,71879.0,1034.0,22693.29,5
411523,42165.0,804.0,4747.73,5
411533,91276.0,2325.0,8593.87,2
411583,0.0,1323.0,9112.27,1
411586,76726.0,1014.0,18321.24,0
411651,22955.0,329.0,27069.5,4
411686,46707.0,2370.0,10517.16,2
411690,17576.0,1402.0,2722.21,1
411715,60244.0,162.0,3238.0,2
411734,0.0,1449.0,4774.38,2
411744,87139.0,2209.0,17109.39,4
411876,0.0,714.0,3853.47,0
411897,26116.0,2223.0,6782.56,4
412024,52443.0,721.0,5790.46,2
412133,86650.0,938.0,2732.65,1
412186,0.0,2232.0,23747.47,4
412203,0.0,1862.0,3652.67,1
412284,54827.0,1763.0,4997.78,4
412362,59578.0,13.0,3894.62,0
412394,95340.0,1197.0,15531.79,2
412402,30525.0,1207.0,8876.67,3
412429,15818.0,1224.0,12427.39,5
412480,78115.0,91.0,5270.01,1
412487,32818.0,1884.0,7240.66,3
412743,51878.0,242.0,7610.54,1
412793,55687.0,1688.0,10963.96,2
412803,71391.0,1574.0,8044.87,4
412817,0.0,1881.0,30104.52,0
412854,0.0,627.0,4692.1,2
412880,71663.0,1839.0,20998.26,2
412902,12902.0,957.0,4904.89,4
412944,27289.0,2043.0,6167.85,4
412995,67352.0,652.0,7255.14,1
413050,0.0,976.0,2441.39,1
413052,64429.0,1314.0,15923.96,2
413088,27369.0,1552.0,3033.41,4
413101,64825.0,2036.0,10298.39,2
413115,0.0,2271.0,3136.08,4
413185,20181.0,900.0,4792.51,3
413243,58779.0,2379.0,7405.27,4
413266,0.0,833.0,9333.08,1
413282,36655.0,875.0,4835.78,1
413305,58842.0,743.0,4362.93,4
413330,0.0,669.0,5996.07,2
413345,27649.0,2091.0,7341.79,2
413347,0.0,973.0,5515.41,5
413426,0.0,1920.0,4165.99,2
413445,49558.0,243.0,4582.16,4
413459,29658.0,1315.0,13840.16,3
413620,29735.0,687.0,2453.57,2
413659,0.0,350.0,18726.15,4
413741,0.0,1249.0,3885.46,1
413798,0.0,1221.0,8341.62,1
413815,48744.0,2271.0,3465.53,4
413853,71210.0,430.0,25807.06,1
413994,84488.0,977.0,19643.54,1
414033,71255.0,477.0,10876.48,3
414157,21855.0,2072.0,5406.69,1
414164,51066.0,581.0,5780.18,5
414207,29462.0,1306.0,4170.69,5
414211,35442.0,1806.0,28622.31,4
414239,61063.0,544.0,16870.39,1
414305,36650.0,740.0,2725.36,1
414318,73339.0,1909.0,2821.35,3
414382,68727.0,92.0,3776.67,4
414433,78337.0,2142.0,21892.35,0
414584,58194.0,1284.0,10049.29,1
414661,26367.0,242.0,10839.51,4
414727,96306.0,1780.0,7519.13,2
414741,60423.0,1591.0,9152.49,2
414757,21144.0,1617.0,6645.93,2
415067,0.0,1961.0,3482.04,4
415077,81079.0,2351.0,4505.4,1
415088,45820.0,386.0,5741.7,2
415090,65629.0,256.0,5150.42,4
415148,67186.0,1500.0,7850.13,0
415201,62409.0,342.0,10662.63,0
415292,30228.0,497.0,5827.41,1
415327,0.0,484.0,4739.3,4
415332,58542.0,971.0,31920.77,4
415341,0.0,1323.0,8628.3,2
415372,27734.0,2351.0,2595.56,4
415381,51056.0,1407.0,21850.84,1
415402,43367.0,558.0,4690.79,3
415441,70717.0,57.0,5807.99,1
415446,35322.0,135.0,19185.07,1
415640,66685.0,172.0,7995.44,4
415862,33746.0,655.0,2896.92,5
415896,71153.0,762.0,4916.3,1
415915,0.0,277.0,3107.57,1
415916,24910.0,512.0,2248.45,1
416091,0.0,231.0,2319.74,1
416105,57961.0,43.0,8433.23,4
416124,40169.0,2096.0,5119.41,1
416127,86721.0,1687.0,8828.93,2
416216,58828.0,2426.0,2709.54,1
416575,82664.0,1124.0,8838.09,2
416620,36839.0,108.0,4862.91,4
416768,0.0,659.0,4879.71,1
416783,0.0,1759.0,8254.7,3
416940,83210.0,1411.0,8733.53,1
416973,0.0,763.0,11700.64,4
417001,66081.0,135.0,2504.87,4
417082,70988.0,2194.0,5227.57,0
417118,56225.0,1275.0,7596.14,4
417240,16645.0,2156.0,39769.56,1
417274,0.0,261.0,2471.44,1
417507,36283.0,758.0,2649.21,4
417553,45270.0,245.0,8161.78,3
417564,28001.0,1912.0,6185.97,4
417584,37384.0,1688.0,4014.45,2
417721,0.0,242.0,2272.45,4
417825,60909.0,952.0,8932.32,3
417838,58414.0,1876.0,7840.17,1
417841,27907.0,244.0,2860.75,3
417886,80892.0,1418.0,4425.91,2
417904,0.0,723.0,2912.24,0
417929,37518.0,1264.0,10529.85,2
418090,38713.0,1088.0,4834.71,1
418166,37009.0,663.0,2806.7,5
418233,0.0,615.0,3260.74,1
418281,97131.0,1181.0,5181.62,4
418327,0.0,817.0,15122.99,1
418470,0.0,414.0,7244.5,4
418626,0.0,56.0,5709.23,4
418636,0.0,166.0,2378.09,0
418718,52198.0,368.0,2952.36,4
418753,0.0,562.0,7859.41,1
418779,36631.0,997.0,2491.32,1
418784,36261.0,120.0,24442.3,1
418793,26312.0,2287.0,13024.22,4
418910,0.0,931.0,5173.49,1
418930,77221.0,657.0,5789.85,1
418938,21636.0,472.0,11236.31,1
418958,0.0,1414.0,6328.18,2
418990,60861.0,2316.0,5216.91,4
419182,13610.0,1769.0,2827.44,1
419237,91761.0,245.0,4339.87,1
419275,62900.0,745.0,10016.29,3
419377,0.0,2166.0,14635.45,0
419491,57709.0,18.0,5073.28,1
419493,22697.0,1149.0,14318.45,2
419522,30535.0,1336.0,20930.05,3
419540,0.0,1652.0,2628.17,4
419570,36234.0,1078.0,5041.3,5
419626,10853.0,351.0,3896.57,2
419648,50269.0,502.0,6289.01,2
419661,0.0,145.0,4846.32,2
419732,94962.0,186.0,2627.61,0
419748,40870.0,2216.0,12731.95,2
419749,26689.0,1196.0,2495.46,4
419758,40516.0,1576.0,2728.84,4
419776,77153.0,1698.0,7914.82,1
419818,40982.0,645.0,2464.51,4
419893,0.0,722.0,8026.38,1
419953,38725.0,1296.0,7486.17,4
419973,45277.0,1443.0,38320.82,2
420008,0.0,2051.0,6583.21,2
420010,12153.0,284.0,4861.49,4
420126,15144.0,217.0,3515.83,5
420148,66429.0,54.0,5389.5,3
420202,22582.0,397.0,19339.2,1
420204,75180.0,446.0,3038.83,2
420222,0.0,1917.0,4729.97,6
420243,0.0,109.0,2388.35,2
420339,0.0,903.0,10369.39,1
420394,65876.0,471.0,2468.44,3
420434,59496.0,1303.0,3527.85,2
420439,71888.0,1712.0,9215.54,1
420457,0.0,2280.0,2502.21,4
420464,33169.0,2323.0,5126.54,2
420481,78092.0,2316.0,3349.64,0
420488,10621.0,1905.0,4386.28,2
420490,29133.0,646.0,4177.67,3
420508,40215.0,1542.0,5066.83,2
420515,85296.0,1636.0,5448.56,1
420590,63209.0,425.0,20315.0,1
420627,0.0,618.0,7506.96,0
420738,65773.0,1836.0,3452.41,2
420786,92427.0,1971.0,5113.9,4
420856,53055.0,156.0,8548.3,3
420890,10269.0,278.0,4525.37,1
421001,17672.0,2256.0,3993.88,2
421191,60759.0,1554.0,4089.46,4
421252,55837.0,84.0,9264.57,1
421310,0.0,2375.0,2398.33,5
421432,28314.0,243.0,4647.42,4
421458,34398.0,2211.0,9613.61,4
421497,43640.0,1399.0,4921.33,4
421580,27781.0,2308.0,8491.86,0
421691,80210.0,1189.0,2623.32,5
421744,0.0,1170.0,2522.26,4
421748,79440.0,1052.0,9403.96,0
421752,0.0,42.0,2903.75,1
421822,0.0,176.0,8265.38,2
421855,35625.0,415.0,5107.16,6
421923,48675.0,1258.0,2798.83,4
421930,30735.0,270.0,5032.39,4
422121,0.0,1013.0,3233.26,2
422152,12940.0,981.0,5130.82,1
422164,0.0,161.0,24337.38,1
422204,55808.0,2000.0,9267.92,4
422245,84394.0,38.0,4601.63,1
422276,35257.0,2024.0,7556.24,1
422320,0.0,566.0,3382.22,2
422349,56980.0,2235.0,6689.02,2
422358,36088.0,890.0,5528.21,1
422398,72302.0,2044.0,2616.61,3
422436,0.0,176.0,3728.83,5
422496,23504.0,2167.0,2514.43,2
422750,99934.0,1997.0,5727.33,1
422787,14290.0,1084.0,10179.72,5
422803,25927.0,668.0,3933.81,4
422805,58089.0,1428.0,4686.47,4
422989,39646.0,244.0,2769.73,2
423035,0.0,1256.0,2150.18,1
423096,26811.0,845.0,5700.76,1
423119,34337.0,1461.0,9035.67,3
423153,32983.0,364.0,4483.84,4
423201,61542.0,1900.0,5284.04,1
423228,61486.0,1662.0,11638.67,1
423254,11885.0,1222.0,11315.2,4
423272,16976.0,2265.0,2631.88,2
423313,13663.0,243.0,25464.82,1
423324,51510.0,385.0,4200.37,4
423336,0.0,480.0,14040.96,4
423409,29120.0,331.0,5556.91,4
423432,54339.0,974.0,3430.32,3
423473,0.0,244.0,3052.63,5
423598,56044.0,1074.0,21776.58,4
423609,82414.0,1661.0,3816.41,4
423686,0.0,666.0,11510.36,1
423711,31504.0,2219.0,5623.61,2
423821,19949.0,1871.0,5615.07,1
423844,58971.0,25.0,11072.03,1
423941,0.0,1178.0,3090.03,5
423978,0.0,2120.0,7857.3,1
424012,61896.0,634.0,4148.57,0
424027,45587.0,393.0,2860.44,1
424098,0.0,996.0,24337.38,2
424100,47272.0,560.0,9422.57,5
424126,94042.0,847.0,10593.59,4
424139,26790.0,578.0,2810.46,2
424208,64125.0,1806.0,8646.5,1
424216,0.0,985.0,18205.67,0
424270,10563.0,380.0,13523.13,2
424317,0.0,2403.0,14181.64,2
424337,0.0,511.0,64618.76,3
424403,88723.0,996.0,5981.38,1
424451,0.0,30.0,4529.98,1
424526,0.0,530.0,13045.37,2
424540,0.0,2358.0,4787.21,2
424585,0.0,1066.0,6006.96,1
424688,23751.0,1017.0,6386.28,2
424793,0.0,1060.0,16727.56,5
424812,99875.0,1439.0,39365.3,2
424837,0.0,1351.0,2004.35,1
424917,0.0,1125.0,6743.12,5
424983,0.0,1450.0,7432.2,2
425294,72257.0,2210.0,10901.23,4
425411,97849.0,1522.0,7504.69,4
425436,26118.0,979.0,7974.95,2
425445,61972.0,1719.0,5041.45,2
425472,25998.0,2414.0,8382.48,4
425477,38183.0,75.0,15277.48,6
425567,0.0,2258.0,5345.99,2
425620,27688.0,122.0,7431.66,2
425687,0.0,430.0,5880.26,1
425717,0.0,1827.0,4648.54,4
425720,23815.0,2289.0,8257.67,2
425779,0.0,221.0,2117.99,0
425826,41546.0,118.0,8709.85,5
425854,10074.0,769.0,4016.13,1
425940,34505.0,1266.0,8513.7,2
426022,30622.0,1170.0,8111.65,2
426027,0.0,990.0,10575.95,1
426124,20181.0,538.0,4792.51,4
426141,21585.0,2.0,3605.86,5
426185,69833.0,1126.0,4731.75,1
426223,24378.0,728.0,13897.39,2
426302,78561.0,489.0,3020.42,1
426317,0.0,1237.0,4767.69,4
426351,80928.0,1063.0,5283.36,1
426384,30525.0,827.0,8876.67,4
426414,19614.0,814.0,16301.97,1
426429,29095.0,937.0,13561.2,4
426439,65605.0,2393.0,8652.65,3
426530,61883.0,2128.0,2450.63,1
426533,16208.0,586.0,3443.3,4
426536,22158.0,1865.0,2758.33,4
426698,46051.0,1556.0,2489.34,5
426720,28422.0,860.0,7891.58,2
426791,95765.0,1874.0,4935.64,4
426958,72014.0,1974.0,2895.21,2
426981,46703.0,1375.0,8573.46,1
426990,34621.0,668.0,8595.67,1
426994,39608.0,809.0,6245.58,2
427036,83846.0,2058.0,8717.05,5
427140,34990.0,1453.0,2574.02,2
427163,0.0,1551.0,7780.9,1
427177,46587.0,991.0,41787.9,4
427329,67132.0,721.0,5681.31,2
427354,26736.0,380.0,2429.28,5
427358,76456.0,1272.0,13027.42,1
427388,0.0,245.0,6677.42,2
427444,50470.0,344.0,5552.6,2
427733,93284.0,1507.0,4013.96,1
427804,47297.0,243.0,8840.19,1
427919,0.0,1257.0,9553.42,2
427976,23803.0,2045.0,2871.44,1
427980,93715.0,1342.0,6044.02,1
428020,67431.0,884.0,5321.11,2
428114,23665.0,50.0,22658.54,1
428129,83547.0,2100.0,16501.07,1
428130,27835.0,1785.0,6376.75,3
428152,0.0,214.0,6612.22,2
428162,23879.0,2210.0,8368.88,4
428249,0.0,1746.0,5292.63,2
428305,45345.0,1565.0,5677.47,2
428345,58842.0,375.0,4362.93,2
428376,28695.0,654.0,4978.95,4
428383,0.0,1443.0,6826.8,1
428402,0.0,2422.0,13478.8,7
428452,29894.0,83.0,5106.78,2
428520,0.0,444.0,8858.35,2
428523,82255.0,861.0,5680.28,2
428526,0.0,36.0,7374.08,1
428536,56005.0,2156.0,5479.56,2
428565,51066.0,574.0,5780.18,1
428590,20976.0,20.0,5012.18,5
428604,17622.0,358.0,4458.11,2
428649,48895.0,1833.0,5388.02,4
428710,0.0,985.0,17530.04,1
428757,0.0,2170.0,14641.52,7
428765,0.0,503.0,17497.52,1
428778,40658.0,338.0,2448.77,2
428826,42532.0,235.0,4645.57,2
428843,69991.0,1153.0,5214.34,3
428853,0.0,297.0,4940.94,0
428872,32116.0,273.0,5320.61,2
428903,11885.0,1738.0,11315.2,2
428919,35945.0,1254.0,4139.9,4
428922,16224.0,1688.0,7031.46,2
429054,0.0,1632.0,2275.4,2
429238,0.0,1681.0,8332.73,5
429244,28806.0,1952.0,11763.94,5
429292,24314.0,1472.0,9283.74,2
429308,72450.0,1546.0,2678.06,1
429354,77485.0,1013.0,3109.01,2
429448,0.0,25.0,4900.34,0
429460,0.0,1274.0,3839.75,2
429471,98879.0,824.0,2859.8,2
429557,52405.0,1455.0,4115.58,5
429689,54831.0,29.0,2476.05,3
429692,40260.0,245.0,14558.42,4
429829,23376.0,1110.0,2867.31,2
429849,0.0,1984.0,7465.98,4
429894,65538.0,1012.0,5799.06,2
429921,25452.0,1977.0,8099.57,4
429933,58089.0,716.0,4686.47,2
430048,0.0,2181.0,2159.25,1
430059,15752.0,1048.0,10110.78,1
430097,28935.0,1558.0,20631.15,3
430107,0.0,1643.0,2497.53,2
430197,0.0,2127.0,18634.73,4
430221,79487.0,73.0,4626.8,0
430228,82413.0,2326.0,4995.21,2
430265,96917.0,553.0,5736.46,1
430323,73836.0,1787.0,7172.07,1
430398,85058.0,297.0,49423.8,6
430413,41533.0,1097.0,5176.73,2
430475,83235.0,616.0,14158.61,5
430500,28054.0,1265.0,7771.58,0
430503,0.0,763.0,5325.72,0
430519,34974.0,297.0,5671.93,4
430521,21500.0,2.0,4515.45,0
430555,0.0,2335.0,5097.76,5
430559,0.0,716.0,2562.84,3
430569,75921.0,806.0,4277.56,4
430618,31991.0,2333.0,8915.17,4
430670,27572.0,242.0,14476.12,5
430712,69231.0,242.0,5233.95,1
430813,0.0,2299.0,3531.35,1
430817,68815.0,681.0,5447.2,4
430880,96668.0,247.0,5272.19,5
431020,0.0,1844.0,7304.16,4
431021,0.0,1308.0,2132.77,2
431034,17101.0,2119.0,12298.69,4
431187,19864.0,126.0,2359.42,2
431201,59649.0,434.0,5562.46,1
431277,23059.0,602.0,5192.36,4
431286,97745.0,8.0,9043.68,2
431392,0.0,45.0,6896.09,2
431514,0.0,223.0,4078.02,2
431521,67001.0,2062.0,5201.36,1
431533,29697.0,1366.0,7540.58,1
431586,23904.0,1436.0,4334.06,0
431640,0.0,649.0,2554.19,4
431829,12222.0,758.0,2461.8,4
431899,0.0,1660.0,4671.42,4
432031,94757.0,1089.0,4529.07,4
432059,0.0,1599.0,2588.44,6
432145,11721.0,1348.0,10382.5,3
432200,61427.0,1829.0,10477.78,1
432215,57452.0,2253.0,5414.9,2
432255,83308.0,2324.0,5837.53,4
432298,64706.0,643.0,5323.87,3
432302,68654.0,292.0,5642.75,1
432366,28935.0,1917.0,20631.15,4
432370,60798.0,2404.0,2609.53,1
432392,33816.0,58.0,8288.16,1
432451,0.0,891.0,4766.37,2
432493,0.0,1237.0,2839.01,0
432564,37384.0,242.0,4014.45,4
432579,14973.0,78.0,12168.74,4
432592,0.0,2186.0,2215.91,1
432598,48569.0,1579.0,4576.76,1
432655,54613.0,266.0,17029.89,1
432716,20355.0,1331.0,4717.63,2
432718,36631.0,2086.0,2491.32,1
432729,47918.0,6.0,2476.48,4
432843,26140.0,604.0,13411.31,3
432920,76448.0,1731.0,5111.3,1
432938,32114.0,2032.0,4128.09,1
432941,88340.0,928.0,12280.77,1
432961,41842.0,345.0,2410.5,1
433017,42582.0,484.0,7853.96,2
433020,39618.0,245.0,2712.83,0
433116,13154.0,2180.0,7714.6,4
433172,0.0,2023.0,2738.0,5
433300,96306.0,35.0,7519.13,4
433307,80540.0,149.0,22758.91,0
433353,0.0,1766.0,2433.91,4
433477,18241.0,117.0,2555.54,1
433496,0.0,1870.0,2938.73,2
433510,37813.0,1317.0,6259.51,4
433678,21073.0,2121.0,7805.31,1
433752,62120.0,418.0,5943.07,2
433812,0.0,2417.0,4814.35,4
433815,38183.0,1641.0,15277.48,4
433857,24804.0,285.0,36707.43,1
433881,25237.0,51.0,5205.75,2
433946,75648.0,1208.0,4349.31,1
434081,95241.0,919.0,8170.62,1
434098,0.0,829.0,9006.6,2
434113,27501.0,2010.0,2413.14,5
434136,51800.0,1227.0,3509.97,4
434215,0.0,667.0,2224.56,0
434385,33190.0,715.0,33473.35,3
434430,0.0,283.0,4727.83,0
434470,0.0,2252.0,8002.31,4
434477,25965.0,1858.0,2491.26,5
434489,19030.0,264.0,2372.16,2
434568,0.0,1734.0,9031.21,2
434620,86824.0,224.0,5817.83,2
434621,48567.0,571.0,5015.01,2
434657,44527.0,712.0,7163.8,4
434658,0.0,1566.0,6385.62,1
434679,21442.0,2384.0,25360.1,1
434693,55632.0,443.0,9775.82,2
434751,83873.0,2153.0,2971.92,1
434760,0.0,2392.0,2276.39,1
434802,26841.0,1065.0,2852.53,0
434807,0.0,2369.0,19668.87,4
434888,40352.0,1702.0,6188.38,1
434922,62302.0,2112.0,2746.92,4
434965,59828.0,15.0,8414.08,0
435049,48887.0,2081.0,3788.65,2
435097,34337.0,1932.0,9035.67,2
435129,58652.0,668.0,2389.77,1
435156,27042.0,2038.0,8365.96,2
435223,27500.0,600.0,33718.84,4
435249,88220.0,601.0,27776.29,5
435358,0.0,96.0,3876.77,1
435378,26840.0,1605.0,2451.75,5
435557,68964.0,2288.0,6274.12,5
435613,72302.0,1188.0,2616.61,1
435657,15520.0,1734.0,2497.54,4
435777,0.0,28.0,7432.3,2
435789,0.0,2339.0,4236.81,1
435883,30893.0,245.0,2776.75,0
436010,0.0,995.0,13727.8,4
436041,43244.0,243.0,12231.88,5
436081,82166.0,2054.0,5189.29,1
436087,45515.0,123.0,4786.89,4
436226,0.0,2363.0,3731.5,1
436235,31506.0,1126.0,8083.92,3
436247,0.0,480.0,5325.72,4
436266,44162.0,503.0,5645.51,1
436282,32989.0,566.0,24186.88,1
436318,17780.0,242.0,8375.35,1
436419,85378.0,291.0,17223.89,1
436475,16224.0,1212.0,7031.46,1
436498,0.0,845.0,4272.81,4
436569,81538.0,804.0,2665.74,3
436705,0.0,1228.0,2416.48,3
436719,0.0,662.0,3324.55,4
436805,98623.0,465.0,17019.19,4
436827,36261.0,811.0,14057.42,1
436874,0.0,1903.0,8231.22,1
436901,0.0,1678.0,8852.73,1
436969,79487.0,1671.0,4626.8,4
436971,25486.0,573.0,5004.31,5
436975,17913.0,1250.0,4550.86,5
436990,0.0,32.0,4411.66,2
437022,86305.0,789.0,4984.62,4
437074,64127.0,2273.0,8343.75,0
437086,26057.0,2268.0,8509.85,4
437158,38923.0,1360.0,11318.09,1
437197,34476.0,2292.0,5254.73,5
437251,38279.0,244.0,9732.58,1
437262,29051.0,642.0,2775.08,1
437269,0.0,690.0,4654.84,2
437288,0.0,1602.0,9449.75,1
437357,0.0,1232.0,10611.56,4
437403,33432.0,243.0,10388.99,1
437407,0.0,673.0,4549.08,2
437440,36645.0,284.0,8717.85,1
437545,0.0,2159.0,3837.62,3
437598,96060.0,2325.0,9410.67,0
437737,0.0,661.0,5170.81,1
437810,55645.0,1822.0,5154.05,3
438023,0.0,2188.0,4228.73,2
438120,69545.0,214.0,5229.45,0
438199,0.0,580.0,5366.78,2
438263,0.0,1697.0,4717.63,0
438299,21368.0,612.0,6308.92,1
438383,26714.0,469.0,6913.57,1
438511,42582.0,100.0,7853.96,4
438525,0.0,243.0,7457.24,5
438526,0.0,1417.0,3164.38,4
438593,0.0,101.0,16793.97,4
438641,19064.0,1040.0,7403.45,6
438698,59965.0,41.0,10541.11,2
438707,87802.0,1166.0,2448.81,0
438746,52494.0,2192.0,9275.68,2
438822,29638.0,875.0,5093.01,2
438869,23616.0,2202.0,6610.05,3
438875,97729.0,449.0,3832.9,5
438936,84981.0,1887.0,3878.77,4
439013,54878.0,309.0,7381.91,2
439068,42743.0,32.0,9061.95,4
439092,11904.0,241.0,4254.62,5
439251,0.0,1965.0,7692.46,4
439252,0.0,244.0,2549.45,5
439296,38795.0,1386.0,5133.64,4
439350,0.0,2139.0,7912.13,1
439361,0.0,881.0,12989.82,4
439566,37277.0,1018.0,8613.46,4
439572,25963.0,293.0,5158.58,2
439574,69161.0,1219.0,7809.52,2
439675,0.0,1736.0,3457.15,1
439696,31093.0,662.0,4923.95,0
439819,0.0,1881.0,9416.47,4
439900,0.0,654.0,2202.34,1
440112,40982.0,1030.0,2464.51,2
440198,11721.0,2040.0,10382.5,4
440209,57338.0,1251.0,5291.4,1
440213,22283.0,696.0,2397.04,4
440320,31189.0,913.0,14244.73,4
440511,0.0,445.0,3728.87,0
440595,53602.0,1875.0,37243.63,2
440618,75132.0,2273.0,3730.14,0
440642,54833.0,1842.0,15512.25,3
440671,0.0,2205.0,8002.31,4
440699,99845.0,86.0,8819.02,5
440758,0.0,245.0,2124.17,4
440785,0.0,2186.0,4522.88,1
440885,97162.0,982.0,3459.04,2
440928,74365.0,2313.0,7769.84,1
440939,24046.0,841.0,4419.12,0
440967,29177.0,1873.0,4766.94,4
441113,32517.0,1428.0,6798.27,3
441128,70177.0,1308.0,9336.34,2
441135,85019.0,1051.0,6673.74,5
441155,88251.0,1701.0,5475.34,2
441304,0.0,1519.0,2353.18,4
441313,60120.0,1209.0,14510.75,1
441340,38713.0,1165.0,4834.71,2
441345,0.0,245.0,9402.73,1
441356,0.0,558.0,5885.34,2
441359,73769.0,1553.0,4838.21,5
441389,21629.0,745.0,2402.82,1
441419,37876.0,245.0,2647.52,3
441423,37697.0,1130.0,4413.29,0
441439,12902.0,1626.0,4904.89,4
441440,25816.0,679.0,4637.16,5
441442,35011.0,2382.0,5552.33,2
441509,62219.0,1410.0,5550.15,4
441623,65775.0,1700.0,5674.14,2
441631,0.0,251.0,15950.02,2
441670,58557.0,1796.0,3554.85,0
441719,18606.0,243.0,4099.66,4
441724,68798.0,2211.0,4502.68,1
441741,25927.0,1259.0,3933.81,1
441782,71153.0,1657.0,4916.3,2
441964,0.0,514.0,6033.22,2
442014,77156.0,943.0,5872.96,1
442018,12964.0,525.0,4770.55,4
442103,49078.0,2161.0,22332.44,3
442192,20043.0,2129.0,10507.69,2
442249,63528.0,997.0,10115.45,1
442251,0.0,249.0,6948.42,1
442252,0.0,2107.0,7815.47,2
442282,24823.0,1594.0,2682.42,1
442304,0.0,1659.0,2761.69,5
442306,39492.0,2208.0,4105.58,1
442418,20179.0,401.0,10598.54,1
442458,29462.0,1137.0,4170.69,1
442479,33746.0,1575.0,2896.92,1
442525,37995.0,1367.0,5597.12,2
442609,85412.0,1482.0,7060.21,2
442695,53243.0,117.0,23228.24,1
442792,0.0,1168.0,7602.66,1
442831,34335.0,1101.0,8023.08,0
442838,65083.0,2210.0,3059.28,2
442868,0.0,1940.0,4558.59,0
442879,0.0,1319.0,7984.09,1
442956,0.0,1167.0,6285.02,6
442980,0.0,833.0,6912.04,1
443130,0.0,1493.0,2781.59,1
443198,50071.0,406.0,2771.05,4
443199,63568.0,960.0,7776.84,5
443231,33816.0,717.0,8288.16,5
443232,49467.0,2163.0,2577.51,4
443243,78618.0,1536.0,2619.34,1
443557,70263.0,68.0,7462.93,5
443595,32799.0,640.0,8169.75,2
443770,51978.0,235.0,2600.27,1
443865,35773.0,2307.0,11030.66,1
443896,0.0,1185.0,8181.72,2
443967,19464.0,277.0,3086.87,5
443970,43199.0,175.0,4892.62,4
443985,58789.0,656.0,8888.14,1
444022,22439.0,1182.0,3766.37,1
444050,97026.0,12.0,5876.37,4
444060,26577.0,440.0,6292.74,1
444085,0.0,1803.0,8426.06,1
444092,0.0,942.0,4558.5,2
444154,42596.0,2252.0,11124.21,2
444202,43875.0,105.0,6134.39,4
444218,41025.0,55.0,7304.4,1
444237,0.0,1391.0,9202.64,1
444259,0.0,1483.0,4992.06,1
444300,67137.0,489.0,8176.58,5
444365,40864.0,994.0,2567.15,1
444366,0.0,881.0,13024.13,1
444371,79181.0,1234.0,2840.3,4
444524,75329.0,1144.0,2685.43,2
444646,50117.0,714.0,8542.22,2
444652,0.0,500.0,12067.46,5
444661,18400.0,564.0,6701.77,5
444684,75644.0,877.0,4974.8,3
444686,0.0,2050.0,5220.28,5
444748,24506.0,2185.0,2834.65,5
444778,0.0,905.0,4899.23,2
444786,67752.0,2153.0,9877.3,1
444894,38113.0,1613.0,8598.19,3
444904,27681.0,242.0,6057.07,2
444931,17723.0,1446.0,5452.63,0
444997,0.0,1870.0,2128.62,4
445008,47945.0,245.0,5960.58,1
445024,88360.0,265.0,7437.51,3
445073,39602.0,2143.0,7488.79,0
445137,29431.0,2007.0,12128.45,1
445145,64008.0,1321.0,5971.0,2
445146,20283.0,162.0,5953.35,4
445169,92381.0,2253.0,2926.89,4
445176,30786.0,1725.0,10442.43,1
445177,58082.0,716.0,4434.94,5
445247,39448.0,389.0,7993.0,5
445251,19245.0,2118.0,15002.6,3
445282,56481.0,242.0,8509.02,2
445338,79955.0,1301.0,5733.21,4
445370,61146.0,1888.0,5259.44,2
445418,19013.0,28.0,3649.66,2
445427,71269.0,137.0,9628.7,0
445432,22244.0,1149.0,6686.13,1
445451,0.0,2416.0,5308.25,2
445496,71024.0,899.0,13046.65,2
445549,39770.0,911.0,9393.97,2
445599,69161.0,53.0,15487.44,0
445632,94880.0,1634.0,6271.32,1
445673,0.0,1573.0,6947.52,5
445675,25998.0,891.0,8382.48,0
445679,53703.0,667.0,2521.56,5
445704,81955.0,1928.0,15320.37,4
445746,54183.0,1992.0,2764.02,0
445783,25805.0,316.0,14536.79,1
445839,56178.0,1445.0,3755.81,4
445867,0.0,1630.0,4836.39,4
445879,0.0,1242.0,12101.21,1
445915,61108.0,107.0,10484.92,1
446096,0.0,98.0,9575.76,2
446135,66114.0,149.0,3299.34,4
446171,48269.0,649.0,2683.47,1
446302,0.0,1385.0,6514.95,2
446315,65165.0,2281.0,5013.14,4
446352,18608.0,1312.0,2538.63,2
446403,62815.0,2426.0,3196.58,1
446662,0.0,46.0,7046.48,2
446712,26441.0,1145.0,2647.2,3
446886,83086.0,245.0,5670.13,0
446968,97065.0,243.0,4623.62,2
446988,56621.0,1360.0,2537.81,5
446991,76505.0,1161.0,7933.82,4
447092,0.0,1002.0,6715.34,1
447275,26173.0,30.0,5116.62,5
447387,0.0,697.0,18677.85,0
447401,44485.0,587.0,7505.77,3
447439,15083.0,245.0,12947.68,2
447470,82427.0,1292.0,4103.85,4
447544,52218.0,1330.0,5476.53,2
447647,88723.0,2178.0,5981.38,2
447675,64929.0,2206.0,18704.85,1
447771,16645.0,555.0,39769.56,2
447796,37811.0,2075.0,2530.81,2
447804,0.0,1121.0,4177.7,5
447925,56869.0,2348.0,3061.05,0
447943,86687.0,634.0,6342.47,7
447962,0.0,1990.0,5285.92,1
448136,22081.0,1608.0,6503.4,5
448142,51066.0,1484.0,5780.18,2
448147,0.0,1674.0,5426.14,5
448273,65348.0,2115.0,17738.2,4
448354,41247.0,1211.0,2521.68,4
448483,58946.0,2428.0,4823.56,0
448577,21885.0,452.0,4210.1,2
448654,58840.0,746.0,3427.15,7
448751,88440.0,243.0,24980.23,5
448774,0.0,1661.0,4127.5,2
448812,0.0,1897.0,24143.88,5
448823,62291.0,245.0,7901.7,2
448896,81082.0,624.0,5838.9,4
448912,0.0,680.0,2593.4,1
449046,72302.0,2396.0,2616.61,4
449084,65337.0,2424.0,6897.51,3
449223,67137.0,256.0,8176.58,1
449417,12454.0,1718.0,3683.47,4
449441,24417.0,330.0,7142.55,1
449530,0.0,505.0,2275.36,1
449555,22705.0,784.0,19160.99,2
449654,0.0,1502.0,4927.07,4
449843,41004.0,1386.0,11814.53,4
449858,69241.0,2161.0,7350.93,1
450125,41775.0,244.0,17429.88,4
450150,0.0,528.0,4078.02,4
450205,0.0,478.0,3872.22,5
450323,0.0,1469.0,3059.06,3
450417,24186.0,181.0,2478.24,1
450621,61737.0,1399.0,4296.6,4
450665,36068.0,1378.0,26843.12,5
450698,50994.0,265.0,5131.36,2
450735,76389.0,242.0,5450.57,6
450802,74454.0,130.0,5595.39,1
450865,68321.0,1099.0,2565.12,4
450888,0.0,842.0,6158.85,1
450896,57099.0,1682.0,2613.02,1
450979,0.0,30.0,4541.26,4
450987,26876.0,84.0,6005.21,1
450995,0.0,296.0,7164.01,4
451042,24843.0,245.0,4711.04,0
451080,0.0,116.0,2241.11,0
451183,20046.0,244.0,6766.56,2
451226,0.0,1425.0,8662.05,2
451240,85609.0,1600.0,5522.52,4
451391,40818.0,826.0,5267.85,4
451425,34946.0,987.0,2578.27,1
451446,44162.0,2315.0,5645.51,2
451448,21706.0,242.0,8196.08,1
451469,51489.0,1785.0,5568.66,1
451528,0.0,249.0,5182.46,1
451711,77951.0,504.0,3681.98,1
451740,34628.0,336.0,2802.62,4
451819,22679.0,2203.0,5570.18,2
451839,39133.0,158.0,5418.73,1
451886,46061.0,928.0,5245.68,0
451961,0.0,2306.0,15328.46,4
452150,56617.0,652.0,5931.28,0
452208,73556.0,491.0,8295.98,4
452279,0.0,265.0,6893.17,2
452282,0.0,1806.0,7324.93,2
452342,84106.0,1791.0,20635.08,5
452417,37548.0,1669.0,6457.56,5
452439,0.0,1152.0,6032.74,2
452459,70258.0,518.0,8293.48,5
452464,0.0,499.0,8254.7,0
452530,0.0,1556.0,2444.62,2
452684,0.0,243.0,6707.99,2
452725,0.0,1909.0,4940.12,4
452873,10312.0,1229.0,2886.45,1
452976,29462.0,637.0,4170.69,3
452985,0.0,76.0,5007.22,1
452994,82377.0,297.0,6627.15,1
453032,99824.0,1766.0,2538.86,4
453034,0.0,2068.0,7238.5,2
453133,52980.0,2233.0,2549.08,4
453135,33818.0,1934.0,5453.71,2
453136,90760.0,1133.0,4037.5,1
453165,0.0,92.0,4738.99,5
453349,60108.0,2320.0,3142.81,4
453408,20567.0,1185.0,2449.13,1
453448,25680.0,402.0,8722.9,2
453466,57961.0,364.0,8433.23,2
453494,26184.0,46.0,2354.32,4
453578,28088.0,176.0,4015.4,0
453587,0.0,176.0,2383.73,5
453654,82214.0,1801.0,4273.59,6
453719,41126.0,2118.0,4860.58,3
453876,62452.0,132.0,2671.82,2
453887,80714.0,1740.0,2918.58,6
453971,0.0,226.0,2450.19,1
453972,57963.0,1905.0,2442.42,2
454022,54094.0,987.0,8791.44,1
454041,79189.0,923.0,3821.82,6
454073,97729.0,877.0,9277.47,2
454145,48552.0,398.0,7477.18,2
454223,0.0,242.0,4146.41,0
454327,25748.0,1875.0,3585.94,2
454356,80985.0,188.0,2707.21,2
454440,0.0,903.0,6238.05,3
454471,26840.0,1215.0,2451.75,1
454514,0.0,544.0,19323.24,2
454543,48993.0,868.0,5956.55,3
454609,91774.0,190.0,3226.52,2
454628,34948.0,492.0,10396.53,3
454630,0.0,1533.0,4250.28,3
454632,0.0,1305.0,9031.21,1
454663,82477.0,1698.0,3644.83,1
454665,38595.0,3.0,8203.22,6
454668,46503.0,1764.0,8427.17,2
454690,53357.0,641.0,2939.33,2
454718,13424.0,1745.0,2611.15,2
454720,70534.0,940.0,8339.0,5
454750,68463.0,617.0,2772.5,1
454880,33485.0,2382.0,2526.73,4
454985,47170.0,641.0,10934.74,0
455023,50562.0,2300.0,6279.82,4
455068,61281.0,1352.0,8737.84,5
455234,0.0,243.0,4502.67,1
455287,69678.0,165.0,5021.69,2
455319,21853.0,1078.0,6555.36,3
455474,28848.0,1594.0,7427.5,6
455594,0.0,2255.0,4754.45,1
455606,25981.0,2369.0,2590.65,2
455651,58557.0,1862.0,3554.85,3
455758,68309.0,383.0,10357.51,1
455866,57709.0,2286.0,5073.28,1
455892,0.0,290.0,2393.92,5
455896,46900.0,2161.0,2580.85,1
455937,67132.0,2342.0,5681.31,1
455941,0.0,2409.0,2231.79,3
455991,53078.0,43.0,6225.02,2
456095,0.0,945.0,9806.22,0
456117,20368.0,2351.0,2827.33,4
456128,70263.0,273.0,7462.93,3
456140,0.0,1651.0,7224.24,1
456167,22974.0,1986.0,2790.23,1
456177,86448.0,244.0,7234.14,2
456259,68849.0,2432.0,8044.51,1
456294,0.0,837.0,7804.6,2
456360,13129.0,2189.0,8635.4,1
456367,72109.0,1725.0,12663.99,6
456432,82733.0,716.0,4938.73,4
456433,0.0,700.0,3011.27,0
456436,60345.0,1936.0,7229.33,4
456554,41252.0,501.0,4315.79,4
456613,47509.0,562.0,2588.08,4
456614,81350.0,221.0,8869.62,1
456632,86347.0,1844.0,15808.76,0
456716,0.0,1803.0,4931.26,2
456752,26890.0,105.0,5119.9,3
456785,68041.0,1037.0,2497.81,1
456822,72302.0,1481.0,2616.61,1
456839,39381.0,1378.0,5894.91,2
456887,20978.0,908.0,3508.57,2
456958,26900.0,2277.0,22721.24,4
457077,0.0,327.0,8818.05,0
457127,28898.0,265.0,2531.59,2
457374,32314.0,219.0,8109.36,1
457456,51643.0,2146.0,11009.13,4
457489,36706.0,1805.0,3155.46,3
457525,0.0,1843.0,4811.74,4
457535,70811.0,1506.0,8086.01,6
457536,0.0,911.0,5674.38,2
457552,20396.0,81.0,6047.03,4
457605,79090.0,154.0,8609.16,1
457652,96413.0,16.0,3979.72,3
457695,27072.0,33.0,7349.33,2
457716,44855.0,1745.0,2466.38,2
457797,35482.0,1668.0,10208.93,4
457947,22555.0,157.0,5407.75,4
458029,34990.0,549.0,2574.02,1
458041,70341.0,1950.0,14376.55,2
458072,43278.0,1344.0,2721.59,0
458074,33818.0,1652.0,5453.71,1
458199,46338.0,394.0,15306.22,4
458202,0.0,964.0,5357.19,1
458320,72433.0,644.0,5129.61,4
458614,52972.0,1255.0,2886.23,2
458640,49721.0,700.0,21147.28,5
458697,0.0,1640.0,4764.19,5
458773,63243.0,2275.0,6112.76,5
458864,50516.0,190.0,2480.49,3
458939,0.0,742.0,6239.26,1
458963,97266.0,2233.0,3163.28,4
458984,21236.0,652.0,4882.29,0
459017,37876.0,2052.0,2647.52,4
459099,22571.0,2161.0,4605.04,1
459128,52693.0,843.0,10248.9,4
459163,26790.0,509.0,2810.46,4
459164,72685.0,251.0,2572.45,1
459223,0.0,2376.0,8841.77,0
459345,25965.0,1141.0,2491.26,2
459404,22705.0,2114.0,19160.99,5
459517,44930.0,2253.0,15839.09,1
459563,93403.0,823.0,2912.25,2
459636,24589.0,1236.0,9206.6,1
459683,0.0,461.0,2195.91,3
459735,53173.0,1697.0,8736.5,2
459737,0.0,1758.0,5075.42,2
459801,0.0,2401.0,4568.82,1
459835,45259.0,242.0,10477.68,1
459936,0.0,1389.0,9048.98,5
459948,68745.0,558.0,3238.93,3
459971,0.0,935.0,6117.03,0
459991,63762.0,247.0,8006.22,4
459999,29462.0,467.0,4170.69,4
460025,24350.0,1803.0,2823.5,0
460037,96357.0,243.0,2847.97,4
460043,46061.0,1724.0,5245.68,4
460058,72193.0,530.0,4755.76,2
460091,21586.0,2422.0,4037.55,2
460110,0.0,1403.0,8869.63,4
460207,38928.0,1236.0,4988.58,2
460272,58620.0,883.0,17006.0,3
460291,32210.0,1215.0,4111.2,2
460349,94003.0,1326.0,2534.95,2
460629,59016.0,944.0,3690.7,4
460673,50719.0,243.0,31706.93,4
460711,0.0,1.0,5098.85,4
460770,0.0,166.0,11702.35,1
460894,29658.0,1763.0,13840.16,4
460929,0.0,871.0,4031.1,5
460934,0.0,1634.0,5308.43,0
460938,31991.0,777.0,8915.17,0
460943,27679.0,244.0,11140.3,5
461012,63297.0,781.0,3280.46,1
461108,18375.0,76.0,3954.34,4
461199,24164.0,1384.0,10972.07,4
461325,76352.0,513.0,8444.84,4
461353,94943.0,1436.0,2780.73,2
461354,25927.0,332.0,3933.81,4
461540,67798.0,243.0,5548.03,5
461559,96390.0,835.0,8802.19,2
461859,99772.0,1846.0,19231.77,1
461937,0.0,645.0,8558.93,6
461974,33068.0,415.0,4795.39,0
462036,69738.0,504.0,20946.19,5
462077,93087.0,1347.0,5227.1,5
462078,56154.0,377.0,5257.24,4
462128,67787.0,637.0,7751.93,4
462174,59349.0,914.0,43026.52,4
462232,43721.0,156.0,2435.32,4
462247,0.0,350.0,9657.58,4
462253,85789.0,244.0,12332.52,4
462279,82413.0,244.0,4995.21,4
462337,26890.0,413.0,5119.9,4
462355,45668.0,648.0,9701.03,1
462366,37843.0,911.0,3624.9,1
462459,65795.0,470.0,4762.82,1
462495,97413.0,760.0,5904.09,1
462497,73478.0,18.0,2773.46,1
462595,25049.0,905.0,2566.87,5
462616,30366.0,392.0,7704.96,2
462638,0.0,1855.0,9227.57,2
462663,25899.0,1182.0,2500.83,2
462701,62473.0,1680.0,15000.84,2
462803,0.0,1321.0,2222.87,3
462815,69241.0,284.0,2460.17,1
462833,0.0,980.0,6871.97,1
462974,46072.0,853.0,5040.41,1
462993,64571.0,1879.0,7122.27,4
463146,21514.0,315.0,11981.98,2
463230,0.0,1517.0,7486.02,7
463263,28054.0,1820.0,7771.58,4
463298,93416.0,220.0,4991.54,4
463361,76879.0,808.0,8110.7,1
463490,0.0,1718.0,6282.32,1
463606,0.0,2280.0,6265.34,2
463751,20396.0,1655.0,6047.03,2
463833,38961.0,2384.0,2438.53,4
463854,51209.0,442.0,8754.23,4
463882,66880.0,1910.0,2846.65,3
463890,82763.0,2409.0,4794.96,2
463926,42012.0,599.0,2484.75,2
463947,22679.0,571.0,5570.18,4
463971,89420.0,936.0,8100.24,4
464044,0.0,1571.0,5201.25,1
464105,84981.0,1335.0,3878.77,0
464114,0.0,177.0,9468.51,1
464117,33345.0,91.0,7375.57,5
464137,28663.0,1753.0,4466.98,2
464166,0.0,1867.0,5077.32,1
464187,0.0,1918.0,4574.55,2
464220,83761.0,1584.0,8900.42,4
464248,91646.0,1666.0,2968.08,1
464256,13663.0,539.0,25464.82,1
464385,0.0,381.0,2344.23,2
464394,17774.0,2202.0,37150.83,2
464447,0.0,2054.0,8007.4,2
464471,0.0,243.0,4755.48,1
464606,0.0,1498.0,7429.08,4
464639,51085.0,1565.0,2452.49,1
464720,0.0,1259.0,5884.31,5
464771,0.0,2163.0,6259.48,1
464799,0.0,489.0,3432.96,4
464828,25752.0,391.0,8720.46,4
464959,18495.0,659.0,26197.41,4
464962,0.0,2215.0,23706.11,1
464970,75121.0,506.0,5862.8,2
465095,63221.0,395.0,6692.14,5
465170,54008.0,382.0,8004.21,4
465197,89953.0,2337.0,5904.85,1
465241,80991.0,844.0,17995.87,2
465260,79140.0,2248.0,5977.79,2
465347,0.0,1242.0,38055.21,6
465412,32021.0,1462.0,8133.16,1
465421,52980.0,836.0,2549.08,2
465424,26448.0,310.0,8376.33,1
465476,51056.0,243.0,21850.84,5
465530,13933.0,1946.0,4711.08,4
465540,0.0,1016.0,2442.21,4
465570,86096.0,2246.0,4335.35,4
465603,0.0,870.0,5625.91,4
465692,75774.0,1769.0,3732.31,1
465729,0.0,1047.0,2898.73,5
465741,10312.0,766.0,2886.45,4
465746,88495.0,1128.0,4369.72,5
465842,49853.0,280.0,4257.48,4
465864,54613.0,235.0,17029.89,5
465891,68727.0,471.0,8657.97,4
465927,83460.0,136.0,2655.86,7
465931,89284.0,1661.0,5170.36,5
465950,58577.0,59.0,4428.03,2
465962,34558.0,818.0,4513.44,2
465980,77365.0,347.0,9431.38,4
465990,0.0,2173.0,15610.9,0
466147,0.0,370.0,5120.62,4
466384,0.0,243.0,8647.14,1
466477,42259.0,243.0,6347.5,3
466645,0.0,289.0,6966.14,1
466754,34452.0,397.0,5048.05,2
466781,0.0,309.0,2864.82,0
466795,13528.0,1855.0,6005.85,0
466813,86641.0,243.0,5741.73,1
466862,0.0,1425.0,7224.24,2
466865,0.0,1827.0,2434.85,4
466953,58842.0,2008.0,4362.93,0
466998,61233.0,1417.0,7124.2,3
467013,62588.0,2388.0,8246.83,1
467046,64997.0,694.0,2465.44,1
467139,47730.0,243.0,28699.89,1
467143,54702.0,1117.0,8019.86,1
467151,0.0,2105.0,2767.59,2
467175,42995.0,692.0,11982.42,1
467182,96263.0,1762.0,4160.02,5
467222,0.0,1612.0,21240.94,4
467249,46267.0,438.0,2895.52,2
467359,17130.0,479.0,28432.0,0
467361,0.0,2110.0,23875.48,5
467382,0.0,838.0,7498.82,1
467401,80138.0,367.0,3363.0,4
467455,55588.0,244.0,13681.71,1
467510,13093.0,1227.0,3741.57,2
467580,0.0,42.0,4547.16,1
467607,31226.0,270.0,14748.92,3
467631,78435.0,948.0,10479.9,1
467685,38638.0,75.0,8804.58,4
467848,30845.0,2317.0,41103.24,3
467894,15529.0,1412.0,20725.38,5
467926,0.0,1693.0,9983.13,4
467945,0.0,757.0,13057.01,3
468067,52373.0,859.0,8749.5,4
468138,42837.0,784.0,4170.57,1
468192,56980.0,956.0,6689.02,4
468220,84424.0,1534.0,5339.39,1
468310,39393.0,1602.0,2755.22,3
468380,0.0,45.0,9868.6,3
468516,25899.0,1960.0,6042.91,2
468520,0.0,62.0,21295.51,2
468522,72919.0,243.0,5038.98,2
468534,39719.0,2350.0,10213.56,1
468542,76448.0,244.0,5111.3,2
468945,0.0,2039.0,7528.09,1
468970,98912.0,1003.0,16553.23,4
469075,0.0,1980.0,6006.96,2
469230,0.0,1358.0,3731.5,1
469238,0.0,295.0,6810.53,2
469404,87796.0,1478.0,5907.91,4
469532,0.0,125.0,2269.84,1
469545,0.0,1391.0,3161.17,7
469616,40870.0,485.0,12731.95,5
469660,26691.0,1146.0,2543.0,4
469684,35625.0,1125.0,5107.16,2
469702,71731.0,30.0,15656.03,1
469718,56901.0,2178.0,4167.42,1
469767,99845.0,81.0,8819.02,4
469781,46900.0,1715.0,2580.85,4
469977,81182.0,1247.0,5168.15,3
470022,0.0,1619.0,2009.77,1
470076,0.0,1110.0,18361.56,5
470123,79880.0,848.0,6310.4,2
470245,0.0,1887.0,10623.41,4
470272,0.0,781.0,7188.61,3
470323,60607.0,1197.0,3337.98,0
470334,26156.0,1382.0,3527.4,4
470373,31911.0,1107.0,2636.98,1
470381,56502.0,1205.0,2955.5,2
470450,57449.0,826.0,12157.33,3
470469,88669.0,882.0,5320.08,2
470480,88708.0,1457.0,9011.13,1
470591,33060.0,947.0,9357.74,1
470671,0.0,1049.0,12779.9,1
470738,0.0,1211.0,3538.06,1
470739,29696.0,145.0,11044.43,2
470802,16483.0,159.0,6921.97,1
470952,0.0,213.0,3074.11,1
470989,20303.0,1220.0,5635.75,4
470998,21616.0,363.0,6608.17,1
471000,83894.0,2416.0,22242.52,0
471015,78532.0,300.0,6323.92,1
471018,24790.0,614.0,4505.84,1
471098,74656.0,1852.0,13211.01,4
471170,0.0,1372.0,5830.56,2
471188,0.0,1946.0,3819.62,1
471204,88082.0,1449.0,7258.63,3
471440,70988.0,472.0,5227.57,4
471460,45515.0,244.0,4786.89,2
471466,0.0,232.0,8701.36,4
471523,0.0,1121.0,2611.84,1
471583,19003.0,1967.0,2612.76,1
471662,0.0,745.0,5029.64,5
471706,61108.0,34.0,10484.92,1
471858,60944.0,989.0,10080.37,1
471944,0.0,245.0,19837.31,3
472009,22668.0,521.0,7750.12,1
472225,46379.0,866.0,8618.3,4
472283,26322.0,16.0,4306.56,4
472314,85704.0,345.0,5573.11,4
472325,57933.0,2121.0,4209.68,2
472356,23823.0,1294.0,9191.73,0
472373,0.0,950.0,19323.24,4
472376,26307.0,82.0,24706.92,1
472405,24350.0,1751.0,2823.5,4
472445,78618.0,1413.0,2619.34,1
472488,80213.0,709.0,8488.56,2
472521,0.0,293.0,6265.34,5
472532,36551.0,553.0,12472.12,4
472540,64749.0,970.0,7619.52,1
472589,27769.0,1842.0,9521.22,6
472674,29549.0,1829.0,4076.63,5
472692,13164.0,1591.0,18061.92,1
472695,0.0,1607.0,5521.54,1
472702,10458.0,219.0,7198.42,4
472719,74586.0,1182.0,12300.01,2
472726,73740.0,2408.0,5124.22,4
472787,23530.0,2310.0,7478.31,1
472807,36568.0,1444.0,10209.02,0
472824,21189.0,1884.0,18321.87,1
472879,0.0,1605.0,6358.25,1
472921,55338.0,64.0,9415.53,0
472933,60642.0,1794.0,10660.9,3
472942,36685.0,2368.0,5923.21,4
472964,28215.0,1828.0,4650.06,4
473093,29418.0,2314.0,10926.69,4
473144,75644.0,2095.0,4974.8,2
473194,50695.0,509.0,5704.98,2
473204,26514.0,778.0,6974.92,1
473259,29215.0,480.0,7892.82,0
473409,0.0,1128.0,7556.51,2
473410,59855.0,955.0,2771.66,1
473548,77357.0,891.0,5229.74,1
473563,47509.0,286.0,2588.08,6
473564,64987.0,1496.0,2659.5,4
473622,0.0,642.0,5227.77,5
473636,0.0,1374.0,6677.42,1
473648,0.0,128.0,6871.97,2
473674,21604.0,267.0,3096.51,1
473758,23222.0,2122.0,7078.95,2
473772,0.0,2232.0,14325.15,2
473775,49825.0,882.0,16477.77,5
473786,92983.0,738.0,10536.08,5
474027,79090.0,30.0,8609.16,4
474047,53988.0,1096.0,2533.74,3
474172,26026.0,289.0,4369.04,1
474174,23566.0,811.0,4365.26,1
474272,60188.0,1502.0,6508.76,4
474305,36510.0,2166.0,6721.89,0
474333,28513.0,911.0,15114.4,5
474342,40635.0,591.0,8012.84,2
474383,0.0,651.0,4318.09,2
474458,53243.0,938.0,2521.63,1
474752,0.0,1547.0,5507.06,1
474757,63774.0,382.0,4376.36,3
474779,64388.0,543.0,2759.62,4
474846,0.0,714.0,15936.58,6
474894,72302.0,292.0,2616.61,4
474905,29305.0,1256.0,2641.45,5
474921,51659.0,1216.0,5074.84,3
474945,41479.0,770.0,3746.75,5
475009,33806.0,134.0,27789.69,4
475034,64543.0,244.0,7824.49,1
475123,0.0,2066.0,6500.41,2
475132,17932.0,1569.0,21274.34,1
475172,0.0,472.0,6481.38,2
475175,55593.0,602.0,14203.04,2
475233,0.0,1928.0,6715.29,3
475249,0.0,2.0,8009.03,4
475313,31756.0,222.0,5237.94,1
475395,40598.0,242.0,6948.33,1
475500,99428.0,1224.0,5185.8,2
475532,0.0,1932.0,11875.9,1
475535,27778.0,326.0,12904.94,2
475550,0.0,1353.0,6265.34,4
475634,85756.0,573.0,4821.16,1
475690,33043.0,1512.0,3801.75,1
475700,0.0,31.0,9709.75,1
475713,0.0,776.0,3486.7,2
475930,19864.0,245.0,2359.42,4
475950,72734.0,316.0,7980.49,4
475974,45354.0,1949.0,11463.99,1
475991,22134.0,810.0,5764.78,1
476068,0.0,2409.0,18853.74,2
476080,37995.0,295.0,5597.12,2
476258,37937.0,2054.0,9095.05,1
476273,27398.0,45.0,38445.86,5
476288,93272.0,2197.0,3861.49,2
476327,0.0,430.0,6500.41,4
476371,94186.0,185.0,5201.97,1
476431,73102.0,1560.0,5310.91,3
476477,33806.0,1152.0,27789.69,1
476497,60475.0,718.0,4330.39,1
476539,88184.0,743.0,12174.59,1
476571,0.0,1511.0,7821.95,2
476648,0.0,1234.0,21423.64,4
476652,49564.0,855.0,22620.75,0
476875,39268.0,954.0,5143.88,1
477157,69096.0,272.0,19955.26,4
477219,0.0,1275.0,21343.47,1
477295,30092.0,1252.0,8532.99,4
477362,56788.0,851.0,8197.71,4
477468,0.0,2124.0,2397.54,4
477517,76700.0,1515.0,9113.69,2
477598,35173.0,733.0,7092.64,4
477599,49008.0,244.0,2424.69,4
477654,0.0,226.0,21423.64,5
477676,16181.0,1139.0,13736.13,4
477739,76358.0,1166.0,23594.68,1
477787,0.0,362.0,6950.53,1
477867,66839.0,243.0,5989.77,1
477869,81872.0,1092.0,14024.36,2
477993,39032.0,1177.0,15762.6,1
478050,44369.0,1957.0,2936.99,3
478107,60462.0,429.0,2697.33,1
478108,91393.0,283.0,5444.79,1
478127,66429.0,1139.0,5389.5,1
478142,0.0,1821.0,2482.39,1
478247,83758.0,2376.0,2585.96,2
478278,0.0,1951.0,2606.05,2
478284,41459.0,244.0,14333.92,2
478315,43877.0,1780.0,8186.1,6
478373,67352.0,1502.0,7255.14,0
478431,16969.0,607.0,4499.49,1
478566,40531.0,244.0,5928.75,5
478666,0.0,647.0,3875.54,1
478700,51622.0,932.0,2917.54,1
478770,15340.0,1386.0,13755.54,1
478785,0.0,567.0,3475.07,2
478792,76675.0,2161.0,5815.26,1
478890,14973.0,1670.0,12168.74,2
478912,81580.0,2359.0,8106.22,2
478986,79751.0,1838.0,2551.23,2
479015,29926.0,993.0,2756.94,5
479198,38644.0,819.0,3059.55,5
479278,0.0,2017.0,5008.79,3
479359,66463.0,2258.0,2717.78,0
479445,78965.0,1949.0,22195.8,1
479509,41212.0,537.0,3791.55,4
479593,77498.0,1672.0,5843.61,0
479724,0.0,1246.0,5637.74,4
479766,27231.0,1140.0,10144.31,4
479815,66429.0,749.0,5389.5,5
479872,21638.0,1706.0,4960.55,1
479950,0.0,1945.0,2821.0,4
479960,58988.0,1817.0,14140.56,2
480021,18120.0,397.0,7028.94,3
480074,87620.0,230.0,7726.99,1
480158,0.0,1292.0,3123.08,4
480200,48278.0,1859.0,5932.56,0
480203,70037.0,2378.0,2831.68,2
480239,95399.0,2053.0,2698.01,3
480259,63287.0,526.0,15251.58,2
480275,0.0,808.0,27580.55,5
480389,52447.0,244.0,7057.46,0
480435,68906.0,251.0,30118.66,2
480502,57240.0,389.0,6696.9,2
480675,11343.0,323.0,5507.24,2
480732,13103.0,1301.0,5384.67,1
480760,86481.0,1460.0,23295.06,2
480846,48602.0,679.0,5616.85,0
480858,33806.0,2411.0,27789.69,4
480864,67752.0,1011.0,9877.3,5
480872,98680.0,320.0,2828.1,2
480909,75531.0,856.0,8054.98,1
480934,70146.0,1049.0,3839.14,1
480957,67326.0,1051.0,19644.76,2
481018,27568.0,643.0,5394.0,1
481028,60500.0,2412.0,39561.08,6
481048,85478.0,1631.0,8295.84,4
481076,64324.0,424.0,5363.41,2
481105,69604.0,1693.0,2797.67,2
481191,0.0,598.0,11834.73,4
481262,35001.0,215.0,3494.15,5
481293,78189.0,1822.0,8294.97,4
481450,57709.0,81.0,5073.28,1
481457,18608.0,254.0,2538.63,1
481531,77299.0,245.0,2640.32,0
481590,64455.0,211.0,21639.84,1
481660,95701.0,329.0,7659.5,1
481699,23082.0,472.0,5075.66,5
481851,60180.0,429.0,21920.81,1
481857,54050.0,1677.0,4746.76,3
481860,40332.0,393.0,10524.71,0
481893,76283.0,1250.0,4938.21,0
481902,0.0,243.0,4191.06,6
481931,78441.0,1001.0,12375.02,2
481955,40376.0,1647.0,5421.02,0
481987,77025.0,243.0,5104.35,4
482169,30658.0,1668.0,10487.74,5
482218,75436.0,1307.0,9352.48,5
482256,53603.0,833.0,5170.98,1
482345,64669.0,1914.0,10594.13,1
482351,93272.0,244.0,3861.49,4
482370,58781.0,55.0,12421.86,4
482402,13215.0,2068.0,5271.37,6
482424,0.0,242.0,8610.67,1
482525,99652.0,1641.0,8566.42,3
482528,98003.0,1076.0,8501.28,1
482551,0.0,2264.0,2558.76,1
482561,49665.0,2002.0,8769.27,5
482567,37937.0,81.0,9095.05,4
482673,50864.0,190.0,6478.8,2
482681,0.0,1590.0,7247.5,0
482711,28245.0,1164.0,7200.57,4
482777,14465.0,117.0,5124.8,0
482796,71391.0,56.0,8044.87,6
482882,0.0,410.0,12840.43,0
482922,24930.0,317.0,21205.38,2
482938,94903.0,152.0,3808.12,2
482940,53071.0,2064.0,2839.8,1
483125,64455.0,2285.0,21639.84,5
483154,19651.0,2349.0,5595.97,4
483198,83365.0,2064.0,8656.4,2
483212,0.0,245.0,7163.54,1
483274,45331.0,593.0,32227.08,1
483436,59207.0,2349.0,13770.98,1
483623,53310.0,1436.0,7082.83,1
483627,0.0,1729.0,7200.66,2
483631,97899.0,1897.0,7486.07,1
483747,44536.0,243.0,5255.58,4
483768,0.0,737.0,5294.23,4
483802,19864.0,242.0,2359.42,3
483863,46396.0,1520.0,12244.9,2
483875,0.0,44.0,2089.34,4
483899,65348.0,2375.0,17738.2,6
483969,0.0,24.0,2557.09,1
484194,0.0,1852.0,5009.81,1
484225,22454.0,66.0,8439.62,2
484243,25970.0,2212.0,7778.01,5
484317,26884.0,1321.0,3531.04,4
484422,20228.0,950.0,10408.97,1
484446,0.0,1228.0,14429.89,0
484495,22520.0,1419.0,5498.94,2
484504,24031.0,1575.0,8496.06,4
484543,0.0,244.0,2657.57,2
484592,60804.0,1194.0,3679.14,2
484625,50798.0,2376.0,5746.06,3
484718,60759.0,2381.0,4089.46,2
484733,62271.0,539.0,5029.67,2
484765,57664.0,53.0,8051.57,2
484774,25370.0,423.0,11638.9,4
484811,17622.0,551.0,4458.11,5
484853,20757.0,1861.0,7325.92,4
484894,83431.0,2409.0,3394.72,1
484939,28613.0,243.0,29232.69,2
485040,35601.0,1578.0,10620.49,1
485062,89672.0,626.0,2913.49,1
485189,0.0,2290.0,4471.75,4
485196,0.0,937.0,3370.07,2
485258,31686.0,243.0,7685.4,3
485280,84822.0,494.0,6104.72,1
485281,70311.0,772.0,8033.91,1
485282,83413.0,2227.0,4743.69,4
485283,96443.0,481.0,4072.85,1
485300,74126.0,124.0,3653.7,2
485330,67899.0,330.0,5292.2,4
485383,0.0,1054.0,4770.26,1
485397,21827.0,1997.0,4969.36,6
485486,72140.0,23.0,3309.12,1
485557,25743.0,1682.0,6190.32,1
485674,44762.0,2298.0,4943.39,1
485705,56188.0,10.0,6552.4,1
485742,0.0,2295.0,6560.82,7
485745,23046.0,1588.0,22563.62,5
485787,0.0,1650.0,7196.72,2
485795,0.0,826.0,15672.7,2
485845,89953.0,2184.0,5904.85,0
485933,0.0,2308.0,6919.02,4
486048,74918.0,2075.0,3360.44,3
486075,33190.0,1888.0,33473.35,1
486112,0.0,338.0,7200.66,1
486117,30886.0,2206.0,7193.1,1
486139,0.0,806.0,8714.92,2
486143,0.0,225.0,10369.39,2
486197,89129.0,314.0,2529.08,1
486200,0.0,328.0,9095.74,4
486226,27279.0,2367.0,10845.74,0
486359,98917.0,1670.0,5657.69,2
486422,0.0,243.0,9259.72,2
486600,13933.0,1432.0,4711.08,2
486708,86481.0,1255.0,23295.06,4
486776,28139.0,1816.0,7080.13,4
486812,61401.0,129.0,5510.11,1
486831,92766.0,2021.0,20096.89,2
486860,0.0,319.0,6393.87,4
486880,51240.0,552.0,5365.98,4
486890,70037.0,1785.0,2831.68,1
486897,44719.0,276.0,23331.83,1
486909,0.0,1560.0,13864.38,1
486933,38704.0,546.0,5219.2,2
486955,24164.0,1087.0,10972.07,4
486956,26733.0,1432.0,5065.49,2
487027,97949.0,83.0,4475.05,1
487070,53105.0,2222.0,25900.2,3
487195,74140.0,1556.0,36168.34,1
487212,24049.0,1173.0,2907.36,2
487228,0.0,362.0,8273.11,1
487359,20269.0,605.0,5301.84,3
487486,0.0,1053.0,15481.25,1
487536,97131.0,581.0,5181.62,2
487605,40564.0,2385.0,11726.19,2
487726,0.0,1365.0,6968.34,5
487727,90008.0,1029.0,16304.3,2
487777,25772.0,1416.0,2333.61,3
487799,31365.0,279.0,9209.41,3
487807,43318.0,2383.0,5261.1,4
487823,51455.0,423.0,2707.43,4
487901,87454.0,1829.0,7147.62,3
487930,0.0,641.0,4807.0,3
488009,61091.0,410.0,7496.01,2
488044,0.0,850.0,15994.01,1
488071,62873.0,2184.0,3230.58,4
488130,0.0,282.0,4766.37,4
488151,0.0,283.0,7531.03,0
488188,0.0,1348.0,12500.84,1
488224,22886.0,130.0,5096.67,3
488268,49539.0,1630.0,6031.52,1
488303,28786.0,644.0,2790.46,2
488346,0.0,15.0,1994.77,4
488535,33282.0,2417.0,3944.23,2
488549,58557.0,1827.0,3554.85,1
488647,80807.0,569.0,21991.62,6
488675,44299.0,1876.0,38887.9,4
488679,22853.0,986.0,3362.41,1
488724,36495.0,0.0,10629.22,1
488799,44369.0,1634.0,5493.7,1
488811,39040.0,302.0,7050.97,1
488853,0.0,2164.0,4787.47,4
488872,0.0,2133.0,2127.92,4
488884,38055.0,2260.0,4966.77,4
488891,86180.0,233.0,8090.88,1
489108,0.0,2249.0,7163.54,2
489115,63892.0,2098.0,7948.57,3
489221,15300.0,2196.0,6494.24,5
489244,18241.0,752.0,2555.54,7
489279,39017.0,1853.0,13306.18,0
489301,90343.0,716.0,13742.54,5
489335,67735.0,1309.0,7096.6,2
489371,0.0,1024.0,8334.36,1
489391,63833.0,293.0,5935.82,1
489394,44524.0,169.0,11044.11,4
489443,22906.0,2400.0,5746.33,2
489459,25302.0,242.0,13473.19,5
489501,66947.0,231.0,6314.49,3
489523,66014.0,2338.0,32961.15,1
489534,73168.0,2350.0,5639.94,1
489549,65337.0,243.0,6897.51,4
489592,71943.0,244.0,8960.28,5
489609,76558.0,737.0,8901.47,1
489628,30090.0,493.0,8708.28,2
489781,57135.0,829.0,4762.59,4
489842,54586.0,1088.0,27528.31,1
489856,48943.0,245.0,7851.58,3
489956,54507.0,2193.0,5470.06,0
489985,31993.0,359.0,2531.74,2
490053,73339.0,2214.0,17788.06,3
490250,22475.0,1756.0,2513.12,0
490387,81097.0,243.0,2912.89,1
490439,0.0,245.0,2415.83,4
490479,0.0,2092.0,5295.63,4
490487,0.0,1515.0,7591.11,1
490553,11193.0,1537.0,8164.31,0
490562,57777.0,449.0,7319.58,0
490563,50071.0,2285.0,2771.05,1
490774,30718.0,1740.0,2668.66,0
490806,64270.0,1943.0,4529.97,2
490824,55419.0,1176.0,5838.13,3
490840,0.0,713.0,10189.65,1
490860,86305.0,463.0,4984.62,2
490932,0.0,1212.0,6669.18,4
490984,0.0,2082.0,4872.58,1
491005,66156.0,1595.0,5762.47,4
491122,0.0,610.0,8991.12,4
491242,49937.0,274.0,7597.91,5
491244,0.0,323.0,8048.37,3
491253,0.0,1226.0,4700.42,3
491310,78362.0,512.0,17484.53,1
491351,0.0,1219.0,5392.5,4
491369,25075.0,1481.0,6620.44,4
491391,0.0,2355.0,2243.47,5
491404,0.0,528.0,6220.77,3
491481,0.0,1384.0,36470.3,2
491495,37399.0,23.0,9199.39,4
491513,0.0,1070.0,9783.63,4
491643,27760.0,142.0,16464.37,5
491690,26472.0,292.0,2965.72,1
491704,0.0,243.0,3260.74,2
491773,40178.0,887.0,5308.62,1
491907,41104.0,2209.0,38545.71,4
491948,88567.0,427.0,5452.17,2
491986,72297.0,717.0,10492.97,4
491987,77135.0,1859.0,6514.43,1
492011,45776.0,240.0,10569.63,1
492036,20754.0,245.0,13258.18,2
492090,0.0,304.0,2657.57,1
492158,20369.0,1974.0,8186.31,1
492159,25322.0,1944.0,9486.04,1
492165,58289.0,1610.0,2255.31,1
492226,21004.0,316.0,4312.87,2
492265,55257.0,243.0,2469.57,2
492367,58042.0,438.0,7425.87,1
492401,25905.0,1787.0,2300.69,4
492433,62935.0,1301.0,11314.24,1
492496,23867.0,617.0,2556.61,2
492505,51352.0,2063.0,19927.64,1
492575,0.0,245.0,2179.43,1
492695,67332.0,332.0,7720.16,1
492700,32630.0,244.0,5230.09,2
492757,29031.0,1897.0,4547.32,0
492789,31974.0,2204.0,3723.11,2
492812,21366.0,714.0,4920.49,3
492883,76157.0,2042.0,4669.23,1
492966,84598.0,926.0,3579.77,4
492973,73168.0,307.0,5639.94,1
493061,0.0,1496.0,7200.66,4
493088,46503.0,1613.0,8427.17,1
493283,50909.0,1816.0,4465.6,1
493337,25998.0,244.0,8382.48,3
493350,23616.0,626.0,6610.05,4
493358,0.0,194.0,5328.32,4
493369,56704.0,248.0,8507.83,4
493427,89703.0,1255.0,5067.0,2
493598,26854.0,2427.0,2576.46,5
493606,77095.0,242.0,5365.54,4
493640,20954.0,272.0,3094.32,0
493677,12964.0,856.0,4770.55,0
493775,44818.0,1492.0,7956.15,1
493800,70833.0,1701.0,7804.02,4
493819,90008.0,2353.0,16304.3,4
493827,30817.0,244.0,3436.13,5
493894,74270.0,1961.0,6222.21,2
493925,23059.0,2344.0,5192.36,0
493972,22567.0,2072.0,2309.6,4
494062,21687.0,2234.0,6950.1,3
494179,33663.0,1253.0,2930.69,5
494206,34831.0,1698.0,9935.17,0
494213,29879.0,711.0,11727.78,1
494263,61108.0,664.0,5821.13,3
494284,0.0,848.0,3651.69,2
494384,43860.0,1257.0,2514.59,1
494438,68009.0,108.0,13295.6,3
494498,90804.0,1649.0,9122.93,1
494515,72215.0,567.0,18453.58,5
494536,0.0,649.0,6583.21,1
494600,27083.0,1550.0,2839.57,3
494885,55308.0,1119.0,8415.68,1
494887,59586.0,642.0,5660.13,1
494899,0.0,2007.0,3479.14,1
495027,48295.0,1376.0,4913.12,2
495058,52583.0,2170.0,8879.79,6
495148,86689.0,1214.0,3371.86,5
495168,0.0,852.0,9575.36,4
495253,33481.0,1362.0,66025.75,2
495286,0.0,630.0,4270.03,3
495369,20440.0,175.0,10064.61,1
495381,42780.0,2400.0,13798.48,4
495403,73938.0,278.0,3086.01,2
495473,65978.0,57.0,5394.7,4
495632,77552.0,121.0,5382.75,2
495707,0.0,503.0,2130.35,0
495773,32403.0,2337.0,5583.83,3
495787,0.0,975.0,3649.71,1
495912,0.0,1583.0,6933.34,4
495926,30825.0,78.0,2609.88,3
495942,38704.0,805.0,5219.2,1
496014,72608.0,2341.0,6521.37,0
496052,0.0,245.0,2458.75,0
496159,12902.0,47.0,4904.89,3
496191,60282.0,1649.0,12200.79,6
496233,0.0,2142.0,9415.9,4
496325,11417.0,2343.0,4700.01,1
496329,62370.0,662.0,21710.28,4
496357,19683.0,56.0,8382.63,5
496371,94731.0,1895.0,5457.34,5
496387,40896.0,1865.0,4379.93,2
496403,80306.0,1667.0,2844.85,0
496482,0.0,243.0,4463.0,2
496668,81947.0,74.0,8621.17,2
496675,49161.0,267.0,4971.73,4
496686,67763.0,245.0,8663.36,1
496728,61613.0,1135.0,4825.65,2
496759,41341.0,654.0,3834.74,4
496820,97030.0,1581.0,9247.46,1
496830,25925.0,32.0,2594.91,3
496831,76407.0,257.0,7294.58,4
497030,0.0,66.0,3460.12,2
497070,0.0,178.0,2739.06,1
497106,23737.0,398.0,2433.21,3
497108,0.0,1700.0,2502.21,2
497194,0.0,2212.0,4979.08,1
497201,98078.0,1420.0,5964.35,3
497226,81872.0,244.0,14024.36,2
497281,0.0,265.0,6637.23,1
497421,0.0,689.0,2480.39,1
497467,25676.0,1392.0,4373.36,4
497476,0.0,1628.0,7607.0,6
497494,37308.0,890.0,4601.91,4
497576,0.0,328.0,4785.91,0
497613,0.0,1005.0,2433.91,2
497648,77156.0,213.0,5872.96,2
497756,57749.0,35.0,2872.05,5
497784,0.0,2219.0,16236.48,2
497836,41440.0,669.0,14808.06,5
497854,82081.0,2319.0,50568.26,1
497861,53614.0,1883.0,5205.26,1
497891,38870.0,1211.0,2877.81,2
498028,59744.0,915.0,33873.18,2
498030,0.0,1904.0,2220.0,2
498149,51085.0,398.0,2452.49,2
498319,18129.0,224.0,2624.9,0
498514,0.0,307.0,25755.28,1
498573,0.0,704.0,13104.15,4
498587,46621.0,919.0,7232.61,1
498610,0.0,464.0,2563.86,2
498632,72433.0,1700.0,5129.61,2
498643,28898.0,1926.0,2531.59,4
498644,74948.0,1744.0,5103.3,1
498694,47412.0,1888.0,6439.78,4
498793,54507.0,1205.0,5470.06,2
498897,55571.0,367.0,5345.2,4
498923,0.0,1367.0,7706.03,2
498932,0.0,1621.0,5585.31,1
498989,44667.0,1383.0,7583.14,4
498998,38157.0,209.0,4817.99,0
499027,28215.0,2350.0,4650.06,1
499089,45754.0,1492.0,2685.74,4
499128,0.0,1559.0,9031.21,3
499132,0.0,1704.0,5123.77,5
499346,62873.0,188.0,3230.58,1
499423,0.0,145.0,4196.65,1
499482,93715.0,295.0,8131.78,2
499518,16139.0,868.0,7123.69,4
499563,0.0,244.0,10013.78,4
499583,87455.0,20.0,2853.6,3
499658,0.0,864.0,3467.32,2
499874,90289.0,1352.0,31269.27,3
499875,40818.0,2419.0,5267.85,2
499890,81119.0,2335.0,15785.3,2
499913,76516.0,130.0,7588.36,2
499932,50366.0,568.0,5645.4,5
499945,0.0,1671.0,9048.98,2
499963,85654.0,578.0,9247.55,1
500022,55289.0,2130.0,5323.27,2
500026,0.0,460.0,2316.8,2
500038,0.0,649.0,2864.09,1
500058,62018.0,2222.0,2921.49,4
500060,82093.0,1401.0,4942.87,3
500115,61233.0,183.0,7124.2,2
500248,35173.0,302.0,7092.64,2
500280,75474.0,774.0,2489.75,4
500374,12964.0,313.0,4770.55,2
500437,0.0,27.0,8522.76,3
500455,34819.0,1085.0,4829.57,2
500759,52822.0,2397.0,2672.1,5
500767,26924.0,2287.0,2866.6,0
500782,40994.0,983.0,8378.36,4
500788,82664.0,2333.0,8838.09,1
501030,84229.0,645.0,3934.71,2
501037,0.0,14.0,6425.71,1
501109,54289.0,1000.0,7385.36,4
501131,60188.0,1539.0,6508.76,3
501165,0.0,105.0,7329.83,4
501189,98235.0,2363.0,7446.81,2
501209,83392.0,1871.0,5761.32,4
501217,27984.0,49.0,7275.92,2
501278,0.0,2397.0,4825.5,1
501363,13037.0,589.0,4726.87,0
501490,0.0,2331.0,21561.71,3
501551,0.0,287.0,3046.25,2
501552,0.0,1690.0,3567.5,2
501569,50071.0,244.0,2771.05,2
501602,0.0,1148.0,6600.48,1
501655,0.0,1050.0,4650.68,1
501699,88997.0,566.0,5757.44,1
501704,0.0,2067.0,3974.86,4
501854,0.0,1620.0,2960.03,1
501856,0.0,1009.0,4060.96,2
501875,84903.0,216.0,4475.42,5
501877,80640.0,301.0,4408.07,2
501885,55475.0,193.0,32317.03,1
501976,51937.0,2005.0,15253.26,4
502012,68236.0,1998.0,9148.88,1
502023,56270.0,2417.0,6685.07,2
502047,20200.0,224.0,2417.78,3
502141,0.0,462.0,9713.16,2
502152,0.0,102.0,25082.18,0
502163,96163.0,1724.0,5973.14,5
502212,95891.0,1816.0,4128.39,1
502353,0.0,220.0,12495.74,4
502376,58361.0,1254.0,15265.81,2
502390,27458.0,1322.0,10548.54,1
502534,72859.0,1605.0,4901.89,3
502573,14476.0,253.0,4236.84,4
502585,74015.0,907.0,5555.83,4
502592,39429.0,882.0,4860.91,3
502615,59932.0,2418.0,5503.92,1
502670,0.0,1056.0,24552.87,4
502708,60214.0,1907.0,7943.51,2
502745,50994.0,301.0,5131.36,4
502784,72608.0,134.0,6521.37,2
502848,30244.0,2019.0,3575.04,4
502943,33415.0,2190.0,3095.8,1
502946,0.0,356.0,3164.38,2
502952,35855.0,180.0,2820.74,1
502977,0.0,1269.0,15700.28,2
503025,17576.0,30.0,2722.21,3
503096,39626.0,52.0,5461.55,1
503217,68236.0,2207.0,9148.88,2
503242,40432.0,138.0,12157.54,4
503257,68273.0,426.0,17557.54,2
503305,47274.0,771.0,6636.86,1
503357,50201.0,657.0,2552.0,1
503494,83689.0,514.0,5384.43,5
503560,0.0,2194.0,6739.32,3
503573,98542.0,1641.0,10925.82,3
503598,57709.0,748.0,5073.28,4
503615,33882.0,1125.0,9118.93,4
503638,0.0,242.0,2659.71,4
503673,68370.0,1035.0,3203.3,2
503832,41990.0,286.0,2626.28,2
503938,25595.0,2402.0,8058.66,4
503988,14382.0,75.0,12390.48,1
504078,0.0,277.0,5658.91,1
504190,38692.0,68.0,4091.93,1
504208,22249.0,1579.0,17041.44,2
504219,71684.0,2103.0,2677.5,1
504260,0.0,1872.0,25755.28,5
504311,54408.0,2269.0,6314.58,1
504319,0.0,243.0,15190.65,4
504403,70784.0,978.0,5080.24,4
504455,0.0,71.0,2249.87,4
504525,28564.0,1751.0,2999.34,4
504545,22594.0,144.0,5146.81,1
504564,60426.0,383.0,22185.88,0
504589,0.0,1476.0,6191.4,1
504638,0.0,1356.0,3343.88,5
504663,0.0,243.0,3709.92,2
504715,0.0,1282.0,4734.26,2
504802,76558.0,2065.0,8901.47,2
504860,79528.0,866.0,7748.81,3
504867,20090.0,308.0,34611.38,4
504919,24414.0,1145.0,16525.38,2
505070,44661.0,141.0,4053.37,2
505167,70930.0,117.0,11681.37,1
505179,0.0,445.0,8002.31,4
505204,51944.0,1369.0,6218.66,4
505390,0.0,1362.0,21235.45,2
505522,61040.0,56.0,6177.11,1
505680,36938.0,2242.0,5682.52,2
505776,0.0,359.0,4721.66,5
505779,0.0,1038.0,4473.88,4
505790,56168.0,2162.0,3570.76,5
505798,78362.0,1752.0,17484.53,5
505871,29598.0,2275.0,9875.09,2
505962,64859.0,1093.0,7739.55,1
505988,17101.0,43.0,12298.69,0
506149,0.0,38.0,8160.69,5
506170,0.0,2170.0,6291.59,1
506190,0.0,2029.0,5357.76,0
506193,24054.0,243.0,18882.64,0
506252,44901.0,493.0,16005.51,1
506293,0.0,245.0,2290.68,0
506372,20978.0,384.0,3508.57,1
506400,55911.0,244.0,2994.35,3
506418,90551.0,279.0,7072.93,2
506572,60880.0,1461.0,14435.67,1
506746,40903.0,1927.0,2415.42,0
506749,20978.0,707.0,3508.57,3
506776,0.0,1488.0,6889.56,1
506793,46644.0,807.0,3355.53,3
507005,36900.0,1819.0,17646.73,3
507008,0.0,307.0,7180.28,2
507112,0.0,848.0,13024.13,2
507128,0.0,243.0,14635.45,4
507189,15383.0,1735.0,4567.87,4
507281,23675.0,1463.0,9025.07,0
507360,62120.0,243.0,5943.07,4
507486,66889.0,2428.0,3241.31,1
507503,52339.0,617.0,7985.14,5
507514,52993.0,1769.0,22940.38,2
507555,23032.0,1750.0,7094.17,1
507567,99494.0,899.0,6650.82,1
507838,59782.0,1199.0,5626.57,4
507998,51352.0,1581.0,19927.64,2
508022,68771.0,2342.0,22800.54,1
508080,0.0,525.0,2265.32,2
508115,97131.0,666.0,5181.62,7
508126,0.0,1429.0,9048.98,4
508215,45281.0,59.0,4139.53,2
508399,0.0,1045.0,6290.7,4
508402,44216.0,540.0,8434.46,1
508443,83527.0,243.0,5182.94,0
508456,92296.0,332.0,2759.98,2
508488,76912.0,1244.0,27934.62,4
508501,92324.0,2340.0,4758.47,0
508728,20698.0,2248.0,4744.97,1
508795,41043.0,339.0,5643.8,1
508821,26585.0,895.0,5300.69,4
508824,62773.0,2411.0,5887.18,5
508854,0.0,2432.0,5049.12,3
508923,41195.0,2264.0,6360.65,1
508934,86122.0,1925.0,7247.71,1
509044,0.0,769.0,7589.63,4
509060,48567.0,459.0,5015.01,1
509108,0.0,261.0,4132.59,2
509136,95697.0,1599.0,2471.53,1
509149,55338.0,1112.0,9415.53,1
509223,0.0,457.0,8026.38,5
509345,72661.0,505.0,6639.33,0
509474,31723.0,214.0,7492.16,4
509513,0.0,2213.0,4121.25,2
509514,42795.0,1552.0,5813.24,4
509607,0.0,450.0,4983.62,1
509614,0.0,243.0,4504.16,3
509669,19864.0,312.0,2359.42,3
509686,72874.0,778.0,5630.79,5
509714,51125.0,2399.0,7957.63,2
509746,76927.0,1470.0,5583.58,1
509809,0.0,356.0,6674.18,0
509810,29822.0,1253.0,19014.48,1
509909,0.0,2203.0,3982.27,1
509928,0.0,2334.0,8395.81,2
509962,30473.0,2393.0,2841.44,1
509965,41479.0,1414.0,3746.75,2
510182,36431.0,1380.0,11760.88,5
510224,55350.0,1452.0,5380.9,1
510264,94903.0,344.0,3808.12,5
510329,68261.0,1315.0,8238.46,0
510353,0.0,1489.0,2520.03,2
510372,0.0,168.0,4322.24,1
510440,24732.0,1333.0,2576.38,2
510502,97607.0,644.0,5755.54,2
510505,0.0,2206.0,3289.55,1
510513,63143.0,1597.0,5686.92,2
510537,0.0,569.0,2280.39,1
510644,0.0,364.0,6021.84,1
510841,0.0,1357.0,4825.5,5
510865,14119.0,1080.0,22712.02,4
511053,41833.0,1388.0,4023.81,1
511226,97361.0,288.0,8622.84,2
511253,14119.0,1960.0,22712.02,2
511302,83869.0,1595.0,3274.04,4
511342,0.0,772.0,4566.38,1
511437,22103.0,209.0,16407.66,4
511444,24695.0,1056.0,3207.47,4
511472,0.0,656.0,3748.14,2
511483,34615.0,173.0,6886.32,2
511541,40348.0,512.0,3313.01,0
511568,0.0,1323.0,2460.67,1
511573,29444.0,881.0,2480.53,2
511584,52693.0,2255.0,10248.9,3
511588,0.0,797.0,3703.4,4
511626,53074.0,54.0,2471.08,2
511642,0.0,2219.0,5412.7,4
511765,77311.0,1999.0,21914.41,1
511835,32260.0,59.0,9009.22,4
511862,0.0,702.0,3538.06,5
511875,38399.0,1118.0,16794.31,2
511922,91071.0,489.0,7648.26,3
511981,23449.0,1153.0,4841.06,4
512071,0.0,1860.0,3398.05,4
512097,27869.0,865.0,18474.71,2
512169,92766.0,523.0,20096.89,3
512177,92850.0,1634.0,20395.97,1
512179,88375.0,1920.0,6186.5,4
512191,52266.0,2270.0,2665.45,5
512219,19429.0,1434.0,9560.05,3
512262,0.0,1600.0,3500.86,2
512284,66446.0,504.0,10747.03,5
512296,96170.0,669.0,3694.14,5
512358,39794.0,244.0,15512.56,2
512426,21275.0,2097.0,26730.06,2
512471,96853.0,1227.0,35444.31,4
512522,0.0,679.0,10395.71,3
512580,21665.0,245.0,5097.53,1
512599,22699.0,1521.0,7956.15,2
512615,32356.0,1190.0,13452.19,1
512640,79181.0,221.0,2840.3,0
512869,55842.0,1723.0,8679.8,4
512897,23904.0,628.0,4334.06,6
512906,0.0,496.0,4872.02,3
513000,43723.0,106.0,5000.62,0
513081,90760.0,1151.0,4037.5,5
513099,70125.0,1746.0,2540.41,1
513123,49825.0,1410.0,16477.77,1
513125,28204.0,1578.0,7154.09,4
513170,21190.0,1640.0,2459.17,1
513229,58946.0,2316.0,4823.56,4
513246,29066.0,1916.0,7998.14,1
513446,46754.0,967.0,8507.13,1
513480,17920.0,729.0,8105.81,4
513553,29462.0,1937.0,4170.69,2
513590,0.0,858.0,13727.8,3
513661,0.0,2434.0,7714.65,4
513708,41869.0,649.0,5059.62,5
513778,37511.0,1186.0,7098.02,1
513820,0.0,2051.0,8098.97,2
514042,55099.0,697.0,9837.51,4
514145,25259.0,1139.0,6842.58,1
514235,34398.0,486.0,9613.61,0
514272,33881.0,1568.0,5488.93,1
514369,0.0,238.0,6199.96,3
514395,0.0,1953.0,7296.49,1
514403,0.0,1482.0,30647.63,0
514451,0.0,2379.0,13283.86,4
514493,16997.0,32.0,2174.11,4
514523,13870.0,420.0,8478.3,1
514530,97361.0,784.0,8622.84,3
514552,26802.0,2072.0,4636.55,5
514559,92766.0,1640.0,20096.89,4
514616,0.0,252.0,9227.95,1
514632,74665.0,879.0,3103.92,1
514652,52629.0,248.0,5206.12,5
514900,80892.0,163.0,4425.91,1
514917,0.0,57.0,4836.05,2
515023,25630.0,2258.0,3016.44,1
515049,0.0,1048.0,3567.5,4
515134,85339.0,2112.0,11533.97,4
515142,19098.0,243.0,3220.78,1
515165,71391.0,1272.0,8044.87,2
515185,26487.0,2391.0,7998.35,0
515298,0.0,2420.0,4014.92,4
515315,72608.0,245.0,6521.37,4
515386,40032.0,1075.0,7899.22,1
515444,0.0,229.0,3979.59,3
515579,31278.0,1201.0,3528.04,0
515605,28383.0,1738.0,3023.89,4
515634,98680.0,300.0,2828.1,1
515639,57340.0,79.0,7868.17,1
515645,95330.0,1748.0,9135.29,2
515656,40864.0,1853.0,4282.95,2
515663,15648.0,1925.0,5505.17,6
515667,74627.0,1903.0,5207.68,4
515718,45191.0,69.0,2745.25,1
515775,34653.0,2294.0,2536.89,0
515790,82554.0,366.0,42389.01,3
515805,50653.0,721.0,4433.97,5
515822,15520.0,593.0,2497.54,3
515826,98478.0,1620.0,12902.09,2
515860,10312.0,2298.0,2886.45,1
515905,22562.0,1824.0,2584.2,5
515929,22538.0,237.0,2554.03,4
515969,26876.0,2227.0,6005.21,2
515981,0.0,2310.0,8415.64,1
516133,62935.0,1803.0,11314.24,2
516224,62864.0,1202.0,4049.42,4
516242,0.0,1585.0,12316.8,4
516255,41228.0,2012.0,2816.57,1
516271,22193.0,1715.0,8641.05,4
516276,43246.0,221.0,2402.17,0
516301,37073.0,571.0,2612.53,1
516329,0.0,2283.0,4847.24,2
516337,58577.0,1614.0,4428.03,1
516362,64987.0,2069.0,2659.5,2
516474,0.0,2211.0,8099.47,1
516491,0.0,1559.0,2273.62,2
516519,0.0,325.0,5264.64,6
516544,0.0,2046.0,8098.51,4
516594,0.0,961.0,2546.36,2
516674,89513.0,1847.0,9333.33,2
516791,20169.0,30.0,8084.33,4
516984,48131.0,1048.0,6405.74,1
516995,81721.0,2216.0,2478.83,2
517087,60707.0,1113.0,2803.6,3
517129,0.0,318.0,6980.33,2
517190,90414.0,1009.0,6615.82,2
517222,37050.0,454.0,12885.79,2
517262,24083.0,66.0,7317.01,3
517267,0.0,820.0,5955.54,1
517295,28812.0,1480.0,7388.18,5
517405,55350.0,2051.0,5380.9,1
517472,58414.0,242.0,7840.17,2
517533,26787.0,1089.0,6121.11,5
517538,0.0,1366.0,12010.94,4
517559,63401.0,1070.0,2730.35,2
517612,22571.0,912.0,4605.04,1
517614,68931.0,243.0,5332.46,1
517702,27510.0,212.0,5776.34,2
517729,45404.0,649.0,5460.32,4
517739,81197.0,1957.0,21923.12,3
517758,27538.0,2215.0,4570.67,7
517781,71499.0,496.0,9024.2,2
517797,0.0,380.0,12313.16,2
517867,61409.0,1529.0,8085.45,4
517940,17576.0,151.0,2722.21,1
517945,0.0,1237.0,9392.56,1
518061,80846.0,702.0,5068.43,0
518064,74608.0,1020.0,2727.68,4
518210,0.0,243.0,2154.07,0
518236,23540.0,760.0,3815.32,2
518249,50052.0,240.0,5079.67,2
518305,16552.0,1525.0,11833.77,1
518533,37530.0,243.0,4646.39,4
518561,87210.0,843.0,6486.11,0
518578,30335.0,542.0,3412.57,2
518582,90972.0,1197.0,5968.12,1
518622,63329.0,1716.0,3611.18,1
518677,0.0,1369.0,25585.73,1
518771,76157.0,1840.0,4669.23,2
518834,0.0,1732.0,14687.08,2
519087,60221.0,1776.0,24320.64,2
519203,75248.0,1914.0,5011.26,1
519213,36428.0,243.0,4896.56,1
519276,29539.0,907.0,6300.44,2
519300,0.0,1145.0,6464.42,2
519419,60426.0,1951.0,22185.88,3
519442,48107.0,1507.0,21850.35,0
519677,94242.0,1454.0,8595.98,1
519726,0.0,521.0,4566.12,1
519742,42995.0,770.0,11982.42,5
519766,47669.0,1674.0,6278.76,4
519796,81064.0,1511.0,5328.84,5
519826,31561.0,276.0,5324.39,4
519873,0.0,242.0,8728.46,4
519933,0.0,1647.0,7545.55,0
519984,0.0,835.0,3460.12,1
520091,78618.0,1370.0,2619.34,2
520094,28663.0,795.0,4466.98,4
520137,17162.0,1310.0,3716.48,2
520163,76114.0,780.0,3548.15,3
520202,21238.0,412.0,6431.74,4
520207,0.0,1863.0,2108.49,2
520321,25030.0,242.0,4112.84,1
520428,22454.0,898.0,8439.62,1
520660,0.0,2267.0,16468.22,0
520821,60244.0,719.0,3238.0,2
521111,43145.0,2173.0,5845.43,1
521176,0.0,1530.0,4433.69,4
521217,94115.0,1712.0,5963.82,4
521225,20228.0,1895.0,10408.97,4
521252,54311.0,1317.0,10722.06,0
521311,78460.0,604.0,5137.85,2
521384,53519.0,1079.0,4472.33,2
521431,0.0,2293.0,3223.22,3
521486,20228.0,1163.0,10408.97,1
521545,22514.0,1605.0,9470.62,0
521576,75333.0,1830.0,3580.26,3
521653,39679.0,1360.0,3652.53,1
521684,20228.0,1154.0,10408.97,2
521699,23712.0,244.0,6183.11,1
521702,11432.0,979.0,13466.92,3
521875,0.0,2411.0,2349.96,3
521949,0.0,1380.0,13579.3,2
522111,68423.0,1498.0,6748.23,1
522234,99841.0,1796.0,2632.55,7
522251,0.0,644.0,2252.42,1
522261,29606.0,656.0,3225.4,2
522285,19831.0,295.0,6439.0,0
522408,76847.0,1090.0,9409.14,4
522493,0.0,1047.0,2432.17,1
522572,0.0,1987.0,8331.65,4
522618,0.0,1314.0,6464.42,1
522677,32775.0,2406.0,19088.34,2
522758,0.0,1476.0,11228.29,0
522763,57338.0,322.0,2374.8,2
522788,77853.0,114.0,4228.25,4
522851,0.0,2371.0,6383.61,2
522866,62902.0,713.0,8256.3,2
522924,32653.0,998.0,5271.98,5
522935,72032.0,1975.0,5864.38,3
523037,97745.0,245.0,9043.68,1
523110,24910.0,2432.0,2248.45,5
523170,17489.0,2219.0,3044.79,1
523188,0.0,280.0,8714.92,5
523194,82477.0,242.0,3644.83,1
523210,56446.0,30.0,9118.15,2
523246,65431.0,1868.0,2777.34,2
523272,88997.0,1285.0,5757.44,4
523288,38223.0,2423.0,4347.16,4
523296,0.0,504.0,3031.4,1
523394,87517.0,1510.0,4515.18,2
523399,68009.0,240.0,13295.6,4
523642,0.0,654.0,6291.59,2
523722,31278.0,521.0,3528.04,4
523897,57449.0,2035.0,12157.33,4
523904,72540.0,1370.0,10656.88,3
523979,36881.0,143.0,8267.12,1
524055,84831.0,2226.0,22986.15,1
524234,26129.0,2368.0,5520.15,4
524379,0.0,2074.0,5107.62,1
524483,48569.0,1489.0,4576.76,2
524536,31725.0,438.0,5763.27,3
524586,41503.0,515.0,11610.25,4
524951,60145.0,18.0,10272.61,1
524968,28663.0,242.0,2618.33,3
525129,0.0,2031.0,5171.27,2
525188,75963.0,1850.0,5515.25,1
525202,21723.0,31.0,7894.5,7
525245,46210.0,295.0,2402.33,2
525246,0.0,775.0,9602.08,4
525476,0.0,243.0,2311.12,4
525508,68351.0,285.0,12759.28,4
525525,85950.0,2298.0,2795.74,0
525548,58658.0,1098.0,11747.65,4
525579,38874.0,1053.0,7501.66,0
525612,71449.0,1733.0,32474.77,1
525740,28505.0,1536.0,10552.43,4
525765,31686.0,989.0,7685.4,4
525866,23091.0,243.0,5926.73,4
525918,43610.0,420.0,8624.92,2
526020,0.0,258.0,25030.89,1
526064,88081.0,222.0,5174.08,7
526094,39891.0,843.0,47155.63,2
526164,18052.0,1590.0,4196.26,5
526165,0.0,838.0,9657.58,2
526222,98713.0,646.0,15777.89,3
526316,0.0,740.0,4660.01,2
526344,52707.0,342.0,7089.68,2
526349,63867.0,2342.0,7069.74,2
526374,49937.0,876.0,7597.91,1
526479,24506.0,98.0,2834.65,1
526481,87560.0,1299.0,11986.59,5
526508,0.0,1102.0,1940.98,3
526579,88816.0,1620.0,2818.31,4
526586,25187.0,1084.0,4683.44,1
526629,43947.0,320.0,6817.43,4
526644,21720.0,1465.0,4679.98,4
526663,13037.0,1194.0,4726.87,4
526736,44379.0,244.0,6529.91,6
526747,91814.0,1421.0,5093.38,1
526765,41449.0,658.0,5443.76,1
526784,11828.0,903.0,10083.49,2
526822,83288.0,952.0,5079.84,2
526867,65134.0,149.0,4529.06,2
526975,44788.0,243.0,7285.03,4
527004,0.0,664.0,15672.7,1
527067,62537.0,1001.0,2811.96,2
527090,36635.0,71.0,2486.06,1
527194,0.0,221.0,17966.29,2
527235,55687.0,2325.0,10963.96,2
527244,0.0,394.0,6227.37,4
527337,23422.0,1027.0,5285.27,5
527414,70051.0,163.0,5395.83,1
527434,0.0,1861.0,2321.88,1
527565,0.0,1091.0,8304.69,2
527582,70014.0,2430.0,7366.19,1
527622,37057.0,1051.0,4719.76,1
527640,49919.0,2002.0,5432.86,4
527656,39843.0,353.0,12981.53,1
527712,0.0,1037.0,8621.19,2
527773,20978.0,1131.0,3508.57,0
527838,0.0,1552.0,6940.07,2
527941,74489.0,2189.0,10014.03,6
527944,23636.0,955.0,5176.58,5
528055,0.0,826.0,7600.03,3
528074,97917.0,2256.0,4928.0,2
528095,95850.0,243.0,8845.07,4
528122,44855.0,2086.0,2466.38,4
528160,87020.0,765.0,5963.17,3
528173,34498.0,832.0,6369.26,3
528226,22705.0,1624.0,19160.99,3
528229,0.0,2352.0,5001.53,1
528260,0.0,209.0,7583.96,4
528331,72217.0,1439.0,2549.79,2
528332,0.0,1157.0,2993.02,1
528363,0.0,464.0,6220.77,4
528413,48258.0,1277.0,30061.69,1
528447,85210.0,800.0,8080.95,1
528492,38884.0,1258.0,4090.75,4
528693,35091.0,2199.0,5768.09,1
528697,24495.0,356.0,2659.34,1
528712,77001.0,577.0,6769.0,2
528782,26047.0,864.0,2547.37,0
528809,33291.0,1547.0,8723.67,4
528985,34831.0,966.0,9935.17,4
529085,45039.0,2265.0,23207.27,1
529098,0.0,433.0,3974.86,2
529106,55350.0,1129.0,5380.9,1
529140,72032.0,1059.0,5864.38,4
529218,0.0,1401.0,4547.16,2
529331,63035.0,938.0,49221.43,1
529390,0.0,1766.0,8166.51,1
529415,53882.0,1227.0,2790.68,1
529458,0.0,831.0,16109.75,1
529471,75216.0,216.0,3360.27,4
529544,71210.0,243.0,25807.06,0
529579,28360.0,190.0,8776.36,2
529733,29660.0,234.0,4426.1,3
529746,51071.0,359.0,5148.65,3
529922,79270.0,939.0,11318.13,5
529988,14290.0,2.0,10179.72,1
530051,45484.0,891.0,8767.63,4
530098,69442.0,2172.0,9339.34,5
530105,0.0,242.0,4242.69,1
530113,33171.0,434.0,5147.11,1
530119,83000.0,422.0,7786.68,4
530206,38651.0,656.0,3815.85,3
530235,51675.0,621.0,15477.28,1
530281,0.0,2211.0,4911.77,5
530299,76266.0,1438.0,8810.9,1
530425,0.0,1950.0,4650.68,2
530436,20166.0,1180.0,3252.83,0
530508,97832.0,1527.0,3842.79,4
530517,48597.0,600.0,2488.24,4
530613,15921.0,1327.0,6903.95,1
530621,72734.0,216.0,7980.49,2
530666,21370.0,2031.0,9294.55,3
530712,21275.0,242.0,26730.06,1
530770,0.0,2129.0,7399.03,2
530833,0.0,949.0,2189.64,5
530839,81145.0,940.0,7356.56,3
530880,41279.0,1886.0,30763.26,5
530955,41098.0,1955.0,11533.48,0
530978,21135.0,1564.0,4980.19,1
531052,99823.0,908.0,14091.19,2
531201,0.0,2339.0,4419.54,2
531286,40463.0,1609.0,4944.24,1
531290,21442.0,410.0,25360.1,2
531293,28321.0,1633.0,4130.63,5
531398,51675.0,610.0,15477.28,2
531430,78618.0,963.0,2619.34,0
531514,0.0,2139.0,5830.56,1
531515,61085.0,546.0,2764.49,5
531619,56761.0,1230.0,2891.73,1
531793,35039.0,970.0,4739.86,2
531841,0.0,1839.0,2436.4,1
531868,10475.0,872.0,9787.81,1
531976,0.0,1478.0,6732.97,5
532203,0.0,1105.0,5619.69,0
532333,23091.0,2020.0,5926.73,4
532334,0.0,243.0,2840.85,1
532376,30473.0,162.0,2841.44,2
532378,44388.0,1211.0,4299.84,2
532422,57428.0,2150.0,3402.78,1
532464,51643.0,710.0,11009.13,5
532592,56446.0,2183.0,9118.15,4
532752,79325.0,242.0,5482.55,1
532759,21052.0,439.0,8432.82,2
532813,22350.0,1968.0,5040.78,4
532832,40117.0,42.0,12692.67,5
532848,60244.0,75.0,3238.0,2
532925,27725.0,244.0,4773.66,1
532945,0.0,242.0,4159.59,2
532978,29587.0,1539.0,2648.35,1
532997,42522.0,904.0,31316.61,1
533157,57733.0,1087.0,5225.03,2
533198,51179.0,881.0,8547.59,5
533213,66467.0,244.0,5314.96,0
533302,0.0,2313.0,5585.31,2
533365,0.0,2251.0,9657.58,1
533388,29734.0,1250.0,17208.06,1
533391,29698.0,342.0,3147.97,1
533470,0.0,2175.0,2243.47,1
533488,46900.0,123.0,2580.85,4
533509,81676.0,1057.0,5773.52,5
533539,0.0,939.0,32654.84,5
533638,81082.0,732.0,5838.9,1
533666,0.0,1498.0,4830.91,4
533742,22768.0,2426.0,4437.84,0
533766,0.0,2278.0,4893.29,2
533950,36576.0,2166.0,9880.39,5
534009,34430.0,1005.0,7732.39,4
534151,35406.0,526.0,7903.99,2
534324,76522.0,471.0,5705.55,4
534452,0.0,1654.0,8178.52,4
534464,75680.0,2334.0,6242.6,1
534481,0.0,1073.0,12067.46,1
534505,53223.0,2430.0,8535.11,1
534510,0.0,245.0,8071.65,5
534571,37233.0,155.0,10856.18,1
534649,21986.0,1204.0,2395.57,0
534716,37998.0,1079.0,4881.3,1
534734,37520.0,1505.0,8936.82,1
534764,28617.0,134.0,8420.43,2
534794,47829.0,2430.0,4708.2,0
534805,0.0,109.0,5208.35,1
534813,59974.0,677.0,2578.84,4
534904,59556.0,2173.0,4540.38,1
534905,41701.0,2062.0,8113.96,4
534972,13411.0,1433.0,9416.28,0
535151,0.0,2410.0,20216.31,5
535183,12590.0,336.0,8372.85,4
535233,26189.0,1463.0,7950.18,4
535251,46618.0,2143.0,8119.83,1
535320,0.0,2201.0,5568.95,3
535327,37722.0,69.0,9075.77,1
535367,28441.0,1000.0,8595.15,2
535413,44084.0,338.0,2874.07,4
535436,27431.0,1028.0,3312.18,4
535482,36431.0,2355.0,11760.88,1
535525,59364.0,243.0,5384.53,4
535539,29445.0,922.0,5354.61,2
535544,20920.0,2057.0,5638.93,3
535587,99443.0,1528.0,9189.52,2
535852,48784.0,2103.0,7715.1,1
535892,76514.0,1807.0,9028.31,2
535944,94903.0,1596.0,3808.12,1
536018,26746.0,1343.0,2545.22,1
536021,25813.0,967.0,4784.96,1
536066,26372.0,1715.0,4885.16,5
536082,19651.0,1097.0,5595.97,3
536092,69674.0,1409.0,7536.07,4
536124,44485.0,459.0,7505.77,4
536132,0.0,1986.0,2436.84,4
536186,52801.0,1671.0,3981.78,2
536371,69240.0,206.0,23086.36,2
536409,0.0,596.0,7494.09,0
536485,22415.0,2347.0,2702.69,0
536517,0.0,2216.0,7654.23,1
536535,27005.0,2256.0,4892.63,6
536567,66676.0,963.0,3919.37,5
536577,0.0,621.0,3703.4,3
536603,88567.0,420.0,5452.17,1
536671,0.0,1491.0,2224.77,5
536699,0.0,984.0,25082.18,3
536794,25805.0,1823.0,14536.79,5
536823,59207.0,1688.0,13770.98,4
536848,24910.0,937.0,2248.45,4
536941,62900.0,438.0,10016.29,4
536959,0.0,1.0,4927.71,6
537013,0.0,1822.0,17966.29,1
537038,58161.0,2042.0,5431.22,2
537124,70793.0,1539.0,2776.77,3
537132,70837.0,1344.0,5635.4,2
537387,41479.0,1290.0,3746.75,1
537397,77330.0,1973.0,7988.26,1
537405,46182.0,328.0,7777.2,4
537421,73597.0,648.0,13110.55,4
537613,67895.0,1696.0,3975.32,2
537701,29697.0,844.0,7540.58,0
537711,0.0,648.0,4031.54,2
537722,40646.0,1168.0,8208.93,2
537795,23904.0,1632.0,4334.06,1
537829,0.0,157.0,3834.21,4
537852,0.0,868.0,6185.1,5
537887,53228.0,445.0,8849.69,4
537907,35296.0,1570.0,29194.37,1
537914,0.0,588.0,2435.25,4
537990,62421.0,1252.0,9536.34,2
538042,13037.0,1125.0,4726.87,2
538308,0.0,243.0,18269.54,2
538341,77309.0,1627.0,3358.66,4
538507,95701.0,694.0,7659.5,2
538550,50607.0,2022.0,10737.68,2
538760,0.0,375.0,5846.42,2
538770,80780.0,1385.0,8797.83,2
538795,26140.0,513.0,13411.31,4
538854,13393.0,1211.0,2869.3,2
538877,64125.0,993.0,8646.5,2
538902,0.0,441.0,4463.0,2
538949,36313.0,220.0,5016.55,2
538979,42532.0,494.0,4645.57,1
539106,69379.0,1665.0,4118.59,1
539125,45345.0,1641.0,14696.64,1
539144,0.0,2027.0,3798.32,5
539322,27689.0,551.0,8581.28,5
539358,21926.0,1589.0,4755.19,4
539370,85632.0,620.0,3309.25,0
539436,0.0,1612.0,2141.98,4
539537,0.0,855.0,4726.96,2
539599,35011.0,35.0,5552.33,1
539673,24123.0,1202.0,4087.51,1
539674,22236.0,2241.0,4876.32,1
539704,79055.0,1338.0,7283.93,1
539705,37876.0,123.0,2647.52,3
539739,38873.0,245.0,10970.13,1
539742,97984.0,1260.0,4880.34,5
539746,57117.0,208.0,2656.99,0
539760,38772.0,954.0,28393.33,1
539776,74720.0,677.0,5565.69,2
539854,29491.0,463.0,7347.41,1
539941,97673.0,402.0,2507.88,1
540011,83926.0,2020.0,7334.52,3
540109,78435.0,2308.0,10479.9,2
540112,48642.0,2384.0,21151.23,3
540142,0.0,2296.0,13883.33,0
540268,38884.0,474.0,4090.75,2
540291,64692.0,1.0,8435.18,2
540316,52513.0,1482.0,7480.71,4
540380,40870.0,203.0,12731.95,4
540497,0.0,547.0,4705.59,4
540548,83006.0,734.0,46805.22,1
540551,53333.0,1011.0,2660.93,4
540628,74454.0,1049.0,5595.39,1
540715,75606.0,254.0,9581.28,2
540751,0.0,781.0,4656.49,1
540756,46503.0,1750.0,8427.17,1
540796,0.0,925.0,3731.5,0
540836,58516.0,66.0,15806.53,1
540901,0.0,1097.0,9338.08,2
540905,28137.0,1103.0,2585.21,2
540918,60466.0,1208.0,4666.64,1
540966,31708.0,1427.0,3520.7,4
541000,0.0,1669.0,7736.46,1
541008,38096.0,270.0,3963.4,1
541009,0.0,2146.0,5170.81,5
541037,46396.0,302.0,12244.9,4
541040,93818.0,242.0,5380.31,3
541078,49447.0,452.0,4739.35,3
541163,46928.0,894.0,4063.33,0
541178,46264.0,1965.0,2364.43,5
541239,21829.0,521.0,8579.89,3
541358,65255.0,930.0,5633.74,1
541410,37573.0,101.0,8516.75,0
541435,44428.0,52.0,12036.62,3
541557,0.0,1392.0,21159.3,4
541564,40864.0,1988.0,4282.95,4
541741,29540.0,563.0,8697.88,4
541751,0.0,424.0,4916.41,0
541898,70301.0,504.0,5246.06,1
541953,0.0,669.0,9810.41,2
541961,0.0,1520.0,13727.8,4
542002,22280.0,853.0,5279.12,2
542014,75453.0,1140.0,4439.68,4
542043,26990.0,1227.0,15445.66,0
542085,34923.0,2323.0,11264.36,5
542089,0.0,243.0,6947.84,1
542118,37876.0,845.0,2647.52,4
542180,25545.0,647.0,5348.07,2
542182,44279.0,1044.0,4854.36,1
542208,77493.0,243.0,5610.96,5
542287,0.0,1256.0,9029.94,4
542296,11885.0,2156.0,11315.2,1
542574,90125.0,79.0,8861.15,5
542636,75986.0,42.0,9312.59,2
542696,55350.0,1900.0,5380.9,2
542893,32303.0,1552.0,7694.06,5
542934,0.0,105.0,3740.4,4
542976,14072.0,280.0,24127.5,5
543119,85704.0,832.0,5573.11,2
543285,0.0,748.0,13379.81,0
543326,30816.0,1874.0,6861.75,1
543422,0.0,710.0,22029.15,4
543449,58414.0,175.0,7840.17,4
543456,0.0,243.0,3681.25,1
543460,0.0,2148.0,5504.14,4
543478,40376.0,455.0,5421.02,4
543553,10621.0,41.0,4386.28,1
543599,0.0,503.0,6474.83,4
543693,22283.0,950.0,2397.04,4
543852,94508.0,1762.0,7074.4,4
543862,53228.0,2342.0,8849.69,2
543881,93459.0,1470.0,7996.01,5
543901,69259.0,1802.0,2535.22,0
543918,10853.0,2233.0,3896.57,4
543956,0.0,318.0,4990.34,2
543978,89879.0,1197.0,5123.17,1
544167,20090.0,1949.0,34611.38,4
544182,0.0,1295.0,16468.22,1
544301,0.0,542.0,34708.87,1
544306,0.0,243.0,8992.78,2
544337,29431.0,240.0,12128.45,2
544421,0.0,1910.0,7540.39,4
544493,29218.0,2228.0,8663.92,0
544561,0.0,609.0,4927.07,3
544569,14232.0,1444.0,4914.73,4
544619,51159.0,242.0,2860.11,1
544690,94178.0,460.0,2871.15,3
544752,0.0,1103.0,7583.96,2
544837,79487.0,598.0,4626.8,1
544890,23706.0,723.0,7806.14,0
545010,67871.0,122.0,7370.62,1
545087,0.0,608.0,2695.46,1
545127,63287.0,1271.0,15251.58,4
545144,91804.0,387.0,5017.61,4
545179,61146.0,303.0,5259.44,4
545278,0.0,1213.0,2570.76,1
545378,0.0,658.0,7521.28,1
545410,64113.0,1054.0,13918.53,1
545421,36554.0,2350.0,8110.54,2
545497,19280.0,1500.0,5586.97,4
545514,0.0,81.0,3540.9,5
545534,0.0,2089.0,36181.03,4
545541,70742.0,2175.0,4887.79,3
545567,20282.0,952.0,5445.37,0
545582,48412.0,2166.0,28685.83,5
545586,22724.0,453.0,2658.22,2
545638,26864.0,48.0,8807.49,2
545659,0.0,2050.0,8163.89,1
545744,15192.0,675.0,3832.12,5
545883,52113.0,2162.0,7599.9,1
545889,50854.0,20.0,11516.41,2
545917,89113.0,1173.0,6291.66,2
545947,35754.0,1280.0,15797.99,2
546025,35551.0,1678.0,3176.87,2
546037,69488.0,527.0,5195.82,1
546039,14254.0,2369.0,4775.48,1
546163,0.0,279.0,3324.55,3
546171,49390.0,243.0,7835.93,1
546177,0.0,1026.0,17817.46,4
546231,81081.0,1164.0,3188.53,4
546259,32312.0,669.0,7218.02,1
546456,0.0,2210.0,2863.04,2
546665,0.0,2032.0,5619.97,2
546736,91871.0,129.0,28486.07,2
546758,0.0,2118.0,4731.84,1
546773,0.0,1211.0,52811.49,2
546796,51659.0,1501.0,5074.84,4
546827,0.0,2431.0,10169.37,5
546869,69604.0,514.0,2797.67,3
546994,11432.0,244.0,13466.92,0
546997,54710.0,396.0,12350.06,1
547016,0.0,1851.0,11158.13,2
547190,94804.0,945.0,4583.75,2
547213,21246.0,2168.0,3311.16,2
547217,53234.0,244.0,8478.28,1
547342,67454.0,309.0,7417.41,4
547355,46896.0,1308.0,4951.66,2
547357,68931.0,1423.0,5332.46,1
547360,10312.0,649.0,2886.45,5
547407,92374.0,1264.0,8639.5,2
547442,34430.0,283.0,9082.83,4
547500,72202.0,1775.0,2557.59,1
547522,90334.0,1078.0,9635.58,2
547542,13154.0,1098.0,7714.6,0
547559,40238.0,677.0,5764.86,3
547561,0.0,1022.0,2108.49,1
547575,0.0,1101.0,4151.55,3
547649,62375.0,614.0,8253.27,2
547699,0.0,1420.0,4229.92,2
547764,72208.0,428.0,5912.78,5
547802,64367.0,2349.0,8317.3,4
547994,0.0,179.0,4813.28,2
548037,33901.0,2383.0,20003.14,3
548126,67534.0,1201.0,6921.0,4
548202,0.0,37.0,8390.12,1
548228,24124.0,1596.0,7150.11,3
548238,27940.0,719.0,5096.7,4
548244,0.0,2027.0,7562.82,5
548251,30821.0,1001.0,3911.12,1
548335,56768.0,2313.0,3572.49,4
548390,19794.0,258.0,7138.17,4
548565,45428.0,1130.0,8349.52,4
548638,63032.0,141.0,2405.62,2
548682,60108.0,686.0,3142.81,3
548722,36843.0,1006.0,2621.81,5
548752,42589.0,1097.0,3848.48,1
548883,0.0,243.0,7294.85,2
548999,0.0,2388.0,6032.74,1
549034,38725.0,556.0,7486.17,2
549064,23376.0,1882.0,2867.31,1
549080,28506.0,1049.0,4089.43,4
549091,0.0,470.0,2379.2,4
549132,33531.0,602.0,4547.89,5
549200,75037.0,1563.0,13530.03,2
549238,59932.0,682.0,5503.92,2
549402,20128.0,1829.0,13596.2,2
549404,75216.0,276.0,3360.27,3
549415,0.0,2102.0,8216.39,4
549444,44552.0,1875.0,10990.59,5
549537,20261.0,1317.0,2780.2,1
549540,62076.0,619.0,8491.02,1
549541,60021.0,2411.0,3939.01,4
549562,70200.0,335.0,10171.34,5
549598,48804.0,242.0,13057.17,1
549612,0.0,1027.0,3839.61,5
549686,18608.0,1954.0,2538.63,1
549715,0.0,1597.0,13727.8,2
549751,74215.0,1641.0,2577.32,3
549757,24723.0,1389.0,10295.47,4
549858,93272.0,2199.0,3861.49,1
549862,18779.0,1062.0,4826.83,4
549982,83846.0,676.0,8717.05,2
550058,34378.0,1389.0,4118.54,1
550173,81957.0,1166.0,6876.31,2
550213,15169.0,1982.0,4746.69,1
550262,12430.0,415.0,5169.5,4
550303,76114.0,225.0,3548.15,0
550352,0.0,2134.0,2858.99,2
550434,63755.0,810.0,19884.92,1
550519,91942.0,817.0,9453.0,1
550539,33175.0,339.0,20380.07,2
550575,99185.0,130.0,9369.64,2
550598,84495.0,306.0,2542.06,2
550686,42600.0,2304.0,9233.19,0
550769,0.0,479.0,7780.9,2
550834,59597.0,179.0,8267.85,4
550839,68342.0,953.0,5717.74,2
550856,91763.0,1219.0,9161.66,3
550896,40639.0,2129.0,7981.44,4
551055,27804.0,2199.0,8492.7,1
551154,86650.0,1138.0,2732.65,7
551248,99722.0,1760.0,7320.99,2
551296,72845.0,1417.0,13158.37,2
551300,0.0,1172.0,4903.15,1
551313,51972.0,189.0,7814.6,1
551391,55407.0,1303.0,4035.01,4
551429,86122.0,1743.0,7247.71,5
551510,77299.0,1325.0,2640.32,4
551533,32437.0,6.0,2742.8,0
551652,51584.0,1886.0,8068.62,2
551710,28519.0,339.0,2432.96,4
551809,70061.0,2359.0,7996.6,1
551828,29809.0,2011.0,4802.48,5
551833,96163.0,568.0,5973.14,1
551837,25965.0,1206.0,2491.26,2
551938,72421.0,1606.0,2592.44,2
551946,84581.0,895.0,15435.69,4
551961,0.0,697.0,6674.45,4
551975,94041.0,1625.0,2667.27,1
551981,28432.0,1647.0,13869.93,0
552016,30406.0,657.0,2893.31,0
552221,29957.0,2435.0,5046.89,3
552235,0.0,243.0,9780.85,4
552278,37138.0,1024.0,3347.03,2
552328,49746.0,1409.0,2369.37,2
552364,0.0,847.0,7027.76,2
552441,38644.0,304.0,3059.55,1
552546,45430.0,245.0,6293.96,1
552568,36537.0,20.0,23515.85,1
552576,48895.0,1781.0,5388.02,0
552669,0.0,1938.0,7692.46,2
552747,0.0,505.0,8672.81,0
552755,23879.0,243.0,8368.88,0
552776,20090.0,245.0,34611.38,0
552818,62113.0,1693.0,4178.59,2
552823,0.0,1574.0,6051.8,0
552936,23769.0,140.0,7931.72,2
552945,25226.0,118.0,5090.45,4
552965,0.0,42.0,3885.46,4
552966,46814.0,1294.0,8901.06,0
553018,59803.0,235.0,10856.01,3
553061,79421.0,831.0,12625.28,1
553089,0.0,2378.0,6900.95,3
553254,12964.0,2101.0,4770.55,5
553261,62396.0,1849.0,22951.89,5
553389,22283.0,666.0,2397.04,6
553396,24285.0,838.0,8417.0,2
553412,84394.0,1918.0,4601.63,5
553453,0.0,1546.0,3451.1,2
553530,0.0,1085.0,6847.59,2
553558,29981.0,1469.0,5421.05,4
553567,76157.0,245.0,4669.23,4
553879,91268.0,434.0,18504.28,2
553936,29462.0,243.0,4170.69,1
553943,0.0,2291.0,7700.62,2
553944,21171.0,24.0,5605.38,1
553954,40097.0,1958.0,3289.12,2
553956,51840.0,2013.0,34090.04,4
553973,21020.0,1595.0,6185.34,1
554104,38460.0,1284.0,3403.92,2
554136,0.0,936.0,2643.72,4
554155,61222.0,516.0,10388.55,1
554255,44368.0,392.0,6366.23,2
554442,94132.0,2191.0,26538.58,1
554449,20588.0,543.0,8653.3,2
554453,21706.0,2147.0,8196.08,2
554487,98693.0,661.0,4909.03,4
554572,60920.0,40.0,7507.46,1
554636,97298.0,1360.0,30475.78,1
554712,66685.0,179.0,7995.44,2
554761,51833.0,1661.0,3903.8,1
554888,88360.0,245.0,7437.51,4
554983,25503.0,610.0,30850.59,2
555001,0.0,1837.0,3732.57,4
555024,96961.0,245.0,7743.92,4
555050,0.0,978.0,3649.71,2
555081,83800.0,224.0,2444.33,2
555102,0.0,1880.0,4002.86,5
555112,0.0,1377.0,4740.2,4
555118,81872.0,1472.0,14024.36,2
555205,38736.0,2428.0,9597.47,1
555218,90972.0,354.0,5968.12,5
555298,60420.0,1653.0,19896.42,1
555301,48081.0,2114.0,14895.4,5
555398,43775.0,699.0,2803.8,2
555517,55761.0,105.0,18269.27,5
555541,0.0,2248.0,6425.71,2
555576,18495.0,1520.0,26197.41,2
555745,14072.0,662.0,24127.5,5
555831,23235.0,234.0,6459.64,4
555947,66325.0,391.0,9371.77,1
556050,0.0,1424.0,8093.41,5
556136,0.0,705.0,4035.77,4
556164,0.0,700.0,14713.52,1
556188,46593.0,1034.0,16547.64,1
556266,92324.0,1611.0,4758.47,4
556313,61080.0,1996.0,5049.69,5
556453,92163.0,1535.0,5923.12,1
556492,0.0,292.0,3099.54,5
556622,20284.0,1917.0,4505.85,2
556626,68899.0,1260.0,2912.91,2
556649,0.0,2206.0,5325.72,3
556688,98677.0,624.0,8531.4,2
556755,85018.0,79.0,5423.14,6
556778,27592.0,1964.0,2387.61,5
556808,72421.0,866.0,2592.44,0
556865,91193.0,488.0,14886.71,2
556879,23235.0,165.0,7882.99,0
556958,0.0,1590.0,2596.19,1
556982,0.0,564.0,3659.18,4
557138,59592.0,297.0,3300.61,6
557289,72648.0,644.0,4871.15,1
557458,0.0,993.0,6744.19,3
557469,50269.0,366.0,6289.01,4
557500,24188.0,1152.0,4305.81,1
557519,64429.0,1841.0,15923.96,4
557525,0.0,1402.0,2703.47,2
557597,85355.0,150.0,8405.75,5
557633,0.0,584.0,7498.82,2
557640,91512.0,1123.0,7647.45,0
557723,0.0,1026.0,2267.6,2
557739,60184.0,2093.0,7664.22,2
557752,91182.0,447.0,3890.87,1
557852,75090.0,242.0,4993.03,2
557867,0.0,227.0,2643.72,2
557872,27510.0,724.0,5776.34,4
557880,19066.0,1029.0,32144.65,4
557932,31266.0,561.0,7546.61,5
557996,22426.0,720.0,2792.01,1
558040,26876.0,1992.0,21034.02,1
558097,37931.0,492.0,27495.42,1
558138,33775.0,83.0,2430.48,0
558248,66161.0,242.0,4603.98,2
558258,39135.0,408.0,10745.98,6
558288,44190.0,68.0,5938.51,4
558451,96869.0,2046.0,8029.39,5
558469,0.0,245.0,7555.83,3
558511,92766.0,298.0,20096.89,2
558543,27816.0,458.0,7712.06,0
558598,63918.0,1836.0,12687.15,2
558686,37595.0,1588.0,5633.95,2
558854,33580.0,533.0,4931.5,4
558969,90783.0,1174.0,32864.4,5
559005,0.0,278.0,5247.85,1
559007,23712.0,1064.0,4281.06,2
559016,23649.0,1900.0,9706.38,1
559111,28311.0,389.0,41855.17,4
559124,54538.0,237.0,9591.23,1
559127,80028.0,243.0,17292.94,1
559233,75648.0,160.0,4349.31,1
559261,68082.0,242.0,3450.07,0
559279,57161.0,2074.0,5121.84,2
559304,0.0,585.0,4815.02,0
559342,64125.0,561.0,8646.5,2
559362,20217.0,1229.0,3796.55,1
559388,76879.0,1478.0,8110.7,7
559483,25448.0,1928.0,8458.91,4
559519,60244.0,247.0,3238.0,0
559576,54889.0,2360.0,2539.99,2
559619,0.0,245.0,2753.78,4
559622,24239.0,1132.0,7039.26,1
559657,73876.0,2182.0,9061.06,4
559721,0.0,298.0,6874.85,1
559723,62291.0,1569.0,7901.7,4
559726,0.0,1752.0,11828.61,1
559879,37548.0,1985.0,6457.56,1
560024,21986.0,1676.0,2395.57,2
560104,99816.0,239.0,3423.82,4
560149,44428.0,830.0,12036.62,2
560283,0.0,1052.0,12779.9,2
560505,0.0,457.0,6827.04,0
560528,79980.0,774.0,7345.9,4
560597,0.0,309.0,4348.14,4
560713,0.0,1854.0,6305.93,3
560714,0.0,1423.0,5329.13,4
560936,79487.0,1220.0,4626.8,1
560990,50854.0,439.0,11516.41,1
561041,77835.0,1153.0,5897.99,4
561053,67772.0,1117.0,9654.52,1
561072,44509.0,2144.0,2446.68,4
561092,14665.0,32.0,4558.43,4
561107,72669.0,2070.0,2980.46,4
561219,76374.0,2191.0,4886.54,5
561228,44362.0,1900.0,15762.53,1
561251,65090.0,1548.0,2826.31,5
561284,29462.0,717.0,4170.69,5
561307,37675.0,96.0,32467.66,2
561321,0.0,2006.0,8518.55,1
561413,69746.0,2039.0,2959.82,4
561481,0.0,1330.0,6745.25,4
561520,66957.0,632.0,5234.33,5
561570,32807.0,2372.0,2877.35,1
561620,72960.0,1331.0,5334.18,3
561621,22061.0,521.0,5878.2,1
561640,26526.0,2301.0,7644.68,3
561654,0.0,1820.0,14208.51,3
561722,46546.0,472.0,27890.06,4
561801,60942.0,263.0,2584.82,2
561873,92070.0,1011.0,2960.57,4
561874,23975.0,1705.0,4755.72,5
561917,62409.0,167.0,10662.63,4
561933,40513.0,137.0,3801.28,4
561961,97736.0,2053.0,8954.84,4
561981,62575.0,243.0,12590.94,4
562084,87798.0,1510.0,2882.35,1
562093,0.0,820.0,2791.91,5
562234,59744.0,811.0,33873.18,1
562305,21006.0,1371.0,5445.82,2
562324,51204.0,243.0,21592.1,1
562358,27382.0,123.0,2858.09,1
562361,63483.0,318.0,6633.14,0
562376,73274.0,1301.0,12694.89,0
562404,0.0,1333.0,2894.24,5
562411,0.0,1509.0,4984.1,1
562501,55542.0,225.0,9206.43,4
562510,58542.0,216.0,31920.77,2
562588,65375.0,542.0,5214.97,4
562644,0.0,1949.0,2554.55,2
562655,28729.0,1696.0,3267.71,2
562661,68727.0,313.0,3776.67,2
562677,33746.0,1882.0,12504.49,3
562703,0.0,2200.0,2450.19,5
562734,54314.0,2157.0,2615.85,7
562737,16061.0,971.0,3239.12,5
563076,66538.0,973.0,11473.48,1
563086,0.0,229.0,42462.97,2
563094,0.0,259.0,11003.54,2
563142,0.0,40.0,2365.35,5
563188,62912.0,1013.0,8271.91,4
563217,68158.0,1289.0,10978.78,1
563386,0.0,426.0,7035.53,1
563410,14533.0,1012.0,11172.5,3
563428,23772.0,107.0,6687.59,1
563587,0.0,1044.0,3849.6,2
563633,61225.0,1492.0,14002.76,2
563749,66844.0,1375.0,5375.82,3
563774,0.0,1229.0,2379.2,2
563945,0.0,1221.0,21561.71,4
563977,43922.0,1141.0,26016.53,4
563981,87492.0,2435.0,2483.54,2
564111,31686.0,1081.0,3274.19,5
564114,66245.0,964.0,17367.27,3
564138,62873.0,2357.0,3230.58,2
564141,0.0,1714.0,5435.77,1
564201,51246.0,1234.0,4889.61,3
564305,0.0,294.0,11005.02,3
564449,0.0,1341.0,5002.09,6
564650,75648.0,1952.0,4349.31,2
564707,18505.0,1903.0,4479.49,1
564813,60145.0,225.0,10272.61,5
564838,66776.0,131.0,16796.34,1
564841,49009.0,1061.0,8247.95,2
564882,22000.0,1847.0,2616.41,1
564909,70795.0,1192.0,5481.5,4
564959,50147.0,1938.0,7695.12,1
564973,39268.0,694.0,5143.88,2
565008,0.0,217.0,13226.22,2
565040,0.0,2461.0,8470.04,5
565041,90892.0,2461.0,4881.39,4
565074,72333.0,851.0,2813.31,4
565133,41402.0,2097.0,4477.45,1
565171,32818.0,1595.0,7240.66,4
565227,15083.0,2.0,12947.68,4
565242,79292.0,357.0,2700.99,2
565351,44368.0,1920.0,6366.23,4
565452,43383.0,2433.0,8649.18,2
565533,76850.0,770.0,2927.22,4
565602,0.0,1453.0,12168.64,6
565634,0.0,398.0,20957.61,2
565690,83846.0,1014.0,8717.05,1
565710,51148.0,2316.0,5710.33,5
565787,94230.0,265.0,5526.44,2
565805,0.0,884.0,2649.66,1
565811,72667.0,998.0,6395.35,4
565841,35301.0,275.0,5874.82,3
565876,42240.0,1017.0,9486.6,1
565900,43626.0,2221.0,2593.82,4
565960,25558.0,1038.0,2515.26,4
565991,44025.0,351.0,2728.04,1
566033,0.0,402.0,4015.21,1
566165,40361.0,2030.0,3909.64,4
566182,97205.0,1717.0,11900.54,1
566343,0.0,479.0,4548.29,4
566374,25167.0,902.0,51016.07,3
566550,0.0,141.0,7707.81,2
566630,47761.0,1083.0,4100.4,1
566640,0.0,966.0,7236.13,1
566663,80210.0,383.0,2623.32,1
566696,58776.0,1468.0,6412.37,3
566714,69202.0,1955.0,2379.83,4
566737,37496.0,853.0,7535.43,3
566767,14616.0,1989.0,8126.77,3
566802,23815.0,484.0,8257.67,4
566808,81883.0,1502.0,4654.58,2
566851,73782.0,1875.0,3032.82,1
566951,68568.0,2185.0,18089.8,2
566957,44788.0,1414.0,7285.03,4
566961,20169.0,1265.0,8084.33,0
566991,0.0,421.0,17349.03,4
567048,0.0,1206.0,14944.84,2
567070,48736.0,1021.0,8860.65,1
567082,0.0,243.0,3123.08,4
567151,0.0,418.0,6051.64,4
567210,35056.0,2281.0,3635.03,4
567219,43490.0,200.0,8982.85,1
567227,0.0,656.0,5110.68,5
567256,38928.0,797.0,4988.58,4
567261,70328.0,2282.0,6746.43,0
567319,38169.0,1405.0,7406.88,4
567412,27972.0,997.0,2227.07,1
567420,88440.0,1423.0,24980.23,1
567571,0.0,1042.0,2396.22,0
567670,36791.0,248.0,5290.67,4
567805,0.0,88.0,3573.29,1
567865,23843.0,450.0,6120.19,4
567875,96413.0,594.0,3979.72,4
568111,21709.0,729.0,4892.44,5
568171,12287.0,1228.0,3700.42,3
568172,62375.0,1238.0,3667.37,1
568205,54585.0,296.0,5719.79,2
568286,0.0,968.0,4837.93,3
568329,20754.0,1719.0,13258.18,4
568442,0.0,1903.0,7821.95,1
568484,0.0,1345.0,4605.27,1
568525,60192.0,1382.0,17816.68,3
568547,0.0,1057.0,4648.54,3
568594,79663.0,2209.0,2772.44,2
568667,92783.0,2192.0,4874.22,4
568678,0.0,1102.0,4303.47,1
568681,26334.0,2240.0,5305.09,0
568712,10621.0,2414.0,4386.28,4
568734,0.0,2376.0,3885.46,4
568769,47406.0,837.0,7421.59,5
568786,20992.0,1342.0,2399.18,2
568798,20993.0,434.0,4772.94,5
568814,20836.0,873.0,6273.17,1
568870,33806.0,46.0,27789.69,3
568880,20407.0,236.0,7269.34,4
568953,61006.0,1668.0,5953.21,2
569188,46131.0,998.0,2969.59,5
569236,0.0,1945.0,2241.46,3
569313,33402.0,681.0,8640.75,0
569315,57031.0,2087.0,4078.29,3
569319,69991.0,1413.0,5214.34,0
569347,54337.0,1528.0,2897.62,1
569369,20993.0,556.0,4772.94,1
569603,0.0,1507.0,5313.29,1
569677,36032.0,281.0,19690.44,3
569720,0.0,2248.0,6751.44,1
569769,14290.0,278.0,10179.72,4
569846,21979.0,376.0,2891.72,1
569880,48019.0,2306.0,7706.04,2
569940,65900.0,1457.0,20018.2,1
569972,0.0,217.0,10506.77,1
570116,67796.0,1233.0,5339.49,1
570299,58778.0,1109.0,44795.47,1
570318,47170.0,755.0,10934.74,4
570406,0.0,1170.0,9657.58,5
570469,0.0,2376.0,6964.05,4
570531,0.0,243.0,4160.16,2
570600,22538.0,2089.0,2554.03,3
570637,0.0,2084.0,4879.71,0
570668,66466.0,243.0,8581.64,2
570683,18643.0,1969.0,9320.24,4
570784,80101.0,1352.0,6245.44,3
570796,0.0,1482.0,6743.13,4
570806,58213.0,1200.0,3155.91,2
570920,44788.0,1273.0,7285.03,1
570971,43285.0,374.0,3142.74,4
571017,30887.0,1109.0,4751.28,4
571123,34865.0,638.0,2734.15,4
571163,0.0,2247.0,21404.36,5
571169,0.0,222.0,8630.7,6
571180,15897.0,981.0,15363.85,1
571215,0.0,673.0,2705.99,2
571239,88126.0,1569.0,2551.35,4
571340,37384.0,355.0,4014.45,1
571406,23665.0,243.0,22658.54,3
571409,19864.0,145.0,2359.42,2
571479,28466.0,237.0,4067.0,1
571498,95647.0,940.0,4233.57,2
571603,0.0,320.0,4983.11,3
571643,82210.0,1551.0,2687.31,5
571670,63688.0,51.0,7949.28,2
571760,28406.0,2367.0,5670.44,5
571845,23650.0,1154.0,4549.34,2
571942,45191.0,1134.0,2745.25,2
571964,0.0,2041.0,2194.67,2
571970,72421.0,945.0,2592.44,2
571992,44246.0,2169.0,33053.27,4
572015,46507.0,1722.0,5564.96,1
572045,59578.0,444.0,3894.62,4
572062,85447.0,244.0,5421.54,3
572066,24245.0,154.0,7079.79,1
572073,68189.0,1917.0,26180.81,1
572094,0.0,2442.0,4112.63,2
572263,29445.0,1154.0,5354.61,4
572265,24721.0,1812.0,2620.39,1
572282,94903.0,2248.0,3808.12,0
572345,58172.0,1837.0,8104.43,4
572410,0.0,1630.0,4890.11,3
572448,0.0,90.0,7054.78,2
572463,25632.0,242.0,4929.55,2
572505,76700.0,235.0,9113.69,4
572547,71210.0,567.0,25807.06,2
572647,29539.0,472.0,6300.44,1
572663,0.0,2317.0,17253.73,4
572668,46244.0,1207.0,14590.25,1
572768,27681.0,63.0,6057.07,2
572811,0.0,2401.0,7928.83,1
572812,25964.0,244.0,8646.55,2
572836,22699.0,244.0,7956.15,1
572890,0.0,519.0,2432.17,2
572927,59624.0,469.0,9156.32,3
573078,0.0,472.0,5120.62,0
573217,24123.0,1141.0,4087.51,2
573290,32807.0,270.0,2877.35,2
573332,85522.0,2351.0,5126.84,2
573344,73466.0,959.0,8161.58,1
573347,0.0,24.0,4700.42,4
573446,0.0,1530.0,4018.88,0
573458,25370.0,931.0,11638.9,3
573475,64801.0,31.0,7582.11,5
573505,70279.0,1754.0,5708.02,2
573649,88246.0,2249.0,3095.18,2
573661,74057.0,144.0,4303.64,4
573681,28432.0,897.0,13869.93,4
573830,34087.0,129.0,18544.3,0
573897,0.0,1478.0,2004.35,1
573954,12902.0,2210.0,4904.89,2
573964,0.0,906.0,3339.76,1
573972,16101.0,1095.0,5534.57,4
573986,99069.0,243.0,7985.47,1
573995,0.0,376.0,2670.8,1
574005,43836.0,166.0,2813.69,5
574081,0.0,391.0,2848.56,0
574163,0.0,1916.0,6699.22,1
574302,0.0,424.0,2004.35,2
574330,45181.0,1583.0,2599.97,4
574391,0.0,456.0,4270.03,2
574492,0.0,220.0,34039.06,0
574506,28108.0,393.0,9000.44,4
574542,0.0,1472.0,8456.27,0
574560,28666.0,684.0,4770.74,1
574613,61785.0,2173.0,4928.4,1
574627,19637.0,56.0,2521.16,2
574640,43406.0,2261.0,7457.34,0
574674,0.0,1549.0,7944.97,1
574688,81713.0,2440.0,26864.2,2
574723,57283.0,472.0,4080.82,3
574726,23923.0,1511.0,9824.75,1
574745,25318.0,2465.0,7367.65,4
574771,29500.0,2366.0,2573.72,4
574835,0.0,2119.0,13024.13,2
574899,28617.0,1567.0,8420.43,1
574930,64396.0,236.0,16373.73,2
575015,0.0,243.0,4162.18,3
575030,0.0,568.0,3903.38,0
575070,25222.0,1281.0,6554.22,1
575089,55687.0,7.0,10963.96,4
575123,0.0,2306.0,4553.19,4
575145,73259.0,244.0,9217.13,1
575147,88854.0,2313.0,14042.1,5
575342,63860.0,1055.0,2472.47,3
575411,67371.0,46.0,5059.33,1
575434,31986.0,1381.0,8692.28,4
575487,0.0,324.0,3788.81,1
575571,72661.0,1083.0,6639.33,4
575573,76771.0,706.0,7408.84,0
575574,24980.0,1954.0,8160.59,2
575612,0.0,1408.0,3761.79,4
575818,0.0,1986.0,14050.17,3
575821,37612.0,455.0,2537.97,1
575833,50631.0,961.0,13297.71,5
575844,95697.0,1065.0,8564.77,2
575849,64997.0,705.0,2465.44,5
575948,17308.0,1688.0,3034.77,4
576051,0.0,2122.0,6661.74,4
576057,92296.0,225.0,2759.98,2
576071,61567.0,2133.0,2608.79,2
576074,98036.0,1309.0,13559.39,3
576110,65989.0,790.0,19834.2,5
576176,87455.0,133.0,2853.6,4
576184,89892.0,550.0,10954.38,2
576217,28432.0,1241.0,13869.93,3
576294,64125.0,1678.0,8646.5,5
576345,40171.0,1485.0,2876.82,5
576354,0.0,2406.0,6331.34,2
576363,92401.0,2339.0,2537.38,4
576498,18892.0,1821.0,5575.2,4
576576,58488.0,776.0,8474.63,6
576587,81639.0,2013.0,16548.86,4
576654,56228.0,38.0,2520.3,1
576658,0.0,244.0,3123.08,2
576690,25778.0,1566.0,5421.52,0
576692,19240.0,1662.0,3829.28,0
576716,65165.0,1844.0,5013.14,3
576736,80101.0,272.0,6245.44,4
576871,0.0,767.0,5504.14,1
576878,21733.0,2092.0,8550.39,5
576911,0.0,1926.0,7292.95,5
576936,0.0,803.0,4419.54,4
576947,10147.0,1735.0,12552.65,4
577124,0.0,725.0,3567.5,5
577151,74919.0,270.0,5067.51,0
577156,81957.0,1743.0,6876.31,1
577195,26140.0,83.0,3269.01,2
577232,20396.0,306.0,6047.03,0
577265,35482.0,678.0,10208.93,4
577278,40882.0,2446.0,10340.46,1
577322,0.0,2459.0,2746.08,1
577360,38399.0,793.0,16794.31,1
577374,74835.0,1317.0,10760.18,0
577386,23393.0,1160.0,3708.81,1
577398,84365.0,732.0,23981.54,5
577405,0.0,998.0,5205.91,2
577467,12495.0,1436.0,2413.93,5
577501,0.0,1672.0,2524.65,4
577535,61894.0,942.0,5353.93,0
577726,63774.0,1776.0,4376.36,0
577795,95697.0,2032.0,8564.77,2
577844,0.0,1758.0,10196.11,2
577860,0.0,2244.0,11042.29,1
577872,34378.0,699.0,4118.54,5
577901,61246.0,244.0,8828.38,3
577998,34226.0,413.0,29091.24,1
578013,0.0,1332.0,2678.46,4
578020,0.0,466.0,8278.79,1
578114,0.0,1581.0,2987.95,4
578167,62912.0,983.0,8271.91,3
578203,30694.0,1029.0,3596.83,1
578234,61108.0,1251.0,10484.92,1
578688,22439.0,1013.0,3766.37,2
578751,99205.0,245.0,2735.54,2
578811,0.0,1245.0,2983.11,1
578837,0.0,2429.0,4152.65,1
578944,52679.0,828.0,4280.75,4
578998,25285.0,790.0,35900.08,2
579005,23402.0,802.0,4786.01,2
579015,66676.0,593.0,3919.37,4
579034,28181.0,675.0,8476.08,2
579093,0.0,231.0,6285.31,5
579245,56835.0,245.0,5387.93,1
579283,73536.0,396.0,5419.46,5
579318,26057.0,2431.0,8509.85,2
579322,35482.0,1395.0,10208.93,3
579377,73769.0,1172.0,4822.44,0
579424,26410.0,545.0,27564.74,2
579581,71560.0,725.0,5534.58,2
579584,11885.0,163.0,11315.2,4
579684,87454.0,871.0,7147.62,4
579710,98278.0,551.0,3439.09,2
579726,24664.0,1076.0,7787.43,2
579785,90016.0,244.0,11785.04,0
579847,0.0,1645.0,7573.35,1
579883,33760.0,193.0,11944.4,4
579890,11607.0,2264.0,3551.79,4
579931,88249.0,1029.0,13094.61,2
579943,88009.0,884.0,2798.68,2
579990,50450.0,2330.0,10640.94,1
580068,23120.0,939.0,3703.44,4
580159,27362.0,506.0,11447.51,1
580169,0.0,636.0,4250.28,3
580201,63357.0,463.0,8005.96,0
580212,86036.0,2426.0,10719.08,3
580324,39913.0,2021.0,4198.03,2
580341,37840.0,1721.0,7057.89,2
580356,0.0,2001.0,5439.34,1
580472,26721.0,2233.0,6747.52,4
580493,53957.0,465.0,7380.57,0
580500,41878.0,263.0,5619.65,4
580508,0.0,219.0,6731.05,3
580554,54710.0,742.0,12350.06,5
580586,17250.0,1391.0,4730.36,1
580592,23860.0,64.0,8925.63,4
580628,20868.0,2418.0,4429.19,2
580834,26802.0,696.0,4636.55,1
580979,28519.0,222.0,2606.21,5
581007,56701.0,2110.0,2591.75,1
581079,74665.0,2384.0,3103.92,5
581260,12613.0,2315.0,5213.07,1
581294,0.0,2336.0,12944.19,4
581380,22590.0,582.0,2424.22,1
581396,25820.0,633.0,3265.16,1
581419,0.0,8.0,8278.79,5
581427,11612.0,870.0,5623.31,2
581481,88435.0,733.0,2516.1,2
581513,70341.0,2082.0,14376.55,1
581531,21514.0,1630.0,11981.98,5
581533,0.0,2010.0,4069.78,4
581596,25771.0,816.0,17723.76,1
581651,89451.0,100.0,2530.71,1
581661,43860.0,2084.0,2514.59,2
581668,0.0,2386.0,9449.75,5
581682,0.0,1877.0,2272.31,4
581712,33738.0,1882.0,3702.63,2
581913,43657.0,433.0,7996.6,1
581999,28445.0,1367.0,8219.36,4
582066,89451.0,1594.0,2530.71,0
582067,79065.0,152.0,2760.48,3
582097,62464.0,243.0,8658.86,1
582166,39482.0,130.0,6006.44,2
582244,60884.0,2453.0,6165.86,3
582256,0.0,243.0,8569.36,1
582257,0.0,2198.0,5345.99,1
582364,42928.0,1392.0,11130.12,1
582427,55992.0,683.0,5412.46,4
582429,34615.0,1661.0,6886.32,1
582493,51408.0,1564.0,7434.25,3
582646,0.0,419.0,5165.57,4
582674,15406.0,244.0,9546.82,3
582690,25927.0,733.0,3933.81,1
582843,63259.0,33.0,5233.99,5
582861,86305.0,555.0,4984.62,4
582874,0.0,289.0,3090.03,1
582883,80846.0,2045.0,5068.43,1
582929,0.0,2170.0,3792.83,3
582930,43676.0,1732.0,5913.31,1
582990,66839.0,244.0,5989.77,2
583003,0.0,426.0,5325.72,1
583005,0.0,2413.0,2376.53,5
583165,88663.0,226.0,6382.05,4
583175,0.0,244.0,7587.34,1
583223,98338.0,1888.0,2617.18,4
583227,0.0,1078.0,6465.22,4
583252,17557.0,616.0,3700.39,1
583271,0.0,2241.0,2618.81,0
583272,50632.0,348.0,2483.64,4
583327,95782.0,516.0,2743.55,2
583415,92163.0,692.0,5923.12,5
583513,36765.0,2284.0,7703.4,1
583539,0.0,1104.0,4526.61,3
583565,0.0,2374.0,6722.7,4
583601,21124.0,121.0,4422.88,3
583610,0.0,1119.0,5100.09,0
583648,37313.0,2211.0,4803.24,4
583670,25270.0,548.0,35022.45,4
583718,91423.0,461.0,8696.91,2
583754,95697.0,243.0,2471.53,1
583788,27072.0,65.0,7349.33,1
584017,0.0,2340.0,4656.49,2
584173,43386.0,1885.0,4312.77,2
584285,55350.0,1934.0,5380.9,5
584377,88304.0,2284.0,11260.9,1
584405,17331.0,1084.0,8991.98,1
584426,37308.0,244.0,6899.71,1
584458,41005.0,2326.0,2719.85,2
584463,0.0,1903.0,6516.21,1
584536,39035.0,1844.0,2650.62,5
584537,97849.0,2132.0,7504.69,0
584564,0.0,737.0,11131.57,2
584727,0.0,2110.0,17712.21,2
584737,61108.0,183.0,10484.92,1
584782,11904.0,763.0,4254.62,4
584796,59853.0,134.0,19454.41,2
584833,78358.0,424.0,10307.65,4
584845,37811.0,1225.0,2530.81,1
584880,0.0,1063.0,13668.36,1
585039,0.0,839.0,13352.56,2
585066,67837.0,4.0,2675.57,4
585082,40269.0,1764.0,15304.52,2
585162,48156.0,262.0,5666.7,2
585271,43963.0,452.0,8673.59,0
585275,0.0,712.0,10004.03,1
585277,57664.0,1679.0,8051.57,1
585316,61148.0,501.0,15956.52,4
585357,0.0,799.0,4250.28,4
585377,36088.0,1729.0,5528.21,7
585386,29056.0,779.0,7724.68,4
585420,56855.0,515.0,9951.71,1
585495,21514.0,245.0,11981.98,4
585509,0.0,211.0,4270.03,1
585629,0.0,1009.0,4423.69,4
585642,63455.0,236.0,2404.92,1
585756,41185.0,1321.0,3673.99,1
585780,19591.0,1220.0,5635.25,1
585793,0.0,845.0,6944.74,1
585850,0.0,569.0,2398.33,1
585853,21947.0,1942.0,9256.92,1
585854,50864.0,1872.0,6478.8,1
585947,24695.0,1842.0,3207.47,0
585975,0.0,824.0,16350.13,0
585976,37998.0,158.0,4881.3,2
585978,60932.0,467.0,8099.4,4
586056,35625.0,1973.0,5107.16,0
586076,68516.0,311.0,8712.16,2
586100,0.0,711.0,4653.09,4
586164,31974.0,2369.0,3723.11,1
586191,63471.0,2290.0,2682.7,4
586199,15462.0,332.0,4506.49,2
586365,0.0,343.0,2561.58,4
586401,0.0,408.0,7350.18,1
586446,0.0,1312.0,13272.23,4
586542,22886.0,1008.0,5096.67,4
586686,67780.0,657.0,7284.36,4
586711,35461.0,2094.0,3732.35,4
586734,71210.0,577.0,25807.06,2
586753,95140.0,1485.0,15228.2,2
586870,99180.0,1043.0,8543.25,2
586891,0.0,893.0,4481.39,2
586944,79192.0,1332.0,2744.08,2
587136,64270.0,1278.0,4529.97,1
587196,67467.0,216.0,4874.67,4
587284,0.0,360.0,5510.56,1
587378,79090.0,47.0,8609.16,4
587420,0.0,2295.0,2482.92,2
587480,21603.0,1806.0,2585.94,1
587543,58557.0,183.0,3554.85,4
587591,38713.0,2072.0,4834.71,2
587619,68401.0,2439.0,3455.23,0
587623,25472.0,840.0,5800.17,1
587633,15585.0,236.0,2423.26,2
587769,23059.0,9.0,9421.1,1
587800,0.0,1141.0,7320.07,0
587867,64642.0,230.0,11565.69,5
588015,30535.0,1209.0,20930.05,4
588095,91245.0,2134.0,8272.49,2
588220,27800.0,2045.0,2606.19,2
588237,60021.0,1861.0,3939.01,4
588292,25983.0,243.0,10721.61,4
588445,37703.0,1810.0,2719.43,2
588516,52220.0,958.0,5536.39,1
588657,45404.0,1425.0,5460.32,6
588789,59644.0,1010.0,3136.7,1
588864,29418.0,70.0,10926.69,3
588917,56343.0,1043.0,35203.57,1
588943,0.0,243.0,7281.44,1
588980,0.0,1485.0,4524.64,4
588993,49467.0,150.0,2577.51,0
589074,0.0,122.0,6414.08,4
589101,61844.0,2233.0,12622.83,1
589394,80985.0,2217.0,2707.21,1
589427,0.0,400.0,2724.43,1
589430,74034.0,243.0,2862.18,4
589466,0.0,1191.0,2305.06,2
589580,18375.0,1221.0,3954.34,2
589745,13542.0,2171.0,7188.29,6
589765,99189.0,2070.0,9406.38,1
589795,37722.0,1026.0,9075.77,5
589818,0.0,2303.0,9472.96,3
589840,0.0,1507.0,4903.13,0
590012,41479.0,245.0,3746.75,1
590025,0.0,377.0,6331.34,1
590098,0.0,1721.0,2252.42,2
590246,0.0,1795.0,3459.23,2
590280,0.0,1804.0,20552.62,1
590301,63147.0,2270.0,5126.04,2
590393,60884.0,87.0,6165.86,4
590485,0.0,2259.0,7547.76,4
590514,60221.0,2262.0,24320.64,4
590621,0.0,39.0,8255.06,5
590647,41951.0,2003.0,7243.87,2
590727,0.0,245.0,6791.22,2
590752,99934.0,1204.0,5727.33,5
590778,63401.0,525.0,27643.24,4
590936,48117.0,1886.0,7025.65,4
590981,0.0,573.0,2113.86,4
590989,54840.0,2155.0,8193.09,0
591174,0.0,420.0,5619.69,5
591234,36733.0,70.0,14019.98,1
591272,28919.0,2335.0,13350.12,5
591367,0.0,623.0,4774.75,1
591377,86584.0,919.0,12902.56,5
591414,34337.0,298.0,9035.67,1
591476,0.0,2327.0,6105.8,2
591547,39783.0,2362.0,2794.91,1
591576,0.0,2236.0,4531.68,4
591579,27166.0,135.0,5406.88,1
591608,66933.0,2185.0,5074.25,2
591641,52440.0,539.0,8556.58,0
591731,26599.0,1922.0,4064.18,1
591758,25820.0,1996.0,3265.16,3
591841,0.0,1480.0,2677.28,1
591854,37435.0,1822.0,4070.05,0
592003,39547.0,294.0,73225.96,3
592034,99845.0,325.0,8819.02,2
592064,0.0,427.0,5612.38,2
592088,0.0,1317.0,4101.94,4
592145,77235.0,1454.0,7035.76,4
592213,82887.0,243.0,2664.24,1
592218,59665.0,515.0,2409.76,1
592251,73359.0,2048.0,30154.68,2
592302,0.0,461.0,10377.37,4
592350,84495.0,681.0,2542.06,1
592431,75313.0,1725.0,10700.5,5
592485,40858.0,2302.0,7282.97,4
592515,58498.0,2306.0,2570.16,0
592532,63860.0,2332.0,2472.47,3
592966,41829.0,2183.0,8966.31,1
592992,0.0,2000.0,61850.19,1
593007,0.0,1844.0,4518.02,4
593039,84417.0,389.0,7803.5,1
593116,26790.0,1490.0,2810.46,4
593190,87957.0,2146.0,7334.33,4
593252,26849.0,1095.0,7295.43,4
593277,0.0,370.0,5143.87,0
593327,12459.0,603.0,2554.44,1
593340,26334.0,2149.0,5305.09,3
593386,76549.0,303.0,10507.5,0
593421,26056.0,970.0,14206.98,4
593506,50044.0,1986.0,5457.26,1
593651,21033.0,1484.0,9320.28,2
593684,24887.0,1354.0,7868.1,4
593710,0.0,1691.0,2607.82,3
593781,0.0,2317.0,2308.47,5
593868,60234.0,899.0,6106.47,4
593885,26811.0,32.0,5700.76,5
594028,0.0,2384.0,2414.07,1
594044,42677.0,206.0,7689.7,4
594200,0.0,23.0,15563.37,4
594468,0.0,433.0,18542.3,3
594598,31794.0,299.0,14137.23,1
594606,82477.0,245.0,3644.83,1
594626,33811.0,545.0,7221.15,4
594636,0.0,221.0,7457.47,1
594649,23941.0,2366.0,2429.6,4
594672,64541.0,1513.0,20600.24,1
594681,67616.0,1576.0,11599.5,1
594997,48696.0,822.0,5338.53,4
595024,36812.0,2325.0,7356.01,4
595027,26876.0,562.0,6005.21,4
595028,74284.0,1242.0,5994.26,2
595083,49564.0,1383.0,22620.75,4
595169,22814.0,2370.0,5749.88,2
595215,32808.0,1085.0,2688.86,5
595235,24672.0,1112.0,7297.69,2
595236,39618.0,235.0,2712.83,4
595320,0.0,2187.0,2462.86,2
595323,16618.0,1146.0,2272.34,1
595325,26877.0,1867.0,5149.3,2
595334,42259.0,179.0,6347.5,4
595529,98118.0,242.0,6375.08,4
595624,26313.0,62.0,6852.36,4
595658,29815.0,2110.0,10960.94,3
595681,65795.0,1350.0,4762.82,5
595747,49564.0,1032.0,8355.51,0
595775,22981.0,21.0,2393.12,3
595965,0.0,2139.0,4936.89,5
595978,22520.0,578.0,5498.94,1
595980,15616.0,1064.0,13269.6,1
596004,0.0,2168.0,4881.75,2
596033,13789.0,405.0,3041.79,5
596153,0.0,1771.0,4821.99,0
596171,0.0,193.0,8169.33,4
596173,33901.0,243.0,20003.14,4
596179,25927.0,1738.0,3933.81,3
596297,52130.0,413.0,7413.42,0
596327,0.0,1093.0,2434.09,4
596390,59537.0,628.0,5251.98,5
596462,0.0,288.0,7757.13,1
596544,0.0,304.0,2448.65,4
596586,77095.0,1967.0,5365.54,2
596674,74583.0,1805.0,9521.68,4
596787,36737.0,967.0,8132.7,0
596818,88854.0,1905.0,14042.1,1
596911,73716.0,1985.0,24636.97,2
597023,64816.0,1839.0,5525.47,2
597124,0.0,1226.0,5373.72,3
597156,73168.0,331.0,5639.94,2
597189,0.0,597.0,4025.1,2
597191,0.0,1097.0,2275.36,5
597197,88264.0,1143.0,2504.91,1
597209,11652.0,1712.0,3420.66,3
597228,34549.0,1016.0,4434.41,1
597237,0.0,1643.0,6940.97,2
597267,89284.0,2292.0,5170.36,1
597294,72389.0,331.0,2791.88,4
597300,52275.0,2465.0,4982.68,5
597313,28879.0,1904.0,12023.75,3
597522,0.0,242.0,3649.19,3
597532,0.0,1104.0,11095.97,1
597630,0.0,490.0,4715.29,4
597837,55037.0,2046.0,6446.71,3
597897,0.0,208.0,4759.66,2
597981,22849.0,782.0,8789.88,1
598016,78596.0,960.0,4742.62,2
598059,92717.0,1005.0,8459.05,2
598258,77693.0,624.0,5256.92,2
598360,51643.0,2347.0,11009.13,0
598364,50052.0,718.0,5079.67,1
598369,23496.0,1988.0,5847.42,1
598398,39658.0,778.0,5281.83,2
598705,32046.0,1535.0,10094.13,1
598706,68131.0,1543.0,5244.4,1
598711,17101.0,384.0,12298.69,3
598760,44207.0,2079.0,31758.35,0
598799,35596.0,1446.0,5066.63,2
599078,0.0,404.0,2710.15,7
599145,81538.0,1176.0,2665.74,0
599184,57517.0,602.0,7442.57,0
599341,31409.0,1134.0,3891.54,4
599369,74916.0,2050.0,14083.97,3
599372,0.0,1963.0,2537.74,1
599394,59207.0,225.0,13770.98,5
599442,0.0,677.0,2500.24,2
599483,11652.0,1780.0,3420.66,4
599491,75090.0,1037.0,4993.03,1
599560,65636.0,536.0,8013.9,2
599746,0.0,2244.0,3167.66,1
599778,36900.0,277.0,17646.73,4
599873,60752.0,220.0,5356.14,6
599925,83926.0,394.0,7334.52,0
600013,48938.0,366.0,4756.91,4
600021,26023.0,243.0,8457.46,2
600063,58842.0,2063.0,4362.93,2
600220,0.0,2423.0,8107.27,1
600302,14030.0,677.0,2719.51,2
600309,85367.0,269.0,3433.82,1
600432,59821.0,726.0,23144.13,4
600482,75490.0,1511.0,7865.18,4
600541,84306.0,132.0,27440.61,1
600563,21102.0,1126.0,11714.78,2
600598,0.0,1095.0,4711.85,3
600651,40901.0,2403.0,2956.36,1
600664,38961.0,2403.0,2438.53,0
600712,11432.0,603.0,13466.92,2
600746,22705.0,1740.0,19160.99,5
600756,0.0,2384.0,4102.2,4
600785,28519.0,885.0,2432.96,3
600792,66378.0,448.0,2785.42,2
600820,24368.0,2380.0,4992.92,4
600884,0.0,1832.0,8007.4,4
600914,18768.0,2117.0,4276.92,1
600923,34335.0,1320.0,8023.08,4
601027,64571.0,1570.0,7122.27,2
601068,0.0,450.0,8430.06,1
601105,31283.0,2295.0,12487.58,0
601131,19724.0,1053.0,5584.96,7
601143,13037.0,2310.0,4726.87,3
601167,0.0,1255.0,4446.74,1
601332,61726.0,614.0,7540.91,4
601341,0.0,1487.0,20774.02,0
601407,55897.0,1204.0,4165.17,1
601448,25632.0,683.0,4929.55,0
601583,15680.0,565.0,4718.56,5
601586,86148.0,2374.0,5129.74,5
601597,50470.0,1601.0,5552.6,4
601625,22907.0,286.0,6928.6,2
601626,0.0,857.0,8500.12,3
601681,0.0,1203.0,2396.22,3
601775,0.0,997.0,2703.27,0
601834,72874.0,1004.0,5630.79,1
601940,34612.0,1258.0,10834.87,1
601997,80540.0,75.0,22758.91,4
602014,27982.0,2269.0,3237.5,2
602043,39049.0,44.0,14932.1,4
602068,14170.0,530.0,4223.27,1
602086,35666.0,879.0,5142.39,1
602150,79494.0,955.0,7288.88,1
602176,60475.0,636.0,4330.39,4
602213,50407.0,1371.0,18380.39,1
602222,23650.0,557.0,4549.34,1
602275,67060.0,244.0,13623.62,1
602346,32627.0,1849.0,6066.12,1
602361,23241.0,1824.0,5533.23,4
602384,34200.0,243.0,2750.54,4
602574,49673.0,698.0,18611.45,2
602585,28613.0,2295.0,29232.69,4
602587,49304.0,1421.0,2570.24,1
602649,20178.0,1404.0,4877.95,0
602685,39335.0,1186.0,23950.37,1
602694,12902.0,134.0,4904.89,4
602783,58300.0,1131.0,3758.95,3
602900,58206.0,1751.0,5122.72,4
602931,70521.0,1344.0,22762.21,4
603005,50985.0,272.0,2776.58,1
603009,0.0,316.0,3871.78,4
603050,0.0,243.0,5568.95,1
603070,82611.0,293.0,2893.74,2
603077,17705.0,1802.0,12206.89,1
603079,28334.0,2411.0,6232.69,5
603082,91603.0,240.0,5024.03,4
603248,0.0,242.0,4157.7,2
603371,25965.0,505.0,9830.34,1
603407,23277.0,1148.0,2993.12,1
603433,0.0,80.0,5380.09,2
603446,93485.0,2224.0,8663.55,4
603531,47824.0,2420.0,4873.35,0
603539,92456.0,1435.0,7668.81,2
603545,26746.0,523.0,2545.22,2
603587,37530.0,1499.0,4646.39,2
603653,40082.0,266.0,8031.71,4
603658,72421.0,1222.0,2592.44,4
603674,0.0,2276.0,4953.36,2
603739,39815.0,990.0,7492.06,1
603744,0.0,1790.0,13786.7,2
603775,0.0,1739.0,4443.63,4
603968,0.0,560.0,3652.67,2
604019,0.0,1201.0,3301.52,1
604039,50406.0,1277.0,5519.08,2
604076,0.0,244.0,2525.42,1
604077,93308.0,133.0,3713.8,0
604116,90156.0,276.0,4554.91,2
604274,0.0,1412.0,6062.44,1
604328,31535.0,1.0,2713.37,1
604332,60233.0,864.0,23208.39,2
604436,24910.0,70.0,2248.45,6
604461,48115.0,2035.0,15362.35,1
604470,0.0,1202.0,3548.4,2
604510,58645.0,294.0,22118.81,0
604526,96765.0,1544.0,2938.81,4
604630,40870.0,245.0,12731.95,4
604645,0.0,458.0,8034.52,1
604681,0.0,2102.0,2711.9,4
604724,22436.0,2165.0,6988.4,5
604772,80927.0,1279.0,2438.69,4
604783,96306.0,408.0,7519.13,5
604792,24067.0,621.0,9986.66,4
604822,85023.0,49.0,3409.68,3
604825,25632.0,2.0,4929.55,1
604839,48608.0,243.0,2595.85,4
604870,12160.0,2209.0,4213.92,1
604943,63568.0,1982.0,7776.84,1
605127,20978.0,1242.0,3508.57,4
605134,0.0,1719.0,20090.44,1
605184,23638.0,718.0,20101.65,4
605269,28657.0,2032.0,11431.73,5
605320,24182.0,1919.0,2398.74,1
605322,0.0,1988.0,2601.35,4
605341,0.0,2054.0,7634.86,0
605343,88663.0,694.0,6382.05,2
605421,0.0,224.0,2594.81,4
605500,0.0,1069.0,23903.68,4
605505,0.0,1016.0,4787.47,0
605723,0.0,1816.0,30205.01,0
605761,79271.0,2003.0,2414.64,0
605768,37282.0,18.0,25169.19,4
605787,19614.0,1276.0,16301.97,1
605790,15752.0,1639.0,10110.78,5
605803,0.0,1280.0,11003.54,1
605849,26849.0,707.0,7295.43,3
605874,67881.0,410.0,6383.48,4
605877,0.0,741.0,4455.84,1
605907,60934.0,1150.0,3286.17,2
605926,34322.0,1837.0,2691.7,2
606004,60970.0,209.0,26338.59,0
606026,31842.0,1255.0,4110.62,2
606060,25147.0,1772.0,3600.93,1
606074,25407.0,241.0,3636.56,4
606076,61846.0,40.0,4465.34,5
606117,47197.0,64.0,9805.83,5
606214,34665.0,2025.0,12723.15,1
606344,54539.0,244.0,7635.55,1
606371,23206.0,1705.0,4082.7,4
606396,0.0,244.0,8255.06,1
606455,76594.0,1750.0,4899.98,0
606563,48866.0,1843.0,8237.25,3
606600,96018.0,1921.0,9774.61,1
606712,56005.0,1261.0,5479.56,4
606811,90778.0,2418.0,6131.66,1
606846,69906.0,686.0,23444.9,1
606852,50071.0,2091.0,2771.05,2
606875,0.0,1604.0,7371.59,2
606877,0.0,1042.0,3261.02,2
606962,24584.0,483.0,9688.13,1
606989,26057.0,2111.0,8509.85,3
607115,44369.0,1924.0,2936.99,4
607117,56980.0,2224.0,6689.02,3
607123,0.0,236.0,13092.59,1
607266,40964.0,2.0,5824.82,2
607275,13512.0,2064.0,3185.17,1
607292,0.0,1853.0,6264.63,0
607347,23474.0,521.0,3964.15,3
607405,55911.0,1914.0,2994.35,4
607453,28559.0,1909.0,5316.76,4
607480,0.0,759.0,2781.59,2
607489,34927.0,672.0,2787.54,2
607538,59414.0,395.0,7288.3,1
607548,0.0,1654.0,5409.96,2
607555,26057.0,2292.0,8509.85,1
607565,46587.0,2089.0,41787.9,0
607588,37050.0,281.0,12885.79,1
607662,0.0,1084.0,3539.97,2
607696,0.0,2101.0,5002.09,4
607752,56334.0,678.0,5169.56,4
607769,0.0,258.0,5678.05,1
607847,84551.0,416.0,5790.57,4
607856,24152.0,2440.0,2661.73,4
607885,25703.0,1661.0,2435.62,1
607993,52796.0,1425.0,4911.46,4
607997,88340.0,623.0,12280.77,3
608070,0.0,1214.0,2589.7,2
608087,22821.0,2090.0,10232.85,2
608116,0.0,764.0,6048.57,5
608159,33291.0,671.0,8723.67,0
608241,89158.0,882.0,5350.0,3
608326,0.0,374.0,4490.55,3
608370,0.0,2143.0,3839.75,1
608384,0.0,2408.0,2159.25,2
608419,26540.0,1689.0,2648.47,4
608493,0.0,2083.0,3095.71,1
608504,75651.0,2359.0,9766.22,2
608508,0.0,1866.0,4526.53,3
608517,0.0,1515.0,7200.66,1
608601,72859.0,1911.0,4901.89,4
608605,26312.0,2279.0,13024.22,3
608739,0.0,1000.0,4920.77,4
608758,43578.0,1994.0,3890.96,4
608850,73268.0,1394.0,3387.2,5
608974,24910.0,2270.0,2248.45,5
609009,60934.0,795.0,3286.17,4
609072,15587.0,613.0,2619.17,4
609174,24581.0,1145.0,11923.75,4
609184,20472.0,1989.0,5408.89,4
609296,62192.0,1442.0,7684.89,2
609532,47406.0,2133.0,7421.59,1
609650,74713.0,410.0,2809.77,0
609664,94125.0,125.0,13160.34,2
609667,0.0,638.0,2436.84,2
609730,18834.0,881.0,2656.85,0
609778,36068.0,1045.0,26843.12,1
609878,46922.0,567.0,5092.79,1
609971,90751.0,851.0,6627.17,2
610096,69161.0,804.0,7809.52,4
610393,79487.0,1761.0,4626.8,3
610432,20455.0,653.0,9414.12,1
610465,68343.0,738.0,27990.27,2
610482,20976.0,2450.0,5012.18,1
610573,50909.0,1928.0,4465.6,2
610585,96263.0,1575.0,4160.02,1
610631,72885.0,361.0,9667.13,2
610684,0.0,2214.0,3148.42,1
610860,72672.0,464.0,5035.74,1
610916,76608.0,194.0,2485.11,3
610946,34220.0,754.0,4244.47,0
611029,34226.0,398.0,29091.24,5
611046,0.0,243.0,3445.86,4
611051,0.0,1013.0,4470.18,1
611084,31226.0,636.0,14748.92,4
611086,76357.0,648.0,4595.46,2
611247,93854.0,2326.0,7081.69,4
611356,48056.0,2419.0,3129.11,3
611366,45586.0,523.0,5656.2,3
611415,0.0,2084.0,4818.64,3
611436,75988.0,1745.0,7930.6,1
611464,0.0,1465.0,7329.83,2
611481,83102.0,608.0,4678.42,1
611538,66943.0,1163.0,5178.7,1
611582,55217.0,1710.0,8476.81,4
611618,0.0,1553.0,2242.23,4
611667,49530.0,281.0,7524.88,2
611673,0.0,1449.0,6559.35,2
611689,24882.0,1409.0,5712.38,4
611765,79628.0,336.0,3867.97,4
611817,0.0,1040.0,13197.93,1
611873,0.0,1157.0,7735.47,4
611990,93558.0,2434.0,2733.43,2
612013,31196.0,245.0,4455.52,4
612019,40864.0,210.0,4282.95,2
612060,0.0,1628.0,3802.99,1
612074,0.0,571.0,5325.72,2
612122,0.0,2177.0,7955.44,1
612140,21988.0,1786.0,41075.43,2
612144,0.0,2088.0,64618.76,0
612162,34337.0,575.0,9035.67,4
612186,0.0,2382.0,15950.02,4
612233,36088.0,1390.0,5528.21,2
612269,35973.0,1648.0,19259.84,1
612294,43540.0,544.0,2756.47,4
612311,33746.0,577.0,12504.49,0
612339,11689.0,684.0,4163.79,2
612370,0.0,255.0,2774.8,3
612488,27681.0,1101.0,6057.07,4
612510,72672.0,688.0,5035.74,5
612555,76157.0,1163.0,4669.23,4
612595,77485.0,68.0,3109.01,4
612650,0.0,1309.0,5375.66,1
612664,27681.0,884.0,6057.07,4
612703,0.0,1085.0,8175.32,4
612719,26100.0,2349.0,2482.41,2
612742,31320.0,824.0,5785.22,5
612795,0.0,1696.0,2152.08,6
612834,65473.0,1493.0,8007.35,1
612905,0.0,1401.0,3920.51,1
612955,42247.0,1396.0,2879.51,4
612963,32893.0,60.0,2507.41,1
612995,58187.0,1331.0,11389.94,4
613076,0.0,1730.0,2448.65,2
613185,62082.0,1214.0,8639.09,0
613195,40506.0,679.0,2769.25,4
613234,19065.0,2326.0,4582.69,2
613265,54495.0,1100.0,4895.81,1
613303,69446.0,2165.0,2570.19,1
613546,0.0,730.0,3567.5,4
613709,0.0,25.0,5770.68,1
613747,95697.0,870.0,2471.53,4
613804,0.0,915.0,4620.39,1
613860,0.0,251.0,16045.11,1
613908,0.0,2291.0,4644.9,2
613925,83527.0,245.0,5182.94,4
614000,22354.0,883.0,13989.85,2
614063,0.0,1034.0,8485.39,4
614100,33201.0,2128.0,2651.62,2
614106,77993.0,1929.0,2481.84,2
614122,30216.0,1132.0,2452.06,1
614164,47221.0,2147.0,4012.32,1
614219,0.0,698.0,2442.22,2
614221,20396.0,347.0,6047.03,5
614246,0.0,2420.0,4015.21,5
614307,57938.0,583.0,8072.25,3
614350,59601.0,1179.0,5368.89,2
614373,92296.0,2184.0,2759.98,2
614377,0.0,207.0,2467.46,2
614379,0.0,1788.0,2222.87,0
614428,60804.0,3.0,3679.14,1
614441,28919.0,1940.0,2846.25,1
614574,32646.0,372.0,4686.81,0
614634,49682.0,678.0,7757.92,1
614720,24976.0,13.0,5493.02,1
614721,71391.0,293.0,8044.87,3
614782,31972.0,438.0,5580.92,4
614787,39469.0,831.0,5641.36,2
614810,59974.0,1087.0,2578.84,3
614830,0.0,2259.0,7416.2,1
614871,61486.0,67.0,5627.3,0
615022,20852.0,2020.0,2927.52,0
615054,61080.0,1799.0,5049.69,1
615131,68343.0,2175.0,27990.27,4
615201,0.0,2071.0,2713.56,1
615214,81568.0,2071.0,7583.56,2
615244,28363.0,579.0,10455.49,2
615251,0.0,1361.0,4927.71,4
615327,71024.0,451.0,13046.65,1
615385,85210.0,244.0,2916.42,2
615394,23228.0,52.0,4831.42,1
615411,0.0,1387.0,16938.3,1
615439,14957.0,2148.0,4763.33,0
615528,21006.0,2388.0,5445.82,1
615529,0.0,694.0,9155.24,5
615561,0.0,1030.0,8036.45,1
615578,0.0,2360.0,6866.09,4
615617,88495.0,1899.0,4369.72,1
615662,0.0,1236.0,4703.72,1
615673,26802.0,1227.0,4636.55,2
615678,49648.0,476.0,2755.75,1
615826,0.0,1153.0,21423.64,3
615854,75644.0,1203.0,4974.8,2
615945,79189.0,222.0,5595.84,5
615989,27289.0,666.0,6167.85,3
616083,34990.0,2004.0,2574.02,4
616137,30761.0,243.0,10796.45,2
616162,49009.0,729.0,8247.95,1
616183,36060.0,244.0,6599.08,4
616207,0.0,143.0,4151.55,4
616220,14232.0,1021.0,4914.73,3
616226,35456.0,1826.0,8545.61,3
616342,44428.0,1695.0,12036.62,1
616350,56342.0,493.0,2674.73,4
616374,50461.0,244.0,15626.28,3
616416,48015.0,2047.0,4387.31,2
616447,23599.0,235.0,3971.35,1
616500,24067.0,1849.0,9986.66,2
616522,39854.0,15.0,5217.51,3
616611,70950.0,563.0,6898.46,5
616641,67798.0,115.0,5548.03,1
616650,72421.0,1514.0,2592.44,4
616667,27972.0,1741.0,6966.32,2
616722,78618.0,2332.0,2619.34,5
616739,69263.0,1126.0,3275.16,1
616746,37433.0,393.0,10820.0,1
616835,37675.0,302.0,5704.68,2
616857,0.0,681.0,2791.91,1
616875,44788.0,2225.0,7285.03,2
616920,23235.0,1602.0,7882.99,3
616956,22076.0,191.0,3106.48,4
617008,73742.0,2351.0,5278.18,4
617079,62815.0,877.0,3196.58,2
617099,95733.0,1817.0,5793.16,2
617108,0.0,244.0,4476.81,4
617171,0.0,1743.0,4803.94,1
617263,0.0,2447.0,8167.99,4
617296,59130.0,1870.0,33279.77,0
617326,29808.0,2305.0,8047.41,4
617348,73054.0,1449.0,12741.85,2
617447,87128.0,1765.0,7780.49,1
617471,72766.0,1699.0,2600.0,0
617484,15142.0,1086.0,8903.97,0
617489,13663.0,232.0,25464.82,4
617516,49714.0,508.0,4970.36,5
617670,0.0,2083.0,5380.32,2
617916,44230.0,871.0,4510.19,2
617960,31278.0,1492.0,3528.04,1
618022,30027.0,1448.0,2560.69,2
618089,57883.0,413.0,5580.82,1
618100,0.0,1828.0,5310.86,0
618112,0.0,1365.0,10244.24,2
618124,98473.0,1340.0,2929.92,5
618226,22886.0,180.0,5096.67,1
618300,68074.0,1833.0,2582.19,1
618302,0.0,2332.0,8500.12,0
618309,64014.0,955.0,5010.38,4
618329,56270.0,2052.0,6685.07,4
618379,0.0,2413.0,5528.08,7
618390,67197.0,1833.0,13111.11,2
618409,70737.0,1052.0,9123.91,1
618461,0.0,1298.0,8717.56,5
618494,0.0,480.0,2555.05,1
618523,13207.0,1394.0,9939.26,1
618524,24964.0,1864.0,58753.88,1
618601,0.0,709.0,7919.83,1
618656,12495.0,625.0,2413.93,1
618719,25506.0,1889.0,2537.93,2
618731,74015.0,991.0,5555.83,1
618817,81410.0,1198.0,9567.71,1
618823,43860.0,1079.0,2514.59,5
618824,18129.0,1176.0,2624.9,3
618830,69276.0,1694.0,5797.6,1
618871,0.0,243.0,7324.29,4
618877,0.0,132.0,14455.86,1
618886,64255.0,2017.0,5543.8,4
619141,51523.0,244.0,5007.67,4
619268,80681.0,1633.0,3008.1,4
619337,84429.0,148.0,9802.55,4
619404,0.0,990.0,9657.58,2
619483,0.0,1433.0,12992.28,2
619537,69841.0,1847.0,15417.68,1
619548,64801.0,653.0,7582.11,0
619596,49419.0,243.0,6207.17,2
619693,70882.0,1627.0,8237.38,4
619826,44428.0,1891.0,12036.62,4
619840,87473.0,1969.0,7584.36,3
619916,0.0,862.0,7432.2,4
619920,13199.0,1892.0,3605.97,4
620078,62873.0,297.0,3230.58,3
620084,41045.0,584.0,7396.72,1
620094,18665.0,956.0,7251.33,3
620122,28513.0,2236.0,15114.4,1
620406,0.0,2355.0,3095.71,2
620446,54230.0,2040.0,8997.04,5
620465,0.0,2355.0,4764.19,1
620480,0.0,800.0,8401.79,2
620563,20228.0,1179.0,10408.97,2
620584,0.0,2023.0,5886.62,4
620587,37929.0,8.0,4682.25,2
620674,59630.0,83.0,7329.78,0
620741,24711.0,492.0,4810.98,4
620792,23401.0,122.0,5200.23,2
620858,26118.0,1445.0,7974.95,1
620969,22705.0,211.0,19160.99,4
620990,0.0,219.0,3398.01,1
621006,30622.0,1120.0,8111.65,4
621072,58345.0,325.0,7772.47,4
621093,80129.0,962.0,2630.21,4
621180,0.0,1482.0,2254.4,4
621190,20305.0,1077.0,8259.11,1
621218,44712.0,1209.0,6085.3,1
621279,0.0,938.0,5050.83,1
621583,21629.0,2224.0,2402.82,2
621695,65794.0,1225.0,2758.5,1
621731,70263.0,2096.0,7462.93,4
621750,75963.0,1613.0,5515.25,7
621814,75648.0,1472.0,4349.31,4
621823,31356.0,360.0,16510.97,4
621832,60920.0,1759.0,7507.46,5
621876,40675.0,2222.0,6289.8,3
621940,19096.0,478.0,4883.55,2
621951,43916.0,852.0,7911.63,1
622006,21861.0,1406.0,2633.01,5
622019,0.0,1216.0,29297.33,0
622036,57031.0,112.0,4078.29,4
622171,31562.0,210.0,4956.62,4
622269,21342.0,221.0,4949.8,5
622302,39910.0,191.0,8935.03,4
622324,0.0,2257.0,9238.31,1
622334,0.0,896.0,7555.83,0
622527,24195.0,931.0,10793.76,1
622610,0.0,2159.0,6863.71,3
622632,85470.0,58.0,8661.74,4
622697,0.0,526.0,4058.67,4
622776,17109.0,469.0,9259.73,1
622794,48885.0,63.0,15284.33,2
622801,40870.0,243.0,12731.95,1
622822,66371.0,423.0,10010.14,1
622883,44342.0,2290.0,20925.9,4
622906,0.0,2059.0,2693.61,3
622953,27357.0,250.0,4688.46,4
622975,39192.0,2179.0,2846.17,6
622992,43072.0,55.0,2523.07,5
623008,0.0,220.0,2217.66,4
623071,0.0,444.0,13799.05,1
623144,63633.0,1891.0,5391.78,3
623154,58206.0,244.0,5122.72,2
623222,72608.0,1320.0,6521.37,0
623327,72258.0,564.0,8414.94,1
623341,59961.0,245.0,2640.59,1
623478,70492.0,2397.0,5638.05,1
623537,64749.0,1159.0,7619.52,5
623569,0.0,2273.0,3623.45,5
623654,41185.0,313.0,3673.99,2
623688,18375.0,968.0,3954.34,1
623861,0.0,1103.0,3491.74,2
623903,84574.0,861.0,8456.72,2
623946,94310.0,138.0,2786.66,2
624065,56410.0,936.0,9403.88,1
624216,0.0,671.0,2310.88,1
624407,68086.0,1503.0,15470.6,4
624463,29735.0,1408.0,2453.57,1
624485,82210.0,477.0,2687.31,1
624487,44428.0,2004.0,12036.62,1
624528,17453.0,478.0,8693.63,1
624569,32116.0,242.0,5320.61,4
624621,92593.0,2430.0,2692.06,5
624704,21604.0,236.0,3096.51,5
624881,78804.0,574.0,25763.41,1
624929,50200.0,2277.0,5295.74,5
624935,57394.0,1147.0,8458.53,2
624980,34498.0,1126.0,6369.26,2
625033,66661.0,2056.0,42561.63,6
625123,28142.0,1937.0,3873.65,6
625183,32967.0,1388.0,8161.94,7
625318,53093.0,122.0,4077.5,1
625320,0.0,297.0,9220.01,1
625434,88454.0,1360.0,4050.51,2
625451,89129.0,1373.0,2529.08,5
625458,0.0,1232.0,8827.23,2
625497,27839.0,2370.0,2363.3,4
625524,45506.0,1920.0,7713.49,1
625557,47589.0,2021.0,8605.5,4
625599,28137.0,30.0,2585.21,4
625621,53078.0,1445.0,6225.02,1
625784,53390.0,920.0,5133.41,2
625859,0.0,2171.0,2570.76,2
625870,40864.0,1975.0,4282.95,1
625945,85956.0,952.0,5846.11,3
626030,0.0,665.0,17497.52,1
626046,0.0,157.0,10244.24,1
626068,77094.0,164.0,13976.52,5
626070,26004.0,10.0,2805.1,4
626149,44634.0,2114.0,5651.4,1
626211,66081.0,1779.0,2504.87,3
626217,38702.0,2385.0,8024.99,1
626312,73205.0,261.0,3712.43,5
626326,82534.0,2164.0,4692.05,4
626474,24164.0,2238.0,10972.07,2
626510,47272.0,243.0,9422.57,1
626542,58557.0,712.0,3554.85,5
626560,38898.0,286.0,9100.79,2
626664,0.0,1318.0,5678.05,1
626746,25949.0,551.0,8099.84,2
626762,82763.0,425.0,4794.96,4
626767,0.0,422.0,4420.25,2
626973,0.0,1233.0,6803.62,5
627107,0.0,245.0,5220.28,1
627191,16511.0,244.0,10053.55,2
627244,34137.0,245.0,7440.92,2
627354,91354.0,1363.0,16484.02,2
627373,22283.0,117.0,2397.04,4
627428,11489.0,968.0,8110.33,5
627485,0.0,2142.0,3740.4,6
627489,0.0,1948.0,4715.29,0
627502,33305.0,209.0,4908.21,2
627568,64195.0,1592.0,11971.98,4
627670,32627.0,728.0,6066.12,5
627778,0.0,624.0,6788.08,2
627791,0.0,1963.0,5107.62,2
627826,21881.0,2047.0,5420.34,4
627869,0.0,1125.0,2753.78,2
627893,90156.0,1356.0,4554.91,4
627913,33681.0,242.0,5322.29,0
627915,55390.0,1513.0,16874.33,5
627970,60087.0,759.0,5821.79,3
628017,20132.0,2077.0,8763.45,4
628081,20532.0,2041.0,7858.05,0
628096,79189.0,2429.0,5595.84,1
628130,88545.0,1367.0,2714.65,2
628169,29899.0,1368.0,5278.65,0
628180,40774.0,1375.0,4369.7,4
628211,82477.0,909.0,3644.83,4
628258,28884.0,880.0,5288.24,1
628320,25820.0,2349.0,3265.16,7
628409,58729.0,1973.0,2642.93,3
628431,0.0,743.0,8236.92,1
628452,31532.0,127.0,3038.11,2
628475,0.0,1153.0,12515.18,3
628533,98192.0,853.0,10003.25,2
628578,43244.0,1912.0,12231.88,1
628596,79065.0,1149.0,2760.48,4
628618,16181.0,1277.0,13736.13,2
628669,0.0,2442.0,3482.04,3
628837,24314.0,110.0,9283.74,1
628840,0.0,188.0,24096.24,2
628844,0.0,883.0,2288.76,3
628860,26432.0,2264.0,9585.5,4
628917,65876.0,969.0,2468.44,4
628924,0.0,1036.0,6715.34,0
628952,33555.0,1247.0,2509.11,5
629177,39062.0,2061.0,2396.19,2
629267,66367.0,51.0,5032.17,1
629299,0.0,2168.0,2444.74,2
629341,58357.0,492.0,5350.37,0
629394,25251.0,462.0,11790.5,4
629410,72302.0,2110.0,2616.61,0
629642,70446.0,1732.0,5275.63,2
629706,33462.0,1266.0,2874.09,0
629753,65709.0,1603.0,5771.61,3
629966,75556.0,97.0,3329.89,4
629995,60689.0,97.0,5799.83,1
630034,0.0,489.0,11702.35,2
630071,0.0,1277.0,2392.13,1
630209,0.0,525.0,4031.1,1
630265,93011.0,1137.0,22643.83,1
630290,0.0,216.0,5802.84,5
630320,76694.0,1174.0,4700.58,1
630338,20832.0,1174.0,22855.61,1
630396,16513.0,2317.0,5223.43,1
630588,0.0,1065.0,2199.74,2
630694,46900.0,244.0,2580.85,0
630711,62575.0,1700.0,12590.94,3
630869,0.0,888.0,4715.32,1
630880,71794.0,1201.0,5235.57,1
630920,65706.0,321.0,7380.98,1
631051,0.0,1420.0,7276.34,2
631070,61807.0,321.0,2784.97,4
631100,22828.0,37.0,16473.17,2
631200,98451.0,913.0,4964.67,2
631232,46143.0,12.0,4794.93,1
631369,37256.0,1265.0,9816.53,4
631379,61200.0,979.0,9156.27,2
631406,51906.0,564.0,2890.34,2
631442,83632.0,52.0,3728.87,3
631543,69161.0,1552.0,15487.44,4
631557,61990.0,1517.0,5746.15,2
631583,35149.0,2297.0,2552.23,1
631661,31530.0,888.0,5460.37,3
631683,0.0,2335.0,4917.89,1
631704,0.0,1656.0,3167.66,5
631714,18495.0,2366.0,26197.41,2
631801,51950.0,244.0,3574.99,2
631821,23401.0,1611.0,5200.23,1
631839,71034.0,1890.0,8283.07,1
631853,42303.0,2324.0,7180.97,5
631854,78046.0,1652.0,14230.32,2
631869,0.0,1612.0,3297.9,1
632097,41503.0,765.0,11610.25,2
632103,52782.0,2029.0,3259.89,6
632130,37138.0,2316.0,3347.03,1
632199,36032.0,975.0,19690.44,4
632352,33157.0,540.0,9988.79,2
632398,59789.0,1957.0,7143.04,1
632399,51408.0,618.0,7434.25,4
632435,25965.0,458.0,2491.26,4
632515,73478.0,302.0,2773.46,2
632556,22547.0,1198.0,8672.19,5
632638,0.0,1634.0,3619.06,1
632720,58493.0,2433.0,5340.54,2
632793,20079.0,923.0,4097.37,4
632816,85185.0,290.0,8709.85,4
632826,0.0,658.0,2898.73,1
632951,0.0,173.0,44771.3,5
632974,86642.0,139.0,7035.97,0
632981,55800.0,629.0,15759.62,3
633067,26161.0,243.0,4064.67,1
633135,0.0,1621.0,4473.88,2
633140,62803.0,1476.0,4957.03,2
633162,50876.0,135.0,2439.93,2
633202,79681.0,1772.0,2872.67,2
633299,63786.0,872.0,7778.53,1
633330,0.0,775.0,9599.95,1
633332,26787.0,205.0,6121.11,1
633339,0.0,18.0,7754.67,4
633458,0.0,1342.0,4990.34,4
633490,29462.0,243.0,4170.69,1
633627,66457.0,1589.0,3774.86,1
633631,43282.0,2188.0,5808.93,4
633640,17449.0,1871.0,15550.19,4
633734,29730.0,243.0,5728.58,0
633749,44552.0,2176.0,10990.59,1
633787,36328.0,667.0,12282.84,2
633861,24967.0,2170.0,2730.97,3
633910,0.0,235.0,9902.39,4
633938,28432.0,1714.0,13869.93,0
633992,24550.0,1662.0,8798.31,2
633999,70828.0,369.0,5028.58,0
634181,14973.0,1251.0,12168.74,2
634185,40968.0,485.0,3719.25,2
634269,0.0,1014.0,7324.29,3
634328,83013.0,236.0,12584.01,3
634386,0.0,740.0,2558.18,1
634392,40658.0,564.0,2448.77,4
634418,0.0,655.0,8401.79,1
634423,28215.0,823.0,4650.06,3
634503,0.0,2380.0,20186.35,2
634615,0.0,305.0,14274.55,2
634727,0.0,582.0,2195.91,4
634807,0.0,2326.0,4706.68,5
634850,87313.0,1120.0,2690.07,1
634900,41418.0,1674.0,17367.53,4
634916,0.0,587.0,4504.16,0
635026,43184.0,245.0,12052.89,1
635084,51584.0,1760.0,8068.62,1
635162,74015.0,2444.0,5555.83,2
635225,63774.0,1375.0,4376.36,2
635249,0.0,1728.0,4665.13,2
635302,22319.0,313.0,2423.76,0
635334,74560.0,498.0,35440.14,1
635398,80550.0,243.0,5392.5,2
635509,31506.0,390.0,8083.92,4
635517,28523.0,240.0,2914.09,4
635531,31972.0,2096.0,5580.92,2
635616,30857.0,1963.0,6451.26,1
635715,33409.0,2006.0,8370.57,2
635719,0.0,2176.0,2489.66,4
635805,63624.0,242.0,7712.44,1
635907,38008.0,232.0,7553.94,2
636000,42460.0,914.0,3671.82,4
636012,72608.0,2293.0,6521.37,4
636017,68787.0,341.0,2674.08,4
636045,25358.0,2156.0,14616.37,4
636177,15850.0,2394.0,6945.02,2
636206,0.0,69.0,5340.81,0
636213,0.0,2150.0,24238.66,3
636293,31986.0,2403.0,8692.28,0
636413,80864.0,978.0,7322.93,1
636505,27228.0,1280.0,4865.37,4
636533,13789.0,123.0,3041.79,1
636673,12180.0,1382.0,8428.47,3
636745,78879.0,457.0,5509.9,5
636749,0.0,1537.0,24672.66,4
636753,92107.0,648.0,7013.44,3
636813,32214.0,1382.0,11793.13,1
636965,0.0,537.0,4630.36,0
637100,17870.0,812.0,2392.11,5
637151,61200.0,1222.0,9156.27,1
637235,47481.0,245.0,4605.87,7
637249,0.0,1958.0,2586.81,1
637396,52951.0,2223.0,6570.97,0
637453,0.0,544.0,4983.11,0
637532,24432.0,1571.0,6680.15,3
637580,94137.0,2161.0,10571.54,4
637641,0.0,2024.0,5158.65,2
637655,35637.0,2260.0,5377.01,1
637687,27179.0,942.0,5290.13,2
637721,0.0,605.0,2004.35,4
637760,25905.0,1323.0,2300.69,1
637765,62506.0,1084.0,2787.5,6
637927,0.0,94.0,7292.91,4
637986,39278.0,2078.0,2620.9,0
638004,76081.0,471.0,8029.72,4
638085,74212.0,8.0,2908.02,1
638152,0.0,2267.0,5116.24,5
638162,90985.0,2302.0,3490.03,1
638207,0.0,1622.0,8107.27,2
638237,96306.0,551.0,7519.13,1
638253,24910.0,1139.0,2248.45,4
638264,59597.0,222.0,8267.85,0
638368,23904.0,1879.0,4334.06,4
638389,43383.0,1562.0,8649.18,1
638466,62902.0,2436.0,8256.3,2
638469,26608.0,279.0,5866.42,1
638495,33651.0,2173.0,24249.34,2
638506,63297.0,925.0,3280.46,2
638528,50335.0,896.0,5619.07,1
638602,58577.0,1119.0,4428.03,1
638618,61064.0,1592.0,4553.81,1
638685,93383.0,2249.0,2480.05,1
638732,35979.0,1480.0,4422.62,1
638733,0.0,2189.0,15814.75,2
638740,79797.0,137.0,3308.0,5
638754,41336.0,40.0,5350.21,2
638804,21907.0,1555.0,4916.58,2
639117,63221.0,703.0,6692.14,1
639145,0.0,2458.0,5325.72,5
639258,0.0,516.0,3293.25,4
639346,0.0,20.0,2482.92,4
639383,20597.0,82.0,4381.18,1
639419,84811.0,770.0,35062.65,1
639466,90893.0,152.0,2837.11,4
639510,0.0,2214.0,4518.02,0
639584,22946.0,288.0,5980.85,4
639613,96018.0,652.0,9774.61,2
639626,69468.0,183.0,5453.71,3
639701,10621.0,2440.0,4386.28,1
639705,24518.0,1227.0,5618.49,1
639807,48791.0,859.0,2451.54,3
640009,26378.0,524.0,21941.86,1
640082,36267.0,1532.0,5511.03,7
640110,26841.0,1961.0,2852.53,4
640116,23706.0,1201.0,7806.14,4
640163,75741.0,118.0,8823.85,4
640238,67575.0,1854.0,11014.16,1
640244,33169.0,1563.0,5126.54,4
640285,0.0,1967.0,35984.1,4
640418,61427.0,1807.0,10477.78,2
640555,92423.0,2265.0,7109.34,2
640588,55910.0,573.0,3438.95,1
640614,0.0,927.0,2554.03,0
640831,70699.0,1717.0,19776.57,1
640833,53295.0,857.0,5568.89,1
640920,67801.0,245.0,4505.41,1
641039,0.0,479.0,20774.02,4
641050,43860.0,1499.0,2514.59,1
641103,58620.0,801.0,2722.41,1
641121,0.0,243.0,2537.74,5
641123,0.0,2216.0,4737.41,0
641159,34645.0,1864.0,5052.38,1
641160,0.0,1933.0,12234.36,2
641162,39192.0,134.0,2846.17,4
641164,26472.0,2018.0,2965.72,2
641189,0.0,515.0,2356.7,1
641327,0.0,1170.0,7873.57,2
641384,0.0,1238.0,3567.5,2
641448,70088.0,1144.0,4462.45,2
641586,67952.0,1749.0,2843.56,4
641612,62650.0,322.0,3657.59,0
641642,0.0,541.0,5186.36,0
641704,25558.0,1920.0,2515.26,2
641734,76276.0,2029.0,10110.77,4
641827,13037.0,245.0,4726.87,2
641869,37800.0,1401.0,4424.58,0
641879,56830.0,459.0,6672.13,2
641884,0.0,1440.0,24672.66,0
641903,16495.0,244.0,2962.72,5
641970,76763.0,2359.0,8595.73,3
641997,0.0,1462.0,5251.15,0
642000,30855.0,886.0,5453.86,1
642002,33879.0,998.0,15428.01,1
642020,20072.0,227.0,6182.62,4
642031,72794.0,55.0,51337.91,2
642043,44788.0,2178.0,7285.03,1
642099,45473.0,224.0,27382.82,1
642102,26876.0,1242.0,6005.21,1
642109,86096.0,1774.0,4335.35,2
642313,0.0,1014.0,3885.46,5
642323,0.0,372.0,52811.49,1
642401,90016.0,215.0,11785.04,4
642409,49793.0,73.0,4783.92,4
642449,0.0,590.0,4835.57,1
642485,0.0,359.0,4185.76,1
642738,64113.0,231.0,13918.53,5
642784,82634.0,499.0,8224.77,0
642808,0.0,1552.0,2594.81,0
642901,0.0,760.0,6745.25,2
642976,29673.0,324.0,3491.26,1
643026,0.0,1070.0,4845.0,6
643059,65903.0,953.0,18522.29,2
643099,98121.0,141.0,2684.58,2
643117,19186.0,1339.0,4518.78,6
643225,0.0,1057.0,7919.83,2
643300,59349.0,551.0,43026.52,2
643362,30503.0,1442.0,4897.98,4
643364,28476.0,778.0,2430.87,4
643476,85019.0,325.0,6673.74,1
643480,30865.0,1398.0,8329.29,3
643507,76358.0,527.0,23594.68,1
643605,20597.0,2257.0,4381.18,5
643643,0.0,161.0,23875.48,1
643669,48268.0,2102.0,26346.09,1
643705,89451.0,1427.0,2530.71,5
643854,58297.0,1573.0,3609.8,5
643912,61650.0,2085.0,10506.94,4
644014,54668.0,2330.0,5345.68,1
644017,61552.0,2414.0,37111.66,1
644163,28728.0,1364.0,2673.32,1
644251,0.0,791.0,5097.76,1
644265,22705.0,1439.0,19160.99,1
644374,16924.0,1275.0,8278.72,3
644390,0.0,2384.0,5521.54,2
644417,0.0,245.0,4778.68,2
644434,53904.0,2347.0,2611.97,1
644551,23749.0,2252.0,6005.03,4
644630,95697.0,1078.0,8564.77,4
644652,53390.0,1281.0,5133.41,1
644769,0.0,1078.0,7835.68,5
644786,97017.0,1265.0,4637.03,3
644865,48412.0,695.0,28685.83,1
644893,27681.0,245.0,6057.07,1
644938,74606.0,1690.0,5334.78,4
644945,0.0,882.0,8025.23,5
645057,0.0,696.0,9095.74,1
645072,71038.0,1695.0,6847.12,1
645078,0.0,55.0,2393.92,5
645081,96765.0,1875.0,2938.81,3
645114,28045.0,352.0,11763.15,2
645145,36670.0,2332.0,14709.0,4
645147,0.0,1538.0,4340.09,2
645244,81081.0,1297.0,11546.17,1
645265,56586.0,2126.0,4013.95,4
645280,60021.0,2207.0,3939.01,2
645333,96917.0,242.0,17263.64,1
645450,28432.0,617.0,13869.93,4
645508,77738.0,238.0,14196.97,1
645566,70342.0,1214.0,3746.03,4
645600,0.0,818.0,4832.12,4
645635,78092.0,1075.0,3349.64,3
645653,30262.0,1308.0,7635.88,1
645688,24133.0,2374.0,7583.19,2
645712,43922.0,2339.0,26016.53,3
645742,60334.0,371.0,4235.18,1
645895,11612.0,2293.0,5623.31,1
645919,46998.0,283.0,7484.31,5
645927,70014.0,478.0,7366.19,5
645986,74015.0,1752.0,5555.83,3
646022,34516.0,2205.0,4374.04,2
646023,22985.0,67.0,3065.37,1
646038,68931.0,2046.0,5332.46,2
646137,20978.0,2233.0,13569.24,2
646168,71600.0,2128.0,4996.55,1
646178,0.0,1000.0,7713.82,1
646187,21564.0,338.0,2336.29,4
646189,0.0,1370.0,12807.09,2
646198,26630.0,243.0,8365.68,1
646225,0.0,1553.0,2838.07,1
646262,25572.0,243.0,4893.98,4
646277,0.0,1003.0,2237.35,1
646289,55906.0,53.0,10346.11,1
646359,65709.0,960.0,5771.61,4
646399,22497.0,943.0,16985.5,2
646502,73168.0,749.0,5639.94,0
646519,49057.0,1844.0,7434.27,4
646756,64600.0,67.0,6883.67,4
646935,64744.0,1650.0,10861.71,1
647005,0.0,243.0,3123.08,4
647041,0.0,35.0,2086.61,4
647133,0.0,611.0,8336.08,4
647214,36108.0,1200.0,9642.21,1
647393,0.0,0.0,8356.18,4
647491,0.0,1824.0,3728.83,1
647658,93272.0,242.0,3861.49,2
647672,0.0,2084.0,8140.0,4
647684,27443.0,1153.0,9594.25,0
647726,72885.0,1118.0,9667.13,1
647791,62506.0,482.0,2787.5,4
647894,0.0,2186.0,5341.44,5
647933,64801.0,45.0,7582.11,2
647956,58317.0,491.0,20477.11,5
648043,0.0,1535.0,13727.8,1
648077,23675.0,1445.0,9025.07,4
648231,24224.0,199.0,2826.8,0
648286,19112.0,19.0,2399.05,4
648365,54507.0,1598.0,5470.06,4
648380,19614.0,1551.0,16301.97,3
648432,88067.0,511.0,2819.11,3
648455,90330.0,2250.0,36057.54,5
648533,10540.0,1702.0,8682.23,3
648575,0.0,1435.0,27386.15,4
648586,88430.0,947.0,13297.64,4
648596,0.0,727.0,6769.32,4
648648,95301.0,1189.0,4619.45,1
648653,27293.0,541.0,7614.14,1
648924,63401.0,526.0,2730.35,1
649052,69090.0,1281.0,11085.88,2
649054,47747.0,1484.0,4379.77,1
649089,28728.0,250.0,2673.32,5
649104,0.0,1394.0,7378.51,1
649194,26335.0,1946.0,26770.45,1
649321,23060.0,528.0,4175.95,0
649404,0.0,242.0,6361.95,1
649422,73935.0,2266.0,2553.67,1
649442,80744.0,548.0,13441.01,5
649487,0.0,245.0,7261.62,1
649656,76474.0,1673.0,2953.62,1
649680,43137.0,364.0,7761.27,5
649770,0.0,594.0,14567.27,1
649802,0.0,750.0,8356.18,2
649855,0.0,1430.0,8071.65,1
649918,72540.0,190.0,10656.88,1
649961,0.0,2329.0,10996.71,2
649972,96689.0,1059.0,8272.33,3
649994,24723.0,2103.0,10295.47,3
650290,26540.0,1778.0,5229.68,0
650358,0.0,1782.0,3588.93,2
650366,0.0,218.0,5558.31,1
650377,24173.0,1939.0,2704.54,4
650420,0.0,858.0,6473.33,2
650445,65134.0,856.0,4529.06,1
650466,0.0,847.0,4623.54,2
650486,27208.0,2147.0,3738.44,5
650529,78294.0,729.0,7427.85,1
650553,19096.0,2196.0,4883.55,4
650621,59292.0,2064.0,5044.86,4
650657,0.0,1280.0,4463.61,2
650704,17950.0,1201.0,8066.07,2
650721,66839.0,478.0,5989.77,1
650801,49851.0,243.0,8334.32,1
650870,36650.0,1836.0,2725.36,2
650957,67414.0,245.0,5424.26,2
651006,43461.0,901.0,5165.81,2
651020,81914.0,609.0,5608.16,4
651054,94804.0,223.0,4583.75,1
651097,49259.0,1201.0,44520.14,1
651210,50397.0,313.0,2813.51,0
651250,90456.0,1828.0,14203.62,4
651277,0.0,57.0,12992.28,1
651281,30916.0,1256.0,31161.75,5
651377,48471.0,2264.0,29973.42,4
651469,53988.0,242.0,2533.74,4
651605,76850.0,1828.0,2927.22,3
651622,78352.0,1122.0,5895.11,3
651631,0.0,222.0,10025.92,2
651645,0.0,254.0,9807.83,4
651694,21206.0,817.0,16256.81,4
651740,36268.0,2326.0,9985.37,4
651835,0.0,1039.0,8204.86,1
651959,54695.0,1998.0,8177.05,0
652034,0.0,2052.0,12476.65,7
652047,30895.0,1014.0,7126.47,2
652194,20215.0,1522.0,8417.16,2
652212,69819.0,1305.0,2639.98,2
652291,88613.0,1889.0,4439.9,2
652300,25634.0,211.0,10622.52,4
652357,63528.0,243.0,10115.45,5
652370,0.0,2009.0,3958.0,5
652374,56342.0,558.0,2674.73,3
652394,0.0,1474.0,3500.86,4
652431,0.0,2461.0,19504.47,1
652498,64459.0,593.0,2924.98,5
652499,82680.0,164.0,8184.69,1
652501,62464.0,1352.0,8658.86,0
652518,57335.0,795.0,13367.87,1
652614,75644.0,2091.0,4974.8,4
652627,58958.0,243.0,83325.38,0
652636,20942.0,114.0,9670.18,4
652642,26021.0,747.0,15083.78,2
652741,45032.0,313.0,6143.9,6
652756,28919.0,414.0,2846.25,5
652781,52583.0,220.0,8879.79,2
652790,31737.0,2189.0,17420.57,4
652809,34498.0,2237.0,6369.26,4
652816,78784.0,1824.0,3199.82,2
652852,36218.0,216.0,2730.31,5
652862,0.0,1305.0,6165.56,1
653015,35334.0,1437.0,5170.45,1
653070,59183.0,2172.0,9100.73,4
653081,35482.0,2354.0,10208.93,5
653191,64592.0,1079.0,2585.56,0
653259,69040.0,1062.0,4327.1,1
653304,49312.0,242.0,5184.95,1
653324,0.0,204.0,7451.49,0
653337,90263.0,2111.0,5935.57,1
653340,20166.0,1740.0,3252.83,4
653354,37384.0,495.0,4014.45,1
653400,21235.0,831.0,3102.79,5
653441,58268.0,1328.0,7988.51,2
653539,61085.0,1682.0,2764.49,1
653542,0.0,934.0,2972.46,2
653572,78255.0,2023.0,11093.72,4
653636,44619.0,786.0,2758.7,2
653637,26893.0,2310.0,5414.62,5
653698,27978.0,1223.0,5239.89,1
653851,0.0,444.0,3974.14,1
653890,0.0,245.0,6947.84,2
653973,0.0,583.0,2724.26,4
654073,71126.0,2465.0,2854.11,2
654086,85245.0,1188.0,4584.14,0
654122,76549.0,1326.0,10507.5,4
654187,65985.0,1275.0,4940.51,4
654225,47455.0,243.0,2375.0,2
654249,44788.0,165.0,7285.03,2
654288,40169.0,2074.0,5119.41,5
654389,86448.0,278.0,7234.14,1
654433,51817.0,242.0,14789.62,3
654540,27658.0,245.0,8032.4,1
654578,78757.0,1639.0,4764.86,1
654748,46210.0,244.0,3996.77,4
654751,35705.0,1419.0,2592.89,3
654817,63977.0,736.0,4737.84,3
654890,26733.0,1875.0,5065.49,4
654919,29723.0,494.0,9162.06,2
654941,0.0,1356.0,3688.11,5
654983,29385.0,1.0,3303.09,0
655016,99517.0,916.0,8743.85,1
655039,62088.0,115.0,5083.79,4
655044,23285.0,1140.0,4942.63,1
655082,84814.0,1404.0,3674.57,4
655085,28358.0,194.0,4639.98,5
655263,24065.0,2332.0,8630.05,5
655325,23008.0,2152.0,3118.98,5
655453,88081.0,1098.0,5174.08,1
655473,23908.0,242.0,5297.15,1
655480,0.0,820.0,7121.08,2
655614,78796.0,245.0,4945.07,4
655715,44051.0,1282.0,5274.43,3
655721,88043.0,286.0,4905.13,4
655743,20284.0,1985.0,4505.85,4
655892,0.0,553.0,2369.11,1
655957,15340.0,1453.0,13755.54,2
655995,34482.0,2285.0,13265.96,1
656027,17913.0,276.0,4550.86,1
656036,58452.0,408.0,14439.8,4
656288,76157.0,762.0,4669.23,1
656360,0.0,2292.0,7706.96,4
656415,25771.0,1076.0,17723.76,5
656454,0.0,69.0,16414.04,1
656487,93870.0,30.0,5473.16,5
656572,72353.0,1123.0,7812.89,2
656639,96587.0,1985.0,5553.52,1
656650,75741.0,42.0,8823.85,2
656858,52728.0,222.0,4863.47,2
656942,0.0,1542.0,6081.05,2
656958,0.0,59.0,29412.29,5
656993,82477.0,104.0,3644.83,2
657116,64008.0,721.0,5971.0,1
657118,0.0,2454.0,9700.35,4
657339,16531.0,1701.0,4812.53,5
657492,95140.0,1446.0,15228.2,1
657668,70705.0,457.0,5390.27,4
657730,13528.0,1429.0,6005.85,4
657748,29160.0,1003.0,3351.57,4
657777,64801.0,2358.0,7582.11,1
657842,21368.0,248.0,6308.92,5
657865,81082.0,1033.0,5838.9,5
657946,60021.0,261.0,3939.01,4
657980,44428.0,155.0,12036.62,2
658076,92931.0,155.0,11830.95,4
658175,76673.0,521.0,6272.42,1
658257,93558.0,32.0,2733.43,1
658310,70328.0,1959.0,6746.43,4
658330,35970.0,674.0,3895.96,2
658407,0.0,748.0,3614.08,0
658546,41459.0,2110.0,14333.92,1
658726,0.0,491.0,10033.28,4
658861,62470.0,2320.0,5325.39,1
658996,19864.0,576.0,2359.42,1
659011,59325.0,2196.0,5635.29,3
659112,67890.0,854.0,9942.3,5
659147,0.0,1636.0,2121.31,1
659205,0.0,2282.0,11005.02,0
659251,29926.0,1557.0,2756.94,1
659400,55842.0,2226.0,8679.8,3
659419,40467.0,1090.0,15167.04,2
659454,0.0,18.0,5181.05,0
659481,0.0,514.0,7341.86,1
659536,74460.0,744.0,8337.19,4
659607,14906.0,2090.0,2511.7,4
659637,0.0,1285.0,2344.23,4
659731,81639.0,2444.0,16548.86,2
659767,18746.0,1987.0,2590.21,1
659781,22234.0,825.0,12550.88,1
659792,22081.0,2350.0,6503.4,5
659882,39650.0,624.0,6767.81,2
659967,52926.0,2265.0,2457.58,1
660030,0.0,1921.0,5234.78,4
660047,0.0,527.0,7423.93,4
660098,68025.0,84.0,10892.91,4
660119,0.0,2429.0,6516.21,2
660178,0.0,1116.0,4413.26,4
660197,62977.0,1279.0,4482.02,7
660294,76792.0,1526.0,2498.96,1
660349,76731.0,243.0,2582.41,1
660376,58089.0,2367.0,4686.47,4
660395,48088.0,910.0,7469.56,3
660436,0.0,592.0,5123.77,1
660457,86277.0,1632.0,5908.16,2
660554,40864.0,445.0,4282.95,5
660684,17269.0,726.0,10442.65,5
660768,0.0,796.0,2064.7,2
660922,24368.0,2464.0,4992.92,2
660958,30604.0,2322.0,9915.9,3
661035,0.0,2421.0,3823.85,0
661050,0.0,2113.0,2369.44,1
661054,22885.0,2309.0,2721.75,4
661069,77265.0,1570.0,5577.24,2
661088,23120.0,2125.0,3703.44,3
661118,0.0,1396.0,7260.83,4
661150,20225.0,1713.0,8269.08,1
661193,56649.0,815.0,4991.58,1
661274,80192.0,1798.0,5408.91,2
661321,0.0,797.0,2470.12,5
661411,92766.0,2193.0,20096.89,1
661442,62488.0,4.0,2404.38,2
661451,45318.0,1866.0,8188.92,2
661469,56598.0,694.0,10629.34,3
661487,29664.0,597.0,5385.85,5
661502,77915.0,1488.0,32643.08,0
661546,20954.0,52.0,3094.32,3
661587,12075.0,488.0,7264.8,1
661708,0.0,413.0,6462.22,3
661744,64604.0,1425.0,5363.53,2
662022,91423.0,1156.0,8696.91,1
662045,33252.0,308.0,2839.81,2
662164,33663.0,2321.0,2930.69,1
662166,33701.0,1610.0,3241.84,4
662209,33171.0,1286.0,5147.11,2
662268,93018.0,1101.0,5090.78,1
662272,0.0,620.0,32437.05,3
662380,62464.0,1599.0,8658.86,3
662392,0.0,1343.0,2593.9,1
662406,91375.0,979.0,32196.6,5
662489,0.0,244.0,29037.48,2
662521,23006.0,2168.0,4448.64,0
662594,0.0,1210.0,4526.53,0
662665,64801.0,1977.0,7582.11,2
662723,59311.0,5.0,5480.07,2
662750,83846.0,2255.0,8717.05,4
662848,67128.0,1518.0,8406.76,2
662880,67486.0,1550.0,4757.24,3
662934,0.0,302.0,2555.05,5
662936,57844.0,2351.0,16675.9,1
662973,26806.0,1367.0,7019.18,1
663062,0.0,1361.0,5560.28,2
663067,67267.0,1095.0,13917.38,1
663072,0.0,610.0,7209.09,1
663098,34148.0,65.0,12883.81,2
663133,10517.0,1666.0,6575.54,0
663150,0.0,1313.0,4967.04,4
663213,76731.0,247.0,2582.41,0
663270,33409.0,2025.0,8370.57,1
663343,66106.0,2297.0,7638.44,4
663382,0.0,1775.0,9655.44,4
663402,55808.0,414.0,9267.92,2
663416,0.0,2128.0,2903.75,2
663422,69844.0,494.0,2731.52,1
663513,41837.0,1594.0,6966.69,1
663514,64388.0,880.0,2759.62,2
663521,75921.0,1894.0,4277.56,2
663573,60920.0,279.0,7507.46,1
663641,0.0,85.0,5705.9,0
663659,22283.0,257.0,2397.04,3
663719,57709.0,1070.0,5073.28,4
663746,0.0,162.0,3472.37,4
663757,0.0,851.0,7901.74,3
663897,23253.0,146.0,2279.7,3
663918,0.0,1838.0,7636.28,1
663975,0.0,830.0,6019.96,5
664008,81145.0,413.0,7356.56,0
664034,0.0,1527.0,2369.44,2
664052,30110.0,1572.0,5106.11,5
664054,16061.0,735.0,3239.12,1
664062,0.0,2075.0,6514.95,1
664084,91763.0,756.0,9161.66,4
664112,48029.0,486.0,4809.22,2
664183,99803.0,96.0,8569.42,2
664277,39910.0,1263.0,8935.03,0
664379,79090.0,2233.0,8609.16,2
664493,0.0,705.0,11513.16,2
664666,0.0,2126.0,3300.68,1
664684,0.0,295.0,4721.66,1
664705,0.0,1973.0,3546.4,1
664737,79814.0,2175.0,5017.85,4
664759,54898.0,436.0,5417.74,1
664771,71460.0,2309.0,2839.3,4
664799,0.0,581.0,7416.2,5
664856,0.0,1472.0,7200.66,5
665024,23444.0,767.0,22256.69,2
665031,22166.0,245.0,9799.18,4
665100,28558.0,2044.0,8873.2,1
665373,49833.0,243.0,5564.74,2
665374,93595.0,242.0,3763.64,5
665403,0.0,216.0,21172.39,4
665454,99790.0,65.0,17786.28,1
665467,86824.0,1511.0,5817.83,4
665533,68654.0,245.0,5642.75,2
665548,0.0,1946.0,4654.95,4
665645,29462.0,77.0,4170.69,1
665646,0.0,452.0,13197.93,2
665679,40260.0,694.0,14558.42,3
665701,40711.0,793.0,14627.93,4
665763,92254.0,2168.0,5729.86,4
665773,61687.0,145.0,5294.28,3
665890,0.0,928.0,5111.36,2
666189,11432.0,286.0,13466.92,4
666222,0.0,1173.0,12779.06,6
666301,58577.0,1538.0,4428.03,4
666337,20983.0,2099.0,24278.1,4
666381,88816.0,1469.0,2818.31,2
666417,90892.0,1241.0,4881.39,3
666473,32893.0,1611.0,2507.41,5
666504,51593.0,2287.0,9404.45,2
666556,24383.0,1521.0,4897.04,1
666572,21876.0,503.0,7771.16,5
666597,78834.0,539.0,5658.53,4
666608,21685.0,687.0,4858.12,3
666667,89382.0,2043.0,9036.66,1
666680,23617.0,2342.0,7422.19,4
666702,22081.0,244.0,6503.4,1
666761,27804.0,243.0,8492.7,5
666877,53444.0,1162.0,2839.95,4
666878,0.0,1676.0,4250.28,1
666933,30004.0,1331.0,9033.25,3
666952,0.0,1226.0,4877.61,2
667041,90778.0,1744.0,6131.66,2
667117,0.0,1654.0,2357.8,3
667157,55437.0,100.0,17857.97,5
667262,0.0,1414.0,3341.68,2
667275,0.0,384.0,26223.81,2
667293,27369.0,524.0,3033.41,0
667314,0.0,708.0,20604.02,1
667341,66203.0,1156.0,5297.92,4
667356,0.0,244.0,2155.21,4
667398,0.0,244.0,21112.54,1
667517,0.0,242.0,5028.74,0
667615,20993.0,407.0,4772.94,5
667634,73054.0,1303.0,12741.85,4
667678,30720.0,1063.0,10018.66,1
667687,0.0,56.0,4512.2,1
667692,83308.0,889.0,5837.53,2
667718,0.0,82.0,14741.76,2
667767,52819.0,1102.0,4880.71,2
667781,0.0,1762.0,17840.2,5
667798,99517.0,65.0,8743.85,2
667800,0.0,274.0,32654.84,1
667860,55790.0,1937.0,8535.11,5
667901,58828.0,937.0,2709.54,2
667974,34179.0,2429.0,12519.8,0
668000,0.0,2241.0,4736.35,4
668020,73196.0,1355.0,2654.38,2
668136,0.0,502.0,7628.75,2
668213,60920.0,371.0,7507.46,2
668235,27339.0,260.0,10626.81,2
668253,62873.0,2091.0,3230.58,4
668325,0.0,238.0,6846.15,1
668510,68717.0,628.0,8383.68,0
668576,0.0,548.0,5504.14,2
668599,46573.0,613.0,3781.69,3
668624,30228.0,817.0,5827.41,2
668692,52801.0,1491.0,3981.78,3
668843,20043.0,455.0,10507.69,1
668865,0.0,755.0,23866.16,2
668959,85840.0,1112.0,8205.39,1
668968,79090.0,303.0,8609.16,2
668970,26790.0,269.0,2810.46,5
669028,0.0,43.0,3200.8,1
669065,19683.0,1795.0,8382.63,5
669066,97234.0,847.0,3105.35,3
669222,54655.0,1485.0,2796.87,4
669368,72257.0,1761.0,10901.23,2
669373,0.0,739.0,6189.12,1
669493,20495.0,54.0,12128.37,1
669501,0.0,1485.0,6791.22,1
669810,21156.0,2272.0,6540.2,3
669812,41479.0,2214.0,3746.75,4
669890,12876.0,1494.0,7572.24,5
669894,0.0,1795.0,22062.55,4
669978,80604.0,2260.0,4882.49,2
670000,0.0,1263.0,20552.62,2
670002,0.0,2444.0,19837.31,4
670040,0.0,2194.0,4705.59,6
670131,88680.0,1200.0,23813.52,0
670210,20867.0,2143.0,2722.99,4
670215,24550.0,1485.0,8798.31,1
670230,0.0,245.0,8207.86,1
670289,53565.0,243.0,5569.46,1
670294,43196.0,1173.0,8013.61,4
670371,0.0,1517.0,5414.32,4
670430,13535.0,1004.0,2980.01,0
670606,0.0,1279.0,8489.84,1
670666,46587.0,583.0,41787.9,1
670686,0.0,237.0,4291.06,0
670751,36537.0,1021.0,23515.85,2
670817,69379.0,745.0,4118.59,4
670836,42754.0,243.0,19079.1,4
670939,41275.0,290.0,7752.93,1
670981,23665.0,2249.0,22658.54,0
670985,17101.0,2421.0,12298.69,5
671077,99002.0,438.0,9027.87,5
671115,37553.0,1689.0,22217.97,1
671119,36631.0,2435.0,2491.32,2
671173,0.0,1034.0,12324.27,1
671309,50234.0,245.0,11926.75,1
671359,66620.0,181.0,5619.85,2
671368,43334.0,690.0,3633.05,1
671383,0.0,1150.0,2485.89,3
671528,0.0,1182.0,4048.72,1
671534,0.0,2306.0,3946.37,1
671628,0.0,435.0,2897.78,7
671639,91212.0,635.0,5532.75,1
671764,17588.0,245.0,35850.6,5
671803,32948.0,1214.0,44468.02,2
671849,29439.0,2374.0,16355.31,2
671906,25317.0,89.0,2829.86,2
671911,63860.0,1199.0,2472.47,1
671928,0.0,823.0,4159.59,4
671933,0.0,1539.0,7859.41,5
672039,83761.0,2336.0,8945.69,4
672089,29486.0,2443.0,2457.44,1
672103,0.0,48.0,4811.74,2
672170,38466.0,2435.0,5261.42,1
672236,34455.0,969.0,15925.06,2
672255,97576.0,100.0,3359.24,4
672308,0.0,2095.0,9661.1,1
672336,0.0,1458.0,3886.5,1
672391,47306.0,63.0,5907.08,4
672395,32764.0,2406.0,2452.73,2
672430,48381.0,994.0,7564.61,2
672431,36844.0,2139.0,2872.98,5
672570,36881.0,1177.0,8267.12,2
672582,36723.0,2208.0,4171.3,3
672600,0.0,698.0,19228.46,4
672635,53330.0,246.0,7651.1,2
672649,28948.0,278.0,10390.67,2
672679,68558.0,237.0,5313.44,1
672781,69654.0,635.0,9463.11,1
672819,86721.0,41.0,8828.93,1
672893,24860.0,2323.0,5810.63,5
672904,73060.0,898.0,13083.49,4
672917,61321.0,243.0,58166.55,1
673054,31385.0,1609.0,2726.8,0
673061,0.0,243.0,4706.68,1
673192,70263.0,1740.0,7462.93,2
673301,0.0,572.0,2086.61,6
673399,57740.0,2331.0,5745.94,1
673401,36167.0,1736.0,2945.37,2
673424,25251.0,2422.0,11790.5,0
673492,0.0,320.0,6875.61,4
673872,0.0,207.0,5375.66,2
673934,0.0,2302.0,4629.0,1
674118,86617.0,918.0,2518.11,5
674281,52348.0,914.0,7590.91,6
674327,0.0,2027.0,18065.27,2
674372,35551.0,175.0,3176.87,4
674375,0.0,123.0,8104.5,2
674394,36313.0,962.0,5016.55,4
674462,23636.0,619.0,5176.58,1
674497,0.0,1819.0,7628.75,1
674637,70051.0,279.0,5395.83,5
674643,49304.0,197.0,2570.24,2
674689,0.0,631.0,4058.67,2
674738,0.0,593.0,3885.46,5
674781,25251.0,616.0,11790.5,4
674805,86801.0,1644.0,11820.11,5
674876,0.0,372.0,7528.09,2
674923,74271.0,216.0,5492.39,0
674933,39020.0,303.0,6878.01,4
675057,44213.0,2102.0,6753.43,1
675104,17034.0,1047.0,8300.71,1
675106,20862.0,1542.0,4794.48,0
675204,0.0,1013.0,3199.7,4
675240,0.0,243.0,13197.93,2
675243,29385.0,1062.0,3303.09,4
675385,76675.0,851.0,5815.26,2
675405,0.0,1133.0,8714.92,5
675409,26410.0,2391.0,27564.74,4
675419,0.0,243.0,39400.19,1
675442,37109.0,815.0,17636.42,0
675457,70342.0,2397.0,3746.03,2
675506,73858.0,264.0,2810.67,1
675516,62018.0,1308.0,2887.78,1
675535,0.0,730.0,5304.54,0
675538,97361.0,1767.0,8622.84,2
675541,61542.0,1174.0,5284.04,2
675616,93485.0,1796.0,8663.55,2
675651,34990.0,962.0,2574.02,3
675710,0.0,2440.0,8509.45,4
675848,29735.0,2388.0,2453.57,1
675879,63834.0,320.0,8000.55,5
675936,29696.0,1207.0,11044.43,4
675956,0.0,864.0,18853.74,1
676203,24666.0,1162.0,7907.13,4
676289,51066.0,963.0,5780.18,4
676371,47451.0,376.0,6802.07,4
676376,58577.0,1832.0,4428.03,2
676406,26322.0,1042.0,4306.56,2
676408,39669.0,1346.0,11633.58,2
676409,23091.0,1450.0,5926.73,2
676585,0.0,2418.0,15102.23,2
676622,0.0,1194.0,3722.37,4
676631,27179.0,222.0,2936.73,4
676639,28280.0,2269.0,8759.59,2
676669,60228.0,2101.0,21504.34,1
676676,0.0,243.0,4642.02,3
676873,0.0,1516.0,2360.6,3
676877,74028.0,804.0,19174.63,4
676941,24571.0,1804.0,12880.75,4
677045,67248.0,1953.0,12349.7,3
677068,0.0,219.0,3486.7,4
677141,0.0,1535.0,2162.42,4
677153,0.0,91.0,2561.58,2
677174,24967.0,2379.0,2730.97,4
677213,27179.0,552.0,2936.73,3
677217,69240.0,1552.0,23086.36,4
677218,14660.0,2280.0,2319.82,4
677292,34337.0,242.0,9035.67,1
677322,0.0,618.0,3548.07,4
677329,0.0,462.0,18688.31,1
677335,75716.0,331.0,9928.99,3
677404,23444.0,1141.0,22256.69,4
677435,22338.0,1445.0,5123.2,2
677513,20346.0,503.0,26199.53,1
677527,82225.0,2406.0,2446.66,2
677560,96137.0,1287.0,2902.15,1
677606,55350.0,818.0,5380.9,5
677669,67952.0,436.0,2843.56,0
677695,36650.0,1847.0,2725.36,0
677704,57647.0,2092.0,3781.45,1
677717,0.0,377.0,8543.33,4
677751,0.0,1150.0,9384.48,4
677901,0.0,245.0,17771.55,5
677925,53074.0,243.0,2471.08,4
677963,26514.0,1209.0,6974.92,2
677976,25411.0,243.0,6965.42,4
678205,48448.0,1190.0,20230.97,4
678217,28919.0,242.0,5761.11,1
678243,14290.0,1475.0,10179.72,5
678284,0.0,212.0,1918.12,3
678341,34317.0,559.0,3056.22,4
678454,76025.0,2077.0,2698.69,0
678460,73168.0,629.0,5639.94,1
678493,77912.0,2389.0,3011.77,3
678514,0.0,2262.0,2220.19,0
678544,73876.0,2270.0,9061.06,2
678603,27649.0,468.0,7341.79,4
678616,0.0,1679.0,12252.6,1
678722,10738.0,499.0,6582.29,1
678786,73168.0,2303.0,5639.94,0
678837,29790.0,1998.0,14503.02,2
678858,84978.0,244.0,11665.1,1
678925,0.0,1149.0,19606.36,1
678933,55350.0,205.0,5380.9,4
678967,29587.0,923.0,6035.09,2
678991,65724.0,242.0,22110.4,2
679075,74298.0,791.0,7095.13,4
679132,28142.0,178.0,3873.65,1
679155,68158.0,2398.0,10978.78,5
679253,0.0,341.0,3694.65,0
679311,20228.0,523.0,10408.97,5
679414,0.0,215.0,7539.6,1
679437,0.0,1123.0,5677.31,4
679485,0.0,1677.0,13450.96,1
679531,94392.0,721.0,5206.11,0
679607,17576.0,1638.0,2722.21,1
679609,19864.0,505.0,2359.42,2
679623,19851.0,1146.0,11658.6,2
679638,38984.0,1601.0,8591.6,1
679859,58577.0,1567.0,4428.03,2
679908,62445.0,1233.0,3921.02,4
679994,0.0,187.0,8586.66,2
680168,0.0,168.0,27386.15,2
680181,33462.0,621.0,2874.09,3
680193,45360.0,2421.0,2833.8,2
680304,22664.0,243.0,2706.61,4
680376,47285.0,126.0,2503.6,0
680379,43386.0,1642.0,2731.4,4
680444,89219.0,2222.0,8193.16,4
680445,0.0,2169.0,5161.79,1
680485,78011.0,995.0,11077.69,2
680553,99803.0,724.0,8569.42,4
680565,70088.0,2015.0,4462.45,4
680569,0.0,1116.0,7046.48,4
680581,52218.0,2382.0,5476.53,1
680738,48258.0,789.0,30061.69,2
680754,0.0,54.0,4762.82,1
680839,21073.0,812.0,7805.31,2
680878,0.0,145.0,8262.63,1
680886,78310.0,1576.0,67907.27,0
680945,35705.0,245.0,2592.89,4
681032,44685.0,2390.0,24723.18,1
681250,75845.0,813.0,5789.35,1
681270,57734.0,1691.0,6243.14,4
681309,37929.0,771.0,4682.25,1
681328,29698.0,558.0,3147.97,2
681399,36670.0,943.0,14709.0,0
681593,35482.0,234.0,10208.93,2
681649,39187.0,2406.0,4563.02,1
681722,0.0,1531.0,8012.12,2
681785,21986.0,1651.0,2395.57,2
681822,26116.0,1777.0,6782.56,2
681887,0.0,2301.0,11663.99,0
681921,0.0,1868.0,4471.78,1
681961,28915.0,242.0,11611.95,4
681984,0.0,2225.0,7575.65,7
682064,53021.0,2463.0,2599.04,1
682103,75644.0,1966.0,4974.8,1
682194,35482.0,1270.0,10208.93,1
682288,0.0,2324.0,4524.64,3
682308,0.0,1774.0,5079.83,4
682337,0.0,111.0,4873.67,0
682356,55687.0,1694.0,10963.96,1
682419,0.0,1963.0,3883.4,4
682521,59586.0,244.0,5660.13,2
682528,83252.0,2232.0,3226.85,4
682533,58357.0,41.0,5350.37,4
682571,33738.0,2196.0,2899.32,2
682654,31686.0,1394.0,3274.19,1
682707,22520.0,610.0,5498.94,2
682709,98473.0,1795.0,2929.92,1
682813,74585.0,987.0,4222.63,5
682819,21450.0,1743.0,8608.16,1
682826,70247.0,1637.0,3278.53,1
682840,23158.0,1103.0,7034.35,3
682979,60475.0,1668.0,4330.39,1
682980,78032.0,244.0,8302.32,0
683126,0.0,2037.0,7600.03,4
683239,0.0,243.0,8390.12,7
683250,58557.0,243.0,3554.85,4
683276,21988.0,87.0,41075.43,4
683356,34807.0,1152.0,2854.27,0
683361,29070.0,395.0,4656.67,4
683458,28056.0,268.0,5045.87,1
683470,43324.0,1768.0,12047.78,1
683485,50825.0,644.0,8092.88,0
683487,45893.0,2463.0,11606.85,4
683503,37534.0,1090.0,13223.04,1
683550,49080.0,761.0,3585.88,5
683660,51199.0,1197.0,2996.89,0
683664,37573.0,152.0,8516.75,4
683685,48767.0,245.0,12887.43,1
683699,85950.0,1726.0,2795.74,3
683751,28142.0,2133.0,3873.65,5
683791,21766.0,1457.0,4884.16,1
683838,84488.0,395.0,19643.54,2
683875,0.0,93.0,17288.55,2
683901,18495.0,1333.0,26197.41,4
683909,73180.0,320.0,5139.56,4
683910,29227.0,404.0,5897.56,2
683920,74460.0,1631.0,8337.19,3
684022,41596.0,842.0,5232.45,1
684081,60462.0,116.0,2697.33,2
684103,0.0,244.0,2448.86,4
684123,23815.0,2178.0,8257.67,2
684133,95419.0,1687.0,8268.27,2
684155,27166.0,1117.0,5406.88,2
684201,65724.0,632.0,22110.4,1
684296,59124.0,1086.0,2777.53,2
684305,0.0,1903.0,19357.37,1
684371,0.0,1415.0,10175.24,1
684386,55350.0,2305.0,5380.9,2
684491,30658.0,746.0,10487.74,1
684691,25965.0,1002.0,9830.34,5
684699,76157.0,55.0,4669.23,3
684776,41951.0,1516.0,7243.87,1
684826,38977.0,809.0,2821.95,1
684835,12131.0,156.0,2242.09,1
684881,0.0,2386.0,2607.82,2
684889,69114.0,983.0,8184.59,2
684934,91245.0,2215.0,8272.49,1
685171,0.0,2001.0,26999.68,3
685208,40778.0,1741.0,3305.13,4
685314,32017.0,1542.0,4834.8,1
685346,55593.0,1549.0,4869.24,4
685375,0.0,903.0,18542.3,2
685408,46946.0,2259.0,5480.7,1
685518,35704.0,245.0,18042.48,5
685533,37376.0,2035.0,7717.0,1
685546,0.0,1672.0,10346.32,5
685608,0.0,769.0,7200.66,1
685653,0.0,158.0,2393.92,4
685683,0.0,928.0,2274.78,5
685720,0.0,529.0,17793.61,2
685792,39187.0,425.0,4563.02,2
685982,48567.0,1463.0,5015.01,1
686031,0.0,705.0,3591.07,2
686044,59644.0,2097.0,3136.7,2
686059,83560.0,1664.0,27064.46,4
686196,0.0,972.0,9656.76,4
686220,13528.0,2235.0,6005.85,4
686223,21880.0,257.0,3837.45,5
686224,60277.0,964.0,5141.98,0
686232,24193.0,2367.0,22093.62,4
686371,0.0,313.0,3876.77,2
686397,0.0,267.0,6739.66,3
686432,0.0,2265.0,6650.46,0
686471,24910.0,1539.0,2248.45,4
686474,68964.0,244.0,6274.12,1
686509,77060.0,321.0,12941.73,5
686555,76389.0,2082.0,5450.57,4
686561,96721.0,245.0,10986.23,1
686612,19864.0,719.0,2359.42,4
686709,17257.0,2270.0,24108.3,1
686728,66839.0,291.0,5989.77,5
686769,21604.0,1729.0,3096.51,3
686783,0.0,906.0,7377.23,4
686838,96406.0,1611.0,5593.43,2
687108,25813.0,245.0,4784.96,2
687170,67128.0,942.0,8406.76,1
687186,35654.0,597.0,2885.74,2
687199,44851.0,2320.0,5243.54,1
687262,0.0,2305.0,19278.82,2
687401,0.0,1518.0,20940.3,2
687412,52275.0,1250.0,4982.68,1
687463,98254.0,987.0,11323.36,2
687525,74057.0,2005.0,4202.66,4
687533,31267.0,794.0,40636.67,2
687589,0.0,2402.0,3007.39,4
687593,25134.0,53.0,5318.9,2
687639,13449.0,996.0,2473.37,4
687748,98784.0,503.0,4971.35,2
687820,0.0,2207.0,7411.81,0
687895,55257.0,2432.0,2469.57,1
687951,0.0,625.0,6355.68,2
687962,79628.0,1917.0,3867.97,6
687984,87502.0,2230.0,20461.15,1
688058,14174.0,847.0,5598.27,2
688132,33190.0,2305.0,33473.35,2
688139,0.0,263.0,2242.23,2
688168,24012.0,2021.0,8754.16,4
688178,62455.0,950.0,6104.85,1
688319,78337.0,2434.0,21892.35,4
688410,43640.0,1711.0,4921.33,2
688524,98333.0,2105.0,3980.42,0
688533,11656.0,1665.0,18635.9,0
688557,18944.0,1079.0,2416.54,5
688615,0.0,208.0,3301.52,2
688627,0.0,2149.0,16468.22,2
688691,66378.0,2322.0,2785.42,1
688731,37574.0,48.0,2576.51,1
688748,26303.0,242.0,5999.38,3
688820,72421.0,1624.0,2592.44,1
688891,59839.0,313.0,8093.9,1
688902,20416.0,43.0,7048.54,2
689000,28139.0,2434.0,7080.13,2
689112,46267.0,2419.0,2895.52,1
689275,56516.0,1323.0,31934.62,1
689353,71210.0,2463.0,25807.06,1
689389,26149.0,1033.0,12655.53,4
689440,0.0,368.0,5510.56,5
689459,0.0,1179.0,2596.19,5
689477,93246.0,2148.0,9445.65,2
689818,44788.0,1371.0,7285.03,2
689839,0.0,286.0,8460.81,2
689909,0.0,1171.0,2161.69,5
689912,0.0,1655.0,13309.34,1
689981,24248.0,2172.0,2403.54,1
689993,0.0,551.0,3885.46,0
690029,17870.0,1690.0,2392.11,1
690191,64669.0,273.0,10594.13,2
690199,63860.0,2285.0,2472.47,4
690494,0.0,429.0,4229.92,1
690510,54753.0,133.0,2378.67,4
690554,77912.0,2422.0,5623.76,2
690563,0.0,2256.0,6013.04,4
690637,36464.0,748.0,6183.19,4
690641,54420.0,2384.0,3115.7,2
690671,21604.0,826.0,3096.51,1
690776,0.0,1331.0,6948.42,5
690797,42124.0,2342.0,8062.55,1
690862,57709.0,1799.0,5073.28,2
690866,74045.0,2404.0,2509.27,2
690890,28738.0,1729.0,2487.26,4
690916,27587.0,1666.0,30286.69,3
690969,0.0,2426.0,12877.78,3
690970,51032.0,704.0,3339.85,4
690971,51066.0,1947.0,5780.18,5
690984,82477.0,178.0,3644.83,1
691077,52548.0,308.0,8110.31,4
691220,49136.0,729.0,2496.17,1
691259,56587.0,206.0,5112.57,3
691262,17301.0,510.0,8053.27,0
691332,77646.0,244.0,5723.54,4
691365,27514.0,879.0,15613.95,1
691520,0.0,1412.0,4468.51,1
691542,45963.0,504.0,14914.53,2
691626,0.0,244.0,5085.02,2
691645,0.0,285.0,4729.97,4
691700,0.0,1204.0,7007.27,5
691761,27734.0,602.0,2595.56,0
691855,53338.0,62.0,2503.66,1
691909,0.0,2279.0,12097.91,2
692096,10037.0,724.0,4914.04,0
692097,82940.0,253.0,5039.44,1
692121,0.0,245.0,8105.87,4
692129,0.0,1285.0,3133.02,2
692151,17162.0,2435.0,3716.48,4
692252,26802.0,1454.0,4636.55,2
692275,18577.0,492.0,6273.91,0
692291,36615.0,955.0,5243.83,5
692304,0.0,815.0,4492.52,4
692328,28513.0,1025.0,15114.4,4
692535,16701.0,1416.0,4294.0,5
692628,0.0,318.0,3386.53,4
692671,59662.0,2218.0,3410.2,2
692685,41458.0,1122.0,7532.26,1
692729,69693.0,1249.0,13438.04,3
692741,32906.0,1122.0,4574.92,3
692841,0.0,129.0,2379.61,1
692856,65727.0,313.0,10861.52,2
692936,35095.0,36.0,16979.8,1
692992,55067.0,1831.0,13014.23,2
693045,0.0,384.0,2258.79,4
693133,48096.0,2327.0,15739.92,3
693138,68946.0,1261.0,5737.5,0
693196,0.0,622.0,4407.77,4
693212,70446.0,1408.0,5275.63,1
693238,57587.0,1718.0,5418.15,1
693256,21907.0,2068.0,4916.58,1
693295,0.0,972.0,2693.76,1
693372,0.0,883.0,9199.54,1
693393,61108.0,242.0,10484.92,6
693494,33701.0,337.0,3241.84,2
693528,44788.0,389.0,7285.03,5
693608,88435.0,614.0,2516.1,1
693625,0.0,2269.0,7756.31,1
693659,38492.0,893.0,5824.77,4
693665,0.0,1432.0,2388.95,2
693791,44634.0,675.0,5651.4,2
693852,40672.0,1753.0,9559.34,2
693913,83221.0,817.0,7305.94,2
693922,0.0,1540.0,19278.82,4
693926,14315.0,2128.0,2665.22,1
694021,0.0,245.0,6847.59,1
694158,21073.0,1994.0,7805.31,1
694168,34307.0,243.0,3484.14,2
694241,60735.0,1378.0,16069.95,1
694388,0.0,1784.0,4903.81,4
694472,27608.0,876.0,4250.78,4
694497,34644.0,2154.0,7832.57,2
694512,29484.0,2047.0,11064.29,3
694648,71809.0,147.0,2962.98,4
694723,67837.0,1218.0,2675.57,3
694743,37995.0,1111.0,5597.12,4
694757,0.0,1559.0,7495.68,2
694828,12430.0,2282.0,5169.5,1
694915,0.0,220.0,2030.78,2
694942,14973.0,1757.0,12168.74,4
695069,50148.0,426.0,2582.86,1
695076,15514.0,1375.0,2789.75,0
695107,0.0,803.0,2308.69,4
695162,0.0,540.0,19668.87,0
695250,83689.0,2089.0,5384.43,1
695342,68671.0,1526.0,5678.05,2
695385,49447.0,411.0,4739.35,0
695428,79487.0,417.0,4626.8,5
695529,23904.0,2191.0,4334.06,2
695564,27869.0,245.0,18474.71,1
695596,43860.0,211.0,2514.59,4
695624,10710.0,1173.0,7255.71,1
695686,56830.0,803.0,6672.13,4
695755,64478.0,2463.0,4144.87,2
695855,0.0,2093.0,4019.38,4
695878,30389.0,1330.0,5745.12,4
695965,41479.0,247.0,3746.75,4
695978,0.0,1872.0,15984.53,3
695987,48107.0,550.0,21850.35,4
696026,22842.0,244.0,4958.02,4
696090,97431.0,2102.0,5969.55,1
696096,91015.0,817.0,14663.2,4
696128,81400.0,183.0,16699.46,4
696199,71656.0,690.0,10914.2,4
696329,0.0,2284.0,5678.05,1
696431,0.0,1947.0,7781.0,1
696444,22799.0,1860.0,15042.58,4
696486,0.0,1959.0,12500.84,5
696502,43838.0,2463.0,7644.76,2
696504,84910.0,453.0,11365.27,5
696562,99824.0,141.0,2538.86,2
696577,36633.0,258.0,3757.8,5
696609,30509.0,954.0,3436.45,3
696732,92401.0,95.0,2537.38,2
696826,20455.0,1640.0,9414.12,2
696864,62587.0,656.0,10373.89,1
696897,25632.0,332.0,4929.55,1
697029,20497.0,2230.0,7785.67,0
697079,29414.0,199.0,4729.59,2
697091,78532.0,2378.0,6323.92,5
697162,99759.0,301.0,10314.52,1
697169,52572.0,1899.0,9045.11,0
697272,0.0,1696.0,2215.91,1
697323,35300.0,158.0,26305.42,1
697356,0.0,1514.0,2738.0,1
697393,91061.0,485.0,14031.7,0
697477,47325.0,1003.0,8534.79,5
697680,28406.0,362.0,5670.44,1
697766,91354.0,2028.0,16484.02,4
697824,23051.0,103.0,3837.36,5
697837,21926.0,1932.0,4755.19,2
697840,0.0,252.0,8510.53,1
697905,37876.0,2075.0,2647.52,4
697917,31535.0,112.0,2713.37,2
697962,0.0,32.0,5619.69,1
698072,0.0,924.0,8610.67,5
698122,96276.0,1235.0,9500.08,2
698159,11885.0,143.0,11315.2,4
698180,24383.0,200.0,4897.04,2
698242,27880.0,2414.0,5867.13,2
698390,37399.0,1540.0,9199.39,0
698395,11822.0,1492.0,2624.1,3
698443,28121.0,968.0,7089.05,0
698505,17780.0,553.0,8375.35,5
698510,37025.0,1417.0,12148.94,1
698546,0.0,2463.0,7203.13,1
698573,44685.0,1965.0,24723.18,5
698627,85185.0,93.0,8709.85,3
698647,94550.0,2118.0,7233.54,1
698915,15383.0,243.0,4567.87,3
698932,68342.0,604.0,5717.74,4
698937,0.0,191.0,7662.43,3
698988,0.0,2463.0,8336.08,3
699194,50695.0,246.0,5704.98,4
699220,30064.0,244.0,2594.79,4
699243,0.0,725.0,7838.07,1
699281,68507.0,245.0,26200.83,1
699343,24065.0,1338.0,8630.05,1
699397,30431.0,2406.0,9640.53,3
699511,0.0,1638.0,4019.38,2
699739,0.0,2015.0,6952.65,4
699750,44762.0,1145.0,4943.39,2
699751,0.0,1205.0,20714.94,1
699875,27093.0,1422.0,2424.42,4
699962,51489.0,2420.0,5568.66,2
700011,58414.0,2381.0,7840.17,2
700096,50989.0,2098.0,3184.36,1
700145,94885.0,960.0,3470.18,3
700207,88944.0,1156.0,2909.55,3
700225,87428.0,1866.0,2866.82,1
700245,0.0,1498.0,2254.93,3
700260,55350.0,742.0,5380.9,1
700276,23904.0,993.0,4334.06,5
700286,0.0,352.0,2933.5,0
700335,0.0,1533.0,2348.03,2
700343,10269.0,1822.0,4525.37,5
700356,25486.0,95.0,5004.31,1
700430,0.0,2255.0,6699.22,2
700474,28311.0,226.0,41855.17,3
700497,37386.0,346.0,7731.71,4
700566,0.0,248.0,2433.02,2
700650,63755.0,1738.0,19884.92,2
700705,0.0,2083.0,8485.39,0
700731,38925.0,244.0,4363.6,4
700748,24345.0,1221.0,8183.59,2
700770,70892.0,2294.0,6089.77,4
700871,58299.0,1100.0,4165.25,6
700918,46298.0,1514.0,6503.22,2
700924,41853.0,472.0,5555.56,4
700958,66146.0,242.0,11243.9,6
701012,54420.0,256.0,3115.7,4
701036,86876.0,1734.0,8139.53,4
701216,35596.0,405.0,5066.63,1
701223,0.0,1043.0,5325.72,4
701235,63110.0,987.0,8590.33,2
701308,37478.0,2058.0,4171.19,4
701391,88858.0,739.0,11255.46,3
701485,32630.0,1010.0,5230.09,4
701617,21509.0,733.0,8888.88,4
701622,0.0,1021.0,5619.97,1
701645,26670.0,316.0,3874.87,4
701708,63774.0,245.0,4376.36,2
701732,24636.0,65.0,5639.4,0
701792,39658.0,734.0,5281.83,1
701803,85751.0,1047.0,3768.37,0
701954,35396.0,554.0,5500.58,4
702005,72354.0,288.0,5783.18,3
702048,0.0,1062.0,3052.63,1
702147,28383.0,351.0,3023.89,3
702161,12439.0,230.0,12624.96,2
702257,0.0,2028.0,6265.34,0
702269,72540.0,415.0,10656.88,4
702284,0.0,1513.0,3489.28,2
702325,71333.0,313.0,3721.06,4
702327,83086.0,1291.0,5670.13,3
702406,41533.0,2403.0,5176.73,1
702478,25950.0,1406.0,7851.9,5
702482,0.0,216.0,1918.12,4
702493,0.0,243.0,4624.62,2
702522,89918.0,1250.0,23207.25,1
702528,46587.0,955.0,41787.9,0
702542,75615.0,971.0,2483.67,4
702588,17622.0,773.0,4458.11,5
702677,0.0,838.0,5411.95,5
702686,0.0,311.0,5173.49,2
702746,56901.0,1888.0,4167.42,2
702800,0.0,2404.0,2288.76,0
702809,0.0,415.0,9538.77,4
702863,33432.0,1864.0,10388.99,5
702868,0.0,2149.0,15144.41,1
702884,65473.0,1392.0,8007.35,5
702915,44368.0,896.0,6366.23,3
702938,28726.0,242.0,4983.9,6
703104,0.0,2381.0,13283.86,2
703109,99159.0,1528.0,15506.93,2
703160,29327.0,95.0,4561.27,0
703249,89061.0,231.0,8188.98,0
703278,76847.0,2463.0,9409.14,2
703338,0.0,42.0,4502.87,1
703374,71587.0,483.0,11955.4,4
703505,90750.0,1143.0,6837.54,1
703507,51524.0,2052.0,19685.41,1
703621,0.0,1634.0,6827.18,2
703711,88375.0,362.0,6186.5,2
703804,0.0,2395.0,35692.17,4
703852,44723.0,2319.0,4975.17,1
703882,0.0,2463.0,4922.17,2
703937,64620.0,1396.0,18073.94,1
703972,0.0,201.0,17497.52,1
704074,0.0,2164.0,4340.09,1
704112,0.0,2055.0,4839.11,2
704149,22711.0,2098.0,25805.27,4
704150,62445.0,1525.0,3921.02,0
704267,0.0,538.0,5110.68,1
704270,73795.0,880.0,9185.03,3
704308,0.0,243.0,5917.47,1
704423,33235.0,1780.0,12751.28,1
704559,64367.0,2463.0,8317.3,2
704600,18064.0,1661.0,2361.88,1
704603,73026.0,1502.0,10781.61,0
704607,0.0,243.0,2444.74,1
704709,18495.0,2421.0,26197.41,4
704835,66676.0,835.0,3919.37,2
704967,57709.0,732.0,5073.28,3
704968,41154.0,1803.0,5701.28,1
705006,35482.0,1788.0,10208.93,3
705020,60233.0,791.0,23208.39,1
705113,13207.0,1154.0,9939.26,2
705196,0.0,1860.0,4101.94,2
705243,26747.0,1433.0,4759.62,1
705262,66670.0,469.0,4625.55,5
705353,0.0,2402.0,8719.13,0
705453,0.0,1464.0,2242.57,2
705490,0.0,221.0,4874.07,0
705496,32330.0,1796.0,6052.0,1
705589,0.0,2414.0,4165.99,1
705633,0.0,186.0,8714.92,1
705641,0.0,1832.0,4221.31,2
705756,78374.0,623.0,16331.43,1
705806,0.0,316.0,3142.88,2
705911,0.0,1625.0,8709.32,2
705980,57709.0,2360.0,5073.28,2
706007,0.0,407.0,2659.71,2
706106,21947.0,939.0,9256.92,2
706125,26906.0,943.0,7330.19,0
706185,44047.0,245.0,5395.43,1
706199,93246.0,185.0,9445.65,1
706425,10334.0,245.0,7284.26,1
706497,94395.0,1762.0,3350.69,4
706510,27501.0,1468.0,2413.14,1
706628,0.0,191.0,4911.77,1
706747,77577.0,150.0,7910.87,3
706792,94304.0,1114.0,2814.21,0
706820,53588.0,893.0,3095.63,4
706876,0.0,339.0,5380.32,1
706884,14906.0,802.0,2511.7,0
706918,12964.0,538.0,4770.55,2
706962,80864.0,1262.0,7322.93,2
706970,0.0,264.0,4788.93,1
707017,0.0,410.0,2585.44,0
707023,89382.0,997.0,9036.66,2
707042,13037.0,2463.0,4726.87,1
707114,88340.0,2204.0,12280.77,0
707146,78441.0,2015.0,12375.02,1
707152,40361.0,450.0,3909.64,0
707273,91774.0,280.0,3226.52,4
707276,53565.0,1411.0,5569.46,5
707424,21499.0,1242.0,10515.97,1
707470,65404.0,2393.0,3942.73,5
707513,70619.0,1344.0,15016.19,1
707557,46900.0,1888.0,2580.85,3
707588,26304.0,946.0,2345.13,4
707592,23665.0,244.0,22658.54,1
707698,55290.0,1608.0,5174.69,1
707699,68665.0,1672.0,5600.5,5
707710,20903.0,299.0,8886.3,0
707716,30817.0,1936.0,3436.13,1
707754,23059.0,811.0,9421.1,2
707762,25918.0,185.0,12022.39,4
707860,0.0,77.0,3021.94,2
707869,61064.0,1553.0,4553.81,2
707967,16972.0,1677.0,9029.71,2
707974,26790.0,421.0,2810.46,2
707999,89771.0,245.0,2688.86,6
708020,62803.0,1314.0,4957.03,4
708151,39841.0,911.0,5646.32,1
708160,0.0,1283.0,6843.85,4
708210,42846.0,2265.0,6480.68,1
708230,33046.0,1875.0,3112.05,4
708258,0.0,482.0,8329.04,4
708271,23904.0,591.0,4334.06,4
708337,28001.0,458.0,6185.97,3
708343,81799.0,1532.0,2719.26,6
708360,22601.0,1048.0,10394.36,2
708373,35457.0,644.0,4169.36,1
708458,79453.0,322.0,4571.61,6
708519,26201.0,954.0,8896.5,4
708539,28582.0,1675.0,13037.03,0
708555,56178.0,144.0,3755.81,2
708566,25125.0,1101.0,5970.82,2
708634,72021.0,2371.0,2499.47,0
708654,78374.0,834.0,16331.43,2
708692,85942.0,2397.0,9114.28,0
708807,56362.0,1041.0,15886.03,2
708892,96745.0,919.0,13815.78,4
708933,64640.0,253.0,2862.73,4
708982,43137.0,1167.0,7761.27,1
709059,53526.0,273.0,5471.83,5
709123,0.0,2247.0,4733.51,2
709212,0.0,1195.0,2142.89,4
709238,0.0,1808.0,12689.43,2
709279,44524.0,2210.0,11044.11,2
709385,51510.0,843.0,4200.37,2
709415,26057.0,931.0,8509.85,1
709472,72421.0,2033.0,2592.44,2
709479,0.0,1126.0,6507.75,1
709499,52198.0,1979.0,2952.36,2
709550,97917.0,2365.0,4928.0,4
709566,67760.0,2036.0,5947.22,1
709595,21150.0,2385.0,9144.86,3
709656,76358.0,310.0,23594.68,3
709659,0.0,2414.0,2302.82,2
709724,0.0,1580.0,29589.94,1
709726,0.0,2463.0,2827.56,1
709747,0.0,1685.0,3339.76,5
709844,41611.0,242.0,5973.98,1
709869,0.0,128.0,5088.69,2
709920,69040.0,2185.0,4327.1,5
709948,68131.0,1250.0,5244.4,2
709982,57029.0,2181.0,16344.61,1
710003,33137.0,1037.0,5644.47,1
710005,12762.0,892.0,3323.86,4
710029,31264.0,2334.0,45708.65,1
710053,23705.0,933.0,4531.37,4
710069,74001.0,2431.0,8476.77,4
710115,0.0,687.0,2396.22,3
710145,0.0,114.0,3341.68,4
710203,77048.0,245.0,4191.97,1
710255,16370.0,1081.0,8467.27,2
710364,0.0,1632.0,10004.03,2
710473,0.0,287.0,5248.98,4
710515,0.0,308.0,13727.8,3
710598,45430.0,326.0,6293.96,2
711129,80744.0,2463.0,13441.01,1
711214,0.0,1223.0,9778.98,2
711248,62088.0,643.0,5083.79,3
711263,26736.0,236.0,2429.28,1
711285,21514.0,935.0,11981.98,1
711319,87123.0,2282.0,8388.72,4
711363,0.0,244.0,4064.11,1
711490,0.0,544.0,4825.26,1
711500,0.0,308.0,8034.52,2
711510,67778.0,1569.0,2566.4,1
711541,98121.0,1489.0,2684.58,1
711552,0.0,1009.0,9718.46,4
711565,92766.0,694.0,20096.89,2
711567,82601.0,1651.0,5308.29,3
711571,43072.0,1601.0,2523.07,1
711577,25714.0,1884.0,5319.84,1
711605,30845.0,193.0,41103.24,0
711625,67840.0,1120.0,9012.92,3
711680,24631.0,876.0,26413.55,1
711775,56980.0,79.0,6689.02,4
711795,0.0,788.0,6647.85,2
711823,27383.0,1101.0,7398.87,4
711853,0.0,281.0,11039.32,1
711864,55663.0,1688.0,6661.18,1
711874,22087.0,1943.0,2335.88,0
712026,0.0,1843.0,6846.15,4
712062,27538.0,862.0,4570.67,1
712114,75690.0,246.0,3235.36,5
712130,28321.0,1506.0,4130.63,1
712132,63867.0,320.0,7069.74,4
712220,22103.0,85.0,6073.24,2
712236,83140.0,485.0,2430.51,1
712248,66152.0,1775.0,4407.97,4
712362,58089.0,919.0,4686.47,4
712426,0.0,1150.0,18399.83,0
712521,63326.0,1189.0,2849.25,4
712584,0.0,271.0,2716.19,4
712590,62902.0,305.0,8256.3,4
712605,70892.0,663.0,6089.77,2
712636,88233.0,243.0,10439.5,4
712874,41671.0,242.0,16261.17,4
713039,31517.0,426.0,6685.8,1
713085,37839.0,688.0,6806.49,5
713094,76358.0,926.0,23594.68,5
713132,32390.0,1678.0,6285.48,5
713236,33157.0,2151.0,9988.79,4
713257,57338.0,774.0,2374.8,1
713299,0.0,261.0,6722.7,3
713329,77678.0,641.0,4685.5,1
713406,35124.0,305.0,21768.7,4
713423,0.0,1089.0,4121.25,1
713465,25198.0,682.0,9112.04,2
713520,0.0,2203.0,2541.52,2
713580,0.0,517.0,4853.53,1
713636,10097.0,1604.0,4212.8,1
713831,0.0,2169.0,9435.54,3
713853,60944.0,722.0,10080.37,5
713981,0.0,299.0,6117.03,4
713998,0.0,1539.0,4549.08,1
714121,40803.0,2360.0,8169.51,2
714123,74454.0,204.0,5595.39,5
714161,85537.0,2229.0,26416.25,4
714163,72608.0,292.0,6521.37,4
714206,21687.0,1901.0,6950.1,4
714270,28343.0,2463.0,5437.44,1
714316,26156.0,314.0,3527.4,3
714379,37433.0,452.0,10820.0,2
714536,87615.0,1717.0,7573.34,4
714555,44388.0,1961.0,4299.84,1
714757,0.0,922.0,6671.77,4
714825,43906.0,1448.0,5157.05,2
714840,59130.0,50.0,33279.77,3
714939,88067.0,2018.0,2819.11,4
714944,0.0,869.0,7636.28,2
714962,11828.0,925.0,10083.49,1
715015,21766.0,1542.0,4884.16,2
715184,0.0,459.0,6715.29,4
715255,83218.0,387.0,2915.65,2
715271,23909.0,1944.0,21569.34,5
715300,63878.0,1092.0,9120.07,2
715369,63223.0,2266.0,2797.76,2
715462,20647.0,2034.0,4792.83,1
715514,68004.0,362.0,5595.76,0
715555,14775.0,242.0,5297.63,1
715640,0.0,2195.0,2681.33,4
715645,0.0,1532.0,4882.07,6
715668,26411.0,54.0,4698.35,4
715678,57446.0,1779.0,7653.28,1
715689,0.0,1015.0,3683.79,3
715764,0.0,881.0,4253.28,0
715792,96917.0,1046.0,17263.64,2
715797,62473.0,62.0,15000.84,4
715817,13215.0,1371.0,5271.37,4
715947,24445.0,2235.0,7268.74,5
716019,33897.0,242.0,9080.64,5
716068,35773.0,2197.0,11030.66,2
716197,14262.0,293.0,3460.67,1
716236,85447.0,243.0,5421.54,4
716294,29305.0,737.0,2641.45,1
716360,77041.0,929.0,3000.44,0
716362,42012.0,2233.0,2484.75,4
716371,56233.0,245.0,9487.72,1
716393,43460.0,1295.0,5065.94,0
716435,23300.0,2463.0,4962.21,1
716533,25198.0,1725.0,9112.04,1
716548,0.0,1744.0,18131.19,1
716589,37256.0,345.0,9816.53,0
716690,0.0,2034.0,8216.39,3
716750,0.0,1981.0,3630.27,4
716785,37995.0,661.0,5597.12,5
716812,81082.0,2427.0,5838.9,1
716863,88233.0,1502.0,10439.5,6
716932,20046.0,2036.0,6766.56,1
716948,99816.0,1985.0,3423.82,2
716961,28463.0,1766.0,8826.96,1
717026,81139.0,1429.0,5946.67,5
717100,0.0,2045.0,1898.68,2
717150,0.0,1424.0,7292.95,1
717229,13624.0,1790.0,27937.75,2
717232,52979.0,2147.0,5794.68,4
717250,47761.0,185.0,10552.17,1
717308,63624.0,1672.0,7712.44,2
717359,0.0,126.0,14666.23,4
717407,21073.0,2198.0,7805.31,5
717459,86721.0,2073.0,8828.83,5
717521,62448.0,1260.0,12913.5,2
717565,72460.0,2372.0,3417.95,1
717632,19066.0,866.0,32144.65,3
717660,0.0,1386.0,4293.01,2
717700,41252.0,1201.0,4315.79,2
717762,34990.0,243.0,2574.02,1
717772,38606.0,242.0,5282.54,4
717780,77362.0,914.0,2796.8,1
717806,0.0,1120.0,4652.91,1
717891,0.0,975.0,12324.27,2
718029,31475.0,2376.0,5068.26,2
718031,0.0,2287.0,4639.04,1
718199,0.0,192.0,7627.03,1
718227,0.0,2319.0,24238.66,4
718409,0.0,2191.0,6039.02,1
718454,55308.0,177.0,8415.68,5
718491,76530.0,401.0,27279.34,4
718516,67197.0,516.0,8481.31,3
718655,52785.0,260.0,2452.74,1
718745,0.0,731.0,9295.41,2
718752,0.0,1153.0,21404.36,1
718764,0.0,1109.0,8276.44,1
718887,0.0,1746.0,4734.26,4
718922,0.0,826.0,2822.73,4
718962,86933.0,1002.0,2535.27,1
718972,22775.0,1712.0,13599.92,1
719135,13663.0,1939.0,25464.82,2
719162,24164.0,243.0,10972.07,1
719192,83208.0,1782.0,5459.22,2
719213,71737.0,1883.0,6333.03,2
719242,64341.0,912.0,2435.15,4
719300,21927.0,234.0,25002.02,4
719383,70828.0,2107.0,5028.58,3
719576,36168.0,202.0,3549.02,0
719633,27608.0,758.0,4250.78,2
719673,25261.0,2201.0,4517.91,1
719706,35482.0,2057.0,10208.93,4
719719,0.0,211.0,5028.74,3
719736,60880.0,1727.0,14435.67,1
719824,72786.0,1833.0,24610.78,4
719850,65726.0,2273.0,14226.5,1
720007,0.0,2193.0,4697.15,2
720079,34990.0,581.0,2574.02,5
720131,88340.0,42.0,12280.77,2
720146,68931.0,197.0,5332.46,4
720178,26540.0,2463.0,2648.47,2
720197,0.0,1895.0,7577.07,1
720300,82189.0,994.0,3748.99,2
720465,15648.0,2172.0,5505.17,4
720514,55897.0,2283.0,4165.17,5
720536,0.0,242.0,6852.0,2
720557,96506.0,921.0,10110.96,4
720626,0.0,322.0,3664.22,2
720765,52266.0,1115.0,2665.45,1
720939,0.0,961.0,21423.64,4
721088,64604.0,625.0,5363.53,1
721225,58484.0,1165.0,3498.77,4
721300,53173.0,777.0,8736.5,4
721364,67798.0,2215.0,5548.03,4
721366,77058.0,247.0,20215.39,2
721372,65726.0,1108.0,14226.5,5
721377,0.0,1473.0,2224.09,2
721406,48245.0,2427.0,13995.69,4
721423,0.0,2296.0,3455.17,4
721437,0.0,494.0,2396.22,4
721438,77237.0,967.0,4045.34,4
721456,26057.0,242.0,8509.85,4
721494,92850.0,473.0,20395.97,2
721639,0.0,949.0,2713.56,2
721664,63860.0,957.0,2472.47,4
721688,51643.0,1342.0,11009.13,1
721707,0.0,2184.0,15102.23,4
721713,0.0,1108.0,8324.23,1
721786,21144.0,699.0,6645.93,1
721973,0.0,1556.0,11905.07,1
721984,37709.0,643.0,4558.97,3
722003,16181.0,816.0,13736.13,1
722089,79297.0,551.0,2569.69,4
722120,0.0,898.0,11274.91,1
722169,10237.0,1608.0,2620.6,2
722324,36685.0,1898.0,5923.21,2
722368,88340.0,1748.0,12280.77,0
722399,0.0,2048.0,2485.89,0
722518,40901.0,728.0,2956.36,2
722538,21246.0,771.0,3311.16,1
722566,29193.0,1640.0,4723.45,4
722629,67486.0,1332.0,4757.24,4
722976,16764.0,792.0,4617.39,2
722988,64431.0,2107.0,2941.83,3
723015,16367.0,1261.0,7259.33,4
723055,37406.0,2366.0,4864.53,3
723061,0.0,1252.0,6081.05,1
723091,0.0,755.0,6237.51,0
723112,59414.0,1710.0,7288.3,2
723186,88997.0,661.0,5757.44,4
723208,18746.0,169.0,2590.21,2
723262,58842.0,62.0,4362.93,5
723298,69959.0,1919.0,7553.23,2
723347,0.0,629.0,7713.82,2
723390,30383.0,1513.0,4655.21,2
723438,33345.0,38.0,7375.57,1
723457,0.0,329.0,6650.46,4
723476,48088.0,1435.0,7469.56,0
723591,29038.0,1546.0,2693.66,0
723672,0.0,1145.0,6305.93,4
723691,50407.0,862.0,18380.39,2
723707,84869.0,214.0,6883.69,5
723715,43543.0,170.0,6008.18,4
723820,77135.0,471.0,6514.43,2
723912,0.0,308.0,9780.85,3
723968,72786.0,614.0,24610.78,3
723969,0.0,42.0,2856.95,4
723978,37273.0,1479.0,3499.14,4
724028,25151.0,565.0,2754.46,4
724033,0.0,675.0,3261.02,4
724071,37675.0,314.0,5704.68,4
724139,30895.0,1475.0,7126.47,1
724168,0.0,727.0,2374.81,1
724222,65351.0,1040.0,2799.75,5
724272,92296.0,2276.0,2759.98,4
724378,29462.0,1487.0,4170.69,1
724414,24423.0,782.0,5272.93,1
724424,32314.0,2362.0,3677.78,2
724435,56342.0,902.0,2674.73,4
724510,25915.0,100.0,4996.56,4
724513,43440.0,137.0,5906.94,4
724599,22976.0,2463.0,4900.55,2
724626,0.0,451.0,6473.33,1
724660,81531.0,2463.0,5411.94,2
724720,0.0,1534.0,4713.4,2
724723,0.0,550.0,3028.78,1
724781,33190.0,2141.0,33473.35,5
724818,63259.0,1428.0,5233.99,1
724979,82166.0,376.0,5189.29,0
724987,24914.0,544.0,2615.3,3
724989,23032.0,2040.0,7094.17,2
725004,44299.0,311.0,11121.62,4
725086,76590.0,591.0,7887.96,1
725100,29735.0,1610.0,2453.57,1
725120,27778.0,1135.0,12904.94,1
725129,23815.0,1610.0,8257.67,2
725182,88891.0,1832.0,7255.95,1
725294,61486.0,1923.0,5627.3,4
725326,0.0,2373.0,3272.01,2
725413,73759.0,2140.0,9102.9,5
725510,60662.0,595.0,8084.85,1
725575,13199.0,2395.0,3605.97,0
725580,54500.0,104.0,5018.89,1
725705,46143.0,1399.0,4794.93,2
725795,27339.0,1843.0,10626.81,1
725807,59662.0,842.0,3410.2,4
725835,32184.0,1712.0,16224.54,4
725962,21499.0,131.0,10515.97,2
726065,37256.0,1633.0,9816.53,2
726077,54000.0,105.0,2644.68,1
726139,26583.0,1943.0,4821.42,5
726268,35133.0,1054.0,12232.78,2
726309,0.0,239.0,2563.58,1
726472,0.0,242.0,8532.72,1
726499,0.0,767.0,13197.93,2
726544,32260.0,515.0,9009.22,3
726684,26806.0,1222.0,7019.18,3
726688,12470.0,913.0,11435.23,1
726701,92983.0,2414.0,10536.08,1
726732,0.0,881.0,4740.2,0
726735,0.0,584.0,6870.61,1
726848,76505.0,1825.0,7933.82,0
726873,20799.0,1342.0,28328.47,3
726932,0.0,925.0,2150.18,5
726980,69114.0,187.0,8184.59,4
727047,0.0,129.0,5849.32,1
727053,60260.0,243.0,5272.7,4
727072,60642.0,47.0,10660.9,4
727091,33190.0,245.0,33473.35,0
727095,0.0,704.0,8491.47,2
727175,12811.0,1076.0,5253.49,4
727179,91757.0,61.0,2745.13,1
727197,26991.0,2463.0,4260.34,2
727348,62477.0,626.0,21590.44,1
727363,84493.0,242.0,3705.29,0
727415,0.0,903.0,2393.92,0
727428,89410.0,243.0,2946.0,4
727446,52819.0,836.0,4880.71,1
727497,20814.0,616.0,2784.91,0
727507,0.0,549.0,2452.36,2
727573,0.0,1247.0,19045.5,2
727595,33799.0,2345.0,15488.43,1
727648,40864.0,1367.0,4282.95,1
727686,25147.0,907.0,3600.93,0
727847,40117.0,2299.0,12692.67,1
727873,0.0,358.0,2064.46,5
727952,23986.0,226.0,4724.79,5
728009,35005.0,192.0,34931.0,5
728021,73054.0,1833.0,12741.85,2
728043,34819.0,420.0,4829.57,4
728085,56502.0,1786.0,2955.5,4
728135,0.0,2253.0,7469.15,4
728228,62634.0,1349.0,13776.74,1
728302,0.0,1208.0,14181.64,1
728316,46435.0,244.0,3245.33,1
728386,0.0,81.0,11836.3,4
728486,0.0,1360.0,2563.86,1
728563,56761.0,423.0,2891.73,2
728568,60970.0,2330.0,26338.59,4
728586,93087.0,249.0,5227.1,1
728655,0.0,1769.0,4548.29,2
728679,33947.0,1229.0,2599.29,1
728687,69772.0,245.0,8725.29,0
728748,60445.0,400.0,5221.14,4
728818,86451.0,244.0,5191.45,3
728837,20978.0,1445.0,3508.57,3
729084,81400.0,2340.0,16699.46,2
729094,84240.0,1118.0,5330.59,3
729154,72503.0,1212.0,12341.83,1
729161,0.0,489.0,7411.81,1
729173,47346.0,1627.0,2548.84,2
729205,23827.0,874.0,7762.59,5
729293,87544.0,188.0,8685.92,2
729394,20819.0,1022.0,8168.71,2
729418,72014.0,110.0,2895.21,1
729444,79751.0,240.0,2551.23,1
729518,21385.0,864.0,4953.09,1
729537,34923.0,2311.0,11264.36,1
729542,67735.0,242.0,7096.6,1
729561,82601.0,326.0,5308.29,4
729581,59848.0,1833.0,5905.97,7
729677,23939.0,1157.0,6153.39,1
729752,63774.0,2413.0,4376.36,4
729762,70999.0,291.0,5059.99,3
729805,89057.0,513.0,31642.1,2
730008,56875.0,2305.0,6676.73,1
730088,62396.0,2098.0,4219.02,2
730214,20309.0,1615.0,20936.33,1
730246,21104.0,335.0,2572.51,1
730370,0.0,256.0,16963.84,2
730388,0.0,2434.0,3907.03,0
730561,0.0,171.0,2480.39,2
730641,76839.0,1529.0,5503.44,3
730715,26313.0,1451.0,6852.36,3
730726,0.0,1864.0,7952.84,2
730737,20392.0,1145.0,5608.17,4
730742,23840.0,383.0,5070.35,4
730748,23129.0,242.0,7880.34,4
730768,32869.0,243.0,20120.56,0
730771,0.0,2379.0,5313.47,0
730795,0.0,553.0,24258.71,2
730901,62579.0,100.0,2885.33,0
731001,48295.0,447.0,4913.12,4
731160,66991.0,1852.0,4582.9,2
731238,79619.0,1131.0,5544.91,2
731254,0.0,109.0,2659.71,3
731286,86205.0,2463.0,17776.82,3
731373,76157.0,45.0,4669.23,3
731494,58300.0,1327.0,3758.95,4
731510,16997.0,2286.0,2174.11,0
731540,25222.0,2463.0,6554.22,5
731593,32802.0,1660.0,4525.28,5
731696,69379.0,497.0,4118.59,2
731819,0.0,610.0,3288.66,4
731958,0.0,315.0,2308.47,1
732009,97131.0,1971.0,5181.62,2
732013,79583.0,1210.0,4361.37,1
732081,0.0,1641.0,7754.67,3
732113,12222.0,406.0,2461.8,0
732144,90893.0,652.0,2837.11,0
732213,18495.0,703.0,26197.41,3
732231,61347.0,1385.0,21101.21,1
732304,69451.0,260.0,5715.79,4
732362,10787.0,2304.0,4995.17,1
732368,59965.0,2334.0,10541.11,1
732377,56202.0,98.0,8571.48,1
732488,24982.0,1098.0,7613.05,0
732524,38676.0,1232.0,8586.8,3
732602,37256.0,603.0,9816.53,1
732606,68022.0,2034.0,8209.6,2
732694,0.0,518.0,16468.22,1
732808,0.0,815.0,18708.76,4
732813,35095.0,1581.0,16979.8,4
732862,71551.0,2463.0,2476.59,4
732863,51008.0,1430.0,11772.79,1
732880,44938.0,261.0,7373.23,1
733046,0.0,2077.0,4455.84,2
733096,39007.0,2316.0,12521.42,2
733181,70258.0,933.0,8293.48,1
733226,34847.0,245.0,5754.75,2
733324,36650.0,1026.0,2725.36,5
733338,66676.0,245.0,3919.37,0
733350,31998.0,2246.0,2710.81,3
733370,50825.0,1538.0,8092.88,1
733434,24239.0,152.0,7039.26,5
733467,36007.0,242.0,25093.57,0
733497,59624.0,290.0,9156.32,4
733515,21604.0,158.0,3096.51,5
733582,54010.0,732.0,2734.44,4
733601,0.0,109.0,4637.54,4
733603,97245.0,1771.0,8323.07,1
733608,83846.0,1296.0,8717.05,5
733627,73935.0,539.0,2553.67,5
733658,0.0,720.0,4605.27,5
733693,57161.0,1841.0,5121.84,4
733728,34179.0,188.0,12519.8,4
733746,0.0,812.0,5171.27,4
733889,69674.0,1369.0,7536.07,0
733903,50494.0,885.0,27542.37,1
733906,36357.0,1317.0,5363.08,2
733907,31189.0,90.0,14244.73,2
734035,22565.0,1843.0,5110.76,1
734077,31710.0,1824.0,2420.71,2
734119,89797.0,243.0,4315.67,2
734192,22571.0,1085.0,4605.04,6
734224,20290.0,323.0,9079.82,4
734226,40001.0,2309.0,8286.96,5
734307,66334.0,1479.0,5454.59,2
734458,25385.0,688.0,2555.52,3
734459,39448.0,1144.0,7993.0,1
734490,48875.0,1782.0,2436.88,5
734556,29057.0,244.0,8178.24,2
734647,45743.0,269.0,11280.73,0
734727,0.0,1250.0,6778.84,4
734752,67969.0,1504.0,8852.69,1
734791,0.0,329.0,11196.46,3
734801,0.0,939.0,3567.5,1
734824,0.0,996.0,5009.81,2
734838,21853.0,1192.0,6555.36,4
734880,18213.0,2000.0,3593.13,0
734938,36710.0,244.0,3700.68,7
734952,93893.0,408.0,5386.97,1
735000,0.0,287.0,9538.77,0
735038,0.0,1622.0,19045.5,4
735171,61709.0,245.0,6410.97,1
735263,0.0,961.0,18892.2,2
735266,57693.0,1102.0,5979.72,2
735304,28142.0,755.0,3873.65,5
735341,0.0,1083.0,10461.58,4
735515,46833.0,2203.0,8902.74,1
735605,47274.0,281.0,6636.86,5
735627,38893.0,857.0,2779.85,2
735666,22373.0,1970.0,8835.16,2
735676,41163.0,535.0,8665.96,5
735770,85510.0,511.0,6006.21,1
735790,52920.0,1001.0,7325.89,2
735846,86657.0,2313.0,4109.79,1
735964,90083.0,1895.0,2861.72,2
735966,24641.0,467.0,2311.38,5
736004,20396.0,236.0,6047.03,1
736109,49088.0,1692.0,7704.25,5
736219,0.0,41.0,15725.25,2
736220,15505.0,44.0,21480.82,1
736258,0.0,88.0,3123.08,1
736389,69678.0,1612.0,5021.69,3
736414,0.0,1713.0,2352.37,4
736459,39381.0,2130.0,5894.91,1
736504,32918.0,2301.0,6631.67,1
736518,70610.0,2367.0,7950.57,4
736615,26161.0,928.0,4064.67,2
736646,44788.0,1045.0,7285.03,2
736685,79655.0,1580.0,23984.62,0
736813,57338.0,166.0,5291.4,2
736829,21975.0,2126.0,3703.93,1
736970,0.0,1401.0,2383.73,1
737027,63035.0,2463.0,49221.43,2
737221,0.0,244.0,5156.07,5
737451,58467.0,2236.0,7771.02,4
737474,51814.0,1914.0,3517.39,1
737477,76381.0,913.0,9337.9,4
737509,0.0,411.0,2510.59,4
737519,0.0,1639.0,7238.5,1
737534,41727.0,712.0,23055.57,4
737542,0.0,1827.0,20842.6,2
737602,31409.0,145.0,11154.68,1
737604,33190.0,2368.0,33473.35,4
737676,0.0,51.0,2215.91,2
737755,80306.0,1155.0,2844.85,3
737756,0.0,1815.0,7984.09,5
737764,41990.0,1405.0,2626.28,1
737791,0.0,1794.0,4722.24,1
737842,0.0,1937.0,20579.69,4
737906,62074.0,819.0,5278.2,3
737940,84493.0,803.0,3705.29,4
737949,41273.0,659.0,3087.25,2
738005,48602.0,780.0,5616.85,4
738096,33799.0,1657.0,15488.43,5
738141,39854.0,538.0,5217.51,4
738204,45329.0,919.0,4954.29,2
738253,39102.0,39.0,10481.94,5
738279,19189.0,958.0,8281.74,1
738320,0.0,2240.0,2310.88,5
738332,67099.0,868.0,5469.54,2
738427,21497.0,721.0,4983.18,2
738431,27229.0,1769.0,18745.4,3
738432,30110.0,776.0,6262.66,1
738435,92600.0,1728.0,3764.47,5
738459,46900.0,1082.0,2580.85,5
738467,0.0,1870.0,3451.1,1
738473,11432.0,1638.0,13466.92,0
738567,40516.0,90.0,2728.84,3
738597,88701.0,1046.0,3963.39,1
738651,18846.0,510.0,9034.31,5
738652,41878.0,796.0,5619.65,3
738732,0.0,408.0,2453.34,4
738874,55561.0,355.0,7433.82,5
738890,0.0,802.0,11836.3,6
739005,92296.0,874.0,2759.98,0
739021,0.0,566.0,11232.98,0
739084,43860.0,2279.0,2514.59,1
739138,0.0,774.0,2630.01,4
739227,32006.0,190.0,29328.04,1
739284,58172.0,1993.0,8104.43,6
739345,45039.0,1592.0,23207.27,5
739352,0.0,1898.0,18898.33,3
739513,0.0,260.0,9031.21,4
739617,0.0,351.0,11814.48,1
739684,35434.0,171.0,7992.78,2
739704,58139.0,1382.0,2609.83,2
739767,83210.0,31.0,8733.53,5
739781,0.0,2086.0,29037.48,4
739808,0.0,1149.0,14635.45,6
739820,59649.0,2296.0,5562.46,2
739933,70012.0,2412.0,4794.12,1
740025,40870.0,1627.0,12731.95,2
740063,33992.0,1456.0,29676.81,3
740083,73692.0,2251.0,24338.51,2
740090,34990.0,1347.0,2574.02,1
740105,73661.0,2050.0,10280.81,2
740326,26057.0,80.0,8509.85,2
740349,25820.0,245.0,3265.16,1
740407,22907.0,99.0,6928.6,1
740422,0.0,2032.0,29412.29,1
740509,95697.0,181.0,2471.53,2
740577,86801.0,2229.0,11820.11,1
740603,25398.0,538.0,5878.45,0
740608,26714.0,1096.0,6913.57,7
740703,34759.0,1502.0,2437.08,4
740754,34612.0,514.0,10834.87,2
740762,89642.0,1150.0,4719.45,1
740763,20053.0,1085.0,17085.41,3
740814,89411.0,1276.0,6298.18,1
740918,31093.0,197.0,2482.2,4
740992,43671.0,1727.0,5329.08,1
741031,39854.0,1494.0,5217.51,2
741138,24213.0,552.0,24709.6,1
741244,73597.0,133.0,13110.55,0
741313,70524.0,1765.0,5794.57,0
741384,38667.0,34.0,2487.65,4
741421,0.0,1539.0,8002.31,5
741422,0.0,2190.0,7495.68,4
741428,40171.0,574.0,4883.34,1
741470,24290.0,842.0,6459.64,1
741483,90034.0,1432.0,4528.74,5
741657,0.0,2340.0,7542.71,1
741677,0.0,904.0,2987.95,2
741700,0.0,2299.0,5435.77,5
741725,25820.0,1473.0,3265.16,1
741801,14710.0,2265.0,24186.24,0
741842,47611.0,2364.0,5484.59,1
741848,32437.0,777.0,2748.85,4
741892,23726.0,579.0,5714.17,1
741926,0.0,76.0,29706.78,4
742002,0.0,960.0,3915.8,1
742009,58361.0,2037.0,15265.81,1
742062,22236.0,1419.0,4876.32,2
742064,0.0,357.0,2600.64,1
742281,21102.0,2219.0,11714.78,1
742319,48328.0,531.0,5012.08,1
742321,49078.0,1154.0,22332.44,4
742356,0.0,2463.0,5936.01,1
742359,28248.0,200.0,3536.43,5
742493,37273.0,1882.0,3499.14,3
742509,17193.0,1620.0,2506.26,4
742612,0.0,868.0,5303.76,1
742666,0.0,66.0,17771.55,1
742669,52389.0,1963.0,5659.14,2
742673,54378.0,153.0,2637.6,6
742732,48448.0,1898.0,20230.97,2
742749,45949.0,2368.0,2404.46,2
742822,26049.0,498.0,8533.83,1
742854,0.0,491.0,4762.82,2
742886,70340.0,1362.0,4528.5,1
743001,65085.0,595.0,4111.89,2
743018,66030.0,1053.0,2778.32,2
743108,0.0,129.0,2332.1,4
743121,84229.0,2148.0,3934.71,1
743241,28142.0,1081.0,3873.65,0
743256,51001.0,2118.0,7842.38,4
743257,0.0,245.0,13668.36,5
743263,81839.0,909.0,5207.99,2
743320,0.0,288.0,7511.66,1
743335,0.0,96.0,7212.52,2
743481,79780.0,29.0,8277.64,5
743510,0.0,954.0,4196.65,2
743610,43860.0,2272.0,2514.59,5
743734,82157.0,1864.0,7531.7,2
743766,28743.0,319.0,8716.37,4
743768,93752.0,905.0,5146.9,0
743798,0.0,1100.0,9031.21,1
743835,0.0,2105.0,8426.06,2
743849,63032.0,1989.0,2405.62,4
743879,28666.0,902.0,4770.74,2
743953,22044.0,85.0,7405.42,2
744117,96306.0,410.0,7519.13,1
744135,73847.0,738.0,2935.99,2
744138,91368.0,1423.0,2864.54,1
744181,0.0,348.0,35984.1,2
744204,47761.0,1501.0,10552.17,5
744228,29815.0,66.0,10960.94,4
744234,0.0,1269.0,6732.97,1
744304,82377.0,1389.0,6627.15,2
744320,18150.0,330.0,10215.78,2
744406,28128.0,298.0,5497.66,4
744441,31477.0,242.0,7516.83,2
744528,98044.0,1098.0,8923.15,2
744567,75685.0,896.0,2927.07,1
744608,60909.0,1957.0,8932.32,4
744612,69090.0,1216.0,11085.88,4
744675,39426.0,1421.0,4521.19,1
744698,25632.0,330.0,4929.55,1
744711,0.0,247.0,8150.57,2
744731,33243.0,60.0,3344.81,2
744746,0.0,26.0,21159.3,2
744778,33043.0,2114.0,3801.75,5
744789,82611.0,311.0,2893.74,4
744837,76731.0,242.0,2582.41,2
744860,24910.0,1000.0,5470.18,4
745028,0.0,131.0,15610.9,3
745080,0.0,77.0,5007.22,2
745290,42650.0,2463.0,5461.97,3
745336,29111.0,244.0,4791.08,4
745354,0.0,251.0,22062.55,2
745383,28647.0,272.0,5133.4,0
745420,83283.0,1372.0,15055.54,1
745454,49648.0,161.0,2755.75,5
745565,26806.0,242.0,7019.18,2
745600,92509.0,1445.0,5768.83,1
745636,0.0,504.0,3256.77,1
745668,58843.0,2390.0,8018.5,4
745729,67423.0,1097.0,5225.25,4
745738,0.0,688.0,4863.27,4
745769,53808.0,968.0,6978.72,2
745792,39337.0,805.0,5732.69,0
745811,41396.0,1060.0,5640.02,1
745830,94943.0,2463.0,2780.73,1
745870,88592.0,90.0,18321.42,1
745901,0.0,260.0,2522.41,1
745908,96170.0,1707.0,3694.14,1
745920,0.0,545.0,13727.8,1
745938,55217.0,2463.0,8476.81,2
746031,39891.0,1008.0,47155.63,1
746060,0.0,1715.0,4167.09,2
746061,49078.0,1020.0,22332.44,2
746171,31006.0,2105.0,5260.62,4
746226,43177.0,347.0,4089.04,2
746235,0.0,93.0,6732.2,4
746296,0.0,1194.0,16320.77,1
746314,0.0,244.0,2727.74,4
746377,81799.0,155.0,2719.26,4
746385,97026.0,140.0,5876.37,3
746402,0.0,1450.0,3688.11,1
746502,0.0,305.0,6328.18,4
746520,0.0,1344.0,2370.62,1
746536,25630.0,2386.0,3016.44,2
746554,0.0,1212.0,2858.99,4
746580,23940.0,244.0,8237.04,5
746677,60445.0,1497.0,5221.14,3
746772,79663.0,2262.0,2772.44,1
746796,36067.0,430.0,9378.63,2
746807,81850.0,1028.0,5275.06,2
746837,62873.0,2206.0,3230.58,3
746853,32437.0,92.0,2748.85,2
746863,54050.0,54.0,4746.76,4
747187,72211.0,756.0,2906.3,4
747227,89948.0,69.0,13081.31,4
747304,41167.0,2370.0,4617.84,2
747315,0.0,1669.0,3834.21,0
747339,51066.0,1191.0,5780.18,1
747395,16049.0,2350.0,3587.36,3
747483,0.0,163.0,4858.07,4
747509,52774.0,406.0,7529.86,4
747571,23867.0,2181.0,2556.61,4
747578,0.0,1668.0,25585.73,5
747604,0.0,239.0,3858.87,4
747609,86946.0,1137.0,9438.92,5
747655,34835.0,2463.0,6981.08,2
747668,88944.0,898.0,2909.55,4
747681,30706.0,1668.0,3286.44,1
747704,75952.0,1777.0,5866.07,2
747759,77357.0,633.0,5229.74,2
747816,69247.0,1003.0,4872.77,1
747926,26409.0,933.0,5686.74,1
747939,34621.0,989.0,8595.67,5
747993,0.0,671.0,4774.75,2
748019,0.0,2103.0,1994.77,0
748033,81580.0,285.0,8106.22,1
748055,0.0,521.0,2203.44,2
748105,43947.0,242.0,6817.43,0
748174,0.0,711.0,6986.6,1
748198,25239.0,1419.0,7995.41,4
748286,0.0,243.0,5153.92,4
748299,46546.0,1220.0,27890.06,6
748586,31723.0,243.0,7492.16,0
748635,0.0,2040.0,11513.16,1
748649,30817.0,1025.0,3436.13,2
748682,0.0,1034.0,8140.0,0
748701,0.0,686.0,3545.41,4
748717,27568.0,264.0,5394.0,2
748810,47778.0,516.0,7606.71,4
748831,23712.0,244.0,4281.06,1
748890,44190.0,618.0,5938.51,6
748914,99180.0,41.0,8543.25,1
749033,24186.0,2161.0,2478.24,2
749112,0.0,193.0,6613.97,5
749212,52583.0,607.0,8879.79,4
749257,0.0,36.0,7952.84,4
749328,23218.0,930.0,5514.34,1
749362,29550.0,243.0,4456.02,1
749418,30786.0,763.0,10442.43,2
749430,46587.0,1078.0,41787.9,0
749441,16654.0,1475.0,6106.94,4
749459,67796.0,562.0,5339.49,2
749566,74092.0,255.0,5317.81,1
749684,0.0,570.0,2628.17,2
749705,43367.0,2022.0,4690.79,0
749801,82758.0,1641.0,4050.28,1
749817,0.0,2152.0,2434.09,2
749827,0.0,415.0,2147.66,0
749883,99759.0,1262.0,10314.52,2
749972,37224.0,257.0,8742.47,0
750130,24414.0,1224.0,16525.38,1
750152,81082.0,1958.0,5838.9,3
750153,33806.0,243.0,27789.69,6
750154,52653.0,245.0,3193.46,4
750162,37384.0,338.0,4014.45,3
750171,0.0,1914.0,8304.69,4
750199,21897.0,1135.0,21418.36,2
750247,29227.0,369.0,5897.56,4
750280,36639.0,2383.0,7423.9,4
750300,77031.0,1024.0,5033.69,2
750324,40921.0,2209.0,2435.54,2
750384,29460.0,1440.0,5754.85,1
750454,69555.0,242.0,3673.53,1
750457,94362.0,217.0,2957.1,1
750578,23124.0,1529.0,4372.49,2
750649,79751.0,1009.0,2551.23,6
750665,0.0,2332.0,12476.65,1
750688,31278.0,1886.0,3528.04,0
750710,28447.0,1424.0,5259.71,6
750739,60752.0,2020.0,5356.14,4
750776,29560.0,245.0,4935.19,1
750862,49734.0,1997.0,8319.12,2
750893,28513.0,760.0,15114.4,2
750922,52679.0,186.0,4964.63,1
750955,88768.0,1720.0,5499.45,1
750974,43386.0,809.0,2731.4,6
751223,33871.0,377.0,15978.91,4
751270,71445.0,245.0,2749.41,1
751351,49390.0,1671.0,7835.93,2
751594,0.0,655.0,3223.22,4
751602,26049.0,1987.0,9102.27,1
751612,40215.0,984.0,5066.83,4
751616,18375.0,257.0,3954.34,1
751628,0.0,1842.0,5162.37,1
751664,23158.0,2181.0,7034.35,4
751718,95621.0,696.0,20474.15,1
751779,0.0,1574.0,11885.97,4
751820,39854.0,677.0,5217.51,4
751823,62018.0,2211.0,2887.78,2
751824,53519.0,2463.0,4472.33,1
751829,0.0,836.0,4966.74,1
751990,25927.0,2109.0,3933.81,2
752047,78618.0,315.0,2619.34,4
752107,89451.0,1576.0,2530.71,5
752140,97245.0,1922.0,8323.07,5
752217,71941.0,634.0,23405.99,1
752259,56480.0,1019.0,10330.44,3
752274,32931.0,1764.0,2435.69,2
752331,73604.0,1398.0,4592.15,4
752462,97095.0,2021.0,5625.31,2
752548,79814.0,463.0,5017.85,6
752580,0.0,546.0,2500.24,1
752609,17950.0,1395.0,8066.07,1
752663,19614.0,2331.0,16301.97,3
752688,25617.0,1324.0,4556.07,4
752704,22404.0,1056.0,5309.44,1
752729,0.0,753.0,2682.91,3
752826,0.0,1943.0,8166.88,4
752874,24732.0,1882.0,4122.96,2
752885,38713.0,2463.0,4834.71,1
753038,55436.0,675.0,10706.67,2
753089,88059.0,1603.0,2560.08,3
753141,88359.0,256.0,5823.16,1
753149,21594.0,2387.0,5206.76,1
753219,51643.0,1606.0,11009.13,1
753306,0.0,187.0,3011.27,4
753452,22490.0,1199.0,7126.26,0
753456,72334.0,450.0,10103.65,0
753473,11904.0,2003.0,4254.62,1
753533,31911.0,2019.0,2620.17,4
753637,99612.0,494.0,2855.69,0
753814,62464.0,1276.0,8658.86,1
753864,48587.0,171.0,40224.01,5
753887,17101.0,1037.0,12298.69,5
753977,0.0,243.0,4270.03,1
753987,17622.0,2309.0,4458.11,1
753994,18846.0,2350.0,9034.31,1
754042,84376.0,2158.0,15417.73,3
754163,0.0,302.0,2356.07,4
754175,20993.0,500.0,4772.94,1
754264,0.0,1234.0,4645.84,2
754292,57693.0,1765.0,5979.72,1
754338,46896.0,1984.0,4951.66,1
754416,0.0,518.0,14274.55,4
754436,63633.0,538.0,5391.78,4
754517,23577.0,1179.0,7699.63,4
754539,0.0,938.0,4467.71,4
754599,83392.0,1203.0,13464.6,1
754774,0.0,1302.0,4642.02,4
754850,91147.0,243.0,8563.97,0
754936,0.0,142.0,3731.5,0
755014,20009.0,2292.0,9688.33,0
755015,0.0,155.0,2242.24,2
755070,18375.0,2463.0,3954.34,2
755073,18047.0,677.0,36293.15,0
755082,63326.0,1038.0,8935.27,1
755145,99790.0,83.0,17786.28,2
755276,20993.0,918.0,4772.94,5
755290,0.0,757.0,21423.64,1
755337,38910.0,1583.0,9426.38,1
755362,30814.0,527.0,6889.62,4
755367,0.0,1375.0,2175.74,5
755374,79189.0,1412.0,2878.77,0
755406,92653.0,1492.0,6674.46,1
755533,0.0,1697.0,2396.22,4
755538,26540.0,1058.0,5229.68,4
755582,34865.0,242.0,2734.15,0
755668,0.0,1583.0,31215.69,4
755759,21506.0,974.0,11660.57,1
755867,35973.0,820.0,19259.84,7
755977,72794.0,1217.0,51337.91,1
756043,37256.0,2463.0,9816.53,2
756065,0.0,1034.0,8556.42,1
756280,0.0,243.0,28435.64,2
756317,0.0,505.0,9095.74,5
756341,58776.0,910.0,6412.37,4
756355,0.0,1554.0,9032.37,2
756481,0.0,1022.0,3059.06,4
756496,74057.0,2296.0,4303.64,2
756515,62474.0,1806.0,5089.69,1
756526,69841.0,2265.0,15417.68,2
756543,23449.0,733.0,4841.06,2
756559,61987.0,2463.0,5021.15,6
756592,0.0,2463.0,6199.96,4
756636,0.0,237.0,5060.3,1
756646,85840.0,1148.0,8205.39,5
756663,33201.0,70.0,2651.62,1
756668,97541.0,1652.0,5802.07,1
756791,0.0,1961.0,4639.04,5
756833,58414.0,1916.0,7840.17,1
756862,10384.0,1632.0,11469.63,4
756867,0.0,739.0,7587.34,2
756891,0.0,1464.0,12097.91,1
756892,94648.0,1134.0,2744.52,1
756907,61987.0,666.0,5021.15,4
756928,71391.0,1174.0,8044.87,5
756929,0.0,1616.0,3709.92,4
756967,0.0,2391.0,9904.98,4
756973,36839.0,408.0,4862.91,0
757010,75615.0,1111.0,2483.67,2
757041,49851.0,1067.0,8334.32,2
757047,37384.0,667.0,4014.45,2
757060,97541.0,663.0,5802.07,5
757127,83208.0,26.0,5459.22,4
757270,0.0,244.0,4737.87,5
757387,62873.0,1307.0,3230.58,0
757416,28727.0,2360.0,13270.94,2
757420,23893.0,1526.0,2902.62,0
757446,0.0,2043.0,4130.38,0
757547,37256.0,913.0,9816.53,4
757634,66943.0,984.0,5178.7,5
757691,68931.0,676.0,5332.46,2
757696,78965.0,2310.0,22195.8,2
757704,0.0,103.0,7821.19,2
757834,41463.0,1388.0,17569.16,3
757879,31739.0,686.0,14019.83,2
757885,91512.0,1622.0,7647.45,4
757938,25854.0,610.0,4860.62,5
758113,0.0,777.0,5886.22,1
758165,0.0,16.0,2160.92,4
758210,28120.0,956.0,8560.16,3
758262,24191.0,763.0,3215.2,4
758322,0.0,2303.0,10255.8,3
758328,64692.0,201.0,8435.18,1
758372,0.0,724.0,4786.05,2
758389,0.0,1411.0,3040.25,5
758432,34200.0,1837.0,2750.54,3
758635,66676.0,193.0,3919.37,4
758656,0.0,621.0,3342.18,2
758695,55986.0,704.0,9549.11,4
758738,0.0,2025.0,2499.41,4
758789,0.0,440.0,19504.47,5
758840,58851.0,2207.0,18943.27,4
758927,38984.0,430.0,8591.6,5
759017,82664.0,805.0,8838.09,2
759093,27383.0,2001.0,7398.87,0
759132,0.0,509.0,5366.78,1
759223,27681.0,444.0,6057.07,4
759310,64559.0,102.0,19597.06,4
759311,32471.0,2413.0,4220.61,5
759322,25998.0,851.0,8382.48,0
759370,0.0,1606.0,5251.15,3
759417,82664.0,2181.0,8838.09,1
759518,74286.0,1558.0,5638.54,1
759551,74560.0,1160.0,35440.14,2
759603,0.0,320.0,6325.03,4
759785,41900.0,1583.0,7618.44,4
759847,46667.0,2357.0,10103.66,2
759899,29365.0,1296.0,10896.05,1
759983,0.0,245.0,3615.89,4
759991,23170.0,1322.0,2646.57,5
760061,0.0,2095.0,2776.32,4
760077,25998.0,26.0,8382.48,1
760111,30492.0,400.0,7302.78,2
760155,72916.0,322.0,3122.98,4
760158,29549.0,315.0,4076.63,1
760166,0.0,556.0,6961.95,3
760176,68331.0,2124.0,5033.39,1
760196,22234.0,2405.0,12550.88,5
760424,0.0,311.0,46302.08,1
760508,0.0,2029.0,7630.35,3
760614,57394.0,469.0,8458.53,1
760645,0.0,1174.0,6102.95,2
760672,67206.0,829.0,7159.81,3
760835,91025.0,2135.0,9057.94,5
760842,0.0,714.0,4799.62,4
760876,25926.0,919.0,7228.01,0
760975,44305.0,1253.0,5463.91,2
761007,28215.0,2260.0,4650.06,1
761015,77237.0,1361.0,4045.34,3
761114,26975.0,1152.0,5809.26,3
761150,0.0,245.0,4250.28,3
761240,28215.0,2351.0,4650.06,4
761305,26000.0,24.0,17790.41,4
761403,0.0,1788.0,4715.32,5
761423,28513.0,967.0,15114.4,1
761444,0.0,244.0,5846.42,1
761459,59828.0,1226.0,8414.08,4
761510,65176.0,2160.0,2471.15,4
761600,0.0,181.0,6105.8,1
761613,10147.0,1462.0,12552.65,6
761674,67018.0,1565.0,7540.05,2
761694,88893.0,603.0,6925.18,4
761966,85718.0,1118.0,5570.22,4
762044,35127.0,1079.0,4842.28,1
762072,39034.0,531.0,19190.32,2
762117,27071.0,191.0,7176.59,6
762255,0.0,348.0,2656.52,0
762259,30752.0,759.0,2925.73,2
762272,34558.0,1683.0,4513.44,1
762355,20978.0,2323.0,3508.57,1
762389,0.0,1490.0,16468.22,4
762446,0.0,244.0,2325.26,2
762474,27677.0,187.0,5427.17,1
762485,36631.0,2236.0,2491.32,2
762562,0.0,152.0,2652.06,5
762671,0.0,459.0,14246.15,4
762681,29633.0,1960.0,7475.78,4
762715,81491.0,557.0,5757.49,2
762951,92427.0,1151.0,5113.9,3
762971,28651.0,158.0,12817.41,3
762990,61337.0,1122.0,8447.89,2
763000,30406.0,245.0,2893.31,1
763061,34080.0,1731.0,4126.61,1
763071,48197.0,2322.0,8275.9,2
763084,39053.0,1836.0,4594.29,3
763113,0.0,1437.0,5325.72,4
763132,0.0,2134.0,4132.59,4
763177,0.0,1880.0,4818.64,4
763183,84895.0,2049.0,2683.49,6
763224,28280.0,102.0,8759.59,4
763241,26057.0,1878.0,8509.85,4
763248,37473.0,245.0,5558.3,1
763341,71366.0,1067.0,15162.07,1
763403,62464.0,1781.0,8658.86,1
763406,62262.0,1811.0,25997.75,2
763520,35625.0,657.0,5107.16,4
763591,88895.0,1239.0,8496.36,1
763615,0.0,1056.0,7633.82,4
763618,0.0,244.0,6781.27,1
763621,96162.0,243.0,7758.59,2
763702,54695.0,1129.0,8177.05,4
763761,15585.0,2228.0,2423.26,4
763797,76837.0,913.0,9445.93,1
763806,27972.0,20.0,2227.07,1
764167,0.0,915.0,14635.45,4
764227,56342.0,163.0,2674.73,4
764302,0.0,99.0,3475.07,1
764305,36650.0,792.0,2725.36,1
764513,73054.0,2053.0,12741.85,4
764544,12153.0,19.0,4861.49,2
764555,11828.0,2279.0,10083.49,2
764578,74487.0,1757.0,6960.92,3
764595,0.0,1339.0,18708.76,2
764634,43499.0,1210.0,3141.25,4
764703,0.0,523.0,7611.21,5
764844,79453.0,173.0,4571.61,4
764869,95697.0,1980.0,2471.53,1
764889,54817.0,553.0,5351.85,1
764896,0.0,702.0,2520.03,1
764980,0.0,1338.0,9408.34,3
765079,76214.0,2391.0,8676.7,1
765127,23480.0,1290.0,4384.85,2
765202,31930.0,528.0,9788.71,3
765223,37722.0,36.0,9075.77,1
765252,0.0,1745.0,4749.13,1
765261,0.0,2052.0,4838.88,5
765293,33897.0,1684.0,9080.64,1
765323,25134.0,557.0,5318.9,1
765338,22971.0,533.0,27990.36,4
765408,23638.0,365.0,20101.65,0
765428,0.0,2161.0,7452.23,1
765446,0.0,243.0,9783.63,3
765481,0.0,2237.0,3561.04,4
765518,0.0,1427.0,2289.62,5
765542,88362.0,86.0,3061.8,6
765655,70125.0,239.0,2540.41,5
765747,39062.0,2186.0,2396.19,1
765793,85300.0,2250.0,2857.99,0
765877,78889.0,1790.0,2736.94,3
765924,57449.0,2023.0,12157.33,4
765955,67890.0,1486.0,9942.3,1
765973,0.0,244.0,4931.22,1
765989,82477.0,1374.0,3644.83,0
766012,0.0,243.0,12877.78,4
766024,93004.0,1272.0,7627.66,2
766091,61040.0,33.0,6177.11,5
766262,52389.0,162.0,5659.14,4
766335,48992.0,306.0,7482.49,5
766355,25134.0,259.0,5318.9,2
766401,97131.0,270.0,5181.62,2
766530,0.0,1010.0,3742.58,1
766562,59325.0,242.0,5635.29,0
766691,19189.0,244.0,8281.74,2
766733,17101.0,723.0,12298.69,5
766766,0.0,513.0,4216.2,1
766775,0.0,915.0,3148.42,0
766777,20396.0,1369.0,6047.03,1
766861,44369.0,321.0,5493.7,2
766886,85607.0,897.0,5272.52,3
766909,48943.0,212.0,7851.58,0
766927,54704.0,978.0,4457.94,1
766969,20538.0,1245.0,7595.34,2
767006,31264.0,976.0,45708.65,5
767058,0.0,520.0,6234.31,2
767089,62582.0,1372.0,7671.85,3
767175,26292.0,78.0,25030.38,2
767331,40987.0,1468.0,2938.08,2
767385,20075.0,1552.0,5574.62,1
767416,53736.0,2016.0,8596.92,5
767428,48117.0,1793.0,7025.65,2
767456,0.0,18.0,5039.39,3
767494,38667.0,2430.0,2787.42,1
767507,58345.0,715.0,7772.47,0
767534,21829.0,1609.0,8579.89,0
767648,34948.0,467.0,10396.53,2
767672,38072.0,2274.0,8704.28,3
767678,84629.0,243.0,7291.6,1
767728,33068.0,167.0,4795.39,4
767752,67739.0,2299.0,29199.81,2
767767,89918.0,318.0,8456.46,1
767774,82877.0,244.0,7919.2,1
767857,0.0,217.0,8341.62,5
767864,26876.0,239.0,6005.21,4
767894,22331.0,645.0,2487.36,2
767907,88997.0,1687.0,5757.44,1
767908,60662.0,708.0,8084.85,5
767971,31267.0,2250.0,40636.67,4
768010,0.0,542.0,9492.34,1
768012,26784.0,1998.0,5108.04,2
768030,0.0,578.0,4354.4,1
768072,0.0,1496.0,13478.8,1
768078,63774.0,15.0,4376.36,3
768113,0.0,1499.0,13024.13,0
768255,48567.0,502.0,5015.01,5
768313,91541.0,237.0,33288.16,0
768354,37202.0,2070.0,3691.77,2
768365,67739.0,253.0,29199.81,1
768415,32370.0,796.0,15641.26,2
768518,0.0,2345.0,4270.03,3
768748,0.0,1030.0,2604.85,4
768959,0.0,144.0,6179.7,4
768996,77627.0,2413.0,10552.88,1
769023,0.0,1337.0,2113.86,2
769030,53223.0,2269.0,8535.11,2
769166,0.0,243.0,7714.62,4
769346,24417.0,594.0,7142.55,2
769361,61246.0,1966.0,8828.38,0
769495,72309.0,191.0,8059.89,4
769521,14072.0,1019.0,24127.5,1
769560,30376.0,948.0,5167.36,1
769602,90751.0,242.0,6627.17,1
769623,38713.0,210.0,4834.71,4
769669,78077.0,470.0,8578.36,1
769709,0.0,1725.0,2396.22,3
769731,20394.0,1027.0,4381.88,1
769763,12430.0,1864.0,5169.5,7
769891,0.0,2265.0,7294.85,1
769976,0.0,245.0,4004.55,0
770094,26435.0,1262.0,4209.28,2
770327,56342.0,1175.0,2674.73,1
770362,0.0,243.0,4460.42,0
770452,16181.0,615.0,13736.13,1
770524,0.0,79.0,9227.57,1
770568,22881.0,271.0,2555.85,4
770591,34095.0,2213.0,7615.38,5
770634,29098.0,2057.0,9177.95,4
770651,39053.0,81.0,4594.29,0
770702,49312.0,100.0,5184.95,2
770727,76875.0,242.0,5890.53,2
770759,0.0,1154.0,22041.86,2
770968,0.0,1176.0,5745.42,4
771035,10074.0,2301.0,4016.13,2
771056,33799.0,1139.0,5791.01,3
771133,0.0,242.0,8152.24,3
771220,16258.0,243.0,2410.11,2
771259,70432.0,1778.0,4766.65,0
771285,39722.0,1634.0,5267.76,0
771307,0.0,1871.0,2316.8,1
771353,30004.0,245.0,9033.25,4
771667,23222.0,1725.0,7078.95,4
771713,85702.0,616.0,5441.42,5
771753,52348.0,9.0,7590.91,4
771757,95697.0,2272.0,8564.77,4
771872,0.0,284.0,3731.5,4
771880,37640.0,107.0,5284.31,2
771901,69230.0,525.0,2550.66,0
771932,19683.0,110.0,8382.63,1
771943,0.0,1622.0,6940.97,1
771960,53484.0,1227.0,13865.83,2
771976,52391.0,46.0,5717.22,5
772019,62534.0,1275.0,8145.99,4
772025,0.0,244.0,9902.39,0
772081,37937.0,413.0,9095.05,0
772152,27435.0,1879.0,3031.59,4
772181,32607.0,1694.0,8485.33,1
772194,50398.0,1911.0,22261.02,4
772237,0.0,1886.0,5619.69,0
772362,0.0,462.0,18690.34,1
772370,48829.0,1774.0,2516.21,0
772381,63935.0,2049.0,6880.47,1
772395,32330.0,355.0,6052.0,2
772397,29327.0,1716.0,4561.27,1
772437,79487.0,1437.0,4626.8,5
772438,30374.0,2224.0,7861.8,0
772484,32961.0,949.0,15014.09,1
772532,53249.0,306.0,5416.41,3
772608,23377.0,69.0,9263.18,1
772628,29977.0,2343.0,15769.11,4
772827,0.0,416.0,2588.44,4
772834,88340.0,1962.0,12280.77,4
772952,0.0,1303.0,2162.42,0
772960,84450.0,2172.0,2679.69,1
773012,38169.0,2243.0,7406.88,3
773019,26173.0,202.0,5116.62,1
773086,69379.0,185.0,4118.59,3
773095,61040.0,291.0,6269.59,4
773112,84240.0,1959.0,5330.59,4
773219,74730.0,408.0,4819.18,2
773261,0.0,2234.0,5018.73,2
773290,80590.0,1782.0,2891.27,1
773293,61402.0,1045.0,4909.84,0
773364,72540.0,1851.0,10656.88,2
773390,67163.0,1430.0,4879.38,1
773397,34498.0,2046.0,6369.26,5
773418,89464.0,2095.0,15415.04,4
773546,24804.0,1324.0,36707.43,5
773571,23665.0,245.0,22658.54,3
773593,0.0,244.0,2315.09,5
773598,47611.0,807.0,5484.59,2
773648,45820.0,1925.0,5741.7,1
773676,23376.0,78.0,2867.31,2
773739,46503.0,315.0,8427.17,4
773805,19245.0,641.0,3936.79,2
773844,63860.0,243.0,2472.47,2
773857,12964.0,243.0,4770.55,1
773865,0.0,735.0,13057.01,0
773943,95854.0,869.0,2632.55,5
773973,62219.0,1044.0,5550.15,2
773986,69654.0,694.0,9463.11,5
774103,24930.0,1508.0,21205.38,1
774168,97131.0,694.0,5181.62,1
774226,60920.0,599.0,7507.46,1
774234,23811.0,867.0,4869.6,4
774249,0.0,646.0,4502.98,4
774272,36631.0,1916.0,2491.32,1
774275,0.0,2005.0,6334.47,2
774321,20228.0,648.0,10408.97,1
774326,36650.0,1161.0,2725.36,1
774386,0.0,267.0,3046.25,1
774724,22571.0,973.0,4605.04,2
774931,33588.0,162.0,19731.34,2
775158,23179.0,152.0,7179.23,3
775160,0.0,988.0,15552.4,0
775170,24571.0,1135.0,12880.75,0
775176,57693.0,1911.0,5979.72,4
775185,0.0,1364.0,6314.6,1
775193,37384.0,781.0,4014.45,1
775304,97658.0,341.0,6159.01,4
775407,0.0,148.0,6537.05,4
775440,20662.0,1021.0,8427.72,1
775520,12503.0,649.0,20531.65,0
775562,52367.0,756.0,3208.23,1
775573,23091.0,1568.0,5926.73,3
775639,51593.0,1911.0,9404.45,1
775678,23179.0,31.0,7179.23,0
775724,19019.0,322.0,6991.25,0
775768,21835.0,2402.0,6715.59,2
776139,26744.0,2303.0,2694.6,4
776153,39075.0,242.0,3557.2,4
776187,0.0,1742.0,74228.52,2
776317,0.0,306.0,2502.64,1
776399,28513.0,16.0,15114.4,0
776443,0.0,2229.0,30141.62,1
776453,32857.0,1502.0,12547.43,1
776464,0.0,2135.0,26462.76,2
776466,46587.0,167.0,41787.9,4
776547,24410.0,1459.0,25107.1,2
776613,97212.0,2076.0,3792.13,1
776736,29629.0,811.0,5433.21,2
776782,12780.0,369.0,8193.75,2
776795,36889.0,860.0,5860.48,4
776830,21371.0,77.0,5218.97,4
776931,49214.0,343.0,15638.58,1
776956,32510.0,266.0,4589.94,4
777108,0.0,810.0,7378.51,0
777118,0.0,1669.0,2711.9,0
777171,61402.0,1694.0,2506.02,5
777197,65620.0,896.0,16909.93,0
777231,0.0,1672.0,9602.08,2
777300,13663.0,1585.0,25464.82,4
777351,0.0,2109.0,6943.74,2
777418,62039.0,243.0,5396.31,2
777514,0.0,496.0,2150.91,4
777531,52380.0,2240.0,7360.87,2
777540,0.0,1622.0,2393.92,1
777544,35637.0,165.0,5377.01,2
777549,10312.0,2182.0,2886.45,2
777561,56188.0,968.0,6552.4,0
777714,80192.0,2344.0,5408.91,1
777861,44341.0,138.0,12522.54,4
777871,0.0,2256.0,4748.79,3
777875,44624.0,720.0,8496.35,1
777931,32799.0,1102.0,8169.75,4
777990,0.0,2203.0,3288.21,2
778027,48115.0,218.0,15362.35,2
778030,0.0,1526.0,6227.37,0
778031,20852.0,705.0,2927.52,1
778066,23692.0,515.0,2541.63,4
778168,0.0,2225.0,2349.96,4
778310,89689.0,1359.0,8972.14,5
778317,43775.0,598.0,2803.8,1
778393,50250.0,2374.0,4633.45,1
778426,66982.0,689.0,4916.37,3
778590,0.0,2165.0,6535.56,5
778865,67544.0,1941.0,9294.09,4
778920,29958.0,1038.0,3423.97,4
778952,0.0,1733.0,2124.17,0
779046,0.0,996.0,4551.06,2
779066,95697.0,1776.0,8564.77,2
779082,83777.0,257.0,4508.86,3
779085,60546.0,1124.0,2505.42,3
779106,63546.0,2010.0,2541.52,4
779159,0.0,1901.0,9031.21,4
779171,28677.0,1677.0,8490.28,4
779184,75132.0,2359.0,3730.14,3
779211,37595.0,930.0,5633.95,1
779247,75272.0,2294.0,4122.57,0
779291,33906.0,1728.0,7579.53,5
779412,0.0,372.0,2379.74,1
779427,39930.0,835.0,9708.5,2
779434,0.0,1285.0,4633.1,2
779435,0.0,245.0,4645.84,1
779444,87462.0,249.0,2436.01,2
779468,47519.0,194.0,7601.95,4
779573,55561.0,2152.0,7433.82,1
779679,75648.0,2130.0,4349.31,1
779882,22076.0,1986.0,3106.48,6
779929,73570.0,430.0,2778.9,5
779977,86305.0,2199.0,4984.62,2
780104,85412.0,1071.0,7060.21,1
780140,54480.0,1305.0,2676.87,5
780150,70047.0,1419.0,2821.1,3
780236,58414.0,2346.0,7840.17,4
780266,33089.0,209.0,7356.38,2
780298,77517.0,943.0,15467.79,5
780389,25381.0,25.0,8200.79,2
780423,68787.0,2281.0,2674.08,0
780428,0.0,729.0,5884.31,1
780504,16513.0,1526.0,5223.43,2
780525,58705.0,6.0,2754.14,4
780529,23818.0,139.0,4041.24,4
780631,82302.0,56.0,4331.46,1
780728,0.0,720.0,4520.34,7
780855,84863.0,2345.0,5535.96,0
780944,31546.0,1246.0,5085.84,1
780973,36710.0,1724.0,3700.68,1
780991,89096.0,138.0,8718.06,4
781052,0.0,1478.0,6503.14,2
781062,50335.0,996.0,5619.07,5
781110,43579.0,2021.0,6135.08,4
781187,30857.0,1757.0,6451.26,2
781219,0.0,2237.0,9468.51,5
781227,21986.0,181.0,2395.57,4
781293,41279.0,244.0,30763.26,1
781347,48263.0,1855.0,4142.56,2
781354,0.0,551.0,8473.46,0
781355,77912.0,1988.0,3011.77,4
781463,26802.0,1252.0,4636.55,1
781480,86642.0,996.0,7035.97,4
781495,0.0,1747.0,3852.43,0
781519,22697.0,2076.0,14318.45,1
781570,47888.0,911.0,2489.17,1
781621,69809.0,2111.0,2795.55,1
781647,63398.0,2165.0,3353.38,4
781777,98542.0,1687.0,10925.82,4
781797,58789.0,11.0,8888.14,2
781924,47346.0,1660.0,2548.84,1
781963,65196.0,242.0,24084.54,5
781970,15144.0,723.0,3515.83,1
782078,70410.0,196.0,3323.09,5
782100,0.0,1295.0,6240.66,4
782124,0.0,1370.0,5678.05,2
782241,50738.0,1771.0,2855.93,3
782282,50446.0,1752.0,8625.84,4
782284,61337.0,264.0,8447.89,4
782318,50450.0,245.0,2513.97,1
782329,0.0,2230.0,4502.98,0
782393,26583.0,248.0,4821.42,1
782485,81190.0,2352.0,3713.79,3
782503,89285.0,43.0,7443.83,6
782515,0.0,1473.0,20940.3,1
782523,33531.0,98.0,4547.89,1
782549,23220.0,1864.0,2803.92,1
782596,75425.0,898.0,9928.87,1
782606,40160.0,6.0,4579.61,2
782654,27179.0,1637.0,5290.13,1
782719,25073.0,2230.0,8634.36,2
782804,12439.0,41.0,12624.96,1
782818,59207.0,1786.0,13770.98,2
783145,27689.0,1234.0,8581.28,1
783165,98912.0,243.0,16553.23,2
783255,0.0,2266.0,2545.06,4
783300,11828.0,2169.0,10083.49,1
783363,92147.0,456.0,3086.72,6
783438,0.0,120.0,10004.75,1
783515,43416.0,1417.0,5669.97,4
783604,81132.0,1376.0,4272.59,2
783610,21033.0,245.0,9320.28,1
783789,30886.0,716.0,7193.1,2
783791,0.0,615.0,5611.93,2
783928,18400.0,1089.0,6701.77,1
784113,0.0,2385.0,5016.64,2
784185,0.0,840.0,2604.85,6
784271,25612.0,1502.0,6943.56,4
784356,96021.0,362.0,5508.32,5
784380,0.0,218.0,2396.22,1
784490,20832.0,903.0,22855.61,5
784537,41126.0,2048.0,4860.58,4
784570,12430.0,675.0,5169.5,4
784597,31503.0,243.0,32098.32,4
784608,72897.0,2005.0,8793.52,2
784710,0.0,288.0,20700.86,1
784782,95715.0,826.0,14120.04,4
784787,35830.0,244.0,4674.71,4
784804,0.0,1233.0,4250.28,5
784838,0.0,1221.0,4858.07,3
784847,98138.0,1242.0,11277.72,4
784945,92472.0,1401.0,5228.92,1
784946,25385.0,1104.0,2555.52,4
784962,38684.0,644.0,5860.02,1
785076,0.0,1114.0,2519.92,1
785114,19861.0,257.0,3534.34,4
785129,75313.0,206.0,10700.5,1
785185,65167.0,681.0,5213.37,3
785223,20217.0,939.0,3796.55,2
785389,89025.0,309.0,20467.72,0
785398,82695.0,1666.0,2450.88,1
785738,34498.0,994.0,6369.26,4
785826,0.0,2404.0,8087.22,1
785836,36913.0,1754.0,4938.89,0
785965,0.0,193.0,2989.91,4
785992,20228.0,790.0,10408.97,3
786230,30262.0,1208.0,7635.88,5
786255,0.0,1592.0,12313.16,4
786287,25381.0,263.0,8200.79,1
786330,0.0,347.0,2415.06,4
786391,62873.0,2187.0,3230.58,1
786442,60500.0,2287.0,39561.08,4
786525,92589.0,775.0,5279.48,0
786613,77693.0,2346.0,5256.92,4
786624,22668.0,1077.0,7750.12,2
786703,0.0,1175.0,4250.28,2
786709,0.0,861.0,2443.93,3
786710,0.0,944.0,8377.5,2
786827,43246.0,351.0,2402.17,1
786966,14030.0,245.0,2719.51,2
787001,0.0,1085.0,7890.6,4
787018,44695.0,243.0,10787.12,4
787086,24188.0,443.0,4305.81,5
787172,94415.0,245.0,5113.87,5
787249,99359.0,242.0,7591.83,2
787276,80046.0,840.0,10633.5,6
787277,24046.0,126.0,4419.12,4
787322,0.0,34.0,5409.96,4
787416,60475.0,1773.0,4330.39,6
787472,0.0,472.0,4506.66,1
787525,50405.0,1281.0,5372.91,5
787548,79699.0,1910.0,2638.14,1
787571,72140.0,244.0,3309.12,5
787606,0.0,610.0,3588.93,1
787625,0.0,991.0,2345.08,1
787651,61546.0,52.0,5439.8,5
787660,68771.0,1503.0,22800.54,2
787763,64600.0,862.0,6883.67,0
787833,27615.0,945.0,2389.98,5
787875,0.0,2030.0,11490.34,1
787899,74143.0,845.0,9106.87,3
787911,0.0,18.0,6874.85,2
788001,0.0,1062.0,13450.96,2
788091,73268.0,1886.0,3387.2,1
788159,69050.0,1939.0,5375.84,2
788217,44856.0,254.0,10148.42,1
788283,16143.0,656.0,2312.33,1
788292,27679.0,1941.0,11140.3,1
788325,30352.0,695.0,10498.93,4
788332,0.0,1540.0,4738.99,1
788354,95025.0,1654.0,6488.9,3
788407,0.0,1045.0,4582.65,2
788460,70412.0,639.0,4930.95,1
788515,0.0,970.0,6729.87,4
788555,89918.0,88.0,8456.46,2
788759,20978.0,954.0,3508.57,4
788870,68997.0,2026.0,10097.2,3
788947,0.0,2331.0,2558.76,2
788997,35133.0,1462.0,12232.78,1
789001,0.0,1595.0,13092.59,5
789004,41972.0,1395.0,3401.88,1
789052,51622.0,2239.0,2917.54,2
789057,25370.0,129.0,9384.65,4
789120,74871.0,985.0,14517.44,4
789148,23617.0,1267.0,7422.19,3
789149,61347.0,1913.0,21101.21,2
789157,0.0,96.0,3995.36,2
789190,62530.0,2149.0,3824.43,2
789206,43657.0,715.0,7996.6,2
789288,63860.0,1261.0,2472.47,4
789303,0.0,1090.0,4876.47,5
789421,0.0,766.0,4217.86,2
789431,0.0,287.0,2430.8,1
789444,0.0,1032.0,5049.12,0
789465,0.0,182.0,4322.24,5
789573,83868.0,1862.0,15306.13,4
789624,74770.0,2136.0,3350.24,4
789797,0.0,1824.0,3788.81,0
789826,65978.0,2035.0,5394.7,2
789859,81190.0,2380.0,3713.79,4
789892,52797.0,1454.0,12174.59,1
789932,0.0,246.0,5392.5,2
790008,18495.0,1600.0,26197.41,4
790089,87802.0,710.0,2448.81,4
790094,65828.0,764.0,2451.99,1
790123,66711.0,742.0,3479.26,0
790165,0.0,926.0,21423.64,2
790178,77469.0,2376.0,12883.12,4
790240,0.0,1219.0,3074.11,2
790287,76194.0,243.0,4770.98,1
790303,90985.0,1104.0,3490.03,5
790341,27982.0,738.0,3237.5,4
790346,0.0,237.0,6326.68,2
790366,45525.0,953.0,2671.3,4
790450,48638.0,1803.0,6470.54,1
790475,62448.0,312.0,12913.5,1
790649,66429.0,1100.0,5389.5,5
790734,0.0,1250.0,7487.74,2
790740,0.0,169.0,2747.77,2
790813,53807.0,1909.0,2708.02,0
790940,48315.0,27.0,8404.4,2
790943,0.0,62.0,2236.09,0
791132,74624.0,1874.0,2454.36,4
791202,22828.0,926.0,16473.17,2
791280,44788.0,727.0,7285.03,4
791282,59839.0,245.0,8093.9,2
791342,0.0,1412.0,4194.91,4
791355,83102.0,1216.0,4678.42,5
791466,0.0,799.0,11578.13,4
791678,21277.0,1362.0,5109.5,4
791765,47823.0,1872.0,4285.58,4
791809,25448.0,1729.0,8458.91,2
791852,50549.0,521.0,4745.18,4
791978,22081.0,723.0,6503.4,1
792086,22268.0,916.0,5326.5,1
792094,0.0,244.0,2274.67,1
792103,42305.0,309.0,13891.74,1
792229,22404.0,325.0,5309.44,5
792277,14209.0,243.0,18591.55,0
792332,23772.0,2379.0,6687.59,7
792361,21514.0,510.0,11981.98,4
792383,22886.0,1084.0,5096.67,4
792412,13103.0,244.0,5384.67,2
792418,32021.0,1085.0,8133.16,2
792514,54422.0,1082.0,5465.6,5
792695,97131.0,1874.0,5181.62,1
792698,0.0,884.0,8586.66,1
792707,0.0,1579.0,7635.42,4
792795,25632.0,1580.0,4929.55,1
792873,0.0,1213.0,4407.77,2
792898,36918.0,1063.0,5551.4,0
792915,61108.0,782.0,10484.92,2
792932,0.0,322.0,10058.74,4
793094,93272.0,1811.0,3861.49,4
793125,56005.0,468.0,5479.56,4
793126,93459.0,261.0,7996.01,1
793134,35795.0,830.0,2581.02,4
793154,30430.0,1144.0,9707.65,2
793178,27681.0,2184.0,6057.07,0
793180,25905.0,187.0,2300.69,2
793285,70811.0,1353.0,8086.01,4
793318,0.0,1038.0,4362.77,2
793328,96337.0,468.0,10288.92,1
793384,14209.0,1147.0,18591.55,4
793423,67267.0,1999.0,13917.38,5
793473,77041.0,516.0,3000.44,4
793549,80727.0,652.0,5539.35,0
793608,0.0,198.0,4433.69,2
793618,41336.0,1445.0,5350.21,4
793619,40269.0,601.0,9320.09,2
793645,0.0,1136.0,3748.14,4
793662,12762.0,1178.0,3323.86,3
793742,34080.0,243.0,4126.61,2
793761,44320.0,2216.0,8044.73,1
793801,24445.0,372.0,7268.74,1
793838,62902.0,1611.0,8256.3,1
793892,0.0,301.0,2382.71,4
793904,71731.0,1597.0,15656.03,5
793980,0.0,1891.0,6617.14,4
793995,90353.0,1456.0,5680.47,4
794024,0.0,2051.0,2827.56,7
794136,0.0,1064.0,6993.84,2
794202,22627.0,561.0,5285.31,5
794248,0.0,261.0,9599.95,5
794286,57506.0,663.0,4082.17,2
794323,0.0,199.0,2522.41,2
794334,29734.0,534.0,17208.06,0
794348,0.0,244.0,4755.48,2
794480,81872.0,460.0,14024.36,5
794496,78784.0,271.0,3199.82,1
794502,77026.0,1723.0,8798.8,5
794523,17291.0,1473.0,5631.45,5
794552,55837.0,646.0,9264.57,2
794602,0.0,1330.0,7611.21,1
794620,51144.0,176.0,4768.96,4
794625,0.0,2236.0,16468.22,4
794677,38898.0,2034.0,9100.79,1
794723,21606.0,1449.0,2534.31,6
794752,55836.0,2311.0,5875.04,1
794784,0.0,1314.0,2298.38,5
794863,37937.0,2356.0,9095.05,1
794951,43597.0,305.0,8738.4,4
795084,21159.0,479.0,19378.91,2
795129,23737.0,977.0,2433.21,4
795155,14030.0,56.0,2719.51,3
795174,23712.0,29.0,6183.11,5
795230,33617.0,1206.0,13979.09,1
795235,79090.0,138.0,8609.16,2
795283,45428.0,627.0,8349.52,3
795446,96853.0,1050.0,35444.31,2
795468,41433.0,951.0,14510.44,2
795486,0.0,1231.0,6393.87,2
795492,92381.0,1183.0,2926.89,3
795512,12454.0,551.0,3683.47,2
795554,81945.0,2.0,5534.82,0
795607,90167.0,191.0,5200.08,1
795714,0.0,243.0,7687.3,0
795743,0.0,242.0,43019.01,0
795820,0.0,713.0,6889.1,5
795840,0.0,35.0,11436.43,1
795908,99359.0,132.0,7591.83,1
796099,0.0,1472.0,3810.24,1
796104,0.0,563.0,2121.65,2
796213,52497.0,863.0,7412.03,4
796281,0.0,826.0,2239.65,2
796347,18690.0,813.0,6104.5,1
796429,0.0,245.0,3059.18,0
796484,41082.0,1106.0,15147.93,5
796508,41869.0,2016.0,5059.62,1
796541,29881.0,903.0,6755.08,4
796544,0.0,123.0,2545.06,6
796627,0.0,329.0,6537.05,2
796670,21359.0,1782.0,4035.68,0
796692,67899.0,2340.0,5292.2,3
796705,40006.0,127.0,9065.26,0
796900,76358.0,573.0,23594.68,1
796943,86595.0,245.0,2546.87,2
796990,59522.0,532.0,7153.67,3
797078,0.0,2187.0,14635.45,4
797120,42871.0,123.0,5306.16,4
797158,62579.0,1846.0,2885.33,1
797187,0.0,63.0,9472.96,0
797216,0.0,1639.0,7374.08,2
797326,65404.0,253.0,3942.73,1
797391,29981.0,25.0,5421.05,2
797398,53603.0,184.0,5170.98,2
797432,83318.0,315.0,5811.92,1
797675,30816.0,939.0,6861.75,2
797685,0.0,575.0,4079.13,5
797704,71644.0,248.0,38410.6,2
797714,87421.0,1368.0,8026.28,1
797845,21024.0,1127.0,6277.84,1
797854,0.0,151.0,7917.12,4
797897,67134.0,2313.0,10339.6,2
797902,0.0,316.0,26999.68,4
797991,34337.0,2176.0,9035.67,2
797992,46655.0,198.0,3157.55,3
798029,0.0,255.0,13144.49,4
798216,29834.0,1700.0,4854.75,1
798248,17622.0,2406.0,4458.11,5
798279,35005.0,597.0,34931.0,1
798351,0.0,2429.0,2144.92,5
798352,25163.0,583.0,2534.99,4
798375,50798.0,1324.0,5746.06,4
798433,22448.0,1770.0,15173.97,2
798525,0.0,2000.0,10175.24,7
798533,78487.0,1316.0,32871.75,2
798662,50825.0,960.0,8092.88,0
798672,29070.0,566.0,4656.67,2
798708,65103.0,243.0,9095.15,4
798752,29735.0,388.0,2453.57,0
798814,79090.0,566.0,8609.16,2
798817,74454.0,2278.0,5595.39,3
798832,22081.0,1523.0,6503.4,3
798854,0.0,558.0,4491.91,2
798869,40740.0,68.0,55277.45,3
798871,13037.0,1277.0,4726.87,4
798881,89451.0,861.0,2530.71,2
798954,31168.0,1989.0,3092.63,1
799064,24702.0,149.0,5379.48,0
799148,24177.0,484.0,10436.57,1
799157,25944.0,1920.0,7613.71,1
799399,21827.0,320.0,4969.36,4
799437,33561.0,1493.0,5927.39,4
799510,25927.0,517.0,3933.81,3
799622,32967.0,571.0,8161.94,1
799630,87403.0,470.0,8112.32,4
799655,50117.0,1805.0,8542.22,1
799657,33124.0,116.0,2552.91,2
799690,27658.0,977.0,8032.4,5
799781,58883.0,2124.0,15118.9,1
799857,41167.0,2253.0,4617.84,1
799919,66429.0,783.0,5389.5,1
799967,21564.0,825.0,2336.29,3
799992,91416.0,760.0,5575.75,1
800016,31275.0,733.0,5205.75,1
800075,21137.0,1042.0,4492.23,4
800094,80355.0,1155.0,4815.53,2
800137,0.0,958.0,14082.64,2
800220,42512.0,300.0,4049.81,1
800268,18129.0,362.0,5229.99,4
800357,30855.0,1535.0,5453.86,5
800433,28884.0,608.0,5288.24,2
800450,26806.0,751.0,7019.18,4
800481,23124.0,1286.0,4372.49,1
800499,55510.0,329.0,10676.59,3
800571,55702.0,1364.0,4961.41,5
800610,86347.0,1489.0,15808.76,4
800726,79487.0,673.0,4626.8,4
800800,0.0,501.0,3721.39,4
800831,0.0,479.0,9350.87,4
800878,28792.0,714.0,6612.62,1
800923,23082.0,949.0,5075.66,1
800945,22828.0,669.0,16473.17,1
800998,0.0,117.0,2213.19,2
801146,49078.0,2144.0,22332.44,1
801176,28128.0,1383.0,5497.66,2
801227,53484.0,2219.0,13865.83,4
801241,97361.0,245.0,8622.84,2
801338,18375.0,1821.0,3954.34,2
801368,58248.0,1857.0,3157.74,4
801391,70737.0,1882.0,9123.91,2
801483,47197.0,733.0,9805.83,1
801542,36523.0,132.0,14010.53,5
801607,25860.0,189.0,2829.31,0
801738,48367.0,331.0,57520.5,0
801788,70734.0,1579.0,21312.38,3
801821,0.0,1159.0,4941.65,4
801832,0.0,88.0,2693.76,2
801882,0.0,1858.0,4454.1,1
801948,64706.0,108.0,3176.36,4
801953,72667.0,23.0,6395.35,0
802002,27362.0,1432.0,11447.51,2
802023,0.0,2402.0,3726.73,5
802084,57506.0,242.0,4082.17,1
802196,56980.0,1209.0,6689.02,4
802200,62537.0,1590.0,2811.96,1
802206,27907.0,1810.0,2860.75,4
802305,0.0,1855.0,11308.47,6
802316,90607.0,2297.0,5565.89,4
802336,0.0,462.0,3063.11,1
802425,0.0,889.0,7200.66,2
802452,79297.0,1812.0,2569.69,3
802470,0.0,2202.0,6423.74,2
802478,0.0,1724.0,19964.4,2
802519,68332.0,245.0,6240.9,0
802535,0.0,294.0,2469.09,1
802556,22705.0,1571.0,19160.99,1
802621,0.0,1811.0,22448.69,1
802645,0.0,1101.0,6259.48,2
802797,85751.0,1056.0,3768.37,4
802860,0.0,1509.0,14396.24,2
802870,99144.0,648.0,2463.24,1
802958,30606.0,612.0,2772.84,4
802974,25251.0,265.0,11790.5,4
803084,54704.0,184.0,4457.94,2
803150,19715.0,2310.0,4882.29,4
803177,26887.0,107.0,12321.84,4
803234,24732.0,2171.0,2576.38,1
803252,95191.0,145.0,8024.51,4
803357,52471.0,2385.0,4187.78,4
803407,44624.0,1325.0,8496.35,5
803529,23870.0,1637.0,3440.36,4
803586,0.0,1359.0,3799.75,1
803587,90607.0,417.0,30718.81,1
803656,0.0,417.0,3371.53,0
803747,0.0,520.0,4611.25,2
803796,27978.0,2239.0,5239.89,5
803830,0.0,1006.0,2221.36,4
803844,0.0,1438.0,7633.82,2
803956,0.0,974.0,3386.53,0
803976,21070.0,1229.0,29049.71,4
804137,12964.0,2115.0,4770.55,2
804239,12902.0,198.0,4904.89,5
804259,65252.0,1948.0,6091.9,1
804328,0.0,1582.0,6896.09,1
804368,96162.0,521.0,7758.59,4
804402,83140.0,1037.0,2430.51,5
804438,64801.0,558.0,7582.11,1
804510,32375.0,6.0,6563.64,5
804521,12829.0,1297.0,8970.65,1
804534,34137.0,976.0,7440.92,4
804536,0.0,1626.0,15122.99,2
804557,93715.0,594.0,6044.02,7
804710,0.0,1275.0,5395.35,2
804770,0.0,268.0,2305.06,4
804784,70129.0,647.0,4061.59,4
804816,62302.0,1611.0,2746.92,6
804890,61367.0,70.0,8319.53,4
804911,42803.0,2213.0,28421.57,2
804930,23656.0,2259.0,2926.52,4
805008,20355.0,741.0,4717.63,4
805013,0.0,390.0,6900.95,4
805110,0.0,316.0,4463.0,1
805140,0.0,567.0,9806.22,4
805159,48029.0,2413.0,9101.52,4
805170,79751.0,1566.0,2551.23,1
805226,0.0,530.0,2615.91,4
805349,88454.0,194.0,4050.51,1
805377,0.0,2009.0,2199.52,1
805431,92296.0,1711.0,2759.98,4
805545,97361.0,210.0,8622.84,3
805574,31670.0,1770.0,7100.33,2
805598,80237.0,259.0,13178.43,2
805816,0.0,1621.0,9901.28,4
805890,33257.0,2406.0,5675.92,2
805902,0.0,63.0,17666.57,4
805932,84306.0,734.0,27440.61,2
805977,27279.0,884.0,10845.74,4
806008,54230.0,588.0,8997.04,1
806030,60068.0,241.0,3903.47,5
806157,20228.0,447.0,10408.97,4
806168,77577.0,2341.0,7910.87,2
806196,0.0,268.0,7413.39,2
806283,0.0,890.0,5553.76,4
806348,0.0,1509.0,7027.76,1
806598,64431.0,1352.0,2941.83,4
806639,0.0,1109.0,5678.05,1
806815,51878.0,811.0,7610.54,2
806839,0.0,476.0,4912.03,1
806850,67436.0,273.0,4894.99,4
806859,0.0,526.0,3979.59,4
806995,35822.0,690.0,15394.87,2
807058,0.0,79.0,4420.25,4
807074,0.0,69.0,3810.24,2
807134,0.0,1181.0,5568.95,4
807152,0.0,688.0,3595.31,1
807211,60260.0,541.0,5272.7,0
807256,0.0,2358.0,2585.44,3
807262,32764.0,730.0,2452.73,4
807289,0.0,970.0,9048.98,1
807297,0.0,982.0,2239.65,4
807553,40450.0,764.0,22207.83,1
807570,81850.0,1566.0,5275.06,1
807589,55071.0,772.0,4898.96,4
807681,62006.0,992.0,2472.25,2
807769,24661.0,1352.0,15483.53,3
807902,0.0,882.0,3455.17,3
807942,0.0,204.0,16728.34,4
807970,47137.0,245.0,6678.9,3
808005,37384.0,1307.0,4014.45,1
808096,0.0,1566.0,22103.51,2
808206,23376.0,913.0,2867.31,2
808341,94903.0,36.0,3808.12,3
808353,0.0,1779.0,6866.09,2
808392,11904.0,678.0,4254.62,0
808399,38925.0,317.0,4363.6,2
808498,78310.0,2002.0,3056.99,3
808524,89057.0,2040.0,31642.1,1
808721,70146.0,1982.0,3839.14,5
808920,34510.0,405.0,3126.27,1
809016,80355.0,1177.0,4815.53,1
809024,35012.0,711.0,5599.38,2
809107,0.0,353.0,14567.27,5
809207,0.0,243.0,2382.71,2
809216,94389.0,2110.0,8649.7,5
809218,20369.0,966.0,8186.31,2
809299,77048.0,1408.0,4191.97,5
809301,99654.0,23.0,9863.5,2
809404,85132.0,1286.0,8291.66,0
809449,0.0,921.0,2996.14,0
809587,97736.0,2413.0,8954.84,2
809681,0.0,4.0,7757.13,5
809728,19589.0,242.0,4987.64,1
809733,62082.0,2290.0,8639.09,4
810028,24224.0,1230.0,2826.8,3
810071,59311.0,764.0,5480.07,1
810100,82477.0,1578.0,3644.83,0
810257,0.0,1706.0,4966.85,0
810338,64348.0,2369.0,3435.25,5
810448,39101.0,1001.0,3978.67,4
810482,59216.0,1154.0,5061.18,4
810503,68563.0,330.0,10425.99,4
810517,87771.0,243.0,8503.94,4
810581,0.0,1520.0,2357.5,2
810621,42621.0,958.0,5288.17,1
810668,68507.0,331.0,26200.83,2
810693,22978.0,363.0,14941.9,3
810755,23803.0,2356.0,2871.44,2
810833,74454.0,2216.0,5595.39,1
810899,87840.0,2162.0,9419.88,0
810990,18606.0,1676.0,4099.66,2
811022,0.0,220.0,4334.21,4
811139,84903.0,943.0,4475.42,1
811140,88768.0,99.0,5499.45,5
811162,0.0,2345.0,5095.44,6
811289,0.0,1109.0,8026.05,4
811333,69738.0,1709.0,20946.19,1
811335,32435.0,1009.0,11701.07,2
811429,62777.0,245.0,2656.71,2
811430,35289.0,99.0,5078.45,2
811471,91646.0,2221.0,2968.08,2
811567,54751.0,954.0,9111.76,3
811569,82664.0,251.0,8838.09,4
811612,15323.0,124.0,4772.93,6
811619,22571.0,1490.0,4605.04,4
811684,99874.0,539.0,4807.85,0
811746,0.0,206.0,6288.16,1
811748,39032.0,244.0,15762.6,2
811802,91469.0,1309.0,11797.99,1
811959,0.0,140.0,3664.22,1
812042,69247.0,1792.0,4872.77,2
812057,19614.0,1082.0,16301.97,3
812149,31485.0,2422.0,9407.45,2
812152,62007.0,2043.0,5889.51,1
812248,46707.0,682.0,10517.16,1
812282,86451.0,1707.0,5191.45,4
812373,75425.0,1192.0,9928.87,2
812417,12688.0,1727.0,10529.01,1
812513,57449.0,2345.0,12157.33,1
812599,61844.0,1647.0,12622.83,5
812617,52653.0,97.0,3193.46,3
812628,93872.0,149.0,5137.35,0
812804,24028.0,366.0,9743.35,1
812894,0.0,1272.0,21123.12,1
812899,64125.0,2428.0,8646.5,1
813320,0.0,1461.0,2460.67,2
813352,38772.0,231.0,28393.33,5
813439,45254.0,1756.0,7090.47,2
813455,22354.0,253.0,13989.85,4
813520,0.0,2284.0,2593.4,5
813567,28513.0,726.0,15114.4,2
813620,96866.0,1824.0,26939.51,4
813652,29692.0,1166.0,8065.23,4
813681,0.0,2098.0,2710.12,1
813725,45732.0,1569.0,10677.25,2
813739,23376.0,21.0,2867.31,0
813868,95139.0,207.0,8421.52,4
813931,92157.0,1429.0,2734.51,2
814067,0.0,2249.0,7035.53,5
814112,67197.0,450.0,13111.11,1
814236,93884.0,544.0,2635.15,2
814490,33561.0,461.0,5927.39,3
814653,37406.0,650.0,4864.53,0
814698,49530.0,385.0,7524.88,1
814703,44843.0,1954.0,8311.85,4
814748,74424.0,1482.0,6554.39,2
814894,29593.0,156.0,16159.54,1
815207,66525.0,263.0,24261.02,5
815328,25708.0,851.0,13780.49,1
815344,0.0,397.0,2414.07,2
815381,74300.0,2240.0,19483.24,4
815498,23845.0,204.0,2467.13,4
815541,65933.0,769.0,8675.99,0
815584,20819.0,293.0,8168.71,4
815603,69202.0,790.0,2379.83,3
815626,33701.0,2312.0,4773.69,1
815643,32756.0,1055.0,18569.5,4
815718,0.0,2333.0,6940.07,1
815789,96768.0,2144.0,8927.13,1
815796,78804.0,455.0,25763.41,2
815804,50989.0,988.0,3184.36,5
815834,48567.0,1466.0,5015.01,2
815841,28432.0,242.0,13869.93,1
815850,35624.0,828.0,19237.77,1
816110,12201.0,2429.0,6071.91,2
816122,60244.0,242.0,3238.0,1
816196,45586.0,769.0,5656.2,4
816323,22283.0,1761.0,2397.04,3
816330,21604.0,151.0,3096.51,2
816406,0.0,2361.0,9904.98,2
816420,58781.0,741.0,12421.86,3
816510,65186.0,106.0,2614.47,5
816593,0.0,1142.0,4398.05,2
816608,37256.0,1194.0,9816.53,4
816705,20371.0,814.0,2810.96,4
816763,0.0,2017.0,3297.9,2
816881,33488.0,195.0,4314.17,4
816937,57340.0,359.0,7868.17,5
816983,0.0,1057.0,7550.42,4
817041,49078.0,251.0,22332.44,4
817066,0.0,1183.0,3548.4,1
817069,58161.0,274.0,5431.22,1
817070,40864.0,1165.0,4282.95,2
817074,37937.0,374.0,9095.05,4
817102,99364.0,1249.0,9778.73,2
817135,25134.0,167.0,5318.9,1
817136,37331.0,620.0,5319.31,0
817158,41711.0,1578.0,3498.63,5
817168,98350.0,2330.0,7960.01,4
817191,0.0,198.0,5325.72,1
817245,24475.0,1940.0,3044.0,3
817288,71879.0,370.0,22693.29,1
817298,21897.0,139.0,21418.36,4
817375,74143.0,1360.0,9106.87,4
817456,88692.0,2299.0,5163.84,4
817520,49665.0,1746.0,8769.27,1
817527,70059.0,1376.0,7782.13,1
817573,0.0,1963.0,9498.47,0
817609,74217.0,546.0,7986.19,1
817613,34115.0,1754.0,9422.97,1
817714,25663.0,2017.0,31803.31,4
817744,17200.0,1568.0,6054.49,1
817822,10540.0,1821.0,8682.23,4
817851,48791.0,1145.0,2451.54,0
817932,72540.0,2109.0,10656.88,1
818040,46131.0,245.0,2969.59,1
818077,87620.0,841.0,7726.99,5
818114,67332.0,2016.0,7720.16,2
818271,94903.0,345.0,3808.12,1
818329,15776.0,203.0,2640.49,1
818391,43906.0,164.0,5157.05,4
818454,84822.0,450.0,6104.72,2
818484,69668.0,754.0,5671.09,0
818567,42589.0,1525.0,3848.48,5
818597,0.0,703.0,5124.98,4
818616,0.0,2132.0,4250.28,0
818864,49331.0,1432.0,27430.14,0
818870,12902.0,373.0,4904.89,1
818881,51643.0,285.0,11009.13,0
818886,39837.0,1328.0,23893.3,2
818940,24164.0,569.0,10972.07,2
818995,52367.0,1494.0,3208.23,5
819055,23202.0,2238.0,10831.13,1
819077,43793.0,1313.0,2842.82,4
819149,72149.0,2167.0,8071.33,1
819246,25290.0,1102.0,7705.28,1
819255,85896.0,214.0,5638.15,2
819267,21708.0,1108.0,17930.6,5
819315,55994.0,240.0,10714.21,2
819375,24193.0,1781.0,22093.62,2
819448,81741.0,211.0,5047.48,4
819497,26351.0,535.0,9217.98,2
819498,67454.0,151.0,7417.41,3
819521,11828.0,245.0,10083.49,2
819569,0.0,1355.0,4644.9,4
819592,0.0,1580.0,4344.99,4
819664,0.0,656.0,7200.66,4
819718,77846.0,2159.0,4798.24,1
819765,90217.0,1450.0,5261.12,1
819809,0.0,1581.0,8364.5,1
819842,74300.0,506.0,19483.24,2
819924,55705.0,560.0,26243.86,0
819969,40706.0,908.0,2858.45,2
820164,19683.0,626.0,8382.63,1
820187,0.0,82.0,5162.37,2
820204,23692.0,1946.0,2541.63,3
820223,25943.0,655.0,4145.71,5
820265,36548.0,139.0,2975.26,2
820341,31177.0,2357.0,3139.17,4
820344,0.0,180.0,3099.54,1
820370,0.0,633.0,7486.09,3
820406,86641.0,1343.0,5741.73,2
820454,50406.0,1627.0,5519.08,1
820501,77265.0,1103.0,5577.24,1
820541,0.0,847.0,9408.34,4
820542,23629.0,590.0,3508.91,1
821010,86132.0,1772.0,5505.06,1
821043,25632.0,808.0,4929.55,2
821117,48999.0,1041.0,10097.69,1
821137,19013.0,799.0,3649.66,1
821202,27398.0,1224.0,2331.33,3
821216,94041.0,868.0,2667.27,5
821296,32821.0,811.0,10382.38,4
821314,22608.0,557.0,2961.31,4
821325,0.0,227.0,5186.36,4
821379,37308.0,242.0,4601.91,2
821404,49185.0,1077.0,4926.28,4
821419,0.0,234.0,8395.81,1
821462,73604.0,541.0,10453.26,1
821515,39492.0,293.0,4105.58,5
821705,13128.0,2280.0,4447.42,4
821712,52342.0,245.0,10426.09,4
821739,0.0,2310.0,8937.12,4
821820,0.0,1434.0,3028.78,2
821918,33635.0,2220.0,28799.95,4
821944,72919.0,244.0,5038.98,1
822051,36631.0,1881.0,2491.32,5
822066,0.0,438.0,3199.7,2
822102,78077.0,551.0,8578.36,2
822122,0.0,713.0,35013.54,2
822205,54889.0,353.0,2539.99,1
822211,67544.0,1636.0,9294.09,2
822305,42846.0,1244.0,6480.68,7
822507,28909.0,2233.0,5246.28,4
822555,0.0,2085.0,6751.44,2
822653,26140.0,2332.0,3269.01,4
822665,0.0,2.0,8181.72,1
822694,24149.0,196.0,4855.77,1
822696,12843.0,2424.0,8502.24,2
822723,25531.0,142.0,2822.59,4
822727,0.0,934.0,7086.18,1
822749,49088.0,183.0,13107.93,5
822765,0.0,988.0,9392.56,2
822811,0.0,363.0,2710.92,0
822901,0.0,364.0,7452.54,1
822956,72026.0,2203.0,15485.8,4
822995,69346.0,2016.0,22523.71,0
823048,66676.0,235.0,3919.37,2
823112,35625.0,1376.0,5107.16,4
823113,0.0,1982.0,21172.39,2
823208,21514.0,943.0,11981.98,4
823212,23006.0,29.0,4448.64,4
823257,0.0,243.0,8487.24,1
823319,33089.0,586.0,7356.38,4
823436,50147.0,243.0,7695.12,2
823453,49078.0,243.0,22332.44,1
823567,76358.0,574.0,23594.68,3
823590,24561.0,1280.0,14432.75,2
823628,34528.0,434.0,5377.91,4
823663,75277.0,2292.0,2753.16,4
823665,40882.0,2327.0,10340.46,2
823740,0.0,647.0,8007.4,0
823761,93004.0,2371.0,7627.66,4
823768,0.0,2200.0,61850.19,2
823789,50217.0,1567.0,5914.95,1
823816,97768.0,877.0,8692.64,2
823986,23940.0,404.0,8237.04,1
823998,0.0,1060.0,18269.54,1
824076,59886.0,2408.0,8323.53,5
824133,49080.0,675.0,3585.88,1
824163,0.0,1716.0,17530.04,2
824216,66900.0,202.0,2729.13,2
824259,50363.0,1963.0,5069.07,1
824315,0.0,1401.0,2292.79,1
824351,28700.0,1672.0,2575.32,2
824360,56649.0,2188.0,4991.58,5
824414,88055.0,2059.0,5738.28,2
824462,0.0,2067.0,15789.65,1
824486,62192.0,2004.0,7684.89,3
824610,99839.0,685.0,5329.13,2
824668,0.0,1020.0,4293.01,1
824712,41775.0,760.0,17429.88,3
824906,61776.0,865.0,5743.4,0
824917,0.0,1677.0,3540.9,1
824990,0.0,1098.0,3123.08,1
825165,84815.0,654.0,8217.43,4
825217,25419.0,1035.0,12052.98,3
825239,0.0,871.0,2442.21,0
825254,58488.0,419.0,8474.63,4
825315,38222.0,1312.0,2775.67,0
825333,23931.0,364.0,3304.76,4
825336,0.0,1275.0,2274.65,2
825464,0.0,305.0,2767.5,4
825465,50800.0,1500.0,13369.44,2
825484,77058.0,966.0,20215.39,1
825490,12902.0,2061.0,4904.89,1
825517,0.0,2341.0,5599.67,1
825569,0.0,1230.0,6051.64,6
825593,57709.0,2243.0,5073.28,2
825730,84831.0,243.0,22986.15,5
825809,23480.0,265.0,4384.85,1
825920,25221.0,106.0,3818.47,6
826113,63127.0,289.0,2928.12,1
826136,50144.0,1298.0,13610.11,1
826149,0.0,1114.0,10242.41,3
826166,25981.0,378.0,2590.65,1
826230,17752.0,87.0,2831.59,5
826271,0.0,243.0,3567.5,3
826304,72805.0,2276.0,4758.19,4
826312,12430.0,2.0,5169.5,4
826556,59232.0,88.0,10130.93,4
826589,28727.0,1130.0,13270.94,1
826697,66429.0,244.0,5389.5,2
826930,0.0,41.0,16468.22,0
826975,56172.0,185.0,2500.84,3
826984,87128.0,804.0,7780.49,2
827147,25134.0,2025.0,5318.9,2
827164,97742.0,2245.0,5367.09,1
827172,0.0,2049.0,2677.28,2
827190,0.0,1874.0,9472.97,2
827194,54040.0,291.0,8255.76,5
827215,23665.0,1516.0,22658.54,1
827275,64321.0,1291.0,30442.54,0
827288,69379.0,304.0,4118.59,5
827309,88858.0,1306.0,11255.46,4
827334,0.0,677.0,6285.31,1
827339,15514.0,2240.0,2789.75,4
827546,32720.0,1523.0,2695.18,1
827668,0.0,244.0,20186.35,4
827731,0.0,1943.0,2726.83,1
827790,33345.0,323.0,12105.29,2
827815,42360.0,122.0,5601.14,1
827819,71737.0,1376.0,6333.03,4
828026,0.0,1486.0,14070.64,1
828040,0.0,356.0,11124.6,4
828076,11822.0,1265.0,2624.1,4
828109,57591.0,245.0,13009.24,7
828136,0.0,2005.0,3742.58,2
828182,39895.0,1139.0,19253.03,0
828232,36354.0,1235.0,15956.03,3
828328,20392.0,36.0,5608.17,2
828353,12181.0,1293.0,7942.45,1
828481,26802.0,1259.0,4636.55,1
828643,0.0,623.0,11490.34,2
828731,27739.0,2008.0,12663.6,2
828735,47122.0,799.0,2449.32,4
828776,39621.0,583.0,4274.62,1
828816,0.0,2136.0,12812.44,1
828817,55411.0,2231.0,8042.8,5
828852,0.0,184.0,9868.6,0
828862,19614.0,67.0,16301.97,4
828884,19581.0,22.0,2342.01,1
828895,0.0,2345.0,9657.58,1
828918,0.0,1492.0,6846.15,2
828924,70503.0,416.0,19393.21,1
828959,85702.0,1299.0,5441.42,1
828967,60646.0,2163.0,16261.59,0
828988,56398.0,1134.0,6701.57,5
829003,20608.0,1247.0,2685.18,5
829162,0.0,1800.0,7091.74,4
829263,24164.0,1751.0,10972.07,4
829291,60986.0,1141.0,5331.74,2
829316,25275.0,2387.0,14065.3,4
829476,20862.0,202.0,4794.48,1
829505,65870.0,728.0,7286.79,1
829588,43860.0,1831.0,2514.59,1
829627,51159.0,1539.0,2860.11,5
829663,81367.0,521.0,8287.68,5
829684,94303.0,2291.0,7908.45,2
829861,0.0,1584.0,6630.84,2
829863,46298.0,5.0,6503.22,1
829886,28025.0,2339.0,23740.12,2
830024,0.0,1353.0,4362.77,4
830071,73019.0,143.0,4475.16,4
830171,79452.0,851.0,2551.31,2
830223,79027.0,2038.0,5511.49,1
830225,0.0,11.0,14032.59,3
830385,27208.0,1641.0,3738.44,1
830394,28089.0,242.0,3146.04,3
830446,24882.0,569.0,5712.38,2
830503,0.0,891.0,7901.74,2
830547,26245.0,233.0,4271.2,2
830564,0.0,1322.0,6889.1,1
830673,0.0,1763.0,2229.36,1
830743,0.0,2001.0,8024.9,5
830777,62229.0,2087.0,5592.46,2
830811,18577.0,1501.0,6273.91,4
830818,11828.0,396.0,10083.49,1
830836,49078.0,2278.0,22332.44,2
830903,44362.0,184.0,15762.53,2
830931,47590.0,2143.0,4652.6,4
830975,0.0,545.0,8470.04,1
831035,0.0,1485.0,7517.08,2
831087,74809.0,2249.0,4932.88,1
831180,0.0,1192.0,5447.81,4
831253,62808.0,881.0,5365.93,6
831341,63774.0,41.0,4376.36,4
831404,96689.0,2010.0,8272.33,0
831424,35289.0,479.0,5078.45,1
831442,13528.0,1638.0,6005.85,3
831545,12266.0,264.0,8161.17,6
831644,27400.0,159.0,4950.25,3
831693,96045.0,343.0,2434.68,5
831696,0.0,1297.0,11578.13,2
831780,0.0,206.0,4556.59,5
831797,32397.0,304.0,7519.03,2
831812,0.0,245.0,2972.46,1
831829,49853.0,2041.0,4257.48,0
831854,37995.0,331.0,5597.12,4
831860,54337.0,1676.0,2897.62,5
831928,64642.0,243.0,11565.69,1
831948,40783.0,2163.0,5285.12,5
831964,0.0,1138.0,20294.39,3
831987,26790.0,3.0,2810.46,2
832046,24173.0,231.0,2704.54,0
832062,99839.0,1700.0,5329.13,1
832155,88410.0,127.0,3964.81,5
832301,24804.0,2322.0,20171.96,1
832367,84300.0,2070.0,4510.54,4
832431,66457.0,1781.0,3774.86,0
832566,73692.0,1537.0,24338.51,3
832597,28992.0,1767.0,6895.31,4
832625,52507.0,2056.0,4928.65,3
832663,57760.0,664.0,6236.02,5
832665,0.0,1041.0,3681.25,7
832745,27800.0,1343.0,2606.19,1
832810,43278.0,29.0,2721.59,3
832864,37277.0,933.0,8613.46,0
832921,0.0,2124.0,14585.38,1
832983,76456.0,311.0,13027.42,2
833024,0.0,1884.0,4811.18,0
833052,71499.0,839.0,9024.2,4
833148,22955.0,447.0,27069.5,2
833165,31177.0,36.0,3139.17,2
833169,36551.0,1445.0,12472.12,0
833197,43963.0,1451.0,8673.59,1
833221,59855.0,345.0,2771.66,5
833233,50941.0,1221.0,10551.15,3
833305,70717.0,652.0,5807.99,2
833317,28227.0,1592.0,7119.53,1
833322,0.0,1279.0,22103.51,3
833397,83488.0,1889.0,7294.4,2
833436,77563.0,1362.0,5821.68,2
833547,75644.0,93.0,4974.8,5
833569,0.0,473.0,4314.07,0
833576,0.0,1605.0,8447.8,1
833627,30686.0,243.0,4731.37,1
833679,10743.0,580.0,4875.32,1
833683,0.0,2370.0,3567.5,1
833701,0.0,1783.0,4340.86,2
833704,31278.0,1571.0,3528.04,2
833728,53338.0,1499.0,2503.66,5
833754,0.0,197.0,8273.11,0
833765,57733.0,1674.0,5225.03,4
833783,66030.0,1551.0,2778.32,1
833793,54751.0,242.0,9111.76,4
833801,53607.0,526.0,4944.09,2
833844,67511.0,469.0,5849.49,1
833891,0.0,1775.0,7222.85,6
833998,69205.0,1360.0,8875.97,1
834012,0.0,178.0,7550.87,2
834063,25125.0,243.0,5970.82,4
834066,0.0,693.0,7897.02,4
834081,0.0,1709.0,3515.46,4
834120,32720.0,2255.0,2695.18,5
834270,79487.0,2227.0,4626.8,1
834286,0.0,2316.0,9259.72,4
834304,42570.0,940.0,15374.18,3
834306,25964.0,2176.0,8646.55,1
834453,23550.0,2393.0,5657.81,2
834522,97131.0,2311.0,5181.62,1
834523,22081.0,2377.0,6503.4,2
834537,0.0,113.0,2535.32,1
834544,0.0,2004.0,2378.09,4
834550,0.0,919.0,5060.3,2
834571,40175.0,1503.0,3954.54,1
834576,0.0,2029.0,35692.17,3
834615,0.0,2393.0,2996.14,1
834726,11904.0,320.0,4254.62,1
834733,0.0,1307.0,5568.95,0
834760,0.0,2128.0,13061.52,4
834790,79751.0,100.0,2551.23,4
834799,27048.0,2259.0,5697.18,5
834891,30821.0,41.0,3911.12,2
834943,0.0,2433.0,18065.27,4
835009,83576.0,2066.0,5557.93,6
835062,77469.0,1495.0,12883.12,3
835133,22239.0,197.0,2404.63,2
835149,45892.0,534.0,3219.15,7
835240,0.0,987.0,22103.51,4
835295,14072.0,149.0,24127.5,1
835377,87560.0,428.0,11986.59,1
835440,35895.0,718.0,2908.88,1
835484,21876.0,1945.0,7771.16,1
835491,53219.0,850.0,4673.2,1
835508,0.0,739.0,7469.15,3
835566,0.0,244.0,13579.3,1
835683,38460.0,959.0,2395.97,1
835693,88997.0,636.0,5757.44,2
835760,70247.0,2400.0,3278.53,5
835764,14290.0,1815.0,10179.72,1
835779,51643.0,1526.0,11009.13,1
835785,74015.0,766.0,5555.83,4
835796,26372.0,2005.0,4885.16,1
835920,36153.0,327.0,18484.81,0
835973,0.0,2406.0,13080.79,2
835975,0.0,244.0,7511.66,2
836112,54950.0,2384.0,8193.56,4
836226,14665.0,288.0,4558.43,2
836295,60078.0,243.0,10213.99,2
836343,44537.0,619.0,4247.68,1
836374,13512.0,1321.0,3185.17,2
836405,31504.0,2124.0,5623.61,1
836443,99074.0,694.0,6189.44,4
836475,59556.0,1590.0,4540.38,2
836486,0.0,2307.0,15936.58,4
836523,66023.0,1215.0,2816.76,2
836550,23666.0,552.0,8355.96,6
836603,22520.0,114.0,5498.94,2
836622,26380.0,642.0,7485.36,4
836665,70950.0,1341.0,6898.46,1
836706,88842.0,1563.0,3650.58,4
836713,14030.0,1471.0,2719.51,4
836720,72215.0,309.0,18453.58,1
836964,30595.0,1177.0,8114.41,4
836984,0.0,90.0,4992.06,5
837012,29195.0,198.0,2661.82,3
837031,26991.0,196.0,4260.34,1
837175,50755.0,2309.0,3618.69,1
837215,0.0,859.0,7912.13,0
837237,0.0,2296.0,5295.63,0
837269,21070.0,431.0,29049.71,0
837273,62873.0,46.0,3230.58,2
837327,92681.0,940.0,7145.3,4
837360,72334.0,903.0,10103.65,4
837408,0.0,895.0,2315.09,1
837517,0.0,464.0,6512.98,5
837526,46971.0,243.0,5522.77,2
837580,0.0,719.0,5325.72,4
837615,17932.0,244.0,21274.34,2
837628,39660.0,1543.0,4330.77,2
837641,69259.0,962.0,2535.22,3
837646,0.0,1490.0,5121.56,1
837704,51066.0,94.0,5780.18,5
837705,0.0,212.0,4004.55,4
837733,16707.0,554.0,7614.67,6
837810,42142.0,1544.0,8842.65,5
837833,83170.0,654.0,31162.69,5
837932,40269.0,2041.0,9320.09,1
838008,32607.0,569.0,8485.33,2
838032,0.0,1229.0,13045.37,4
838160,96390.0,1002.0,8802.19,4
838232,0.0,1041.0,8591.31,1
838263,78310.0,2350.0,67907.27,3
838270,69906.0,1362.0,23444.9,5
838283,45944.0,1971.0,3330.67,2
838482,79292.0,1531.0,2700.99,1
838553,53133.0,243.0,6938.87,2
838584,0.0,960.0,10395.71,4
838589,42889.0,1207.0,5936.34,4
838634,55269.0,844.0,16798.86,0
838650,83846.0,2072.0,8717.05,1
838657,0.0,978.0,8473.46,4
838771,71587.0,1590.0,11955.4,3
838784,43412.0,244.0,3768.09,4
838845,0.0,243.0,2520.12,5
838881,44280.0,675.0,2477.71,3
838885,92600.0,2372.0,3764.47,1
838938,64341.0,1165.0,2435.15,0
838993,44843.0,243.0,8311.85,0
839115,45949.0,710.0,2404.46,1
839132,59940.0,315.0,7412.14,4
839263,81082.0,1169.0,5838.9,2
839295,78152.0,1984.0,4631.01,2
839328,33451.0,2347.0,2674.23,3
839356,37574.0,1863.0,2576.51,5
839362,60021.0,2394.0,3939.01,5
839412,57078.0,2036.0,9060.2,4
839422,72330.0,210.0,3242.04,2
839461,68025.0,333.0,10892.91,3
839494,28363.0,244.0,10455.49,4
839527,34990.0,1001.0,2574.02,2
839579,47606.0,432.0,6411.68,4
839659,26435.0,2024.0,4209.28,1
839694,45703.0,1699.0,7879.93,5
839748,72731.0,1003.0,2584.53,2
839967,75680.0,1946.0,6242.6,5
840008,0.0,267.0,19957.79,2
840021,40211.0,2204.0,8391.13,3
840038,42983.0,1924.0,3483.63,2
840059,73054.0,1051.0,12741.85,4
840071,42314.0,720.0,6282.08,2
840088,71210.0,205.0,25807.06,2
840120,65933.0,1510.0,8675.99,3
840135,37345.0,334.0,9752.7,4
840184,67249.0,246.0,3386.19,3
840262,76157.0,2330.0,4669.23,4
840267,22711.0,198.0,25805.27,2
840326,24053.0,2371.0,6198.79,4
840376,35601.0,744.0,10620.49,7
840481,38086.0,940.0,7610.2,2
840515,23666.0,2312.0,8355.96,4
840667,21952.0,1321.0,5207.64,1
840741,13376.0,1312.0,8221.87,0
840866,26990.0,906.0,15445.66,3
840882,0.0,1111.0,2774.8,4
840984,23589.0,1652.0,16570.09,1
841204,62873.0,1978.0,3230.58,4
841219,64324.0,676.0,5363.41,1
841249,0.0,921.0,2064.46,1
841324,18495.0,102.0,26197.41,3
841369,40178.0,1461.0,5308.62,2
841373,73060.0,1475.0,13083.49,2
841437,22976.0,1724.0,4900.55,1
841456,0.0,1183.0,9372.84,1
841631,83318.0,952.0,2957.76,5
841636,52380.0,1105.0,7360.87,1
841674,21604.0,245.0,3096.51,1
841677,58089.0,467.0,4686.47,1
841770,89464.0,67.0,15415.04,6
841916,57449.0,1684.0,12157.33,4
841948,71868.0,1305.0,2545.07,2
841957,70360.0,79.0,5524.31,6
842047,0.0,242.0,2202.34,5
842049,0.0,1569.0,2155.21,2
842054,36409.0,650.0,7854.77,4
842064,0.0,243.0,4630.36,3
842066,90804.0,643.0,3522.48,0
842190,0.0,914.0,4931.22,5
842210,53231.0,2248.0,8022.69,4
842236,64964.0,1398.0,5219.89,0
842279,27824.0,371.0,9427.68,1
842379,0.0,16.0,5182.46,2
842390,48029.0,2063.0,4809.22,1
842405,0.0,507.0,4760.94,4
842523,0.0,700.0,14635.45,2
842527,89797.0,1778.0,4315.67,4
842582,20090.0,1629.0,34611.38,6
842641,31546.0,2074.0,5085.84,5
842770,52408.0,487.0,9890.21,0
842793,36568.0,1042.0,10209.02,4
842835,22705.0,244.0,19160.99,1
842848,0.0,70.0,14082.64,1
842855,0.0,1472.0,2981.88,5
842959,31964.0,1109.0,2627.83,0
842980,45345.0,142.0,5677.47,1
842982,0.0,2313.0,2353.18,2
843037,48829.0,1892.0,2516.21,3
843101,36548.0,770.0,2975.26,4
843158,17120.0,317.0,4853.1,1
843212,25905.0,1142.0,2300.69,2
843233,50801.0,2142.0,8441.67,4
843378,0.0,211.0,19872.26,0
843642,56481.0,1283.0,8509.02,1
843665,0.0,1589.0,16963.84,1
843672,30574.0,205.0,4335.68,1
843737,0.0,210.0,2556.67,0
843816,18577.0,242.0,6273.91,2
843836,99761.0,520.0,4996.55,4
843919,57446.0,243.0,7653.28,2
843972,21576.0,2291.0,5207.2,4
844046,61725.0,75.0,8512.13,1
844125,0.0,573.0,5093.48,4
844145,0.0,210.0,74228.52,1
844152,93621.0,987.0,4029.72,4
844193,0.0,1466.0,2938.08,5
844222,66429.0,243.0,5389.5,1
844348,62873.0,888.0,3230.58,3
844477,69781.0,242.0,23990.15,1
844479,0.0,2063.0,7838.07,5
844540,51335.0,2004.0,5745.96,0
844556,29697.0,682.0,2571.26,4
844582,35012.0,1720.0,5599.38,1
844641,0.0,1075.0,4671.42,3
844677,86595.0,1060.0,2546.87,4
844749,74592.0,2413.0,2727.52,2
844834,59016.0,287.0,3690.7,3
844949,24164.0,259.0,10972.07,2
844959,0.0,656.0,8229.24,0
845041,0.0,1575.0,4155.95,2
845061,0.0,952.0,9807.83,0
845176,0.0,1512.0,8007.4,2
845180,0.0,358.0,4758.56,1
845227,0.0,1239.0,6582.45,4
845273,54507.0,904.0,5470.06,4
845275,0.0,2179.0,5175.29,4
845319,83632.0,2175.0,3728.87,4
845435,60475.0,2030.0,4330.39,5
845488,0.0,486.0,6758.81,4
845580,23305.0,1458.0,2671.17,1
845613,30598.0,78.0,4198.03,4
845684,0.0,733.0,8901.68,5
845699,0.0,1423.0,3300.68,2
845782,39930.0,1057.0,9708.5,1
845807,0.0,1498.0,14703.13,1
845819,27592.0,622.0,2387.61,1
845864,15413.0,2076.0,4013.85,2
845945,91485.0,1801.0,4571.51,2
845947,74015.0,243.0,5555.83,2
845994,61894.0,589.0,3663.74,1
846033,29401.0,100.0,5048.23,1
846046,41273.0,2156.0,3087.25,1
846055,27951.0,1596.0,10418.31,2
846119,0.0,642.0,4363.2,2
846125,52583.0,1088.0,8879.79,4
846194,0.0,2100.0,2660.01,1
846215,0.0,242.0,2856.95,6
846243,0.0,1896.0,8728.46,0
846277,35396.0,1816.0,5500.58,0
846291,79523.0,2201.0,2982.2,0
846313,42961.0,1511.0,26453.94,7
846374,22728.0,1017.0,4583.1,1
846458,57264.0,517.0,16477.48,0
846515,32150.0,579.0,7887.82,1
846717,12195.0,2205.0,7453.0,2
846718,22799.0,824.0,15042.58,3
846732,99960.0,825.0,6172.91,1
846796,26680.0,1866.0,8613.46,2
846864,86863.0,1443.0,7437.69,1
846950,0.0,521.0,7672.68,2
846953,53562.0,920.0,5364.47,4
847136,40639.0,1043.0,7981.44,3
847183,46210.0,1890.0,2402.33,4
847283,0.0,55.0,8992.78,4
847312,30493.0,245.0,7316.65,6
847357,23300.0,1860.0,4962.21,2
847359,41991.0,1293.0,5251.97,3
847502,20244.0,245.0,5091.1,3
847559,0.0,714.0,4344.99,2
847579,91775.0,1032.0,4369.6,4
847601,68980.0,302.0,7736.65,7
847609,37229.0,1907.0,7855.32,3
847704,49078.0,185.0,22332.44,1
847724,0.0,1802.0,7218.09,2
847771,77265.0,1735.0,4277.27,1
847772,29504.0,2034.0,13220.8,4
847938,46503.0,245.0,8427.17,2
848003,24711.0,1693.0,4810.98,0
848159,0.0,1698.0,8672.23,1
848185,15630.0,1922.0,7980.3,1
848248,33700.0,1739.0,4911.12,0
848250,0.0,1995.0,8007.4,4
848498,31354.0,8.0,8667.09,6
848562,93272.0,1655.0,3861.49,2
848574,32224.0,1036.0,5720.9,3
848615,17103.0,935.0,9671.98,2
848632,37043.0,1595.0,2493.59,1
848694,26854.0,257.0,2576.46,1
848736,47778.0,1252.0,7606.71,6
848804,0.0,2052.0,9517.08,6
848973,0.0,724.0,5709.23,6
848998,18820.0,1181.0,6480.1,0
849105,42045.0,253.0,8264.75,4
849178,68671.0,805.0,5678.05,1
849298,25370.0,1551.0,11638.9,3
849330,44213.0,2207.0,6753.43,2
849415,0.0,1560.0,4665.13,1
849425,63860.0,1522.0,2472.47,5
849510,0.0,1684.0,40440.76,4
849549,33321.0,1180.0,8260.64,1
849569,73339.0,121.0,2821.35,4
849587,28082.0,551.0,2499.5,1
849589,59961.0,1380.0,2640.59,2
849616,23665.0,195.0,22658.54,2
849673,74837.0,8.0,5332.62,4
849705,39786.0,1829.0,7255.58,2
849813,0.0,608.0,7809.86,1
849884,23830.0,2105.0,2776.84,1
850034,0.0,1212.0,9112.27,5
850092,0.0,599.0,3444.97,5
850123,40308.0,232.0,5396.37,1
850170,35895.0,578.0,2908.88,5
850245,39393.0,511.0,2755.22,4
850359,55800.0,1175.0,15759.62,4
850414,0.0,1651.0,2554.19,0
850418,12964.0,1174.0,4770.55,4
850694,76358.0,1852.0,23594.68,4
850721,70410.0,490.0,3323.09,1
850821,75425.0,455.0,36946.06,2
850828,18814.0,733.0,9223.99,4
850953,0.0,1870.0,10189.65,2
851021,56362.0,264.0,15886.03,1
851130,65744.0,2412.0,2478.58,2
851231,19352.0,1086.0,2467.62,2
851255,0.0,1923.0,6042.62,5
851370,0.0,205.0,6625.47,2
851390,25143.0,328.0,2530.64,5
851421,0.0,1346.0,24868.24,3
851499,0.0,242.0,6187.35,1
851549,66524.0,1530.0,2899.92,3
851562,56342.0,1422.0,2674.73,2
851563,88782.0,572.0,3118.93,1
851830,83413.0,2046.0,4743.69,2
851836,83497.0,1290.0,2808.61,1
851845,0.0,27.0,7589.63,2
851871,74015.0,2287.0,5555.83,4
851901,0.0,1716.0,22315.06,0
851931,66446.0,1804.0,10747.03,1
851979,0.0,2246.0,39033.08,4
851981,40870.0,1653.0,12731.95,2
851982,19683.0,855.0,8382.63,1
851986,97131.0,1795.0,5181.62,2
852006,14072.0,1866.0,24127.5,0
852012,0.0,242.0,13197.93,2
852094,81182.0,2146.0,5168.15,4
852253,79440.0,516.0,9403.96,4
852310,77031.0,1276.0,5033.69,4
852323,87492.0,1509.0,2483.54,4
852392,93272.0,1310.0,3861.49,4
852394,72633.0,2216.0,5403.59,4
852520,49625.0,901.0,2652.07,2
852571,18558.0,1848.0,3088.0,1
852572,0.0,66.0,2347.59,4
852573,0.0,1198.0,2726.83,2
852597,52782.0,1508.0,3259.89,4
852629,14660.0,55.0,2319.82,2
852786,49529.0,187.0,6176.7,0
852855,0.0,606.0,5913.2,5
852863,10334.0,1899.0,7284.26,2
852995,58733.0,489.0,5926.98,4
853003,36650.0,46.0,2725.36,2
853037,44186.0,2395.0,7474.61,1
853039,81410.0,595.0,9567.71,2
853232,38713.0,243.0,4834.71,1
853266,24432.0,187.0,6680.15,2
853272,57483.0,1323.0,9971.02,3
853417,95579.0,1639.0,10864.27,1
853421,72333.0,630.0,2813.31,2
853438,0.0,1149.0,22103.51,1
853540,24584.0,433.0,9688.13,7
853565,57293.0,1514.0,8061.2,1
853603,40171.0,1775.0,2876.82,1
853608,66627.0,1634.0,6832.37,2
853621,0.0,179.0,7664.81,2
853641,29809.0,1499.0,4802.48,1
853704,25983.0,1072.0,10721.61,2
853826,96988.0,862.0,6161.0,0
853871,51066.0,1681.0,5780.18,4
853894,0.0,1209.0,5329.13,6
853957,62566.0,2045.0,2598.06,1
854077,58557.0,2360.0,3554.85,1
854243,64371.0,2175.0,7344.84,2
854249,0.0,1939.0,4691.04,0
854610,44025.0,1567.0,2728.04,2
854704,58557.0,1697.0,3554.85,3
854709,68931.0,1385.0,5332.46,4
854742,20961.0,454.0,8009.47,5
854812,75277.0,1161.0,2753.16,6
854831,29587.0,421.0,6035.09,4
854835,60613.0,244.0,9366.82,1
854855,54339.0,269.0,3430.32,4
854884,0.0,261.0,7835.68,1
854902,17576.0,1184.0,2722.21,5
854969,25905.0,246.0,2300.69,1
854998,88545.0,620.0,2714.65,1
855007,62473.0,2389.0,7414.44,2
855026,25134.0,732.0,5318.9,4
855050,23554.0,406.0,4808.96,1
855153,97657.0,244.0,5755.18,4
855190,86054.0,244.0,9664.33,7
855198,0.0,1266.0,8510.53,2
855261,24031.0,824.0,5264.43,3
855351,57428.0,228.0,3402.78,2
855372,76771.0,1262.0,7408.84,1
855381,0.0,244.0,10058.74,2
855383,96406.0,1084.0,5593.43,1
855384,0.0,891.0,12285.05,4
855394,38821.0,343.0,3339.3,3
855400,52464.0,1347.0,7503.37,4
855451,58557.0,460.0,3554.85,2
855506,26049.0,2057.0,9102.27,5
855510,28804.0,242.0,5995.41,5
855530,22828.0,1954.0,16473.17,2
855559,57963.0,1215.0,2442.42,4
855602,58850.0,292.0,3133.5,5
855635,0.0,1187.0,14635.45,3
855721,21004.0,1760.0,4312.87,1
855883,62902.0,1825.0,8256.3,1
855922,11607.0,2106.0,3551.79,6
855981,23769.0,32.0,7931.72,1
855998,0.0,512.0,5658.91,2
856074,0.0,2418.0,9117.44,2
856229,73180.0,271.0,5139.56,2
856348,52797.0,1723.0,12174.59,5
856364,50825.0,780.0,8092.88,4
856406,16686.0,345.0,2744.17,2
856483,0.0,222.0,5170.03,1
856496,48409.0,201.0,38496.95,1
856502,43324.0,1804.0,12047.78,2
856609,44712.0,245.0,6085.3,2
856654,65773.0,2090.0,3452.41,4
856667,93403.0,1025.0,2912.25,1
856705,0.0,1632.0,4155.95,1
856782,0.0,1125.0,2456.82,4
856818,52572.0,215.0,9045.11,4
856830,45893.0,1127.0,11606.85,0
856942,89586.0,1204.0,7675.87,4
857159,54684.0,1402.0,5574.96,0
857161,51789.0,1246.0,7355.35,4
857219,57659.0,245.0,30909.22,1
857235,0.0,2251.0,2897.78,1
857247,0.0,2058.0,4516.81,4
857292,73359.0,1387.0,30154.68,4
857353,90310.0,861.0,4170.34,1
857481,30514.0,1093.0,5384.02,3
857497,24825.0,1072.0,2497.46,5
857516,57289.0,1873.0,6688.86,1
857538,26444.0,1213.0,7744.64,2
857619,69011.0,867.0,8274.15,0
857629,53907.0,2243.0,5666.87,2
857682,77350.0,1451.0,2635.51,2
857708,70177.0,2126.0,9336.34,1
857814,0.0,1564.0,3945.59,4
857845,0.0,0.0,3945.59,6
857878,75497.0,327.0,7951.78,2
857912,23091.0,242.0,5926.73,3
857914,67534.0,1891.0,6921.0,3
857942,36650.0,1292.0,2725.36,1
857946,83073.0,806.0,5706.96,3
857949,83846.0,243.0,8717.05,0
857971,0.0,991.0,2466.58,0
858013,0.0,441.0,9460.18,2
858106,71134.0,951.0,7708.88,2
858125,0.0,266.0,12520.98,4
858196,54831.0,2051.0,2476.05,4
858222,23053.0,44.0,10127.77,1
858228,40269.0,167.0,15304.52,1
858266,24516.0,993.0,5636.74,1
858294,39188.0,1011.0,5897.75,2
858341,34220.0,1440.0,4244.47,4
858352,58297.0,821.0,3609.8,1
858417,0.0,695.0,7706.03,4
858427,56172.0,243.0,2500.84,4
858445,20132.0,1522.0,8763.45,2
858453,80536.0,2211.0,9618.31,5
858557,24398.0,688.0,4880.95,5
858563,55907.0,1459.0,16681.33,4
858626,63775.0,2403.0,8008.1,4
858667,47234.0,974.0,2595.75,5
858669,0.0,1193.0,2167.33,1
858674,74142.0,1426.0,3317.9,4
858802,26477.0,818.0,2621.12,1
858814,17622.0,21.0,4458.11,1
858817,70619.0,452.0,15016.19,2
858957,12430.0,1893.0,5169.5,2
858961,20993.0,1608.0,4772.94,0
859144,0.0,1183.0,7955.77,1
859176,92722.0,1144.0,2885.41,4
859196,32848.0,3.0,5876.05,2
859218,37384.0,193.0,4014.45,1
859258,0.0,453.0,2933.96,3
859343,66839.0,244.0,5989.77,2
859508,26050.0,242.0,3803.8,4
859516,97460.0,1413.0,23020.89,0
859549,21440.0,1887.0,5391.08,1
859553,66851.0,454.0,22056.0,2
859730,28262.0,1220.0,15023.6,5
859821,42142.0,839.0,8842.65,1
859871,0.0,382.0,7320.07,3
859957,46384.0,1334.0,4443.74,5
859972,59124.0,1551.0,2777.53,4
860017,60087.0,2322.0,5821.79,4
860032,81119.0,372.0,15785.3,1
860099,0.0,484.0,2523.17,1
860172,26790.0,1805.0,2810.46,1
860206,32762.0,445.0,13268.79,3
860528,70521.0,49.0,22762.21,2
860553,85871.0,245.0,3693.44,2
860602,0.0,1260.0,2396.22,2
860657,82664.0,894.0,8838.09,5
860684,33837.0,1089.0,2764.03,5
860724,18017.0,1879.0,8583.27,4
860809,33837.0,822.0,2764.03,1
860848,29242.0,1188.0,2837.16,3
860980,35434.0,2270.0,7992.78,1
861058,29098.0,1896.0,9177.95,3
861079,41275.0,481.0,7752.93,2
861095,0.0,1234.0,2443.93,4
861104,52823.0,201.0,7590.96,4
861156,64825.0,14.0,10298.39,1
861162,61139.0,1946.0,6126.57,2
861191,0.0,1965.0,7294.49,2
861330,65431.0,222.0,2777.34,4
861336,0.0,1857.0,5504.14,1
861415,50320.0,1768.0,5846.52,1
861470,55687.0,840.0,10963.96,3
861480,0.0,89.0,7055.96,2
861558,92681.0,1529.0,7145.3,3
861629,70187.0,103.0,18732.2,4
861669,65255.0,552.0,5633.74,2
861675,0.0,195.0,12564.07,4
861696,74424.0,2286.0,6554.39,1
861700,20757.0,565.0,7325.92,2
861867,64304.0,175.0,8056.9,3
861877,76717.0,928.0,5326.68,1
861879,52583.0,402.0,8879.79,4
861917,34911.0,243.0,4039.32,1
861924,0.0,1940.0,4377.53,3
862096,45609.0,967.0,3451.25,1
862097,0.0,29.0,11572.1,4
862100,10517.0,1391.0,6575.54,4
862159,58839.0,1810.0,7432.86,1
862212,82664.0,449.0,8838.09,1
862258,39010.0,1052.0,3011.34,2
862543,65706.0,25.0,7380.98,5
862576,81082.0,1031.0,5838.9,2
862659,0.0,1570.0,4741.81,2
862932,38977.0,487.0,2821.95,5
862979,67276.0,309.0,7231.0,4
863019,29899.0,1022.0,5278.65,4
863035,0.0,1817.0,8265.38,4
863070,78487.0,2143.0,32871.75,1
863093,19592.0,212.0,9927.05,5
863108,0.0,1558.0,8002.31,1
863122,28719.0,236.0,4395.89,1
863219,20031.0,2381.0,22952.07,4
863223,21514.0,1455.0,11981.98,2
863259,0.0,2137.0,4216.2,2
863262,0.0,1673.0,35944.71,1
863280,56621.0,183.0,2537.81,1
863349,20811.0,1934.0,2308.65,1
863374,49945.0,245.0,19363.53,4
863384,20215.0,1981.0,8417.16,4
863392,43704.0,150.0,24178.68,2
863432,82680.0,1434.0,8184.69,2
863459,25708.0,1054.0,13780.49,2
863490,33906.0,11.0,7579.53,1
863516,14973.0,1493.0,12168.74,4
863599,0.0,806.0,7955.77,5
863626,72531.0,1987.0,4328.37,0
863744,0.0,2059.0,8672.81,4
863751,62421.0,661.0,9536.34,4
863809,20416.0,243.0,7048.54,4
863884,14382.0,704.0,12390.48,2
863942,75438.0,930.0,5392.44,4
864084,39102.0,1358.0,10481.94,1
864128,0.0,1083.0,24258.71,4
864161,51906.0,2336.0,2890.34,1
864288,78561.0,1178.0,3020.42,5
864318,45259.0,1815.0,10477.68,5
864324,60021.0,210.0,3939.01,4
864327,0.0,1542.0,22103.51,1
864456,26790.0,500.0,2810.46,4
864485,91757.0,903.0,2745.13,5
864806,36706.0,1622.0,3155.46,4
864845,0.0,5.0,2554.03,4
864967,96988.0,557.0,6161.0,1
865066,0.0,345.0,3686.72,2
865198,70734.0,1326.0,21312.38,4
865213,95018.0,245.0,3900.91,2
865352,0.0,157.0,2410.36,1
865401,77748.0,2222.0,2885.0,4
865406,37345.0,1426.0,9752.7,3
865411,58580.0,166.0,4879.44,6
865429,29295.0,1914.0,58207.13,4
865494,88891.0,213.0,7255.95,2
865654,0.0,411.0,3853.47,4
865727,0.0,309.0,2510.63,4
865737,41853.0,1522.0,5555.56,2
865759,79251.0,362.0,2666.98,4
865798,0.0,243.0,14837.5,1
865803,57074.0,778.0,8355.64,1
865855,45277.0,1522.0,38320.82,4
865977,28519.0,1781.0,2606.21,1
866073,33032.0,2087.0,23777.81,1
866168,42585.0,1782.0,2751.37,1
866242,0.0,1391.0,3649.19,4
866295,28754.0,279.0,10155.3,2
866302,99761.0,1180.0,4996.55,0
866307,93272.0,808.0,3861.49,1
866362,78824.0,10.0,6156.36,3
866403,80757.0,1120.0,15262.96,4
866417,96832.0,36.0,6864.65,1
866455,0.0,1019.0,21240.94,2
866501,91915.0,223.0,7441.0,1
866604,0.0,1786.0,5619.69,4
866606,24599.0,1779.0,7463.14,5
866701,36218.0,846.0,2730.31,1
866815,0.0,60.0,5132.68,2
866983,37748.0,2241.0,41491.74,1
866995,61222.0,422.0,10388.55,5
867046,97030.0,110.0,9247.46,2
867056,21959.0,1259.0,2691.38,1
867070,97361.0,482.0,8622.84,4
867112,0.0,1056.0,21235.45,4
867284,0.0,107.0,13144.49,3
867289,14710.0,1788.0,24186.24,4
867301,0.0,1547.0,20700.86,2
867327,26448.0,836.0,8376.33,2
867446,10475.0,1146.0,9787.81,5
867472,84574.0,949.0,8456.72,1
867532,0.0,500.0,2213.19,1
867624,0.0,1591.0,7663.87,4
867757,0.0,953.0,13357.45,4
867780,28142.0,2144.0,3873.65,4
867801,83497.0,1006.0,2808.61,2
867833,0.0,2010.0,3288.21,1
867840,29124.0,350.0,4627.09,4
868025,89451.0,204.0,2530.71,0
868037,13376.0,2210.0,8221.87,3
868152,71960.0,2298.0,5284.51,4
868154,0.0,2354.0,17622.13,4
868161,18174.0,710.0,4960.97,5
868230,22361.0,923.0,11302.6,1
868250,0.0,1850.0,2356.7,2
868327,0.0,2377.0,2357.8,4
868552,38923.0,124.0,11318.09,5
868568,47730.0,1477.0,28699.89,2
868659,77026.0,237.0,8798.8,1
868719,43793.0,1912.0,2842.82,2
868744,0.0,1208.0,7637.11,2
868767,88410.0,2091.0,3964.81,1
868830,18884.0,1146.0,7296.54,1
868912,27972.0,1143.0,2227.07,4
868926,0.0,392.0,7324.93,1
869116,44705.0,2336.0,5609.08,1
869133,0.0,2142.0,20123.87,1
869164,23333.0,2317.0,2974.31,5
869190,32370.0,1410.0,15641.26,1
869226,0.0,1077.0,10595.81,3
869265,86101.0,1204.0,4117.47,0
869276,74586.0,2192.0,12300.01,4
869283,38157.0,490.0,4817.99,4
869284,19683.0,1440.0,8382.63,4
869471,60880.0,1741.0,14435.67,1
869504,0.0,1464.0,15190.65,2
869672,0.0,265.0,9672.7,1
869712,23541.0,243.0,7247.74,3
869743,56480.0,243.0,3924.42,1
869799,65085.0,1384.0,4111.89,1
869804,0.0,1163.0,22305.32,4
869971,0.0,1973.0,8396.33,2
870022,53375.0,625.0,9566.84,1
870039,14072.0,1623.0,24127.5,4
870045,39469.0,1045.0,5641.36,1
870120,33806.0,1325.0,27789.69,2
870169,24164.0,268.0,10972.07,1
870203,0.0,741.0,5502.73,4
870223,60078.0,142.0,10213.99,1
870281,73760.0,3.0,25830.91,5
870522,52707.0,946.0,7089.68,4
870574,67233.0,493.0,5097.32,4
870687,75041.0,1327.0,2897.28,0
870764,0.0,1428.0,3040.25,1
870857,30509.0,2339.0,3436.45,4
870960,72834.0,48.0,2464.24,2
870998,60475.0,995.0,4330.39,2
871022,50607.0,283.0,10737.68,1
871045,0.0,1870.0,9517.08,4
871074,47663.0,2111.0,9180.15,1
871094,0.0,2135.0,5285.92,5
871124,82477.0,1740.0,3644.83,2
871145,0.0,936.0,4848.9,1
871188,0.0,243.0,4974.24,4
871203,23904.0,371.0,4334.06,1
871206,50825.0,1773.0,8092.88,1
871219,27607.0,1343.0,28511.03,2
871287,66627.0,1969.0,6832.37,1
871329,32646.0,1107.0,4686.81,3
871380,60920.0,260.0,7507.46,0
871445,44784.0,1119.0,5786.49,1
871455,16269.0,0.0,3211.07,5
871606,0.0,904.0,13226.22,1
871627,44788.0,242.0,7285.03,2
871739,22842.0,243.0,4958.02,0
871740,0.0,181.0,8048.37,4
871972,63833.0,2146.0,5935.82,7
871980,20327.0,1742.0,2911.92,2
872069,20407.0,168.0,7269.34,0
872079,44695.0,405.0,10787.12,0
872158,0.0,243.0,6265.34,4
872234,64459.0,1656.0,2924.98,1
872297,84498.0,54.0,2628.56,4
872315,56872.0,53.0,5551.39,2
872335,0.0,1180.0,5745.42,2
872340,99981.0,12.0,2859.53,1
872341,33402.0,116.0,8640.75,3
872408,18107.0,16.0,4801.66,5
872619,68558.0,185.0,5313.44,2
872669,29414.0,2269.0,4729.59,1
872676,26056.0,1838.0,14206.98,2
872706,0.0,243.0,5232.33,2
872752,52135.0,243.0,12275.34,5
872774,44216.0,1548.0,8434.46,5
872814,67632.0,2201.0,9756.04,5
872932,25866.0,1392.0,4236.3,4
872946,80138.0,1109.0,3363.0,3
873022,26094.0,1734.0,2619.87,3
873045,67969.0,1938.0,8852.69,5
873116,85586.0,1876.0,3113.34,3
873169,22361.0,674.0,11302.6,0
873177,78772.0,1633.0,5024.78,3
873180,11417.0,243.0,4700.01,2
873297,24164.0,243.0,10972.07,4
873415,21832.0,2351.0,6089.52,2
873426,41440.0,88.0,14808.06,1
873436,25970.0,1956.0,7778.01,1
873458,12940.0,1124.0,5130.82,2
873468,0.0,1736.0,6769.32,2
873488,42526.0,2339.0,3417.2,2
873498,59768.0,2084.0,5532.86,1
873551,0.0,296.0,2320.52,3
873554,0.0,212.0,5678.05,2
873578,20200.0,244.0,2417.78,0
873579,36639.0,1669.0,7423.9,3
873761,56536.0,201.0,2677.22,0
873886,28663.0,1692.0,2618.33,0
873945,30916.0,2326.0,2734.33,2
873965,60455.0,1770.0,32450.39,4
873977,13610.0,1705.0,2827.44,2
874035,0.0,378.0,5293.72,1
874044,43196.0,2093.0,8013.61,3
874104,0.0,2399.0,3920.51,2
874158,37586.0,187.0,9918.7,3
874161,22571.0,297.0,4605.04,3
874184,0.0,1779.0,6630.84,1
874267,81872.0,1532.0,14024.36,2
874336,12131.0,2251.0,2242.09,2
874363,72878.0,47.0,7094.16,2
874374,53071.0,817.0,2839.8,2
874415,49308.0,338.0,2597.86,2
874589,20647.0,245.0,4792.83,2
874601,0.0,210.0,7281.25,3
874612,49544.0,2256.0,3969.43,0
874614,26222.0,1775.0,2396.67,0
874780,21442.0,1384.0,8312.68,1
874842,26577.0,477.0,6292.74,2
874876,58414.0,290.0,7840.17,1
874937,85018.0,59.0,5423.14,4
874938,26441.0,12.0,2647.2,4
874939,67523.0,1350.0,5640.73,4
874984,0.0,1249.0,3362.55,2
875086,28013.0,479.0,3592.0,2
875212,71176.0,193.0,3580.08,4
875232,64125.0,2000.0,8646.5,4
875473,27984.0,361.0,7275.92,4
875483,98350.0,2293.0,7960.01,0
875485,49544.0,245.0,3969.43,1
875560,0.0,268.0,9624.94,4
875657,19861.0,1591.0,3534.34,3
875707,53554.0,405.0,8082.88,5
875789,0.0,226.0,22445.28,1
875796,22886.0,481.0,5096.67,4
875819,62634.0,249.0,13776.74,2
876006,54194.0,822.0,4779.89,0
876057,36014.0,1572.0,7983.43,1
876062,59847.0,901.0,7596.29,2
876083,73775.0,1445.0,5398.1,1
876207,92921.0,1642.0,4526.95,4
876232,25918.0,1788.0,12022.39,2
876243,51204.0,242.0,21592.1,2
876254,0.0,662.0,6560.82,1
876269,60433.0,1892.0,9171.0,3
876319,51808.0,2389.0,2417.76,1
876326,0.0,1752.0,8178.52,2
876409,77235.0,2026.0,7035.76,6
876426,21604.0,1908.0,3096.51,1
876538,0.0,1606.0,6889.56,5
876569,0.0,1056.0,6239.26,2
876755,83195.0,2173.0,2937.42,2
876757,0.0,488.0,3619.06,2
876765,31385.0,72.0,2726.8,4
876850,53234.0,1409.0,8478.28,2
877008,26242.0,264.0,2926.83,2
877034,0.0,57.0,6707.99,3
877101,86321.0,695.0,2666.05,5
877124,41372.0,848.0,2519.57,4
877152,62277.0,135.0,8837.33,4
877242,34986.0,824.0,3636.94,1
877251,20978.0,1885.0,3508.57,2
877346,48203.0,87.0,5219.75,1
877352,0.0,244.0,4358.55,1
877384,44667.0,1423.0,7583.14,0
877419,88059.0,1252.0,2560.08,4
877488,86305.0,759.0,4984.62,3
877595,28248.0,1103.0,3536.43,1
877603,85058.0,1290.0,49423.8,4
877609,50843.0,610.0,6332.94,2
877630,0.0,477.0,2462.86,4
877654,37876.0,1675.0,2647.52,4
877730,67018.0,2238.0,7540.05,4
877945,93606.0,2122.0,5352.22,4
878240,39411.0,1736.0,16936.27,1
878281,90349.0,1114.0,2611.13,1
878284,0.0,231.0,3884.86,4
878327,51125.0,242.0,7957.63,1
878388,85609.0,1939.0,5522.52,0
878510,83873.0,245.0,2971.92,0
878518,35693.0,96.0,12265.6,2
878568,20396.0,2209.0,6047.03,4
878575,85165.0,1835.0,20067.4,4
878582,55478.0,570.0,8539.83,2
878633,19245.0,1854.0,3936.79,1
878653,26876.0,1158.0,6005.21,4
878816,43860.0,36.0,2514.59,1
878909,12608.0,827.0,4991.47,1
878929,0.0,21.0,9048.98,1
879036,12928.0,1798.0,2351.88,4
879177,66325.0,1621.0,9371.77,2
879185,49564.0,1302.0,8355.51,1
879260,18287.0,40.0,2119.89,1
879265,0.0,1831.0,8701.36,2
879416,77882.0,46.0,3221.79,0
879462,34476.0,1653.0,5254.73,1
879506,65974.0,1784.0,9028.82,5
879542,31756.0,2034.0,8417.1,1
879600,65375.0,243.0,5214.97,2
879601,0.0,1872.0,4966.74,2
879638,0.0,1255.0,2180.08,4
879787,76081.0,925.0,8029.72,0
879812,37722.0,240.0,9075.77,2
879844,0.0,1945.0,5132.68,1
879892,54514.0,238.0,4363.12,1
879904,10860.0,2141.0,2563.39,4
879964,12843.0,257.0,8502.24,4
880033,0.0,2095.0,2004.35,4
880065,0.0,1963.0,21766.83,6
880099,47746.0,197.0,4260.77,1
880205,0.0,2430.0,8026.05,2
880402,41520.0,21.0,32269.85,5
880406,0.0,780.0,6109.14,2
880436,39317.0,1790.0,2518.74,0
880505,0.0,1538.0,4496.98,4
880580,37722.0,158.0,9075.77,1
880619,43982.0,413.0,14722.22,2
880681,70524.0,265.0,5794.57,4
880709,0.0,345.0,13197.93,1
880740,0.0,459.0,13786.7,4
880805,0.0,260.0,13352.56,4
880849,0.0,1918.0,3567.5,1
880897,94962.0,244.0,2627.61,4
880948,37202.0,1874.0,3691.77,4
881000,0.0,2372.0,13494.76,1
881001,0.0,700.0,7630.35,4
881106,33305.0,104.0,4908.21,1
881142,13330.0,243.0,4046.94,2
881156,55350.0,230.0,5380.9,4
881157,30686.0,1122.0,4731.37,5
881198,26877.0,1237.0,5149.3,4
881304,86812.0,1907.0,5881.81,2
881362,0.0,582.0,20216.31,1
881399,25302.0,2266.0,13473.19,1
881413,0.0,1998.0,23895.68,4
881428,30095.0,243.0,21740.03,1
881584,46623.0,327.0,7164.4,5
881628,64519.0,243.0,2742.84,1
881741,80480.0,228.0,5791.61,4
881749,87139.0,2291.0,17109.39,2
881818,41837.0,524.0,6966.69,5
881828,35704.0,840.0,18042.48,1
881846,0.0,1612.0,2387.86,1
881871,73938.0,0.0,3086.01,1
881943,54194.0,428.0,4779.89,1
881983,28651.0,1753.0,12817.41,0
882024,0.0,102.0,4594.26,2
882025,40774.0,1086.0,4369.7,2
882044,51205.0,1773.0,8732.09,0
882084,82655.0,172.0,2652.7,1
882263,38798.0,195.0,2853.51,4
882353,16994.0,1498.0,8783.17,1
882409,0.0,562.0,23142.15,2
882443,82664.0,244.0,8838.09,1
882466,71255.0,1030.0,10876.48,0
882544,55994.0,1473.0,10714.21,4
882590,22220.0,1869.0,36229.41,2
882718,42433.0,1172.0,6751.78,2
882725,20705.0,1672.0,13115.41,4
882874,29590.0,20.0,2599.31,1
882911,87502.0,1085.0,20461.15,2
883002,57016.0,2187.0,9551.17,4
883025,0.0,145.0,11413.44,5
883055,75217.0,1692.0,7173.91,1
883056,0.0,160.0,3885.46,7
883065,26057.0,2327.0,8509.85,2
883155,10384.0,1829.0,11469.63,2
883174,23815.0,1583.0,8257.67,1
883212,0.0,810.0,7902.68,1
883230,86834.0,1920.0,5004.14,1
883242,0.0,70.0,4463.0,1
883255,56482.0,1850.0,8028.18,0
883349,48207.0,244.0,4908.12,4
883376,22571.0,244.0,4605.04,4
883468,85448.0,1574.0,5759.91,1
883489,0.0,2015.0,3731.5,5
883505,86811.0,447.0,8157.93,2
883574,41228.0,1920.0,5386.51,0
883606,36121.0,245.0,9470.27,2
883660,0.0,1088.0,4863.27,2
883693,82695.0,386.0,2450.88,2
883702,91123.0,935.0,10883.79,4
883755,78250.0,2114.0,9067.66,2
883773,68562.0,2381.0,13151.83,1
883816,31266.0,717.0,7546.61,1
883841,59940.0,2033.0,7412.14,0
883852,0.0,1254.0,8663.5,2
883916,41727.0,242.0,23055.57,0
883963,46754.0,586.0,8507.13,5
883968,25251.0,2241.0,11790.5,1
884040,42540.0,2329.0,8406.39,4
884062,83000.0,806.0,7786.68,2
884088,0.0,1286.0,4836.05,1
884089,23091.0,2033.0,5926.73,1
884433,71391.0,2202.0,8044.87,4
884505,0.0,618.0,6880.63,4
884522,73054.0,1956.0,12741.85,0
884530,20394.0,178.0,4381.88,2
884570,36354.0,245.0,15956.03,4
884611,53214.0,42.0,7228.99,3
884654,36349.0,75.0,4479.6,4
884691,88362.0,766.0,3061.8,4
884708,56337.0,1203.0,7765.23,4
884844,31562.0,1166.0,4956.62,0
884875,55805.0,2167.0,12045.67,4
884909,37256.0,2168.0,9816.53,2
884992,28227.0,1103.0,7119.53,2
885007,37405.0,1479.0,5035.04,0
885176,75526.0,485.0,16531.7,1
885210,0.0,610.0,4038.86,4
885274,70534.0,1186.0,8339.0,1
885357,36645.0,9.0,8717.85,2
885386,0.0,37.0,14635.45,1
885474,49734.0,1461.0,8319.12,1
885480,12590.0,805.0,8372.85,2
885497,0.0,300.0,4313.34,1
885682,0.0,1089.0,8714.92,1
885723,25075.0,1855.0,6620.44,3
885739,27431.0,1352.0,3312.18,3
885763,26378.0,1274.0,21941.86,2
885848,12287.0,660.0,3700.42,4
885871,42862.0,560.0,23435.73,3
885888,23541.0,2138.0,7247.74,4
885933,28215.0,1208.0,4650.06,4
886086,22821.0,623.0,10232.85,4
886127,0.0,1745.0,4784.77,1
886227,0.0,122.0,2727.74,3
886299,53231.0,380.0,8022.69,0
886361,54872.0,113.0,9621.73,1
886439,0.0,734.0,14084.49,0
886677,93870.0,1331.0,5473.16,1
886764,54507.0,423.0,5470.06,5
886803,0.0,107.0,7304.16,2
886876,83283.0,556.0,15055.54,2
887026,18107.0,574.0,4801.66,1
887069,40589.0,244.0,8159.14,5
887117,26100.0,243.0,2482.41,1
887192,0.0,188.0,4704.18,0
887209,0.0,1481.0,22103.51,2
887228,61776.0,1238.0,5743.4,3
887266,25143.0,1519.0,2530.64,1
887328,76356.0,703.0,2862.56,1
887464,34498.0,1774.0,6369.26,1
887511,52369.0,670.0,12941.89,1
887605,86721.0,75.0,8828.83,1
887609,15999.0,261.0,22067.73,1
887705,73740.0,243.0,5124.22,3
887730,28519.0,2230.0,13113.14,1
887748,0.0,1039.0,3885.46,6
887892,37695.0,2265.0,7517.38,2
887995,0.0,1701.0,2589.7,4
888049,26486.0,681.0,14754.36,7
888115,39650.0,759.0,6767.81,1
888131,99722.0,528.0,7320.99,1
888291,27861.0,1036.0,2587.11,1
888297,74960.0,1544.0,5507.16,4
888316,0.0,245.0,2336.18,2
888357,49721.0,1800.0,21147.28,1
888404,48015.0,94.0,4387.31,1
888417,80358.0,1486.0,4698.88,2
888430,0.0,226.0,6731.05,0
888506,37741.0,1976.0,2883.17,4
888649,81741.0,1262.0,5047.48,2
888901,22492.0,245.0,6819.23,2
889023,20228.0,159.0,10408.97,1
889061,18944.0,1623.0,2416.54,1
889501,0.0,242.0,2659.71,0
889525,0.0,69.0,7575.65,1
889569,57222.0,2040.0,13502.63,0
889671,21289.0,981.0,5477.21,4
889687,94178.0,2423.0,2871.15,4
889697,81491.0,1370.0,5757.49,4
889786,71034.0,1121.0,8283.07,2
889796,64801.0,2137.0,7582.11,3
889964,18375.0,244.0,3954.34,1
890051,95815.0,1381.0,6646.75,0
890232,28887.0,245.0,2753.31,2
890361,0.0,620.0,4915.39,2
890395,0.0,1752.0,4463.0,1
890404,0.0,243.0,8123.02,1
890437,32225.0,2045.0,7851.35,4
890447,0.0,1245.0,2128.62,0
890543,19508.0,2425.0,6558.88,1
890595,35301.0,863.0,5874.82,0
890617,0.0,2028.0,6966.14,2
890646,0.0,408.0,5913.2,1
890650,37125.0,139.0,2540.55,2
890673,0.0,499.0,2676.95,4
890702,95018.0,1598.0,3900.91,4
890753,0.0,484.0,4025.1,4
890839,82730.0,216.0,5154.76,6
890882,19121.0,136.0,3645.46,2
890936,66525.0,1314.0,24261.02,1
891012,20128.0,2170.0,13596.2,1
891046,0.0,305.0,4253.28,4
891097,56218.0,2280.0,2781.45,1
891105,36898.0,26.0,13246.57,0
891128,92038.0,1770.0,2562.6,4
891179,54726.0,1525.0,8779.09,6
891218,26049.0,245.0,8533.83,5
891233,92801.0,19.0,4048.16,1
891237,0.0,921.0,2448.86,3
891335,34628.0,2035.0,2802.62,6
891413,0.0,1282.0,9747.99,1
891516,99711.0,196.0,7901.43,1
891604,0.0,1061.0,12168.64,4
891647,24245.0,1105.0,7079.79,2
891696,89285.0,1249.0,6496.2,1
891727,0.0,944.0,12357.12,1
891790,67763.0,2020.0,2903.94,5
891810,22492.0,2296.0,6819.23,1
891903,35795.0,1169.0,2581.02,2
891927,0.0,580.0,12489.21,1
891931,57693.0,323.0,5979.72,3
892000,51425.0,242.0,9378.9,2
892022,0.0,1982.0,8714.92,6
892066,88055.0,128.0,5738.28,1
892068,70301.0,1612.0,5246.06,2
892079,87747.0,2156.0,5934.74,5
892199,34837.0,530.0,10720.42,4
892219,74284.0,2140.0,5994.26,1
892227,17453.0,6.0,8693.63,2
892258,0.0,1145.0,24143.88,1
892273,0.0,2311.0,2194.67,1
892502,69900.0,2426.0,7623.58,1
892517,34498.0,2274.0,6369.26,1
892556,36094.0,459.0,7834.15,2
892616,33252.0,616.0,2839.81,1
892630,44006.0,87.0,9853.77,4
892632,0.0,1237.0,6739.32,4
892639,0.0,1253.0,3731.5,5
892701,0.0,2388.0,2776.63,1
892723,33716.0,2089.0,5386.33,2
892797,37675.0,1890.0,32467.66,1
892967,41163.0,1128.0,8665.96,1
892994,0.0,1318.0,4318.09,1
893040,0.0,585.0,14917.33,1
893057,70129.0,1032.0,4061.59,2
893120,58658.0,221.0,11747.65,3
893127,33806.0,132.0,27789.69,2
893266,25318.0,1025.0,7367.65,0
893294,61108.0,2041.0,10484.92,2
893375,56617.0,1464.0,5931.28,3
893376,0.0,2226.0,3549.75,1
893427,0.0,435.0,4018.88,3
893549,26255.0,1950.0,7031.79,4
893555,0.0,245.0,5179.55,2
893574,24019.0,507.0,3141.33,6
893632,91268.0,440.0,18504.28,4
893661,79980.0,536.0,7345.9,3
893725,0.0,1110.0,17712.21,1
893771,57846.0,1263.0,5765.5,1
893789,91485.0,1030.0,4571.51,1
893863,0.0,1319.0,30141.62,2
893866,18577.0,264.0,6273.91,2
893909,52721.0,206.0,5438.7,1
894041,58289.0,1952.0,2255.31,2
894048,48328.0,1320.0,5012.08,5
894099,77748.0,416.0,2885.0,2
894111,0.0,1857.0,4941.65,0
894175,0.0,747.0,3722.37,0
894322,26030.0,591.0,16229.65,5
894340,0.0,2070.0,5111.36,3
894436,40896.0,2083.0,4379.93,4
894448,51747.0,1348.0,17103.79,4
894466,66670.0,1787.0,4625.55,1
894478,66538.0,1838.0,11473.48,5
894532,93495.0,247.0,10392.96,2
894608,91810.0,1010.0,2867.21,1
894620,25187.0,860.0,4683.44,7
894691,60244.0,333.0,3238.0,4
894724,98701.0,198.0,7610.84,1
894788,78185.0,1279.0,2381.79,2
894799,21238.0,1933.0,6431.74,3
894919,56550.0,982.0,8696.71,2
895080,63933.0,64.0,16706.12,5
895085,43630.0,1490.0,7908.67,4
895180,83221.0,242.0,7305.94,4
895185,0.0,777.0,4423.69,2
895267,18064.0,695.0,2361.88,2
895346,0.0,1126.0,10221.81,5
895433,0.0,981.0,22500.88,1
895451,97729.0,2071.0,9277.47,4
895537,28786.0,934.0,2790.46,1
895544,68776.0,2258.0,3218.61,1
895560,29735.0,1389.0,2453.57,5
895601,0.0,2321.0,4776.19,1
895651,0.0,1993.0,5666.47,4
895684,54378.0,698.0,2637.6,4
895725,26660.0,2358.0,4892.42,4
895778,66711.0,139.0,3479.26,3
895821,58645.0,368.0,22118.81,4
895878,56457.0,1576.0,14413.38,4
895921,70190.0,2420.0,5577.94,2
895972,19280.0,1928.0,5586.97,3
895994,0.0,86.0,2659.71,3
896075,0.0,963.0,7292.4,4
896095,0.0,1290.0,24868.24,4
896283,85378.0,261.0,17223.89,2
896331,38821.0,2331.0,3339.3,4
896372,25772.0,522.0,2333.61,4
896592,12201.0,22.0,6071.91,4
896651,0.0,353.0,2430.96,4
896685,0.0,1.0,11293.98,2
896790,20868.0,2392.0,5016.83,2
896792,85753.0,1386.0,5285.08,2
896853,0.0,224.0,7645.86,1
896861,0.0,1132.0,7487.74,1
896947,26480.0,2084.0,4858.43,1
896951,42677.0,541.0,7689.7,0
897229,21234.0,541.0,2869.74,4
897293,48552.0,2140.0,7477.18,1
897387,30886.0,1876.0,4754.65,2
897545,0.0,230.0,6141.96,2
897673,0.0,242.0,2242.24,1
897716,49308.0,1503.0,2597.86,1
897728,32180.0,38.0,4095.2,4
897734,29757.0,243.0,2581.11,5
897772,12617.0,2283.0,8123.96,4
897835,23496.0,1091.0,5847.42,5
897904,46133.0,2121.0,5718.28,1
898000,0.0,2377.0,3595.31,5
898119,42743.0,243.0,9061.95,2
898122,14606.0,293.0,4681.53,0
898149,0.0,473.0,3833.07,4
898162,40211.0,1410.0,8391.13,4
898229,67772.0,1927.0,9654.52,2
898417,0.0,1405.0,8396.33,1
898423,37995.0,1998.0,5597.12,6
898427,0.0,263.0,7751.86,0
898437,49558.0,1424.0,4582.16,2
898438,23797.0,2104.0,6371.32,4
898495,24641.0,1991.0,4196.43,1
898514,20225.0,337.0,8269.08,5
898552,58652.0,566.0,2389.77,5
898587,66169.0,245.0,3790.19,0
898630,25581.0,1271.0,4194.66,2
898698,37496.0,647.0,7535.43,0
898787,94903.0,1966.0,3808.12,4
898788,32983.0,2096.0,4483.84,2
898887,0.0,759.0,16468.22,4
899009,32210.0,831.0,4111.2,4
899271,34337.0,346.0,9035.67,4
899287,0.0,620.0,6743.12,1
899509,34624.0,1069.0,3755.26,1
899543,94242.0,885.0,8595.98,2
899592,39841.0,1677.0,5646.32,2
899734,42800.0,245.0,6102.31,1
899760,0.0,91.0,6172.39,2
899825,0.0,2321.0,9031.21,3
899871,50363.0,956.0,5069.07,2
899883,91171.0,243.0,8788.53,4
899958,0.0,1709.0,8708.02,1
900083,21189.0,2109.0,18321.87,5
900133,77642.0,548.0,7710.91,1
900151,89196.0,1021.0,3241.59,4
900325,82399.0,70.0,6045.63,4
900331,72421.0,243.0,2592.44,4
900359,0.0,376.0,4838.98,1
900460,18375.0,1044.0,3954.34,0
900501,0.0,2296.0,61134.68,1
900505,47950.0,694.0,13334.27,2
900726,65733.0,923.0,9103.9,2
900753,68562.0,1138.0,13151.83,2
900795,52679.0,772.0,4280.75,2
900801,0.0,82.0,5880.26,2
900853,37072.0,1633.0,2542.85,1
900894,79298.0,1793.0,3589.71,5
900977,11904.0,243.0,4254.62,4
901002,0.0,315.0,4540.99,0
901049,20608.0,245.0,2685.18,1
901231,0.0,795.0,5272.32,5
901442,71391.0,1949.0,8044.87,0
901461,42780.0,157.0,13798.48,3
901478,48567.0,8.0,5015.01,1
901520,66795.0,1936.0,7680.75,3
901550,61894.0,450.0,5353.93,4
901578,52369.0,636.0,12941.89,5
901582,95697.0,2342.0,8564.77,4
901690,55663.0,2004.0,6661.18,2
901747,71391.0,431.0,8044.87,3
901758,0.0,1266.0,5454.89,1
901775,0.0,1195.0,4414.58,1
901780,70263.0,902.0,7462.93,3
901819,66140.0,1919.0,8162.62,5
901857,0.0,541.0,5411.95,1
901887,72354.0,211.0,5783.18,4
901954,0.0,1934.0,2434.85,0
901978,86657.0,416.0,4109.79,2
901987,22885.0,1940.0,2721.75,2
902015,43177.0,665.0,4089.04,4
902040,51737.0,1623.0,5598.01,2
902083,32006.0,2114.0,29328.04,5
902148,60101.0,1776.0,5260.92,7
902192,38179.0,2344.0,7268.1,1
902200,68211.0,963.0,28119.29,4
902241,41900.0,1217.0,7618.44,3
902277,51789.0,253.0,7355.35,2
902298,0.0,1495.0,7116.55,4
902421,34837.0,244.0,10720.42,0
902515,0.0,709.0,6238.05,2
902555,58058.0,351.0,8012.37,4
902562,75651.0,1862.0,9766.22,1
902608,46379.0,2313.0,8618.3,2
902634,96587.0,167.0,5553.52,2
902679,89642.0,1189.0,4719.45,5
902690,49821.0,1768.0,4538.12,4
902693,75644.0,2345.0,4974.8,3
902742,49625.0,99.0,2652.07,1
902833,77857.0,79.0,5155.53,4
902852,24823.0,369.0,2682.42,2
902966,46587.0,2039.0,41787.9,6
902993,58843.0,15.0,8018.5,6
903006,60477.0,608.0,2619.03,0
903146,75845.0,2024.0,5789.35,2
903209,34244.0,1091.0,10348.01,1
903290,0.0,1011.0,9321.28,1
903327,60969.0,1769.0,7258.99,2
903359,0.0,1019.0,2321.05,2
903379,58703.0,2337.0,9927.88,5
903496,93987.0,1815.0,2619.48,4
903534,22828.0,1489.0,16473.17,2
903641,68727.0,246.0,8657.97,2
903648,66429.0,1451.0,5389.5,0
903679,80409.0,245.0,26113.36,4
903797,25147.0,1515.0,3600.93,5
904114,22087.0,671.0,2335.88,4
904283,53904.0,1702.0,2611.97,5
904300,0.0,206.0,2263.28,1
904304,59414.0,807.0,16589.71,1
904317,94846.0,242.0,5918.33,2
904367,53787.0,606.0,4150.84,3
904370,39310.0,156.0,4836.89,4
904378,61281.0,556.0,8737.84,1
904397,25503.0,417.0,30850.59,1
904410,0.0,55.0,8415.64,2
904501,35605.0,761.0,2991.42,2
904512,16181.0,36.0,13736.13,2
904602,20075.0,1180.0,2913.32,1
904669,66880.0,2258.0,2846.65,0
904693,75909.0,433.0,9343.2,1
904704,0.0,615.0,21531.33,1
904736,55687.0,824.0,10963.96,5
904741,61953.0,1579.0,4416.21,1
904802,84598.0,243.0,3579.77,0
904805,48139.0,736.0,4974.87,4
904920,0.0,1168.0,10915.36,2
904974,21880.0,89.0,3837.45,1
904992,74126.0,254.0,3653.7,1
905161,70503.0,67.0,19393.21,5
905180,64478.0,1873.0,4144.87,4
905213,29465.0,1167.0,4237.37,2
905288,79719.0,210.0,5714.23,1
905320,95697.0,2046.0,2471.53,0
905360,26444.0,275.0,7744.64,1
905469,73019.0,82.0,4475.16,0
905478,0.0,1769.0,2321.88,5
905497,0.0,2382.0,5161.79,5
905569,50876.0,1161.0,2439.93,4
905634,52443.0,1504.0,5790.46,1
905787,88753.0,1488.0,14514.01,4
905806,0.0,2009.0,20455.25,1
905854,66014.0,886.0,32961.15,2
905907,0.0,1111.0,5560.28,1
905909,94362.0,1453.0,2957.1,2
906158,0.0,2216.0,7331.51,2
906178,22944.0,430.0,6111.05,0
906217,20090.0,77.0,34611.38,0
906262,37640.0,2291.0,5284.31,1
906267,83392.0,803.0,13464.6,2
906274,0.0,245.0,2618.81,4
906316,30689.0,1043.0,6481.53,5
906346,65252.0,973.0,6091.9,2
906396,0.0,1077.0,4606.27,4
906428,30720.0,261.0,10018.66,7
906468,31278.0,2357.0,3528.04,4
906564,0.0,1340.0,5357.76,4
906615,0.0,1507.0,8607.48,1
906623,96535.0,497.0,5243.45,1
906715,0.0,319.0,8392.62,0
906780,37803.0,1539.0,2914.96,1
906826,0.0,1054.0,6051.8,4
906836,68987.0,1396.0,5744.23,5
906848,58443.0,1851.0,5143.65,4
906852,52344.0,1499.0,2668.73,4
906884,89284.0,1.0,7920.11,5
906946,28812.0,2269.0,7388.18,1
907015,28204.0,231.0,7154.09,6
907025,57449.0,1952.0,12157.33,5
907038,0.0,364.0,6725.04,1
907077,35482.0,1954.0,10208.93,1
907157,75650.0,714.0,5709.36,0
907209,44299.0,1439.0,11121.62,2
907252,0.0,1321.0,14862.76,3
907324,24400.0,452.0,2311.21,4
907544,50653.0,1887.0,4433.97,1
907595,14108.0,56.0,4177.88,2
907636,0.0,2372.0,6439.33,2
907743,0.0,108.0,5029.64,1
907858,0.0,2148.0,28435.64,4
907934,16483.0,2089.0,6921.97,5
907945,0.0,243.0,16152.9,1
907950,0.0,1163.0,4979.08,5
908006,11621.0,259.0,4059.57,5
908120,27849.0,1944.0,9269.68,3
908123,23339.0,1703.0,5437.91,4
908201,75685.0,49.0,2927.07,2
908246,62338.0,2104.0,7326.54,3
908248,12607.0,244.0,12516.92,3
908301,30242.0,380.0,5686.96,4
908374,88082.0,1620.0,7258.63,4
908404,84583.0,1449.0,10359.02,4
908519,0.0,2319.0,7755.21,6
908580,56718.0,1505.0,4371.19,2
908643,0.0,447.0,2470.12,1
908728,44305.0,2063.0,5463.91,1
908729,0.0,871.0,4949.53,6
908759,90263.0,874.0,5935.57,7
908801,0.0,130.0,2795.32,1
908844,0.0,2018.0,9709.75,2
908882,50577.0,222.0,2530.33,2
908994,79027.0,243.0,5511.49,5
909020,65629.0,453.0,5150.42,0
909066,16049.0,245.0,3587.36,4
909068,35322.0,286.0,19185.07,2
909075,12617.0,248.0,8123.96,0
909106,93495.0,113.0,10392.96,1
909134,0.0,954.0,4463.0,2
909238,35334.0,317.0,5170.45,2
909242,25378.0,859.0,7854.96,1
909260,40548.0,2193.0,11692.01,1
909262,0.0,932.0,7863.03,2
909328,0.0,732.0,13883.33,4
909385,12626.0,1026.0,4564.51,1
909476,60475.0,635.0,4330.39,1
909483,35095.0,2366.0,16979.8,4
909503,77993.0,1451.0,2481.84,4
909543,48689.0,1968.0,7783.78,4
909547,30968.0,265.0,5759.01,7
909677,0.0,861.0,4463.0,4
909727,31993.0,284.0,2531.74,4
909800,0.0,528.0,7341.86,5
909845,29918.0,564.0,2471.28,1
909854,0.0,243.0,4838.98,5
909880,88753.0,886.0,14514.01,6
910028,74606.0,2335.0,5334.78,2
910056,34919.0,1508.0,9547.71,7
910092,72421.0,165.0,2592.44,5
910093,88997.0,65.0,5757.44,5
910142,0.0,2015.0,7672.68,1
910157,68815.0,457.0,5447.2,2
910336,0.0,82.0,4595.04,1
910373,32808.0,937.0,2688.86,1
910391,48259.0,2160.0,8346.98,5
910416,21542.0,125.0,20266.5,6
910492,0.0,243.0,7223.69,6
910576,60097.0,2380.0,3237.92,1
910645,86584.0,377.0,12902.56,1
910716,0.0,1190.0,14827.91,2
910809,45703.0,235.0,7879.93,1
910875,72439.0,2249.0,3966.13,4
910969,0.0,1767.0,8717.56,1
911003,13476.0,526.0,6529.43,1
911089,21941.0,1565.0,7524.44,1
911372,31278.0,1988.0,3528.04,3
911503,49659.0,1023.0,18370.57,3
911525,78618.0,1198.0,2619.34,1
911585,76356.0,823.0,2862.56,2
911655,16171.0,886.0,5652.72,1
911663,73976.0,1485.0,5824.22,4
911668,18608.0,2134.0,2538.63,3
911723,28773.0,187.0,26511.6,4
911744,36650.0,287.0,2725.36,5
911812,83846.0,1768.0,8717.05,2
911852,0.0,245.0,7804.6,4
911906,34430.0,2266.0,9082.83,6
911920,75490.0,2286.0,7865.18,2
911971,0.0,583.0,2361.74,1
912064,53998.0,788.0,5898.73,1
912128,43490.0,529.0,8982.85,5
912220,20079.0,243.0,4097.37,2
912252,33604.0,2001.0,12465.92,4
912293,23105.0,1570.0,5426.86,5
912352,46503.0,234.0,8427.17,2
912396,54833.0,2100.0,15512.25,4
912420,0.0,928.0,2199.74,1
912539,0.0,428.0,5380.09,4
912588,0.0,2072.0,7799.44,2
912633,0.0,322.0,60556.19,2
912712,0.0,945.0,22103.51,4
912757,50943.0,1255.0,5489.21,5
912797,0.0,695.0,5292.63,1
912864,20090.0,799.0,34611.38,2
912939,20656.0,301.0,15120.21,4
912940,17774.0,153.0,37150.83,1
912957,23931.0,2255.0,3304.76,6
912984,20228.0,313.0,10408.97,2
913060,23202.0,1674.0,10831.13,2
913153,88340.0,147.0,12280.77,2
913156,66776.0,4.0,16796.34,2
913233,52572.0,2015.0,2670.64,0
913340,26094.0,2384.0,2619.87,0
913449,83838.0,483.0,2628.66,0
913522,69853.0,755.0,9080.6,4
913571,0.0,1808.0,4661.98,2
913721,37386.0,1642.0,7731.71,2
913809,26242.0,242.0,2926.83,4
913866,59325.0,957.0,9772.74,3
913895,0.0,1267.0,26570.34,2
913949,42536.0,2110.0,4889.25,5
913981,59537.0,1078.0,5251.98,1
914044,53690.0,714.0,18211.14,5
914074,57844.0,143.0,16675.9,5
914088,23506.0,831.0,8564.77,4
914152,0.0,2407.0,2496.14,4
914255,0.0,242.0,4217.86,1
914316,17723.0,1472.0,5452.63,4
914352,0.0,81.0,7999.25,1
914368,0.0,2300.0,2320.52,4
914514,98338.0,866.0,2617.18,2
914609,50941.0,655.0,10551.15,4
914799,34516.0,255.0,4374.04,1
914920,0.0,243.0,6811.58,3
914937,57222.0,925.0,13502.63,1
914959,43406.0,30.0,7457.34,3
915009,0.0,352.0,27287.5,2
915147,63621.0,1311.0,5600.01,2
915156,41059.0,1716.0,2544.34,0
915164,33317.0,242.0,5643.72,1
915194,58839.0,2178.0,7432.86,2
915198,67588.0,2284.0,14166.2,2
915243,76506.0,245.0,7155.47,1
915286,0.0,2191.0,11360.46,2
915287,38651.0,36.0,3815.85,4
915439,54507.0,1293.0,5470.06,3
915571,23904.0,1249.0,4334.06,2
915638,42650.0,783.0,5461.97,4
915846,54753.0,2267.0,2378.67,0
915902,28743.0,541.0,8716.37,2
915927,77563.0,245.0,5821.68,1
915933,0.0,1147.0,2652.29,1
915948,43540.0,1983.0,2756.47,2
916000,23033.0,1641.0,2434.0,3
916003,67760.0,190.0,5947.22,2
916020,49311.0,1444.0,6010.5,2
916131,75453.0,1579.0,4439.68,2
916269,0.0,1929.0,22103.51,5
916300,57749.0,1448.0,2872.05,1
916317,92777.0,210.0,8146.27,2
916358,10312.0,508.0,2886.45,5
916478,53058.0,310.0,6745.89,4
916594,11033.0,1924.0,10828.37,1
916634,35577.0,83.0,5163.23,0
916713,40783.0,18.0,5285.12,1
916843,50825.0,6.0,8092.88,5
916851,79780.0,1734.0,8277.64,1
916880,45302.0,1824.0,16007.95,4
917191,0.0,1640.0,7377.23,2
917192,0.0,1588.0,6064.34,5
917346,0.0,186.0,2414.77,0
917352,43723.0,428.0,5000.62,4
917423,0.0,1056.0,5801.83,1
917585,62464.0,200.0,8658.86,0
917610,17672.0,857.0,3993.88,1
917630,40864.0,760.0,4282.95,1
917685,10337.0,14.0,22806.47,2
917725,0.0,1399.0,5568.95,0
917779,55479.0,2009.0,2675.03,4
917798,35230.0,2110.0,9638.07,1
917870,55705.0,1624.0,26243.86,4
917972,48345.0,806.0,5241.14,2
917983,99185.0,1211.0,9369.64,1
917998,0.0,1624.0,8773.51,4
918017,26121.0,243.0,12875.6,2
918021,28672.0,2282.0,7892.09,4
918042,26263.0,2183.0,9426.97,2
918048,0.0,989.0,7521.19,1
918053,55873.0,1760.0,6997.01,1
918112,89451.0,1481.0,2530.71,0
918163,16181.0,852.0,13736.13,1
918272,92722.0,1440.0,2885.41,3
918276,71661.0,16.0,5206.03,4
918326,39010.0,212.0,3011.34,1
918341,0.0,2359.0,2659.71,1
918350,18017.0,2406.0,8583.27,2
918397,0.0,129.0,2373.8,7
918404,70974.0,245.0,2870.0,2
918478,0.0,2217.0,4915.39,1
918479,0.0,2319.0,6269.14,0
918564,85296.0,1824.0,5448.56,5
918631,25852.0,1358.0,15266.48,2
918756,52982.0,1684.0,7053.3,4
918807,0.0,1596.0,3049.84,4
918964,67798.0,148.0,5548.03,4
918984,12062.0,953.0,7130.29,1
919055,29218.0,66.0,8663.92,4
919117,14030.0,1663.0,2719.51,1
919285,61108.0,2320.0,10484.92,2
919329,33747.0,1296.0,23536.75,3
919338,41433.0,507.0,14510.44,4
919340,53984.0,1011.0,3214.98,1
919437,41692.0,1352.0,11320.83,2
919463,51725.0,246.0,16515.01,1
919506,23811.0,66.0,4869.6,2
919557,55366.0,1789.0,6545.8,1
919668,36529.0,469.0,4762.16,2
919748,28432.0,771.0,13869.93,0
919818,83297.0,1929.0,4591.63,5
919823,62477.0,1709.0,21590.44,2
919832,80915.0,325.0,2807.05,2
919888,76912.0,256.0,27934.62,0
919889,54314.0,1315.0,2615.85,1
919894,28483.0,886.0,5608.82,0
919922,0.0,243.0,4957.16,1
919951,98003.0,1190.0,8501.28,2
920068,0.0,242.0,11972.78,4
920100,28513.0,786.0,15114.4,4
920102,25965.0,26.0,2491.26,2
920118,22193.0,692.0,8641.05,2
920145,28095.0,600.0,6403.58,1
920162,55805.0,2045.0,12045.67,3
920171,70059.0,191.0,7782.13,5
920175,30352.0,674.0,10498.93,2
920197,0.0,75.0,22103.51,2
920211,74115.0,324.0,9976.25,1
920321,88704.0,1776.0,2780.85,3
920326,27071.0,309.0,7176.59,4
920545,58089.0,1672.0,4686.47,4
920637,54603.0,2346.0,3384.47,1
920657,22514.0,422.0,9470.62,3
920716,0.0,260.0,7098.91,5
920792,0.0,625.0,12520.98,2
920840,89362.0,1923.0,2700.68,0
920954,51962.0,264.0,4804.36,1
920966,27132.0,651.0,4633.34,1
921059,31789.0,432.0,15663.66,4
921102,0.0,2276.0,5201.25,2
921130,12430.0,2358.0,5169.5,2
921191,0.0,148.0,3445.86,3
921278,10511.0,1350.0,5346.92,1
921298,69792.0,849.0,11058.22,2
921357,0.0,2326.0,6265.34,1
921375,0.0,1405.0,13197.93,4
921392,51950.0,177.0,3574.99,4
921403,69853.0,245.0,9080.6,3
921410,48784.0,103.0,7715.1,2
921489,26308.0,2246.0,9051.91,5
921530,24195.0,1239.0,10793.76,7
921563,0.0,685.0,4893.29,1
921624,78494.0,84.0,22399.13,0
921705,60546.0,863.0,2505.42,4
921776,0.0,330.0,6611.12,2
921777,76358.0,1608.0,23594.68,0
921886,63657.0,1791.0,10089.79,4
921899,26285.0,1937.0,3312.32,2
921903,22978.0,17.0,14941.9,4
922000,28089.0,1014.0,3146.04,4
922047,22510.0,495.0,17651.96,1
922161,14616.0,2376.0,3964.53,1
922188,34911.0,1294.0,4039.32,5
922206,81785.0,549.0,8201.33,4
922210,61063.0,1268.0,16870.39,5
922347,22134.0,224.0,5764.78,2
922351,0.0,763.0,5504.14,4
922388,81079.0,752.0,4505.4,5
922484,31357.0,2361.0,2498.35,0
922614,36776.0,327.0,7792.07,1
922634,58248.0,1334.0,3157.74,0
922665,67414.0,194.0,5424.26,4
922703,0.0,36.0,5775.52,2
922741,0.0,140.0,6162.37,2
922786,0.0,1407.0,7559.21,4
922815,60228.0,1363.0,21504.34,2
922926,23656.0,1558.0,2926.52,3
923041,50886.0,2067.0,7282.22,1
923062,50738.0,1538.0,2855.93,4
923108,79528.0,484.0,7748.81,0
923164,0.0,885.0,2321.05,1
923201,23235.0,1253.0,6459.64,3
923234,80681.0,1495.0,3008.1,2
923268,52926.0,244.0,2457.58,5
923293,75007.0,932.0,3985.55,0
923333,76522.0,1850.0,5705.55,2
923336,16916.0,1429.0,7155.34,1
923406,0.0,436.0,4152.65,2
923527,0.0,1283.0,36181.03,2
923560,77739.0,2091.0,3985.4,1
923680,75638.0,1679.0,9429.08,0
923761,0.0,1558.0,2659.71,4
923766,64460.0,10.0,5343.12,5
923799,62989.0,2201.0,8395.27,1
923959,23203.0,789.0,43290.5,0
924031,0.0,241.0,7261.62,0
924037,0.0,1283.0,6081.48,1
924056,51193.0,1913.0,4100.47,3
924089,56168.0,1930.0,3570.76,1
924132,40658.0,983.0,3544.54,1
924153,76763.0,2137.0,8595.73,2
924173,37722.0,2312.0,9075.77,5
924217,0.0,37.0,7685.65,1
924268,17193.0,305.0,2506.26,0
924405,0.0,148.0,14032.59,4
924469,26277.0,1185.0,4720.61,1
924489,0.0,593.0,4737.87,1
924493,37940.0,876.0,5209.95,1
924630,43817.0,1334.0,12302.76,5
924634,22520.0,1040.0,5498.94,5
924643,26486.0,1695.0,14754.36,1
924719,25226.0,2382.0,5090.45,2
924724,58577.0,324.0,4428.03,4
924736,23604.0,29.0,4804.51,2
924787,0.0,1005.0,2004.35,2
924793,57125.0,1373.0,5431.21,4
924794,55366.0,2246.0,6545.8,2
924796,0.0,245.0,9022.08,1
924878,36094.0,292.0,7834.15,4
924936,16154.0,2097.0,18534.61,2
925164,55067.0,216.0,13014.23,4
925198,62530.0,62.0,3824.43,1
925254,0.0,1559.0,6423.74,4
925340,28855.0,1205.0,3945.24,1
925353,37388.0,692.0,9192.59,0
925385,29697.0,2360.0,2571.26,2
925413,53305.0,797.0,4883.12,2
925433,36529.0,1242.0,4762.16,1
925504,97750.0,1173.0,15695.54,2
925573,66825.0,648.0,24967.76,2
925609,0.0,900.0,2659.71,4
925767,0.0,331.0,6947.52,1
925819,41479.0,2188.0,3746.75,0
925850,74965.0,261.0,10928.41,5
925918,20934.0,99.0,2329.46,4
925978,88105.0,1677.0,27929.96,3
925979,0.0,98.0,16280.2,2
926058,78250.0,89.0,9067.66,4
926083,64519.0,1194.0,2742.84,2
926106,0.0,1884.0,6732.2,2
926129,16181.0,494.0,13736.13,2
926175,34062.0,1904.0,7295.33,4
926250,78796.0,567.0,4945.07,2
926277,48315.0,1968.0,8404.4,1
926300,31357.0,1637.0,2498.35,4
926315,0.0,211.0,6325.03,2
926451,46268.0,2109.0,23675.03,4
926494,26806.0,1140.0,7019.18,4
926531,66841.0,16.0,2425.49,1
926609,12430.0,2412.0,5169.5,1
926611,28204.0,1555.0,2894.58,3
926867,76638.0,154.0,2913.48,1
926874,21500.0,238.0,4515.45,3
926961,0.0,2113.0,4135.78,5
926967,24317.0,67.0,5850.45,0
927026,98917.0,1475.0,5657.69,4
927165,26628.0,27.0,6656.15,0
927202,63422.0,958.0,2637.94,2
927305,50071.0,672.0,2771.05,2
927339,84539.0,1466.0,9587.59,0
927401,44329.0,2296.0,8929.61,1
927446,0.0,472.0,7329.89,2
927559,78310.0,242.0,3056.99,4
927676,57078.0,1457.0,9060.2,2
927703,25251.0,2073.0,11790.5,0
927721,38820.0,232.0,3942.92,0
927848,29504.0,899.0,9656.21,2
927887,38072.0,1117.0,8704.28,4
927937,0.0,266.0,6466.3,0
927943,0.0,1665.0,3857.95,1
927975,51397.0,1089.0,2345.26,2
928082,51523.0,1565.0,5007.67,6
928116,71467.0,717.0,20446.6,4
928153,0.0,1547.0,7573.35,5
928188,49480.0,2264.0,5490.78,4
928238,72191.0,2297.0,8189.97,4
928291,22103.0,940.0,6073.24,4
928292,20484.0,1004.0,2389.31,2
928294,84491.0,876.0,4383.15,3
928354,34946.0,1940.0,2578.27,5
928438,0.0,328.0,2121.65,4
928644,64985.0,467.0,13023.93,1
928734,24851.0,274.0,32069.88,1
928804,0.0,2274.0,6846.15,2
928868,0.0,2147.0,2132.77,4
928916,0.0,2289.0,2467.98,2
928922,0.0,2218.0,16060.07,3
928942,22268.0,253.0,5326.5,2
928957,50516.0,646.0,2480.49,4
928964,59207.0,931.0,13770.98,1
929009,92509.0,518.0,5768.83,2
929097,0.0,1622.0,9472.97,1
929231,28646.0,242.0,2393.04,4
929282,0.0,557.0,6383.61,1
929302,41098.0,1662.0,11533.48,3
929410,47725.0,2417.0,15119.56,2
929451,18024.0,1822.0,4657.16,5
929455,41045.0,58.0,7396.72,5
929701,0.0,1775.0,4953.36,1
929707,84091.0,48.0,8408.31,1
929712,0.0,244.0,2520.12,1
929728,23504.0,2216.0,2514.43,4
929871,88178.0,188.0,14194.15,1
929880,0.0,616.0,5994.42,1
929885,68956.0,1796.0,13432.0,4
929913,63918.0,781.0,12687.15,1
929980,0.0,1837.0,3974.14,5
930041,10375.0,1212.0,7590.05,3
930089,13908.0,305.0,8558.04,1
930209,27972.0,1698.0,2227.07,2
930325,31157.0,1972.0,23554.39,3
930337,45754.0,14.0,2685.74,0
930489,90167.0,1266.0,5200.08,2
930502,0.0,686.0,2496.77,1
930562,63143.0,1222.0,5686.92,1
930584,0.0,1248.0,4185.76,2
930620,0.0,183.0,3059.18,4
930718,21586.0,1265.0,4037.55,4
930774,14973.0,358.0,12168.74,4
930848,0.0,1545.0,4470.18,7
930887,66707.0,1.0,4887.34,1
930893,0.0,1446.0,7755.21,4
930900,54507.0,2023.0,5470.06,3
930921,99205.0,1697.0,2735.54,1
931054,53944.0,234.0,8583.85,2
931097,0.0,640.0,5800.77,0
931135,99747.0,1375.0,5687.9,2
931170,32356.0,2335.0,13452.19,0
931183,0.0,1762.0,2991.7,1
931238,58779.0,6.0,7405.27,2
931244,24919.0,2378.0,6532.01,2
931247,91368.0,1522.0,2864.54,2
931537,0.0,1290.0,6275.16,1
931622,31998.0,407.0,2710.81,4
931657,52735.0,2370.0,10357.63,2
931701,25561.0,243.0,19357.8,0
931828,0.0,532.0,7844.25,1
931834,48696.0,2236.0,5338.53,0
931914,24279.0,1969.0,14866.45,5
932100,33288.0,517.0,6756.65,5
932233,97735.0,332.0,2939.94,2
932244,83013.0,150.0,12584.01,0
932249,14390.0,2232.0,7183.07,4
932261,16121.0,242.0,7099.57,1
932270,0.0,2106.0,6986.6,2
932323,0.0,243.0,2466.58,4
932363,76375.0,350.0,3838.11,1
932405,27782.0,1684.0,4027.7,3
932453,88893.0,1379.0,6925.18,3
932513,46264.0,1483.0,2364.43,1
932526,92044.0,445.0,10570.79,1
932572,17161.0,2347.0,4165.35,1
932599,37138.0,143.0,6186.27,2
932623,88184.0,1515.0,12174.59,2
932745,92056.0,587.0,2506.2,4
932748,0.0,242.0,1940.98,4
932823,47199.0,1384.0,3863.31,2
932973,22946.0,1144.0,5980.85,0
933053,25876.0,251.0,6568.76,2
933187,88220.0,1928.0,27776.29,1
933208,0.0,1273.0,22337.16,1
933233,92539.0,2397.0,3940.12,4
933251,85689.0,170.0,33451.79,2
933259,23402.0,14.0,15519.67,0
933552,0.0,212.0,4224.83,1
933642,32312.0,842.0,7218.02,2
933656,21073.0,2082.0,7805.31,1
933682,16552.0,358.0,11833.77,5
933707,22932.0,1574.0,2346.68,4
933779,89513.0,192.0,9333.33,4
933807,66267.0,398.0,8986.61,1
933848,0.0,712.0,2851.65,4
933968,45025.0,1051.0,2725.32,4
934134,29056.0,2311.0,7724.68,0
934150,63110.0,243.0,8590.33,1
934212,34322.0,2273.0,2691.7,4
934235,23253.0,992.0,2279.7,0
934267,68931.0,2069.0,5332.46,2
934271,31756.0,100.0,5237.94,2
934280,48567.0,1354.0,5015.01,2
934529,19794.0,442.0,3794.96,4
934577,21385.0,242.0,4953.09,2
934604,37256.0,1750.0,9816.53,5
934893,20068.0,1887.0,6618.02,5
934912,11920.0,497.0,5601.68,4
935068,91775.0,2357.0,4369.6,3
935110,90289.0,355.0,5633.53,2
935161,0.0,759.0,16793.97,2
935235,68931.0,2257.0,5332.46,1
935253,0.0,576.0,4270.03,4
935274,0.0,2265.0,11700.64,3
935313,90279.0,196.0,13955.57,1
935328,92931.0,1364.0,11830.95,2
935420,20961.0,2421.0,8009.47,1
935504,0.0,689.0,4803.94,2
935570,59456.0,870.0,15031.56,2
935665,42780.0,2367.0,31221.75,1
935738,49919.0,947.0,5432.86,3
935836,68074.0,243.0,2582.19,5
935862,70140.0,165.0,16068.35,2
935876,10621.0,719.0,4386.28,2
936010,51425.0,65.0,9378.9,1
936044,35095.0,139.0,16979.8,0
936088,30598.0,305.0,4198.03,0
936211,22398.0,2074.0,2590.1,1
936214,60010.0,2376.0,4179.49,7
936232,46922.0,242.0,5092.79,2
936273,57177.0,1776.0,18196.64,4
936305,44656.0,1513.0,8270.63,2
936319,66841.0,1807.0,2425.49,2
936440,36088.0,500.0,5528.21,2
936547,33938.0,1779.0,4898.67,3
936570,38893.0,1504.0,8105.91,1
936603,0.0,116.0,7637.11,4
936612,76283.0,243.0,4938.21,4
936723,0.0,243.0,4832.12,2
936761,36733.0,291.0,14019.98,2
936860,0.0,170.0,6277.01,1
937030,0.0,1808.0,2274.78,1
937065,78889.0,1877.0,2736.94,4
937071,65999.0,326.0,18975.46,5
937127,69231.0,2227.0,5233.95,2
937163,73775.0,2322.0,5398.1,5
937228,25023.0,1957.0,12734.21,2
937250,31320.0,908.0,5785.22,1
937254,81081.0,126.0,11546.17,0
937312,0.0,2348.0,3343.88,1
937385,65096.0,2303.0,5285.31,4
937418,71416.0,1581.0,9277.23,5
937430,87864.0,2167.0,7666.52,5
937476,22244.0,1094.0,6686.13,2
937484,73853.0,242.0,3571.35,0
937512,26376.0,707.0,35862.99,3
937638,0.0,2218.0,4900.34,4
937645,41711.0,951.0,3498.63,1
937662,36116.0,1428.0,20239.38,2
937742,0.0,1784.0,8093.41,1
937788,99583.0,1338.0,12743.35,4
937849,98796.0,245.0,8429.49,1
937862,83252.0,886.0,3226.85,0
937911,0.0,1613.0,17840.2,1
937922,32214.0,988.0,11793.13,2
937946,90607.0,746.0,30718.81,2
937956,97205.0,1340.0,11900.54,2
937976,37473.0,87.0,5558.3,2
938031,54878.0,2181.0,7381.91,1
938093,41458.0,266.0,7532.26,2
938126,0.0,242.0,8229.24,4
938323,0.0,1259.0,4422.41,1
938324,20867.0,1538.0,2722.99,2
938482,94652.0,410.0,6992.53,0
938516,0.0,1277.0,5841.53,2
938603,0.0,1094.0,2935.84,1
938628,0.0,2305.0,9801.29,1
938636,24721.0,1530.0,2620.39,5
938719,60021.0,76.0,3939.01,0
938822,70200.0,531.0,10171.34,1
938830,61568.0,243.0,7430.35,4
938873,16707.0,1202.0,7614.67,4
938914,57029.0,1926.0,16344.61,2
938981,0.0,263.0,5337.35,5
939074,20978.0,552.0,3508.57,2
939094,31157.0,1429.0,23554.39,4
939098,0.0,2319.0,13024.13,2
939103,0.0,752.0,6788.08,4
939204,89771.0,242.0,2688.86,4
939238,81713.0,422.0,26864.2,1
939289,59038.0,244.0,4236.47,4
939319,32517.0,2136.0,6798.27,0
939320,18884.0,245.0,7296.54,2
939333,28095.0,7.0,6403.58,2
939399,69872.0,1648.0,30859.36,1
939428,17157.0,673.0,14267.93,4
939431,70140.0,259.0,16068.35,1
939466,34337.0,2207.0,9035.67,4
939474,0.0,277.0,2594.59,4
939485,0.0,2264.0,2413.89,2
939521,0.0,137.0,4270.03,1
939562,86860.0,744.0,4297.02,1
939571,75425.0,1234.0,36946.06,1
939593,0.0,15.0,6624.61,5
939683,23376.0,2349.0,2867.31,1
939741,29692.0,1984.0,8065.23,0
939752,54585.0,882.0,5719.79,1
939760,17343.0,329.0,4607.24,1
939766,22250.0,698.0,6793.77,1
939856,37449.0,464.0,12898.59,4
939932,43282.0,1184.0,5808.93,0
939961,22081.0,1690.0,6503.4,4
939992,41077.0,419.0,2863.05,6
940156,97361.0,198.0,8622.84,4
940187,60214.0,244.0,7943.51,1
940200,60423.0,256.0,9152.49,1
940213,0.0,1899.0,18688.31,0
940249,48893.0,512.0,8694.0,4
940256,40858.0,1438.0,7282.97,0
940523,27681.0,927.0,6057.07,3
940711,86640.0,1289.0,5395.09,7
940760,27458.0,2027.0,10548.54,2
940796,14030.0,2320.0,2719.51,2
940822,50512.0,1886.0,2637.15,2
940874,0.0,591.0,6829.41,3
940901,0.0,243.0,2921.68,2
940904,31532.0,91.0,3038.11,1
941064,29958.0,2080.0,3423.97,3
941092,58414.0,243.0,7840.17,0
941109,56940.0,1835.0,6997.83,5
941122,24409.0,1779.0,2427.77,2
941127,0.0,1715.0,2989.91,3
941170,24477.0,1070.0,6289.95,1
941194,93416.0,96.0,4991.54,3
941324,90844.0,102.0,14134.35,1
941361,56154.0,1926.0,5257.24,3
941380,0.0,976.0,9460.18,1
941545,46593.0,242.0,16547.64,2
941621,0.0,245.0,6265.34,6
941679,25806.0,1676.0,8750.71,4
941683,40602.0,1747.0,12383.53,4
941719,0.0,245.0,10346.32,1
941852,77143.0,872.0,40235.97,4
941865,0.0,2199.0,3747.06,6
941882,17514.0,1640.0,9753.31,1
941984,0.0,555.0,4377.53,4
942017,98036.0,243.0,13559.39,4
942083,65247.0,2.0,2899.7,2
942102,23422.0,202.0,5285.27,1
942189,50461.0,60.0,15626.28,2
942191,0.0,244.0,6048.57,1
942194,0.0,80.0,8586.53,2
942287,0.0,934.0,5815.05,1
942355,26047.0,2340.0,2547.37,4
942403,0.0,186.0,7654.23,2
942413,52513.0,1054.0,7480.71,3
942535,73457.0,1073.0,21255.5,0
942601,92766.0,2244.0,20096.89,4
942681,71551.0,1844.0,2476.59,2
942703,37224.0,898.0,8742.47,4
942779,57240.0,1388.0,6696.9,1
942819,12677.0,1719.0,7679.68,4
942926,58682.0,1149.0,4883.81,1
942952,0.0,71.0,22103.51,4
942984,28506.0,483.0,4089.43,2
943048,23060.0,674.0,4175.95,1
943056,95697.0,243.0,2471.53,2
943068,0.0,2174.0,3833.07,0
943195,0.0,1033.0,15860.04,3
943211,96269.0,1434.0,9555.17,4
943236,21142.0,215.0,5620.59,0
943380,0.0,305.0,9085.2,4
943393,52499.0,243.0,48356.96,2
943425,95017.0,130.0,5254.02,1
943460,57693.0,1297.0,5979.72,3
943553,0.0,1514.0,6507.75,2
943602,0.0,244.0,8215.39,1
943647,41520.0,318.0,32269.85,1
943668,77912.0,261.0,5623.76,1
943756,54840.0,2120.0,8193.09,4
943775,27839.0,1887.0,2363.3,3
943804,0.0,305.0,2458.75,4
943997,28559.0,371.0,5316.76,3
944035,21986.0,745.0,2395.57,4
944093,94903.0,1477.0,3808.12,1
944124,17099.0,1827.0,5354.37,4
944243,0.0,280.0,9220.01,2
944261,54054.0,826.0,4014.33,4
944355,38166.0,2401.0,2602.25,2
944454,0.0,352.0,6980.33,4
944491,0.0,903.0,7550.87,1
944506,42218.0,1477.0,20314.44,0
944541,0.0,715.0,19116.57,1
944636,39393.0,1503.0,32677.34,1
944702,0.0,2138.0,29830.39,4
944750,0.0,962.0,6285.02,4
944810,31678.0,1850.0,2479.92,4
944821,31278.0,654.0,3528.04,5
944855,0.0,2385.0,2393.92,0
944980,45257.0,2086.0,8277.75,5
945014,86305.0,521.0,4984.62,1
945015,36301.0,1986.0,32306.29,1
945037,0.0,615.0,18726.15,0
945050,46819.0,3.0,4889.77,1
945064,59207.0,2319.0,13770.98,2
945091,60252.0,758.0,2605.57,1
945133,17101.0,2407.0,12298.69,2
945166,61029.0,1816.0,2836.68,1
945199,28215.0,388.0,4650.06,1
945379,51991.0,302.0,2927.73,4
945430,73570.0,1711.0,2778.9,1
945455,24661.0,200.0,15483.53,4
945479,17120.0,816.0,4853.1,2
945485,70784.0,2339.0,5080.24,3
945703,94590.0,273.0,9840.08,1
945761,0.0,242.0,3731.5,3
945765,0.0,1134.0,17497.52,0
945780,0.0,687.0,9372.84,5
945834,83772.0,284.0,2453.41,1
945974,55687.0,720.0,10963.96,1
945996,84178.0,805.0,26763.83,1
946001,16924.0,480.0,8278.72,4
946061,13424.0,2148.0,2611.15,4
946070,67248.0,1700.0,12349.7,4
946172,66676.0,1434.0,3919.37,4
946258,20123.0,603.0,4867.38,6
946439,11276.0,16.0,30591.61,4
946525,63909.0,1878.0,8836.03,0
946645,79270.0,245.0,11318.13,1
946771,16686.0,1598.0,2744.17,1
946816,24743.0,1667.0,26220.03,4
946932,32224.0,367.0,5720.9,4
946956,51808.0,244.0,2417.76,5
946963,79271.0,244.0,2414.64,1
946998,58850.0,2244.0,3133.5,1
947001,22139.0,1534.0,14947.92,2
947026,11538.0,853.0,21528.57,3
947099,61785.0,1980.0,4928.4,2
947123,32906.0,156.0,4574.92,4
947158,74045.0,522.0,2509.27,1
947234,17622.0,349.0,4458.11,4
947367,88997.0,989.0,5757.44,2
947408,67801.0,1571.0,4505.41,5
947467,24641.0,1403.0,4196.43,2
947497,44930.0,552.0,15839.09,2
947620,92056.0,798.0,2506.2,3
947635,35039.0,781.0,4739.86,4
947641,43573.0,393.0,5261.04,2
947679,50512.0,309.0,2637.15,1
947711,0.0,779.0,5568.95,2
947750,48039.0,255.0,2726.39,1
947763,42696.0,237.0,17822.56,4
947778,62864.0,244.0,4049.42,0
947863,46900.0,874.0,2580.85,2
947868,88590.0,2417.0,4300.9,4
947876,94656.0,29.0,4479.02,1
947906,38873.0,781.0,10970.13,2
948051,61638.0,188.0,3167.89,2
948053,50146.0,2124.0,4514.25,4
948117,66839.0,1398.0,5989.77,1
948145,13457.0,2108.0,3621.69,2
948325,41972.0,620.0,3401.88,2
948327,63891.0,142.0,4742.11,2
948404,13128.0,1464.0,4447.42,0
948489,85817.0,1972.0,2916.38,4
948576,84311.0,1097.0,13117.52,5
948591,23459.0,520.0,3847.35,4
948616,0.0,2147.0,7542.71,2
948658,20868.0,438.0,4429.19,1
948662,29606.0,1901.0,3225.4,4
948693,40870.0,1082.0,12731.95,4
948714,91169.0,1967.0,2544.97,1
948747,0.0,2256.0,5926.96,0
948783,0.0,1409.0,2199.62,5
948785,48428.0,1129.0,8514.39,4
948815,63391.0,695.0,4821.21,1
948825,69809.0,2189.0,2795.55,2
948831,0.0,892.0,7007.27,1
948950,47727.0,2133.0,7522.07,0
948961,94303.0,0.0,7908.45,1
949134,93405.0,2031.0,3193.82,3
949175,0.0,1567.0,5153.92,0
949290,66550.0,972.0,25674.15,3
949406,52735.0,1229.0,10357.63,1
949612,76769.0,195.0,3560.63,1
949628,0.0,2352.0,2563.58,0
949821,23589.0,380.0,16570.09,2
949829,50414.0,2071.0,2757.38,3
949890,87485.0,1761.0,3694.15,4
949952,52278.0,2427.0,5773.9,2
949974,97719.0,243.0,2721.59,1
950029,68370.0,1457.0,3203.3,4
950107,69497.0,275.0,16973.74,5
950193,66726.0,1955.0,7661.39,1
950213,26121.0,1821.0,12875.6,1
950216,92629.0,321.0,2842.03,1
950252,68987.0,163.0,5744.23,1
950304,24395.0,1720.0,4792.81,4
950336,32918.0,816.0,6631.67,2
950356,42600.0,1467.0,9233.19,4
950390,21190.0,243.0,2459.17,5
950391,46417.0,697.0,5875.21,1
950393,67798.0,534.0,5548.03,4
950403,22908.0,640.0,5344.99,3
950437,25073.0,1908.0,8634.36,1
950445,33282.0,1727.0,3944.23,1
950446,0.0,1274.0,15481.25,2
950467,0.0,267.0,2425.3,2
950593,0.0,974.0,9095.74,0
950660,0.0,1132.0,8007.4,2
950707,51524.0,2375.0,19685.41,2
950832,22886.0,1405.0,5096.67,2
950896,0.0,149.0,6877.82,2
950914,14254.0,461.0,4775.48,0
950915,39429.0,624.0,4860.91,4
950933,42557.0,771.0,2540.69,2
950947,15871.0,496.0,6838.77,2
950961,0.0,3.0,7281.44,5
950980,68867.0,1777.0,5220.69,1
951116,33288.0,243.0,6756.65,1
951226,21137.0,2315.0,4492.23,0
951353,68665.0,274.0,5600.5,1
951389,32397.0,1967.0,7519.03,1
951458,64220.0,1017.0,8614.69,4
951546,71656.0,586.0,10914.2,3
951616,79955.0,1594.0,5733.21,3
951624,22081.0,1385.0,6503.4,1
951712,57023.0,746.0,2615.14,0
951719,51008.0,1767.0,11772.79,2
951746,0.0,356.0,16702.7,2
951781,41043.0,723.0,5643.8,2
951879,97729.0,244.0,3832.9,1
951941,0.0,743.0,5871.61,4
951954,50979.0,917.0,2456.82,2
952003,31796.0,1598.0,2656.0,1
952026,0.0,2129.0,2840.85,5
952077,0.0,2147.0,11537.51,5
952093,46618.0,1878.0,8119.83,5
952163,0.0,390.0,12779.06,4
952222,77077.0,2174.0,8845.71,3
952244,40105.0,54.0,8346.02,2
952322,26225.0,776.0,5674.38,2
952326,59821.0,2201.0,23144.13,6
952393,34112.0,187.0,6140.24,0
952434,73661.0,245.0,10280.81,4
952493,20993.0,1643.0,4772.94,1
952532,0.0,399.0,2771.96,2
952545,36631.0,2252.0,2491.32,5
952573,76516.0,242.0,7588.36,4
952582,72302.0,293.0,2616.61,4
952602,41671.0,474.0,16261.17,0
952629,0.0,1447.0,4490.6,1
952641,53503.0,2294.0,8873.53,2
952672,84895.0,281.0,2683.49,4
952696,92766.0,383.0,20096.89,4
952717,52339.0,1390.0,7985.14,1
952730,22000.0,1161.0,2616.41,2
952859,73168.0,62.0,5639.94,2
952911,48885.0,444.0,15284.33,4
952938,20662.0,967.0,8427.72,2
952955,58414.0,1281.0,7840.17,1
952959,46833.0,2383.0,8902.74,5
953097,99874.0,1481.0,4807.85,4
953198,59207.0,1018.0,13770.98,4
953210,25927.0,242.0,3933.81,2
953281,0.0,1294.0,5070.23,3
953307,0.0,95.0,5568.95,4
953341,18120.0,2142.0,7028.94,4
953420,39266.0,243.0,9587.33,5
953431,97732.0,2054.0,9552.93,5
953448,87382.0,283.0,5792.67,1
953612,24641.0,209.0,2311.38,1
953614,22705.0,2373.0,19160.99,4
953673,19429.0,1904.0,9560.05,4
953693,0.0,1141.0,26223.81,4
953757,0.0,165.0,8930.14,5
953784,92539.0,275.0,3980.84,2
953795,55411.0,1317.0,8042.8,1
953892,0.0,381.0,2522.26,2
953927,0.0,243.0,2397.54,0
954174,33554.0,207.0,5237.48,1
954231,25147.0,1415.0,3600.93,5
954293,87810.0,142.0,11373.99,1
954329,0.0,374.0,6414.08,2
954424,0.0,954.0,4698.76,1
954453,0.0,1452.0,2050.62,5
954454,22012.0,243.0,14472.58,1
954558,66676.0,609.0,3919.37,0
954570,0.0,495.0,8478.82,2
954587,22854.0,232.0,36860.91,2
954599,37995.0,780.0,5597.12,1
954718,0.0,15.0,5677.31,3
954750,38820.0,744.0,3942.92,3
954773,22158.0,1009.0,2758.33,2
954836,27607.0,2434.0,28511.03,4
954952,26262.0,1900.0,3844.57,1
954973,70263.0,772.0,7462.93,2
955087,22828.0,523.0,16473.17,1
955130,44833.0,176.0,5688.2,1
955138,0.0,245.0,7545.55,3
955178,24398.0,707.0,4880.95,1
955292,64592.0,481.0,2585.56,3
955424,25275.0,558.0,14065.3,6
955448,0.0,450.0,9199.54,2
955463,53602.0,1906.0,37243.63,4
955479,70602.0,2193.0,9416.91,1
955533,39507.0,51.0,5607.25,2
955567,33255.0,243.0,5553.19,1
955633,23705.0,1641.0,4531.37,2
955649,48927.0,1937.0,5801.13,1
955652,89546.0,24.0,32104.7,0
955666,96357.0,1014.0,2847.97,2
955716,41479.0,2288.0,3746.75,2
955720,52373.0,1537.0,8749.5,2
955750,39837.0,2166.0,23893.3,4
955773,76646.0,317.0,5226.29,2
955991,81687.0,1939.0,4782.35,4
956005,88240.0,760.0,4655.61,4
956071,91580.0,1209.0,8870.67,1
956081,92157.0,243.0,2734.51,1
956144,96748.0,1713.0,7725.54,4
956191,39854.0,497.0,5217.51,3
956233,67326.0,243.0,19644.76,4
956402,0.0,2041.0,2615.91,0
956438,52440.0,2415.0,8556.58,4
956477,80192.0,2081.0,10419.17,2
956558,0.0,336.0,7107.66,5
956619,28358.0,1188.0,4639.98,1
956630,52583.0,103.0,8879.79,2
956843,0.0,858.0,6612.22,4
956861,66844.0,1648.0,5375.82,0
956908,62452.0,1187.0,2671.82,1
956946,60774.0,1618.0,12269.42,2
957008,33701.0,517.0,4773.69,5
957061,57452.0,2292.0,5414.9,1
957127,32903.0,2252.0,4911.0,3
957214,21726.0,1287.0,7860.09,4
957276,50648.0,867.0,5531.63,1
957325,0.0,139.0,2458.56,1
957377,41539.0,48.0,9007.43,2
957413,0.0,2275.0,4358.55,2
957419,17272.0,2139.0,3557.37,4
957452,99841.0,2235.0,2632.55,1
957557,40794.0,2190.0,3343.93,2
957571,88294.0,1582.0,8693.65,3
957572,0.0,2027.0,6474.83,3
957628,0.0,1265.0,13357.45,2
957686,0.0,2422.0,2393.92,1
957764,73054.0,1593.0,12741.85,4
957881,33124.0,2275.0,2552.91,1
957901,66676.0,409.0,3919.37,1
957912,80055.0,316.0,4015.34,4
958005,49088.0,2249.0,7704.25,1
958026,92678.0,382.0,5561.29,1
958059,0.0,1871.0,4949.39,1
958143,21498.0,2434.0,4865.85,4
958224,60475.0,1099.0,4330.39,2
958243,0.0,723.0,4569.88,1
958274,28142.0,1453.0,3873.65,1
958283,58466.0,144.0,23187.15,4
958299,0.0,495.0,19849.74,0
958472,36349.0,487.0,4479.6,3
958491,49714.0,728.0,4970.36,1
958518,0.0,94.0,5996.07,1
958544,50398.0,1780.0,22261.02,2
958687,47589.0,1379.0,8605.5,3
958709,0.0,1853.0,3731.5,2
958743,98859.0,149.0,2805.18,4
958767,88613.0,2132.0,4439.9,1
958791,62638.0,1276.0,3964.53,1
958800,0.0,588.0,4467.71,3
958839,13483.0,136.0,4083.56,4
958869,24164.0,1056.0,10972.07,0
958915,55269.0,249.0,16798.86,1
958923,42165.0,2297.0,4747.73,1
958931,80587.0,618.0,6352.96,1
958941,0.0,242.0,6714.07,2
959027,24124.0,47.0,7150.11,0
959044,23671.0,1558.0,8060.16,2
959059,51641.0,1687.0,2465.62,2
959137,0.0,623.0,4069.78,2
959179,33190.0,935.0,33473.35,5
959192,0.0,1346.0,4638.95,0
959280,21979.0,848.0,2891.72,2
959364,46097.0,498.0,4714.04,4
959402,61108.0,869.0,10484.92,1
959453,21139.0,236.0,8467.39,1
959478,97735.0,905.0,2939.94,1
959514,24910.0,289.0,2248.45,1
959673,0.0,748.0,11572.1,2
959728,0.0,475.0,3979.39,1
959778,33345.0,115.0,12105.29,4
959793,68906.0,1404.0,30118.66,1
959821,75986.0,2087.0,9312.59,4
959977,91942.0,277.0,9453.0,2
960005,0.0,2067.0,2921.68,1
960050,97361.0,1098.0,8622.84,0
960082,20538.0,852.0,7595.34,4
960195,0.0,1403.0,2254.93,4
960253,0.0,121.0,4222.98,1
960309,0.0,561.0,3459.23,4
960417,77803.0,316.0,17625.54,1
960441,0.0,1900.0,29577.28,2
960555,17343.0,2196.0,4607.24,5
960629,35056.0,2077.0,3635.03,2
960678,0.0,71.0,4270.03,4
960708,0.0,885.0,3567.5,0
960761,17961.0,2219.0,13881.04,0
960913,74257.0,1093.0,6098.46,2
960934,0.0,2128.0,5008.79,4
960959,0.0,242.0,28824.06,4
961177,53998.0,456.0,5898.73,5
961213,96399.0,165.0,11288.17,4
961218,0.0,2136.0,2524.65,3
961264,83879.0,303.0,19688.32,2
961331,58620.0,791.0,17006.0,0
961427,62461.0,2295.0,2954.39,4
961440,45173.0,698.0,32613.69,1
961455,57709.0,484.0,5073.28,4
961463,80915.0,270.0,2807.05,1
961512,65538.0,244.0,5799.06,4
961533,60880.0,1045.0,14435.67,1
961595,63688.0,2139.0,7949.28,4
961639,11885.0,1085.0,11315.2,5
961650,77167.0,784.0,5279.2,1
961682,0.0,703.0,6846.15,1
961837,67541.0,2041.0,8310.7,4
961961,18495.0,1583.0,26197.41,1
961965,0.0,830.0,29830.39,3
961978,44856.0,1671.0,10148.42,2
962011,0.0,1353.0,2168.52,1
962055,0.0,2385.0,4490.6,2
962267,10621.0,421.0,4386.28,4
962278,17572.0,251.0,4318.43,1
962455,71135.0,1891.0,7396.28,1
962472,71560.0,124.0,5534.58,1
962480,58842.0,271.0,4362.93,1
962566,0.0,474.0,4160.16,1
962600,32961.0,309.0,15014.09,5
962637,29638.0,972.0,5093.01,4
962657,0.0,634.0,3142.88,4
962661,0.0,1027.0,4055.4,0
962730,50414.0,1158.0,2757.38,0
962801,0.0,969.0,5657.03,5
962989,0.0,1691.0,18205.67,3
963016,26303.0,2262.0,5999.38,0
963036,21861.0,1338.0,2633.01,1
963067,44096.0,1286.0,25253.1,2
963100,39161.0,1950.0,5004.26,5
963170,46703.0,242.0,8573.46,5
963410,98110.0,1636.0,5272.01,4
963464,82189.0,757.0,3748.99,4
963473,78011.0,1890.0,11077.69,1
963487,94395.0,812.0,3350.69,6
963502,0.0,801.0,8331.65,2
963523,0.0,1558.0,9384.48,6
963541,0.0,420.0,3756.64,0
963595,40525.0,613.0,2879.63,4
963619,0.0,314.0,4167.99,1
963642,0.0,863.0,6778.84,3
963644,0.0,412.0,7215.82,2
963690,74915.0,394.0,14651.62,4
963757,99845.0,1698.0,8819.02,4
963814,30817.0,1878.0,3436.13,2
963921,24409.0,28.0,2427.77,1
963985,0.0,1436.0,2933.96,4
964047,31093.0,928.0,4923.95,4
964151,55761.0,596.0,18269.27,1
964159,67895.0,1961.0,3975.32,1
964206,50825.0,67.0,8092.88,4
964744,0.0,543.0,8098.51,3
964789,19949.0,1859.0,5615.07,7
964791,21542.0,389.0,3733.03,4
965012,61706.0,2262.0,8744.73,4
965066,73769.0,243.0,4838.21,1
965079,66371.0,957.0,10010.14,2
965116,42513.0,1838.0,10581.28,4
965154,0.0,243.0,4127.5,4
965254,28989.0,279.0,3373.87,1
965482,25752.0,669.0,8720.46,2
965590,64801.0,1179.0,7582.11,5
965605,42836.0,1317.0,3588.88,2
965674,75774.0,1191.0,3732.31,2
965688,23751.0,1207.0,6386.28,1
965691,20815.0,245.0,8106.0,1
965698,75248.0,925.0,5011.26,5
965713,0.0,10.0,22103.51,1
965751,33190.0,361.0,33473.35,1
965758,0.0,530.0,4411.66,4
965948,0.0,1577.0,9801.29,2
966059,48056.0,2069.0,3129.11,4
966089,43204.0,139.0,2523.65,4
966117,54514.0,2296.0,4363.12,5
966142,0.0,352.0,9817.03,1
966204,54964.0,503.0,3991.73,5
966210,25905.0,257.0,2300.69,2
966227,0.0,241.0,3123.08,5
966285,0.0,998.0,4711.85,4
966350,0.0,1233.0,23142.15,1
966372,0.0,1839.0,6617.14,6
966389,58007.0,615.0,9332.49,4
966391,63762.0,500.0,8006.22,0
966512,0.0,433.0,9344.43,4
966580,69700.0,1121.0,7109.3,1
966688,0.0,377.0,4836.39,2
966698,0.0,242.0,9029.94,0
966729,29465.0,547.0,2497.91,0
966797,21450.0,1747.0,10937.18,5
966891,28224.0,629.0,8544.41,1
966920,39946.0,431.0,8575.96,4
966949,86132.0,243.0,5505.06,5
966953,39794.0,1137.0,15512.56,1
967017,89398.0,2034.0,3500.45,5
967032,28056.0,433.0,5045.87,5
967035,76839.0,2021.0,5503.44,0
967093,36259.0,1991.0,7425.27,1
967150,78735.0,1250.0,5064.13,2
967233,38893.0,19.0,8105.91,5
967241,0.0,1505.0,6857.52,4
967253,27093.0,1050.0,2424.42,0
967274,56410.0,171.0,9403.88,2
967298,25915.0,788.0,4996.56,0
967300,41986.0,245.0,6364.9,5
967347,31447.0,385.0,4868.81,6
967443,0.0,1691.0,16728.34,2
967462,21450.0,1279.0,8608.16,5
967490,0.0,2253.0,11814.48,2
967500,35095.0,312.0,16979.8,3
967502,16266.0,370.0,11513.36,4
967628,34430.0,987.0,7732.39,0
967634,55593.0,55.0,4869.24,3
967637,36637.0,1261.0,15320.22,1
967693,0.0,1362.0,7486.02,1
967727,0.0,202.0,6869.19,4
967738,78387.0,2266.0,5924.67,3
967772,0.0,1912.0,3189.67,2
967819,18047.0,2410.0,36293.15,4
967838,99981.0,2416.0,2859.53,2
967883,28466.0,1724.0,4067.0,5
967904,40032.0,605.0,7899.22,2
967966,79090.0,626.0,8609.16,1
968034,0.0,1298.0,5502.73,6
968064,22070.0,365.0,24660.49,4
968090,43875.0,1936.0,6134.39,3
968225,59456.0,2249.0,15031.56,1
968253,0.0,865.0,16280.2,4
968312,77517.0,540.0,15467.79,1
968325,20992.0,558.0,2399.18,1
968370,85718.0,1183.0,5570.22,6
968447,37803.0,1145.0,2914.96,2
968450,21832.0,1305.0,6089.52,1
968484,89411.0,1005.0,6298.18,2
968497,32756.0,550.0,18569.5,2
968608,45971.0,1331.0,5512.34,0
968632,63455.0,1507.0,2404.92,2
968638,0.0,414.0,10297.0,1
968666,48993.0,447.0,5956.55,4
968671,53607.0,732.0,4944.09,1
968764,53243.0,295.0,2521.63,5
968807,0.0,2383.0,13197.93,1
968828,59782.0,353.0,5626.57,3
968842,66851.0,1102.0,22056.0,1
968867,36631.0,200.0,2491.32,1
968943,82108.0,1481.0,2691.22,4
969053,60477.0,802.0,2619.03,4
969092,70882.0,2051.0,8237.38,2
969165,0.0,315.0,20766.67,6
969219,44368.0,123.0,6366.23,4
969277,43838.0,1012.0,7644.76,1
969313,54008.0,1435.0,8004.21,2
969318,81412.0,1988.0,4347.59,1
969342,77603.0,1810.0,9191.67,2
969350,62902.0,1578.0,8256.3,2
969360,22319.0,1642.0,2423.76,4
969378,67632.0,840.0,9756.04,1
969483,27906.0,515.0,3842.03,2
969485,48875.0,2419.0,2436.88,1
969500,35349.0,1521.0,8207.78,1
969586,22872.0,188.0,14710.43,2
969616,97666.0,2295.0,2640.52,2
969617,0.0,266.0,14641.52,1
969626,32303.0,960.0,7694.06,1
969632,46503.0,2153.0,8427.17,4
969653,22555.0,1791.0,5407.75,3
969687,0.0,979.0,9983.13,0
969689,0.0,1417.0,4920.77,3
969719,77143.0,245.0,40235.97,2
969732,20694.0,2023.0,3647.25,7
969764,0.0,905.0,19606.36,2
969800,63354.0,18.0,8343.41,7
969810,43860.0,1628.0,2514.59,2
969860,0.0,243.0,7607.0,4
969913,49345.0,2156.0,5431.37,2
969924,0.0,1970.0,7602.66,2
969933,56005.0,1658.0,5479.56,4
969938,0.0,2353.0,14260.91,1
970014,0.0,243.0,2630.01,0
970092,73601.0,1149.0,2944.18,2
970102,86830.0,1885.0,9696.55,2
970152,48054.0,146.0,4344.52,4
970154,73742.0,1153.0,5278.18,2
970195,33175.0,678.0,20380.07,4
970351,0.0,307.0,2409.7,1
970401,12876.0,374.0,7572.24,1
970576,26367.0,478.0,10839.51,0
970637,37722.0,996.0,9075.77,2
970639,0.0,567.0,2178.52,1
970706,0.0,1670.0,2311.12,3
970746,0.0,1589.0,2224.77,1
970783,28013.0,479.0,3592.0,1
970964,0.0,1860.0,3687.17,3
970976,0.0,2141.0,5159.37,5
971030,0.0,243.0,3692.58,2
971097,0.0,1542.0,6872.04,1
971107,53243.0,1913.0,23228.24,2
971142,58139.0,2333.0,2609.83,3
971157,65186.0,2328.0,2614.47,1
971164,22250.0,1329.0,6793.77,5
971318,89834.0,2206.0,8306.55,2
971370,43573.0,2358.0,5261.04,1
971488,25859.0,893.0,7813.41,1
971528,78618.0,1571.0,2619.34,6
971581,61886.0,2407.0,27666.3,3
971582,65602.0,1488.0,5945.62,0
971599,0.0,2019.0,4468.51,5
971608,57449.0,244.0,12157.33,0
971609,62007.0,345.0,5889.51,5
971627,54780.0,782.0,6862.51,1
971637,0.0,627.0,2771.96,1
971670,62375.0,258.0,3667.37,5
971902,0.0,668.0,4376.08,1
971987,37937.0,939.0,9095.05,2
972121,19831.0,1040.0,6439.0,4
972129,33635.0,1579.0,28799.95,2
972157,69512.0,929.0,5781.02,2
972222,29152.0,197.0,2446.91,2
972298,28558.0,1134.0,8873.2,7
972462,0.0,44.0,13024.13,1
972581,14616.0,1051.0,3964.53,2
972636,81082.0,707.0,5838.9,1
972648,41456.0,317.0,2919.71,4
972673,39007.0,599.0,12521.42,4
972686,28142.0,1895.0,3873.65,5
972732,28806.0,1472.0,2337.35,3
972787,87473.0,243.0,7584.36,4
972791,73137.0,172.0,2990.33,4
972795,25629.0,757.0,9624.52,5
972954,11432.0,387.0,13466.92,2
972964,39049.0,417.0,14932.1,2
972994,26263.0,2233.0,9426.97,4
973059,0.0,185.0,2912.24,4
973060,23008.0,636.0,3118.98,1
973070,36576.0,244.0,9880.39,1
973104,23815.0,170.0,8257.67,2
973111,81605.0,2059.0,2725.19,2
973112,73054.0,1501.0,12741.85,2
973168,69236.0,1480.0,2487.78,1
973357,76514.0,933.0,9028.31,1
973407,0.0,166.0,5811.61,4
973485,70974.0,1150.0,2870.0,4
973524,55855.0,2349.0,3135.41,2
973609,25859.0,56.0,7813.41,2
973728,51725.0,1886.0,16515.01,2
973846,64388.0,320.0,16172.94,2
973860,96306.0,2184.0,7519.13,2
973897,83502.0,1005.0,2747.43,4
973921,54189.0,517.0,4991.04,4
973951,28354.0,1721.0,4590.81,2
974041,0.0,938.0,3097.92,3
974114,83288.0,1943.0,5079.84,1
974189,16891.0,2196.0,3359.29,3
974209,72608.0,2434.0,6521.37,0
974265,30493.0,298.0,7316.65,4
974330,24191.0,1943.0,3215.2,2
974441,0.0,245.0,5739.82,4
974500,0.0,984.0,4715.47,3
974606,98138.0,1235.0,11277.72,2
974617,36409.0,607.0,7854.77,2
974630,99652.0,2276.0,8566.42,4
974715,74001.0,135.0,10114.99,6
974738,39135.0,245.0,10745.98,4
974758,0.0,316.0,2396.22,0
974777,95351.0,1814.0,8940.58,3
974829,75329.0,434.0,2685.43,1
974848,63597.0,381.0,4425.75,4
974875,44246.0,1511.0,33053.27,0
975181,46988.0,415.0,7724.05,3
975199,25860.0,1646.0,2829.31,4
975212,94153.0,5.0,13576.14,3
975218,56225.0,159.0,7596.14,0
975298,0.0,1504.0,5095.44,4
975309,0.0,2384.0,2606.05,1
975387,20943.0,860.0,2627.76,2
975407,0.0,1736.0,16388.1,4
975412,37703.0,730.0,2719.43,4
975466,64801.0,74.0,7582.11,4
975477,73222.0,2117.0,14349.86,5
975497,24914.0,1667.0,2615.3,4
975531,0.0,57.0,1898.01,0
975613,34986.0,244.0,3636.94,2
975614,37709.0,1508.0,4558.97,4
975692,32017.0,11.0,4834.8,2
975749,69442.0,1202.0,9339.34,1
975767,0.0,818.0,2453.34,2
975846,88706.0,2355.0,13372.02,1
975918,86036.0,1701.0,10719.08,4
975944,21835.0,2081.0,7123.08,2
975949,29500.0,23.0,2573.72,2
976004,67787.0,165.0,7751.93,3
976007,95621.0,1986.0,20474.15,2
976153,41438.0,2019.0,5703.29,4
976307,40571.0,1663.0,15272.8,3
976330,48893.0,104.0,8694.0,2
976413,0.0,192.0,4348.14,3
976423,80590.0,892.0,2891.27,2
976489,0.0,422.0,5062.37,2
976513,82214.0,1608.0,4273.59,4
976529,88126.0,2067.0,2551.35,2
976596,0.0,2168.0,5678.05,5
976605,35984.0,1753.0,5039.87,1
976623,0.0,2046.0,4754.45,5
976636,0.0,1514.0,2749.19,2
976695,60244.0,854.0,3238.0,3
976700,28014.0,1146.0,11925.72,2
976831,64586.0,245.0,2978.85,1
976834,40506.0,31.0,2769.25,3
977037,35001.0,233.0,3494.15,1
977080,88782.0,1842.0,3118.93,2
977178,26292.0,1044.0,25030.38,4
977236,19614.0,135.0,16301.97,2
977244,77237.0,1366.0,56675.94,4
977274,41121.0,606.0,11211.59,5
977303,0.0,825.0,7331.51,1
977305,89451.0,1519.0,2530.71,1
977363,51991.0,242.0,2927.73,2
977377,0.0,237.0,8984.04,4
977523,43987.0,1066.0,3843.97,0
977550,14072.0,1673.0,24127.5,2
977676,24475.0,41.0,3044.0,0
977693,0.0,330.0,2887.74,5
977916,90334.0,2369.0,9635.58,1
978040,0.0,156.0,18039.11,2
978048,25899.0,500.0,2500.83,1
978130,92539.0,1182.0,3940.12,2
978349,0.0,677.0,7260.83,3
978484,95284.0,1550.0,5603.74,0
978654,0.0,1677.0,4340.86,4
978676,68004.0,1005.0,5595.76,4
978712,25370.0,65.0,11638.9,2
978907,63288.0,204.0,16107.19,1
978934,0.0,1201.0,10506.77,5
979010,31447.0,2126.0,4868.81,4
979053,37937.0,968.0,9095.05,4
979075,0.0,246.0,4837.93,4
979115,47663.0,493.0,9180.15,0
979135,0.0,303.0,2279.75,1
979168,0.0,333.0,6042.62,1
979262,21073.0,1145.0,7805.31,1
979309,43386.0,2113.0,4312.77,4
979330,31349.0,244.0,3677.91,2
979355,29053.0,2238.0,7256.58,4
979389,51179.0,1008.0,8547.59,1
979449,44368.0,1037.0,6366.23,1
979467,0.0,1891.0,8501.65,4
979548,27688.0,1653.0,7431.66,4
979575,0.0,1042.0,2365.35,1
979598,25949.0,1885.0,8099.84,4
979634,0.0,1128.0,3187.35,0
979639,65162.0,603.0,3482.69,5
979644,50577.0,2423.0,2530.33,4
979703,37722.0,1739.0,9075.77,0
979776,0.0,1669.0,5335.02,2
979901,0.0,2230.0,7928.83,5
979983,65448.0,409.0,11269.23,2
980145,29723.0,2205.0,9162.06,1
980198,63774.0,686.0,4376.36,4
980338,26149.0,937.0,12655.53,0
980414,33938.0,1100.0,4898.67,4
980478,58299.0,919.0,4165.25,4
980494,35230.0,169.0,9638.07,2
980575,0.0,1577.0,7329.89,4
980651,88989.0,1734.0,5055.9,1
980761,70793.0,1185.0,2776.77,4
980788,59047.0,305.0,8750.64,4
980837,49746.0,416.0,4240.93,4
980856,11904.0,1424.0,4254.62,3
980915,0.0,984.0,4984.1,5
980935,10892.0,689.0,5010.45,2
980952,29256.0,1825.0,4918.92,2
981091,74713.0,1278.0,2809.77,3
981117,0.0,506.0,4692.1,1
981150,49988.0,2043.0,6408.79,5
981160,68931.0,1947.0,5332.46,2
981195,17961.0,1608.0,13881.04,4
981198,24028.0,184.0,9743.35,5
981201,25778.0,1067.0,5421.52,4
981220,22932.0,351.0,2346.68,3
981304,39335.0,944.0,23950.37,2
981343,0.0,2256.0,4594.26,1
981395,17200.0,1088.0,6054.49,2
981427,22249.0,2295.0,17041.44,4
981434,17937.0,2175.0,6796.84,2
981508,44784.0,1369.0,5786.49,2
981536,0.0,738.0,9087.59,0
981581,25261.0,1910.0,4517.91,5
981664,17576.0,1318.0,2722.21,2
981674,88079.0,1252.0,4864.38,2
981691,27317.0,599.0,20492.74,2
981737,40046.0,650.0,2868.6,4
981848,30735.0,2398.0,5032.39,3
981851,0.0,1473.0,20123.87,2
981920,67176.0,2361.0,5608.32,5
982017,0.0,917.0,2300.33,2
982059,71661.0,2093.0,5206.03,0
982096,23671.0,921.0,8060.16,1
982202,13037.0,348.0,4726.87,1
982296,61809.0,2424.0,2893.81,4
982416,31727.0,1060.0,3536.65,1
982433,0.0,190.0,9087.59,4
982446,50405.0,2200.0,5372.91,1
982501,0.0,373.0,6979.54,1
982508,40272.0,689.0,3419.11,1
982528,0.0,242.0,3614.08,4
982535,29250.0,1157.0,2545.52,2
982542,54665.0,1519.0,7693.12,4
982543,36844.0,110.0,2872.98,1
982578,26608.0,1265.0,5866.42,5
982608,0.0,243.0,4921.75,2
982715,34886.0,2009.0,6652.47,1
982895,71186.0,95.0,5399.58,3
982969,0.0,1306.0,3561.6,0
983130,27317.0,290.0,20492.74,4
983199,27972.0,57.0,6966.32,1
983242,40598.0,2159.0,6948.33,5
983353,21124.0,143.0,4422.88,4
983393,0.0,1846.0,8169.33,2
983416,17937.0,261.0,6796.84,1
983440,0.0,2426.0,22305.32,0
983450,35592.0,367.0,3245.48,1
983524,25544.0,267.0,2695.96,5
983551,0.0,1306.0,9031.21,4
983713,17483.0,2353.0,7126.6,5
983809,24726.0,286.0,7025.04,2
983810,47528.0,110.0,3071.78,1
983822,93272.0,957.0,3861.49,5
983855,62873.0,187.0,3230.58,3
983872,0.0,69.0,5504.14,5
983900,58651.0,576.0,5480.1,5
983968,0.0,759.0,6904.08,1
984055,0.0,309.0,8392.62,3
984086,96506.0,999.0,10110.96,3
984115,82875.0,913.0,2824.68,4
984180,83220.0,4.0,4434.03,3
984290,39492.0,404.0,2736.53,4
984409,0.0,909.0,7275.89,0
984429,39411.0,2251.0,16936.27,5
984545,22520.0,2409.0,5498.94,3
984636,37057.0,1754.0,4719.76,5
984713,0.0,148.0,3997.48,1
984798,74775.0,850.0,3829.09,4
984824,86073.0,244.0,5500.01,5
984878,0.0,737.0,2433.09,0
984968,0.0,215.0,9015.92,1
985115,46051.0,176.0,2489.34,1
985183,0.0,1488.0,3457.15,2
985211,0.0,1720.0,6714.07,4
985266,0.0,2248.0,2991.7,2
985320,11828.0,245.0,10083.49,2
985341,58467.0,1429.0,7771.02,2
985374,78596.0,977.0,4742.62,4
985427,79507.0,112.0,2754.46,2
985516,23791.0,1058.0,8495.16,1
985622,45225.0,244.0,4787.81,1
985707,0.0,238.0,16702.7,4
985757,0.0,10.0,6832.11,1
985765,34062.0,908.0,7295.33,0
985839,0.0,652.0,2549.45,1
986018,0.0,1674.0,7188.61,4
986055,11033.0,1833.0,10828.37,0
986086,0.0,1051.0,2221.36,3
986126,0.0,2313.0,6237.51,4
986143,0.0,2401.0,3472.37,2
986208,37722.0,597.0,9075.77,1
986217,19864.0,2153.0,2359.42,2
986288,34307.0,1381.0,3484.14,4
986421,88264.0,2089.0,2504.91,5
986461,18577.0,453.0,6273.91,1
986507,37970.0,525.0,9061.77,4
986551,86860.0,1376.0,4297.02,5
986623,22872.0,437.0,14710.43,4
986792,0.0,259.0,7200.66,0
986825,73604.0,1941.0,4592.15,2
987122,67696.0,633.0,10852.96,3
987153,63891.0,1621.0,4742.11,4
987171,0.0,986.0,3837.62,0
987205,26376.0,1822.0,35862.99,4
987221,19864.0,1051.0,2359.42,1
987347,36800.0,2214.0,25401.52,2
987425,39248.0,1486.0,3450.33,1
987482,60707.0,2411.0,2803.6,4
987530,85165.0,1125.0,20067.4,3
987612,97949.0,804.0,4475.05,2
987921,0.0,1837.0,2034.99,1
987978,0.0,366.0,8151.72,0
988043,97460.0,2269.0,23020.89,4
988149,62455.0,462.0,6104.85,2
988178,0.0,1904.0,3871.07,4
988223,74809.0,63.0,4932.88,2
988234,30761.0,85.0,10796.45,1
988249,78618.0,1278.0,2619.34,2
988307,0.0,1529.0,2063.39,4
988345,90844.0,2263.0,14134.35,5
988392,0.0,2421.0,9022.08,2
988419,21986.0,245.0,2395.57,0
988510,0.0,2380.0,4112.63,4
988552,21514.0,245.0,11981.98,0
988594,55542.0,181.0,9206.43,2
988638,0.0,1568.0,13727.8,2
988691,83385.0,489.0,26122.13,4
988728,31650.0,244.0,14228.23,4
988839,43358.0,6.0,4878.95,0
988921,97131.0,2250.0,5181.62,1
988927,21020.0,638.0,6185.34,2
989040,0.0,54.0,2348.03,4
989048,0.0,1003.0,4929.81,2
989067,0.0,196.0,2308.69,0
989081,0.0,526.0,3530.01,1
989134,83389.0,2127.0,5224.33,1
989148,74241.0,485.0,2429.37,4
989154,79140.0,998.0,5977.79,1
989220,0.0,39.0,2586.81,5
989256,14306.0,910.0,5264.36,0
989262,29491.0,503.0,7347.41,2
989406,90918.0,251.0,7615.37,4
989429,84731.0,2431.0,8874.55,4
989473,28995.0,14.0,2602.21,1
989478,0.0,791.0,7131.73,4
989527,97131.0,242.0,5181.62,2
989528,0.0,608.0,3370.07,4
989568,37043.0,1588.0,2493.59,2
989658,28564.0,243.0,2999.34,0
989666,0.0,1202.0,5384.73,1
989746,0.0,2345.0,18767.55,1
989802,65744.0,1633.0,2478.58,1
989816,42836.0,808.0,3588.88,1
989837,46587.0,37.0,41787.9,0
989986,48197.0,1850.0,8275.9,1
990077,59107.0,1070.0,8629.33,1
990122,50886.0,216.0,7282.22,2
990204,0.0,1534.0,4903.15,2
990218,90279.0,596.0,13955.57,5
990268,82528.0,2404.0,5263.92,4
990512,0.0,1166.0,1904.0,1
990595,20868.0,756.0,5016.83,1
990598,90125.0,1589.0,8861.15,1
990728,41449.0,43.0,7083.21,1
990905,0.0,1149.0,2981.88,1
990918,81081.0,852.0,3188.53,0
990933,25572.0,1852.0,4893.98,3
990947,60942.0,2362.0,2584.82,4
990955,0.0,722.0,7840.65,1
991050,14072.0,722.0,24127.5,5
991056,0.0,563.0,2710.92,3
991084,0.0,1430.0,7457.47,2
991090,34244.0,1268.0,10348.01,7
991189,76214.0,122.0,8676.7,2
991210,50943.0,245.0,5489.21,1
991213,52705.0,172.0,7649.28,5
991230,60244.0,2361.0,3238.0,4
991275,59797.0,548.0,15261.41,2
991356,20252.0,873.0,5604.33,0
991371,30817.0,2364.0,3436.13,1
991419,38086.0,466.0,7610.2,4
991442,60184.0,1296.0,7664.22,1
991529,97576.0,2277.0,3359.24,3
991568,66334.0,798.0,5454.59,1
991627,94851.0,352.0,8283.84,1
991638,26351.0,1138.0,9217.98,1
991672,0.0,635.0,4502.41,4
991893,80714.0,737.0,2918.58,4
991924,95715.0,941.0,14120.04,2
991983,30584.0,270.0,8072.75,2
992002,0.0,1246.0,3123.08,2
992028,69152.0,2303.0,3319.62,2
992065,69833.0,243.0,4731.75,5
992072,50250.0,2141.0,4633.45,2
992168,22906.0,2287.0,5746.33,1
992194,0.0,1716.0,6282.32,2
992268,25925.0,730.0,2594.91,4
992476,53554.0,2058.0,8082.88,1
992488,31063.0,1101.0,10808.07,5
992499,0.0,150.0,8714.92,1
992524,30969.0,1754.0,7334.92,2
992538,31134.0,1529.0,7498.29,2
992542,49746.0,19.0,2369.37,1
992631,17576.0,244.0,2722.21,4
992769,22283.0,237.0,2397.04,4
992854,60475.0,691.0,4330.39,5
992886,74163.0,1473.0,4351.55,1
992930,54726.0,1869.0,8779.09,4
992985,19464.0,1486.0,3086.87,1
992986,0.0,610.0,7017.15,4
993054,44536.0,805.0,5255.58,2
993058,54507.0,685.0,5470.06,4
993170,44368.0,252.0,6366.23,4
993241,36845.0,331.0,2903.02,2
993266,15999.0,1258.0,22067.73,2
993271,25905.0,1029.0,2300.69,2
993328,58557.0,1687.0,3554.85,4
993350,56274.0,298.0,2763.52,5
993650,19112.0,1614.0,2399.05,0
993986,12902.0,1552.0,4904.89,1
994044,94648.0,684.0,2744.52,5
994219,97413.0,92.0,5904.09,5
994225,30366.0,1593.0,7704.96,1
994285,0.0,2042.0,2163.87,5
994308,45262.0,372.0,9336.12,1
994374,0.0,1732.0,7276.34,1
994377,29550.0,1828.0,4456.02,2
994443,0.0,1508.0,8841.77,4
994541,23843.0,1937.0,6120.19,0
994571,68205.0,811.0,3034.65,1
994609,67186.0,1676.0,7850.13,4
994676,74561.0,969.0,5427.48,2
994679,58684.0,243.0,13055.57,4
994707,80415.0,524.0,7409.59,4
994763,0.0,984.0,5048.51,0
994803,42696.0,285.0,17822.56,2
994877,77512.0,828.0,8370.4,2
994940,26876.0,1703.0,21034.02,2
994993,28719.0,1001.0,4395.89,2
995079,54684.0,1208.0,13167.61,1
995091,32180.0,471.0,4095.2,2
995128,0.0,1929.0,4967.04,0
995142,66676.0,2294.0,3919.37,2
995333,62258.0,1012.0,5071.65,1
995404,0.0,2251.0,2430.96,0
995527,97379.0,697.0,14316.85,4
995662,40646.0,1252.0,8208.93,4
995693,63774.0,234.0,4376.36,5
995695,0.0,1942.0,16313.68,1
995734,0.0,1473.0,13727.8,7
995777,30430.0,1263.0,9707.65,1
995812,41611.0,118.0,5973.98,5
995868,45794.0,85.0,5827.48,0
995877,0.0,349.0,4623.54,4
995943,35945.0,2355.0,4139.9,2
996086,0.0,1016.0,9047.12,5
996152,23649.0,390.0,9706.38,7
996159,95697.0,243.0,2471.53,4
996231,40348.0,297.0,3313.01,3
996238,88240.0,1440.0,4655.61,3
996254,0.0,1966.0,2379.61,2
996301,0.0,2213.0,6265.34,1
996333,80480.0,2387.0,5791.61,2
996349,32946.0,800.0,5205.02,4
996488,71134.0,2397.0,7708.88,1
996539,44743.0,519.0,5112.31,1
996616,24666.0,2058.0,7907.13,3
996639,28928.0,1199.0,3399.13,3
996686,22283.0,827.0,2397.04,1
996745,40420.0,2186.0,8207.7,4
996794,0.0,1000.0,7873.57,4
996796,15587.0,1987.0,2619.17,2
996896,66839.0,1464.0,5989.77,3
996900,13624.0,1091.0,27937.75,1
996984,20261.0,154.0,2780.2,2
996989,27083.0,555.0,2839.57,0
996997,0.0,2214.0,9338.08,4
997008,56005.0,2253.0,5479.56,1
997121,95330.0,243.0,9135.29,1
997189,63621.0,1099.0,5600.01,1
997322,0.0,106.0,5673.84,2
997359,23726.0,2309.0,5714.17,2
997370,49185.0,245.0,4926.28,2
997395,0.0,1922.0,8650.0,2
997434,79751.0,1473.0,2551.23,1
997439,25147.0,1491.0,3600.93,1
997478,71269.0,1139.0,9628.7,4
997539,68420.0,741.0,12315.09,0
997599,38684.0,2061.0,5860.02,2
997653,0.0,244.0,6990.69,4
997654,52564.0,1314.0,14566.09,2
997710,0.0,1733.0,5841.53,1
997741,0.0,444.0,5062.37,1
997857,30817.0,41.0,3436.13,3
997912,22828.0,98.0,16473.17,4
997945,48345.0,596.0,5241.14,4
997964,28726.0,614.0,4983.9,4
998061,33554.0,126.0,5237.48,2
998072,18486.0,1281.0,3151.16,4
998078,29242.0,2015.0,2837.16,2
998085,44901.0,1642.0,16005.51,2
998090,26676.0,912.0,4389.28,5
998112,27781.0,1330.0,8491.86,1
998192,54827.0,267.0,4997.78,0
998465,21947.0,583.0,3289.13,4
998507,57474.0,590.0,7781.9,4
998580,36225.0,1956.0,9767.94,1
998776,0.0,409.0,34039.06,4
998820,97732.0,1391.0,9552.93,1
998934,0.0,1540.0,3683.1,5
998972,0.0,1637.0,4739.3,2
999120,77882.0,982.0,3221.79,4
999143,36305.0,243.0,4861.37,1
999272,72540.0,1953.0,10656.88,2
999304,0.0,862.0,9778.98,1
999460,0.0,63.0,11875.9,2
999498,30817.0,692.0,3436.13,4
999513,83560.0,1627.0,27064.46,0
999524,0.0,1329.0,14325.15,4
999550,16181.0,1606.0,13736.13,4
999589,0.0,202.0,5003.34,3
999631,21104.0,1796.0,2572.51,2
999731,69600.0,1571.0,2951.29,2
999758,0.0,131.0,18690.34,2
999788,33397.0,243.0,8409.07,1
999891,59732.0,245.0,3745.37,3
999902,0.0,1681.0,7290.07,1
999911,23506.0,2342.0,8564.77,6
999940,21542.0,523.0,20266.5,4
999982,0.0,177.0,2631.56,2
999986,20072.0,320.0,8257.01,4
999987,34148.0,0.0,5780.18,3
999988,34148.0,0.0,5780.18,4
999989,34148.0,0.0,5780.18,1
999990,34148.0,0.0,5780.18,3
999991,34148.0,0.0,5780.18,3
999992,34148.0,0.0,5780.18,1
999993,34148.0,0.0,5780.18,5
999994,34148.0,0.0,5780.18,4
999995,34148.0,0.0,5780.18,4
999996,34148.0,0.0,5780.18,1
999997,34148.0,0.0,5780.18,3
999998,34148.0,0.0,5780.18,4
999999,34148.0,0.0,5780.18,5
