Loyalty#,Customer Lifetime Value,Income,Avg_spent_per_flight,TotalPointsAccumulated,TotalPointsRedeemed
100011,5780.18,34148.0,145.26188253338458,0.0,0.0
100012,5780.18,34148.0,145.26188253338458,0.0,0.0
100013,5780.18,34148.0,145.26188253338458,0.0,0.0
100014,5780.18,34148.0,145.26188253338458,0.0,0.0
100015,5780.18,34148.0,145.26188253338458,0.0,0.0
100016,5780.18,34148.0,145.26188253338458,0.0,0.0
100017,5780.18,34148.0,145.26188253338458,0.0,0.0
100018,7919.2,82877.0,43.15638179170529,53014.3,20562.8
100102,2887.74,0.0,145.26188253338458,33903.96,18760.6
100140,2838.07,0.0,16.215325810639328,43192.58,4896.0
100214,4170.57,42837.0,145.26188253338458,36453.77,12908.6
100272,6622.05,80979.0,145.26188253338458,42953.25,10891.4
100301,48356.96,52499.0,145.26188253338458,45605.63,11013.0
100364,5143.88,61417.0,145.26188253338458,34332.25,8707.7
100380,2465.62,51641.0,145.26188253338458,36723.94,17829.6
100428,5845.43,43145.0,145.26188253338458,34224.82,19927.1
100504,8807.61,59762.0,372.31344242929646,15242.21,0.0
100550,7861.8,30374.0,145.26188253338458,40732.97,12189.5
100585,7334.33,87957.0,145.26188253338458,41549.82,26735.5
100590,34090.04,51840.0,4488.767893217904,8566.0,4147.0
100642,4892.63,27005.0,145.26188253338458,39458.66,7712.1
100644,4458.11,17622.0,145.26188253338458,27687.5,25301.4
100646,2471.53,95697.0,145.26188253338458,27950.98,4583.0
100727,3873.65,28142.0,145.26188253338458,46684.77,15212.8
100737,12786.67,0.0,107.65325326271991,37386.63,23519.0
100753,2534.31,21606.0,145.26188253338458,52798.91,8093.9
100816,6273.91,18577.0,145.26188253338458,37343.56,0.0
100853,10153.89,0.0,49.01524150736781,33304.96,9061.1
100883,3561.04,0.0,145.26188253338458,22999.14,0.0
100890,8007.4,0.0,145.26188253338458,25234.48,15448.8
101018,4392.98,33640.0,145.26188253338458,46440.11,9788.0
101148,4770.55,12964.0,145.26188253338458,29586.21,8168.8
101356,7482.64,25666.0,145.26188253338458,0.0,0.0
101363,12898.59,37449.0,93.62417670922328,28356.32,19783.3
101487,14024.36,81872.0,145.26188253338458,48403.1,38478.8
101515,7737.27,50296.0,145.26188253338458,44554.36,26917.7
101540,2688.88,50719.0,35.46313937144159,29487.96,7444.0
101544,24249.34,33651.0,145.26188253338458,34293.41,14158.0
101547,5619.69,0.0,237.35094306873435,12215.0,4735.0
101581,4595.46,76357.0,145.26188253338458,32924.11,13061.4
101594,5205.75,25237.0,145.26188253338458,42150.78,13099.0
101644,8382.63,19683.0,32549.573936170334,2083.0,0.0
101663,5129.74,86148.0,31.943039461165814,44072.35,14656.6
101664,9002.41,76184.0,145.26188253338458,37758.53,0.0
101709,8396.61,47593.0,145.26188253338458,43082.66,6912.2
101768,13916.93,52423.0,21343.190966386635,1265.0,0.0
101876,4949.53,0.0,378.94417292444535,13920.06,9792.0
101895,24543.2,68297.0,145.26188253338458,35706.44,0.0
101902,6265.34,0.0,26.24896380342396,75870.16,13834.1
101945,4202.66,74057.0,145.26188253338458,37235.98,10085.0
102168,7166.34,59253.0,262.6218975903617,14564.0,0.0
102184,4923.18,61469.0,20.79830870673821,49981.84,0.0
102207,6960.92,74487.0,145.26188253338458,29020.8,0.0
102299,2089.34,0.0,145.26188253338458,29220.57,0.0
102308,12866.89,0.0,145.26188253338458,0.0,0.0
102311,7507.46,60920.0,42.17470759708886,52852.08,11157.0
102376,12765.78,0.0,678.8329982517488,9788.0,4550.0
102464,2725.68,39161.0,46.13968890001954,29787.02,12224.6
102615,7590.05,10375.0,9894.172321428654,2260.0,0.0
102726,8044.87,71391.0,183.8238424843913,29442.14,15122.6
102730,2453.57,29735.0,80.9332193637788,14233.0,0.0
102740,16922.13,93836.0,4997.230946601961,3191.0,0.0
102788,11124.21,42596.0,187.3102441597265,40540.7,10750.2
102851,19435.63,38688.0,145.26188253338458,41041.39,15808.7
102877,2863.04,0.0,145.26188253338458,51647.4,10598.9
102982,5235.57,71794.0,56.08397850535312,32186.93,0.0
103043,3351.21,90213.0,549.732584791467,53387.01,6775.4
103151,32613.69,45173.0,145.26188253338458,46937.87,10133.4
103217,6439.33,0.0,145.26188253338458,34110.19,0.0
103304,2683.47,48269.0,145.26188253338458,40960.85,14403.9
103340,7577.07,0.0,53.51659410193895,36112.33,0.0
103352,5555.49,51705.0,145.26188253338458,0.0,0.0
103359,4502.87,0.0,19.970929073963823,37976.46,8789.4
103362,4807.0,0.0,9747.527777777874,1184.0,0.0
103383,13466.92,11432.0,145.26188253338458,0.0,0.0
103436,5015.01,48567.0,145.26188253338458,46864.41,11579.0
103490,17651.96,22510.0,145.26188253338458,34165.23,0.0
103502,2580.85,46900.0,49.45558758058759,26895.06,4943.8
103536,9202.64,0.0,145.26188253338458,51234.3,4400.0
103699,5595.39,74454.0,223.7910749506906,13624.0,0.0
103731,4015.34,80055.0,24.683427881713943,27544.41,3940.0
103758,14727.51,97785.0,1438.592636039253,6456.0,0.0
103823,4812.53,16531.0,145.26188253338458,37195.3,11555.9
103860,3358.53,59367.0,145.26188253338458,44496.12,18182.8
103862,4878.83,29950.0,145.26188253338458,38237.6,25910.4
103916,3803.92,20325.0,145.26188253338458,41015.8,13461.5
103969,31410.93,28013.0,145.26188253338458,40223.13,13885.0
103970,8257.67,23815.0,145.26188253338458,48374.71,0.0
103975,2411.26,54483.0,403.1037709923665,5457.0,9014.0
103985,2761.69,0.0,1400.0234027777828,4160.0,0.0
104103,8262.88,0.0,52.22818220126185,41674.65,11895.9
104267,2701.04,39141.0,241.3413953488376,12394.0,0.0
104353,15777.89,98713.0,145.26188253338458,46852.76,8133.9
104431,2822.59,25531.0,145.26188253338458,41222.22,23053.9
104541,8621.0,44988.0,145.26188253338458,49695.72,16664.5
104586,7772.58,74755.0,51.84191367939786,34205.01,3789.0
104673,14723.41,38401.0,145.26188253338458,47508.45,8479.7
104732,8382.48,25998.0,47.31821429565636,27412.13,3149.0
104739,5498.94,22520.0,145.26188253338458,0.0,0.0
104849,2816.76,42937.0,145.26188253338458,46239.42,5270.6
104960,2551.23,79751.0,145.26188253338458,18315.01,4856.0
105063,7251.33,18665.0,765.837803819445,10730.0,0.0
105073,7562.82,0.0,475.3350878199981,15504.0,0.0
105074,2799.75,65351.0,145.26188253338458,47103.17,14423.4
105145,4839.11,0.0,145.26188253338458,0.0,0.0
105193,8838.09,82664.0,4654.982467532477,576.0,0.0
105214,5897.99,77835.0,145.26188253338458,52950.72,22544.0
105251,5074.25,66933.0,145.26188253338458,14151.01,0.0
105335,11611.95,28915.0,145.26188253338458,35531.76,21566.3
105352,3923.27,0.0,145.26188253338458,0.0,0.0
105552,8256.3,62902.0,145.26188253338458,45596.84,6420.0
105688,5507.06,0.0,145.26188253338458,30217.03,12901.5
105700,7944.97,0.0,145.26188253338458,0.0,0.0
105712,8311.14,0.0,145.26188253338458,32220.49,9628.0
105789,2943.05,0.0,145.26188253338458,50746.4,10944.0
105835,4756.13,56146.0,411.95715472235486,9306.0,0.0
105841,17420.57,31737.0,215.74595890364483,43997.48,4245.0
105921,5041.45,61972.0,145.26188253338458,42887.93,27424.6
105932,3671.82,42460.0,30.45572430614473,31991.36,6474.0
105992,5905.97,59848.0,36.66813037835375,51621.15,16275.6
106037,11281.52,86195.0,145.26188253338458,56344.18,0.0
106038,7380.09,21841.0,60.06401331617899,29975.35,21945.0
106046,2658.22,22724.0,47.11576805598046,53489.6,12200.3
106048,11315.2,11885.0,25030.593939393995,596.0,0.0
106218,16473.17,22828.0,145.26188253338458,44714.74,15829.9
106397,7902.68,0.0,145.26188253338458,30059.75,3579.0
106444,8447.8,0.0,524.842042553192,12108.0,12947.0
106477,2487.26,28738.0,145.26188253338458,39976.72,0.0
106509,16727.77,30915.0,934.0595690974006,4115.3,0.0
106589,11638.9,25370.0,145.26188253338458,0.0,0.0
106592,11727.78,29879.0,52.99308015449879,35691.89,8105.0
106616,2560.69,30027.0,687.2440073529438,4504.0,0.0
106623,10827.87,62053.0,7719.0870117187615,2634.0,0.0
106637,7455.36,74089.0,145.26188253338458,42475.87,23377.0
106689,2795.41,40516.0,49.78844933929307,31628.09,15638.1
106754,31864.86,23576.0,145.26188253338458,35746.08,18264.7
106757,21423.64,0.0,145.26188253338458,41400.4,0.0
106776,19357.8,25561.0,145.26188253338458,26029.56,11905.5
106838,7524.74,36580.0,48.37816638806738,31165.53,0.0
106839,6511.47,42602.0,145.26188253338458,56252.59,10499.4
106936,57520.5,48367.0,145.26188253338458,37810.17,10942.7
106946,7796.0,32169.0,32.06410853528449,60258.54,32141.1
106964,5568.95,0.0,3123.975537909841,5803.0,4149.0
106978,3455.23,68401.0,145.26188253338458,47636.93,5684.8
106979,14083.97,74916.0,145.26188253338458,29777.27,23546.7
107037,17732.46,42191.0,214.96532243065167,22960.24,5595.0
107067,5137.35,93872.0,31.70428031024599,47887.51,23563.8
107119,17684.65,82667.0,145.26188253338458,42817.36,10102.4
107141,7292.91,0.0,145.26188253338458,37693.8,18787.0
107203,3044.79,17489.0,13.245127892813644,50885.54,9084.0
107212,6842.58,25259.0,145.26188253338458,38225.07,24559.4
107296,21892.94,58149.0,481.2630098650535,19667.82,9851.5
107385,7155.47,76506.0,220.2487638617549,18097.18,11122.0
107420,15771.39,21921.0,1085.0169352558669,17207.95,5690.0
107461,2519.92,0.0,145.26188253338458,39805.12,8570.9
107466,4285.58,47823.0,43.75209870143432,38996.66,3958.0
107487,7805.31,21073.0,170.10109263516142,16990.05,2923.0
107519,5470.06,54507.0,325.6696226620271,16796.0,4043.0
107571,7486.09,0.0,70.2523460960961,34085.4,14335.7
107649,5879.18,85857.0,145.26188253338458,47519.3,16887.5
107719,2345.08,0.0,145.26188253338458,45843.81,12791.0
107730,26511.6,28773.0,543.7691198231779,23408.77,9288.0
107835,3495.89,10275.0,1782.9527480205022,4132.0,3341.0
107902,4369.5,97321.0,145.26188253338458,29673.03,8168.1
107993,23740.12,28025.0,181.43326339945645,34395.8,0.0
108264,2515.41,39718.0,145.26188253338458,54824.13,29763.6
108346,4854.75,29834.0,575.6932261208586,7610.0,0.0
108367,3528.04,31278.0,182.0805863222889,23958.46,0.0
108381,3289.13,21947.0,145.26188253338458,52884.17,20590.3
108430,30081.37,24626.0,145.26188253338458,43618.22,4903.9
108440,7842.87,94263.0,145.26188253338458,31353.78,6821.0
108462,8186.1,43877.0,53.15737615283896,48221.05,21234.9
108481,11633.58,39669.0,145.26188253338458,0.0,0.0
108528,7858.11,28937.0,145.26188253338458,44672.56,4909.0
108625,15470.6,68086.0,74.31654149191922,47537.85,14155.0
108666,12036.62,44428.0,145.26188253338458,24983.69,18621.2
108857,5719.09,77601.0,565.1580707169165,8036.99,10549.9
108896,32196.6,91375.0,2443.1084854994647,20648.55,0.0
108907,2337.36,0.0,14.844254208534522,45123.01,18347.2
109022,2991.42,35605.0,145.26188253338458,28443.88,3605.0
109023,6005.85,13528.0,145.26188253338458,21905.53,25591.1
109029,5812.0,58643.0,10897.500000000093,974.0,0.0
109203,8092.88,50825.0,145.26188253338458,24847.96,3390.0
109399,4376.08,0.0,1973.886801779536,35254.82,0.0
109478,20998.26,71663.0,145.26188253338458,33860.12,8973.7
109495,11218.44,69268.0,145.26188253338458,41124.46,3616.0
109517,21295.51,0.0,145.26188253338458,36801.52,12756.2
109552,14166.2,67588.0,145.26188253338458,35168.48,0.0
109612,6827.18,0.0,278.63651983987984,11110.13,5577.0
109660,3543.23,35695.0,19.200269458410865,51196.36,16483.5
109767,3886.65,78108.0,19.652387582079637,51440.4,22943.8
109840,4916.37,66982.0,43.170873148762965,33532.99,8179.5
109896,3884.86,0.0,145.26188253338458,32198.1,6058.0
109903,5107.16,35625.0,145.26188253338458,45906.82,17369.8
109956,5137.85,78460.0,240.4507212309008,29298.1,0.0
110001,8173.5,68144.0,1999.0133342267493,35258.21,15946.7
110030,3387.78,23156.0,113.67448680351916,18200.36,0.0
110065,13432.0,68956.0,551.1106115107915,9524.0,0.0
110073,8364.56,72117.0,145.26188253338458,0.0,0.0
110099,4731.84,0.0,145.26188253338458,46455.13,19479.8
110142,4866.65,0.0,289.7445492605482,10840.0,2513.0
110170,5532.46,29084.0,975.5303864734316,12485.0,4249.0
110211,12036.62,44428.0,319.43701224418584,29168.51,0.0
110262,9427.68,27824.0,232.0663604912297,20646.83,6307.0
110296,2396.22,0.0,145.26188253338458,30035.36,3929.0
110394,2565.12,68321.0,145.26188253338458,43377.73,9117.0
110422,2414.77,0.0,125.80517413645458,8450.0,0.0
110476,6098.46,74257.0,145.26188253338458,44784.5,24778.5
110603,5246.28,28909.0,145.26188253338458,0.0,0.0
110678,3933.81,25927.0,26.13460908405867,37475.15,6320.0
110691,4722.24,0.0,145.26188253338458,30513.4,7729.2
110752,5154.05,55645.0,145.26188253338458,49795.82,3205.0
111022,14635.45,0.0,145.26188253338458,30145.47,17005.0
111034,11790.5,25251.0,145.26188253338458,38662.82,16266.4
111171,4628.28,0.0,145.26188253338458,30066.74,6581.0
111176,4568.82,0.0,145.26188253338458,45377.64,19841.7
111255,4122.96,24732.0,145.26188253338458,52784.63,0.0
111286,10382.38,32821.0,145.26188253338458,45220.57,2492.0
111329,3585.94,25748.0,26.904040123742284,31374.71,26268.1
111387,5793.16,95733.0,145.26188253338458,0.0,0.0
111485,2989.96,79867.0,145.26188253338458,54693.33,30089.4
111507,17556.99,36212.0,145.26188253338458,36155.36,23930.0
111573,14349.86,73222.0,145.26188253338458,38730.81,5006.0
111584,4163.79,11689.0,52.22862502291056,21756.46,15113.4
111646,5015.01,48567.0,145.26188253338458,18471.89,13411.7
111788,4935.19,29560.0,20.434108909655624,54957.44,16915.5
111899,13021.09,0.0,145.26188253338458,17087.86,15314.0
111912,5592.46,62229.0,30.76967452321088,48821.97,9900.9
112026,9670.18,20942.0,145.26188253338458,37694.2,15150.6
112142,16272.74,83589.0,145.26188253338458,48193.34,11896.1
112226,4686.47,58089.0,145.26188253338458,32988.31,11304.0
112393,6763.18,0.0,145.26188253338458,45240.47,33546.4
112522,5636.74,24516.0,96.57524749221967,36606.01,8728.6
112632,9006.6,0.0,2163.6706083675226,29241.92,10744.5
112661,4523.75,74935.0,145.26188253338458,12267.39,9359.4
112678,35537.85,0.0,145.26188253338458,32729.68,17155.1
112709,4834.4,11698.0,36.86162167883395,34737.37,0.0
112732,8360.15,48521.0,54.81671651711535,50122.79,9497.0
112733,3353.38,63398.0,145.26188253338458,44744.11,0.0
112797,13345.14,80277.0,145.26188253338458,0.0,0.0
112842,6217.26,0.0,60.77054852298078,31038.74,10125.0
112856,26199.53,20346.0,145.26188253338458,44651.14,27906.5
112863,16107.19,63288.0,94.8492164900886,36473.78,20907.8
112894,10221.81,0.0,145.26188253338458,0.0,0.0
113040,8427.17,46503.0,145.26188253338458,38209.68,0.0
113184,2859.8,98879.0,504.2642512077296,7503.0,0.0
113220,7986.19,74217.0,145.26188253338458,31355.06,18003.5
113293,18370.57,49659.0,1675.4767741129488,3732.0,0.0
113316,5282.54,38606.0,449.1327975774522,12959.0,4611.0
113363,2760.95,34717.0,78.37345235749773,20588.7,0.0
113442,2962.98,71809.0,1742.4613856068825,3725.0,0.0
113476,9420.97,47048.0,145.26188253338458,47039.33,8973.7
113529,5953.21,61006.0,1761.828364864865,6120.0,0.0
113558,6444.08,46750.0,145.26188253338458,48043.65,13604.0
113578,2542.85,37072.0,145.26188253338458,10215.75,0.0
113656,11618.56,27750.0,145.26188253338458,0.0,0.0
113679,10634.84,0.0,145.26188253338458,46275.69,4900.1
113694,4890.11,0.0,145.26188253338458,39478.42,32167.8
113755,3633.05,43334.0,145.26188253338458,32533.48,3674.0
113779,25640.24,24695.0,145.26188253338458,43468.04,8044.6
113804,3173.03,0.0,31.90052352415676,30096.35,14844.5
113831,3605.86,21585.0,13.084617189410668,48742.64,7140.2
113839,3839.61,0.0,145.26188253338458,30255.27,7317.0
113861,2409.37,0.0,38.95341332908109,22017.4,6128.0
113864,8652.65,65605.0,353.7878818995843,19321.5,8042.7
113874,2894.24,0.0,171.60454840805733,13282.0,0.0
113877,9575.76,0.0,145.26188253338458,54192.85,6674.0
113904,26453.94,42961.0,145.26188253338458,39105.57,11734.6
113919,5614.59,40417.0,145.26188253338458,34091.82,9810.0
114018,9120.07,63878.0,145.26188253338458,43583.84,3850.0
114021,5326.68,76717.0,145.26188253338458,44052.97,10668.5
114131,5389.5,66429.0,406.271685254028,10772.0,3486.0
114214,2554.55,0.0,110.68503679962022,13478.57,0.0
114219,5479.56,56005.0,145.26188253338458,47479.13,11218.7
114242,5914.95,50217.0,37.76204392541892,30368.35,14531.2
114307,9863.5,99654.0,145.26188253338458,44089.25,10681.8
114399,15994.01,0.0,6798.696020962775,1533.0,0.0
114414,3591.07,0.0,145.26188253338458,77073.14,2686.0
114493,6063.2,20676.0,41.04973796739866,30431.64,10767.3
114553,3703.93,21975.0,145.26188253338458,53604.04,10274.9
114638,2152.08,0.0,145.26188253338458,35830.65,3988.0
114700,7155.34,16916.0,369.0578097032502,13999.0,0.0
114743,4966.77,38055.0,127.38887288314253,21500.71,4284.0
114835,4001.52,19782.0,62.6636881735039,35028.88,0.0
114857,13355.49,34495.0,121.44601171919768,47056.08,4346.0
114903,9767.94,36225.0,145.26188253338458,44017.13,3641.0
114924,5037.95,0.0,404.1787739581509,12256.49,0.0
114927,3013.44,21353.0,32.71659051970305,27926.46,19400.9
114983,5601.68,11920.0,145.26188253338458,24441.99,0.0
115198,3469.84,32714.0,145.26188253338458,0.0,0.0
115322,8257.67,23815.0,145.26188253338458,56388.04,11024.0
115354,6297.0,0.0,145.26188253338458,49006.7,19042.7
115405,4637.16,25816.0,145.26188253338458,38347.5,21139.2
115427,8685.92,87544.0,49.94518942353741,56811.34,10275.3
115505,5860.17,94527.0,855.58482,7641.0,0.0
115529,8382.63,19683.0,145.26188253338458,40228.12,3128.0
115633,9685.54,66022.0,145.26188253338458,42440.64,2829.0
115705,17435.68,54105.0,145.26188253338458,51530.96,15044.2
115749,6650.82,99494.0,1210.9491020951125,10449.0,0.0
115805,6781.13,30324.0,145.26188253338458,38603.04,16664.1
115852,40688.53,37455.0,443.86160662695016,33955.63,0.0
116016,9118.93,33882.0,145.26188253338458,38612.78,9142.0
116045,11308.47,0.0,145.26188253338458,50291.59,5445.4
116164,8170.62,95241.0,613.0064337101747,16331.0,12258.0
116207,6625.29,41460.0,300.93468134001466,17607.65,0.0
116238,25464.82,13663.0,3113.0934353020025,6771.0,6798.0
116288,2497.46,24825.0,35.800370477038285,20059.87,8539.0
116332,9386.75,42090.0,145.26188253338458,39082.09,13509.0
116372,8886.61,87094.0,145.26188253338458,41797.82,5533.0
116562,13235.54,39778.0,2145.5094448556624,8027.0,4323.0
116703,2702.38,46370.0,145.26188253338458,28509.36,15803.3
116732,13681.71,55588.0,547.1684605551504,18928.0,5600.0
116735,27443.47,82320.0,145.26188253338458,38276.36,17649.9
116895,19378.91,21159.0,1975.4148622230512,7574.0,4010.0
116897,3683.79,0.0,768.333342857143,2664.0,10266.0
116932,14435.66,70600.0,101.40978681362392,29202.14,19855.2
116948,4349.31,75648.0,173.45915100524488,14575.4,11836.0
116999,14228.23,31650.0,145.26188253338458,36629.87,0.0
117033,5657.81,23550.0,145.26188253338458,38230.38,7649.0
117053,15118.9,58883.0,145.26188253338458,44745.24,15678.8
117169,8417.1,31756.0,145.26188253338458,36535.37,3769.0
117219,2750.71,51789.0,145.26188253338458,56691.83,21898.3
117240,8476.08,28181.0,357.7438945420912,15737.0,0.0
117333,23813.52,88680.0,145.26188253338458,40966.95,17730.3
117342,8400.79,20870.0,49.796378328107686,36386.81,11679.6
117351,7675.87,89586.0,145.26188253338458,0.0,0.0
117358,6770.31,74422.0,24961.243939394182,714.0,0.0
117408,5099.51,0.0,21.751520941429447,40952.02,0.0
117456,5170.03,0.0,145.26188253338458,42386.85,11327.0
117460,8203.22,38595.0,145.26188253338458,29125.13,15403.2
117482,2869.74,21234.0,38.90818759936407,41005.45,4138.0
117618,4082.7,23206.0,145.26188253338458,28405.38,18696.0
117725,7286.79,65870.0,145.26188253338458,0.0,0.0
117782,23207.25,89918.0,145.26188253338458,49171.63,20024.1
117832,8520.15,0.0,145.26188253338458,0.0,0.0
117910,9732.58,38279.0,145.26188253338458,35910.08,0.0
117915,2605.57,60252.0,112.77071739130444,18180.0,0.0
117932,5608.32,67176.0,145.26188253338458,23977.41,8928.1
117939,20294.39,0.0,145.26188253338458,3480.7,0.0
117975,2393.92,0.0,2627.912180451156,3126.04,0.0
118076,5176.16,91475.0,145.26188253338458,51914.55,17854.4
118298,8482.46,29628.0,145.26188253338458,0.0,0.0
118320,8005.96,63357.0,145.26188253338458,47098.77,18519.5
118332,5514.34,23218.0,145.26188253338458,53769.93,6632.0
118355,2395.57,21986.0,47.47351642385308,23652.71,4176.0
118365,5838.9,81082.0,145.26188253338458,36584.23,10277.1
118376,20455.25,0.0,3178.4445508727217,6936.0,3919.0
118379,6775.92,27354.0,145.26188253338458,48176.48,0.0
118418,5442.74,25884.0,95.85309377834676,43376.81,11293.9
118511,5350.0,89158.0,145.26188253338458,3347.16,0.0
118514,9393.97,39770.0,4898.284357142868,4649.0,0.0
118612,7868.81,0.0,196.565421072443,20087.27,0.0
118628,2715.69,20848.0,15.325208914725692,32104.64,6137.0
118632,5308.25,0.0,27.17978887564004,39804.57,3702.0
118675,8708.28,30090.0,58.16639786258055,47167.44,0.0
118688,5348.3,31572.0,145.26188253338458,0.0,0.0
118729,2691.6,33104.0,317.9878298772207,13035.25,0.0
118864,44771.3,0.0,302.5670343790735,36244.49,0.0
119009,7988.51,58268.0,145.26188253338458,46713.04,0.0
119015,8010.97,52009.0,788.9919185105239,10464.0,0.0
119135,2496.17,49136.0,145.26188253338458,42128.88,22048.6
119198,2659.71,0.0,67.34330516939984,51638.38,6488.5
119200,3903.8,51833.0,48.951002744909,27176.13,8116.0
119408,4760.94,0.0,9444.255978260906,2530.0,0.0
119460,8047.41,29808.0,52.28455816387561,44065.71,5841.0
119488,4108.26,0.0,51.5099555153521,26902.83,0.0
119519,4874.67,67467.0,145.26188253338458,40053.68,11596.0
119633,7256.58,29053.0,145.26188253338458,28280.37,12093.5
119634,2300.69,25905.0,40.011046788641146,47813.27,0.0
119638,6409.63,0.0,354.9021465412627,11105.0,0.0
119690,9837.51,55099.0,17717.226069079337,3894.0,0.0
119731,10103.66,46667.0,145.26188253338458,42691.06,29944.6
119837,4774.75,0.0,145.26188253338458,46683.14,19089.8
119845,2588.86,46168.0,145.26188253338458,38496.15,2530.0
119917,3508.57,20978.0,145.26188253338458,0.0,0.0
119997,2514.28,24744.0,16.014075167607228,47926.66,15089.7
120046,4314.17,33488.0,104.79741933909528,29040.82,11190.0
120126,8098.97,0.0,161.6428286307963,29421.03,8165.0
120140,6721.89,36510.0,145.26188253338458,38975.21,11153.6
120164,13024.13,0.0,145.26188253338458,46648.87,8951.0
120192,9701.03,45668.0,145.26188253338458,41950.13,16598.6
120206,8819.02,99845.0,145.26188253338458,0.0,0.0
120393,2453.57,29735.0,14.625604260526655,38479.31,17075.6
120434,7611.95,90252.0,116.61408826483928,31587.42,13303.8
120554,4055.4,0.0,145.26188253338458,47682.31,24572.3
120583,7539.6,0.0,145.26188253338458,43225.86,15926.2
120594,5994.23,41859.0,27.55545510266626,54475.67,16745.1
120613,4466.1,0.0,1957.404538904899,29153.06,18288.0
120635,24636.97,73716.0,145.26188253338458,0.0,0.0
120799,5678.05,0.0,149.99734020096273,21674.26,7281.0
120868,6862.87,56779.0,58.13202124203232,33451.41,7437.0
121068,5979.72,57693.0,1468.6749209339885,43453.03,26775.4
121095,5148.65,51071.0,145.26188253338458,48426.58,4168.0
121139,14435.67,60880.0,97.92964264207706,28651.33,15833.4
121183,7427.5,28848.0,145.26188253338458,39180.1,0.0
121236,4984.62,86305.0,452.396096145877,10479.94,15830.8
121351,28421.57,42803.0,2687.9961262739675,27597.27,0.0
121410,3781.69,46573.0,145.26188253338458,45589.53,21695.0
121469,5890.53,76875.0,145.26188253338458,0.0,0.0
121605,9710.29,33190.0,145.26188253338458,43789.25,6165.5
121710,5639.94,73168.0,145.26188253338458,42107.93,13495.0
121737,8960.28,71943.0,108.62352284729288,12600.13,8018.3
121751,4743.62,70082.0,1126.4940143136016,2828.0,3049.0
121856,22658.54,23665.0,457.9704981154092,21462.71,0.0
121919,7764.27,58419.0,190.99072326832095,17824.04,11791.3
121930,10629.22,36495.0,16165.272083333492,684.0,0.0
121935,4878.83,29950.0,145.26188253338458,25641.88,3224.0
121999,4298.38,31414.0,145.26188253338458,0.0,0.0
122009,4035.68,21359.0,145.26188253338458,24690.0,8672.2
122020,7822.3,33963.0,145.26188253338458,42695.04,48555.3
122049,3794.96,19794.0,145.26188253338458,39460.37,11097.9
122094,2726.39,48039.0,145.26188253338458,37281.54,19733.4
122166,5737.23,56455.0,35.28380209784241,33706.49,6924.0
122173,16973.74,69497.0,145.26188253338458,0.0,0.0
122206,2771.05,50071.0,145.26188253338458,0.0,0.0
122283,10899.3,58518.0,145.26188253338458,21994.82,24038.8
122357,22399.13,78494.0,145.26188253338458,36211.53,0.0
122456,6915.73,96610.0,56.75003259892088,35209.5,12517.2
122517,5166.19,80797.0,1016.8568539689423,1875.75,0.0
122519,30081.37,24626.0,571.3088976767177,47153.09,26086.5
122545,9490.41,0.0,169.65504043021076,33405.92,10350.0
122561,8972.14,89689.0,1228.368754688674,7691.0,0.0
122577,3791.55,41212.0,145.26188253338458,25140.46,9156.1
122685,3314.55,63583.0,26.069686985528,41373.79,8259.0
122797,5946.67,81139.0,446.6120473251037,7759.0,0.0
122858,3746.75,41479.0,540.9666732594944,8133.0,2660.0
122890,7785.0,44897.0,145.26188253338458,43036.36,6923.6
122946,5505.69,95766.0,62.9023446751813,29151.49,0.0
122958,4430.57,24059.0,16.314758823434463,51448.99,21977.8
123060,5010.45,10892.0,6932.5786580743,52946.25,6330.8
123083,5548.03,67798.0,29.377538639939893,53544.79,11327.8
123094,4103.85,82427.0,163.45539611523373,14416.0,2538.0
123115,8646.5,64125.0,145.26188253338458,46443.19,27537.1
123151,21578.86,0.0,145.26188253338458,0.0,0.0
123164,5619.69,0.0,145.26188253338458,34132.7,7090.8
123344,9102.9,73759.0,68.93875607418074,33442.59,28664.2
123393,5963.82,94115.0,145.26188253338458,23552.91,0.0
123420,9540.92,53351.0,145.26188253338458,43728.4,14105.9
123525,41787.9,46587.0,145.26188253338458,42425.82,7077.5
123538,7180.97,42303.0,145.26188253338458,0.0,0.0
123586,2813.51,50397.0,145.26188253338458,31520.63,15355.8
123667,2393.81,58237.0,145.26188253338458,38820.88,11468.4
123668,10387.25,24392.0,145.26188253338458,48873.72,19900.0
123697,2767.59,0.0,145.26188253338458,36321.0,0.0
123702,2449.79,44662.0,145.26188253338458,29561.49,11337.1
123727,22721.24,26900.0,1523.561408450705,12477.0,4323.0
123773,7094.16,72878.0,145.26188253338458,51747.62,2782.0
123780,2509.51,0.0,145.26188253338458,0.0,0.0
123784,8658.86,62464.0,145.26188253338458,0.0,0.0
123908,3383.45,0.0,145.26188253338458,37325.3,7053.6
123928,4624.56,28264.0,145.26188253338458,0.0,0.0
123944,7451.48,26239.0,202.15726868426597,17943.04,4520.1
124038,12302.76,43817.0,145.26188253338458,38346.44,5405.5
124056,12036.62,44428.0,83.01901549508696,37528.23,8128.2
124085,2725.32,45025.0,63.83916056988837,23380.56,7358.7
124088,13770.98,59207.0,117.09062256129523,32425.05,0.0
124119,11413.44,0.0,145.26188253338458,38683.84,4693.0
124195,3910.7,58713.0,291.3072448979592,6654.0,0.0
124207,7294.4,83488.0,4487.285393258427,5095.0,0.0
124351,4774.38,0.0,145.26188253338458,23615.44,8430.3
124355,4115.58,52405.0,145.26188253338458,37146.52,10094.0
124377,8175.32,0.0,6295.341350210994,4402.0,0.0
124536,3478.89,29938.0,145.26188253338458,0.0,0.0
124678,3954.34,18375.0,145.26188253338458,42311.52,4252.2
124761,10546.66,43922.0,145.26188253338458,44830.28,0.0
124931,13297.71,50631.0,145.26188253338458,0.0,0.0
124987,4666.64,60466.0,145.26188253338458,0.0,0.0
125059,5528.21,36088.0,3206.244676906784,2490.0,0.0
125068,4064.18,26599.0,201.1970297029705,12926.0,3424.0
125300,5583.58,76927.0,30.01364747579869,44238.24,13718.0
125393,15120.21,20656.0,145.26188253338458,30343.27,23290.2
125493,16727.77,30915.0,11925.070410156295,2341.0,0.0
125606,8826.61,26320.0,59661.34537037168,1421.0,0.0
125919,6689.02,56980.0,58.04894767375509,33288.92,4271.0
125969,2694.6,26744.0,13.93617744828818,49203.78,8884.4
125996,4512.2,0.0,145.26188253338458,29745.34,10147.3
126097,4551.06,0.0,145.26188253338458,43679.93,23715.0
126100,17790.41,26000.0,145.26188253338458,0.0,0.0
126148,3732.57,0.0,145.26188253338458,0.0,0.0
126181,3417.95,72460.0,145.26188253338458,0.0,0.0
126216,4969.53,62365.0,145.26188253338458,54003.67,8095.9
126219,6846.15,0.0,145.26188253338458,27750.14,11645.1
126239,7109.34,92423.0,145.26188253338458,48295.63,15952.4
126262,5720.77,41770.0,145.26188253338458,48616.16,0.0
126308,8838.09,82664.0,145.26188253338458,0.0,0.0
126424,16355.31,29439.0,145.26188253338458,27513.06,0.0
126466,14024.36,81872.0,145.26188253338458,38750.8,27824.4
126490,2486.43,0.0,145.26188253338458,65557.23,30179.6
126526,13113.14,28519.0,145.26188253338458,0.0,0.0
126581,10546.66,43922.0,145.26188253338458,45053.39,19710.8
126665,4825.26,0.0,28.371872127189786,47284.13,31481.1
127039,11274.91,0.0,145.26188253338458,57091.22,12365.8
127052,5619.85,66620.0,145.26188253338458,0.0,0.0
127127,7644.68,26526.0,145.26188253338458,43874.09,0.0
127128,5077.32,0.0,75.18649536817907,39523.42,16206.5
127137,2609.53,60798.0,145.26188253338458,53526.82,36940.0
127185,6846.15,0.0,42.53526527041105,40177.17,0.0
127241,5206.12,52629.0,703.5297297297307,5291.0,0.0
127279,11131.57,0.0,145.26188253338458,35467.82,5399.8
127289,2776.63,0.0,145.26188253338458,31793.99,26796.9
127311,7937.06,22862.0,145.26188253338458,35343.01,8895.8
127350,10614.64,16040.0,145.26188253338458,55586.14,0.0
127400,3914.72,0.0,145.26188253338458,40448.67,8162.4
127410,2701.49,76310.0,15.948855674666442,46775.29,0.0
127496,7482.64,25666.0,17069.77250000007,1107.0,0.0
127590,4582.9,66991.0,49.81284481440822,32769.19,4300.0
127645,2195.3,0.0,10.951057543023332,43138.43,15773.4
127663,2034.99,0.0,145.26188253338458,33504.4,11933.4
127725,2242.57,0.0,145.26188253338458,28418.81,4696.8
127785,2552.0,50201.0,145.26188253338458,41146.94,0.0
127827,7284.45,44605.0,145.26188253338458,32740.23,14223.3
127882,7716.44,0.0,78.49545349822375,30200.68,15220.9
127946,3746.75,41479.0,32.66463522409164,32446.94,8634.0
127966,2217.66,0.0,16.140796904163054,40313.62,0.0
128007,5160.25,87050.0,28.63747114319816,42615.21,24173.3
128032,2530.71,89451.0,130.82772466539217,20729.21,10622.0
128039,4474.48,84927.0,145.26188253338458,47562.0,10026.3
128041,8000.55,63834.0,72.79827165848992,32079.86,8641.0
128156,36470.3,0.0,145.26188253338458,49305.64,16150.7
128210,2175.62,0.0,145.26188253338458,34639.48,0.0
128245,5810.63,24860.0,1372.4417277825776,3003.17,0.0
128280,3979.28,42633.0,40.57540507319256,28993.45,5081.0
128325,3336.22,19447.0,60.95184299042966,29832.11,8260.0
128405,23984.62,79655.0,145.26188253338458,0.0,0.0
128459,25807.06,71210.0,145.26188253338458,40530.4,15564.3
128467,8209.05,77282.0,145.26188253338458,57776.69,52556.5
128475,5561.29,92678.0,145.26188253338458,38957.42,12044.6
128534,8501.65,0.0,145.26188253338458,38605.03,13392.9
128572,4296.6,61737.0,1190.4800101214587,7103.0,3335.0
128587,19834.2,65989.0,439.5272720649544,21245.15,12223.6
128611,9521.68,74583.0,145.26188253338458,38680.82,11853.7
128615,9079.82,20290.0,145.26188253338458,0.0,0.0
128633,3702.63,33738.0,145.26188253338458,41603.25,23028.8
128749,5977.41,25320.0,3398.3717289719752,884.0,3700.0
128753,2395.57,21986.0,145.26188253338458,0.0,0.0
128754,5316.64,45856.0,145.26188253338458,11689.33,0.0
128789,2227.07,27972.0,145.26188253338458,33935.1,8111.1
128950,6031.52,49539.0,145.26188253338458,38515.55,8386.0
128975,15261.41,59797.0,144.6853431930224,38007.49,6387.8
129030,3580.08,71176.0,22.204479879285916,38364.51,20157.3
129071,8750.22,34695.0,145.26188253338458,0.0,0.0
129171,2719.51,14030.0,451.1914318181819,9751.0,4968.0
129328,7379.46,61584.0,145.26188253338458,0.0,0.0
129343,4463.0,0.0,145.26188253338458,43135.04,5557.5
129372,7200.66,0.0,1076.7948623402165,54444.12,41014.8
129409,12036.62,44428.0,247.86829039865503,36901.1,10828.1
129429,4709.52,0.0,30.04486345903772,26975.74,11732.5
129434,4474.48,84927.0,29.76730548642975,40862.09,2880.0
129510,5510.11,61401.0,145.26188253338458,25187.35,0.0
129515,4820.7,27872.0,145.26188253338458,24880.68,0.0
129533,2858.29,81893.0,131.64530151800028,13493.34,13184.1
129555,2620.9,39278.0,145.26188253338458,60036.56,23108.3
129743,4574.52,99316.0,145.26188253338458,0.0,0.0
129817,2581.11,29757.0,145.26188253338458,25859.94,0.0
129827,16460.08,16869.0,145.26188253338458,36746.19,5502.0
129914,6005.03,23749.0,145.26188253338458,39357.07,19940.7
129976,6519.29,38795.0,37.964530616803366,58485.29,40307.8
130032,25640.24,24695.0,746.0688456632658,44235.53,0.0
130077,15956.52,61148.0,145.26188253338458,31436.39,3276.0
130086,2685.9,58166.0,23.007196152456117,30926.94,9292.9
130179,2129.06,0.0,2018.4594805194804,2553.0,0.0
130208,12827.43,0.0,145.26188253338458,42190.51,0.0
130217,11624.82,0.0,4576.207182916346,8008.5,0.0
130326,5175.29,0.0,145.26188253338458,25231.53,5445.0
130331,2862.73,64640.0,33.80812500000002,34790.4,7044.0
130368,4591.63,83297.0,145.26188253338458,70269.12,5054.0
130419,3644.83,82477.0,145.26188253338458,48161.02,14293.8
130439,2678.06,72450.0,162.8474635568515,13750.97,0.0
130446,5907.15,0.0,129.4649783835715,39172.74,7642.0
130497,5928.75,40531.0,222.20636808598047,19214.0,0.0
130548,3265.16,25820.0,145.26188253338458,43082.21,15901.1
130593,8940.58,95351.0,145.26188253338458,40207.57,15637.1
130823,2656.0,31796.0,145.26188253338458,36154.46,4535.0
130953,4386.28,10621.0,19.275863715809056,42469.32,17680.3
131001,7659.72,0.0,145.26188253338458,40197.28,19939.5
131036,8016.75,82828.0,71.77828950596088,30477.71,0.0
131047,2647.52,37876.0,11.221314283259153,54255.83,8046.0
131098,16510.97,31356.0,145.26188253338458,37027.12,16450.2
131228,4476.81,0.0,68.70892481708857,20848.91,11468.7
131253,19327.87,57245.0,145.26188253338458,36560.25,6492.3
131257,2642.93,58729.0,145.26188253338458,27813.18,7028.1
131321,11763.15,28045.0,54.72499421125418,29398.31,10170.0
131342,10581.28,42513.0,57.6857284536752,54026.75,13743.2
131463,4128.09,32114.0,145.26188253338458,43855.41,0.0
131558,2706.61,22664.0,28.091770298193406,31890.36,24138.9
131560,14642.14,57561.0,145.26188253338458,31312.620000000003,22664.9
131637,3735.84,0.0,145.26188253338458,0.0,0.0
131673,3245.33,46435.0,23.425173828094103,40603.58,19165.8
131680,7805.31,21073.0,145.26188253338458,28311.91,3822.0
131717,11058.22,69792.0,145.26188253338458,0.0,0.0
131721,9886.66,44817.0,71.58050407033022,50899.9,8285.0
131761,7911.63,43916.0,145.26188253338458,32236.83,30808.8
131772,21435.88,20668.0,145.26188253338458,33775.08,4153.0
131815,5024.78,78772.0,145.26188253338458,39047.24,37836.3
131893,3589.37,30944.0,145.26188253338458,27779.32,6830.5
131956,3887.32,96335.0,590.5404273029983,4456.0,0.0
131990,31162.69,83170.0,145.26188253338458,25549.16,5068.0
131997,3744.58,0.0,145.26188253338458,36282.14,0.0
132045,7556.24,35257.0,116.75772379750906,18592.16,0.0
132209,2928.12,63127.0,145.26188253338458,42132.87,0.0
132296,2491.32,36631.0,145.26188253338458,32361.42,24375.1
132319,5274.43,44051.0,145.26188253338458,37268.61,12712.9
132320,4887.34,66707.0,85.32584980867352,26137.57,0.0
132337,5480.1,58651.0,145.26188253338458,35024.74,0.0
132552,2875.43,84768.0,101.83863022560054,13609.61,7991.0
132563,5955.54,0.0,145.26188253338458,0.0,0.0
132592,11430.59,93210.0,56.7649782219062,42584.84,5766.5
132705,7937.06,22862.0,145.26188253338458,49751.55,18526.7
132756,3238.0,60244.0,62.946452348235496,26779.74,5912.0
132774,2359.42,19864.0,145.26188253338458,47721.1,12579.4
132884,8561.56,37759.0,145.26188253338458,37632.07,20749.0
132914,7671.85,62582.0,145.26188253338458,32748.78,10554.0
132928,16887.8,53262.0,3055.794596381073,5860.77,0.0
132935,6595.1,0.0,145.26188253338458,46845.52,10942.1
133035,4236.81,0.0,48.80008488696466,31870.91,0.0
133065,6990.92,22568.0,145.26188253338458,29197.9,20155.2
133066,2269.84,0.0,16.199384475807246,45666.25,0.0
133128,2588.86,46168.0,54.64035457999157,29586.07,11811.7
133324,5759.91,85448.0,97.14232500184823,35264.49,12924.3
133429,16301.97,19614.0,145.26188253338458,42568.36,13409.5
133463,7166.34,59253.0,145.26188253338458,0.0,0.0
133518,3623.45,0.0,145.26188253338458,43898.47,9620.5
133608,3611.18,63329.0,145.26188253338458,33084.59,8443.6
133698,9772.74,59325.0,86.26884852334894,35222.25,5802.0
133730,4222.63,74585.0,145.26188253338458,29846.2,13943.7
133732,2228.53,0.0,145.26188253338458,36163.49,0.0
133821,2544.34,41059.0,145.26188253338458,45392.08,20298.4
133859,3130.68,42056.0,145.26188253338458,46138.16,3553.0
133956,4882.29,19715.0,129.14800629058445,33259.11,5952.7
134000,8861.9,41854.0,2821.686682175064,6678.0,0.0
134012,2545.07,71868.0,1121.9209541062844,4718.0,0.0
134085,24061.11,19168.0,145.26188253338458,44310.0,29058.0
134148,13727.8,0.0,256.5755596823858,21306.19,4873.0
134180,4726.96,0.0,145.26188253338458,24210.25,25626.8
134202,3939.01,60021.0,145.26188253338458,23812.24,22897.3
134241,16710.84,73049.0,145.26188253338458,37465.62,15447.0
134273,5498.94,22520.0,145.26188253338458,34465.59,11443.4
134279,4376.36,63774.0,738.043154166026,6072.0,4636.0
134397,6470.54,48638.0,145.26188253338458,22303.94,9541.8
134470,13094.2,37541.0,120.85435844096295,29203.39,0.0
134717,2379.74,0.0,49.80305375900188,37993.71,16213.3
134738,8869.62,81350.0,145.26188253338458,40554.25,14175.6
134760,3964.73,60817.0,17.741567668297236,37963.14,0.0
134827,7519.13,96306.0,145.26188253338458,0.0,0.0
134847,8491.02,62076.0,6053.168554687509,1645.0,0.0
134857,16301.97,19614.0,145.26188253338458,29439.04,3660.0
135016,5908.16,86277.0,145.26188253338458,38257.8,21358.5
135076,3235.36,75690.0,26.977593800829737,31448.55,5971.0
135134,15806.53,58516.0,267.3387200659846,43156.52,12781.3
135250,4298.66,76778.0,145.26188253338458,42509.53,8150.8
135257,5577.94,70190.0,479.6108598351001,8953.0,0.0
135279,2938.73,0.0,128.06070319961805,16168.0,6382.0
135312,7812.89,72353.0,145.26188253338458,42254.0,12031.3
135381,11855.14,0.0,145.26188253338458,45363.94,18667.5
135382,4899.23,0.0,21.05911906405954,55040.12,43925.2
135392,6273.91,18577.0,145.26188253338458,41216.8,7869.8
135421,17441.64,80969.0,84.58457196838341,78752.27,11144.0
135554,9247.55,85654.0,145.26188253338458,23688.34,0.0
135574,6601.61,0.0,145.26188253338458,31075.26,0.0
135578,8986.61,66267.0,145.26188253338458,32559.99,23790.8
135635,2746.08,0.0,145.26188253338458,0.0,0.0
135808,5179.55,0.0,145.26188253338458,41736.04,5042.6
135841,2894.58,28204.0,1565.9132947976884,41403.21,8054.0
135872,9927.05,19592.0,145.26188253338458,1419.3,0.0
135878,4330.39,60475.0,145.26188253338458,18095.91,8895.8
135977,4514.25,50146.0,36.833116993920406,49117.54,7528.0
136020,4267.08,43682.0,145.26188253338458,45042.56,4528.0
136022,8646.5,64125.0,145.26188253338458,49591.35,18023.4
136049,2769.73,39646.0,409.1816446303303,6352.0,12425.0
136065,2731.52,69844.0,145.26188253338458,0.0,0.0
136089,5391.08,21440.0,145.26188253338458,50862.86,11629.3
136106,15173.97,22448.0,145.26188253338458,44210.09,16236.1
136121,38545.71,41104.0,145.26188253338458,48004.88,20594.0
136169,8836.03,63909.0,44.537917601113605,38924.58,3968.0
136230,6106.94,16654.0,2147.430732177272,8185.0,0.0
136232,3210.42,0.0,145.26188253338458,44013.53,10863.0
136334,2717.78,66463.0,13.582685456243311,47830.89,0.0
136345,15262.96,80757.0,145.26188253338458,0.0,0.0
136430,6185.1,0.0,145.26188253338458,60087.71,16099.8
136464,8253.27,62375.0,145.26188253338458,0.0,0.0
136470,5666.47,0.0,145.26188253338458,37011.37,9614.4
136473,6188.38,40352.0,193.8427151749548,16387.19,11248.6
136516,9799.18,22166.0,145.26188253338458,33831.36,9909.8
136547,4331.46,82302.0,145.26188253338458,29605.07,0.0
136608,2435.54,40921.0,56.16665403035246,32171.43,24112.3
136637,4369.5,97321.0,145.26188253338458,43416.97,15196.2
136715,2507.88,97673.0,145.26188253338458,29067.37,20426.9
136772,3697.04,0.0,145.26188253338458,15494.82,10434.8
136879,17526.18,52228.0,906.7835522585536,14588.0,5308.0
136906,3412.57,30335.0,145.26188253338458,44923.01,3375.0
137020,8456.27,0.0,2967.825528846165,6015.0,0.0
137040,2469.78,92711.0,26.177054597617712,25174.72,0.0
137106,2237.35,0.0,145.26188253338458,33907.66,9889.7
137161,10145.44,44577.0,284.63889436910216,21438.2,0.0
137185,5001.53,0.0,145.26188253338458,39423.49,7935.0
137209,2805.29,50180.0,1090.8354225852297,1483.0,0.0
137227,3425.73,29194.0,38.07046565393719,31405.95,12102.7
137251,5553.36,0.0,8129.584491978626,3628.0,4467.0
137383,9775.82,55632.0,145.26188253338458,0.0,0.0
137529,20708.26,92079.0,145.26188253338458,20998.25,8371.4
137646,16256.81,21206.0,145.26188253338458,43402.4,12764.4
137744,2420.71,31710.0,119.7559162374628,11081.0,0.0
137751,2595.85,48608.0,32.02117598684211,36228.04,13478.7
137845,4277.27,77265.0,145.26188253338458,41762.46,8191.0
137850,20096.89,92766.0,145.26188253338458,55784.35,7617.1
137852,2693.66,29038.0,82.41543327679817,30945.31,3901.0
137858,11095.97,0.0,757.5811915450807,10609.0,0.0
137944,5517.2,60596.0,1505.665935599641,27132.8,12888.3
137952,6601.61,0.0,145.26188253338458,47985.14,0.0
137968,8355.77,64502.0,327.1675659729676,14481.0,8825.0
137973,5285.31,22627.0,227.62692035398237,10744.0,9086.0
137985,5886.62,0.0,145.26188253338458,36669.12,15344.4
137999,6938.87,53133.0,145.26188253338458,40447.94,4901.0
138025,10208.93,35482.0,469.4204396573446,21202.09,0.0
138065,2993.02,0.0,406.2369106053851,6569.610000000001,0.0
138121,2546.36,0.0,13.181244318254343,40758.02,12452.6
138204,3008.97,0.0,21.309034871741144,41067.53,0.0
138369,3663.74,61894.0,145.26188253338458,29103.04,5429.0
138421,22332.44,49078.0,145.26188253338458,30257.68,0.0
138449,4949.8,21342.0,145.26188253338458,0.0,0.0
138475,4698.88,80358.0,145.26188253338458,36183.79,10727.4
138565,9212.61,70958.0,145.26188253338458,54102.51,0.0
138653,11763.94,28806.0,6826.451669316394,909.0,0.0
138737,2374.15,48911.0,13.946371237054503,43803.84,5979.0
138746,4479.49,18505.0,145.26188253338458,39689.1,11539.1
138759,5070.23,0.0,6641.030921052645,140.0,0.0
138768,8346.02,40105.0,145.26188253338458,42671.27,26535.7
138777,17857.97,55437.0,145.26188253338458,0.0,0.0
138810,2570.43,44940.0,219.84072873545296,7606.0,0.0
138853,12556.95,0.0,523.0072365918601,9782.0,4035.0
138873,9890.21,52408.0,145.26188253338458,22903.22,0.0
138894,11093.72,78255.0,58.4584704849682,43685.44,6774.0
138896,7481.83,61783.0,145.26188253338458,48542.06,5949.0
138908,5524.31,70360.0,145.26188253338458,45386.73,0.0
138981,7894.5,21723.0,44.76294915822964,41349.53,7193.4
138993,5391.97,41662.0,145.26188253338458,22092.37,4231.0
139022,16504.96,42148.0,640.5887782228053,10126.38,4077.0
139023,9788.71,31930.0,543.1558452417149,9960.0,3298.0
139087,34611.38,20090.0,145.26188253338458,46858.3,23767.7
139135,2541.52,0.0,33.57795481939704,25400.95,12864.7
139270,9185.03,73795.0,145.26188253338458,0.0,0.0
139356,11250.1,29505.0,145.26188253338458,0.0,0.0
139479,2372.29,25550.0,113.00157257327804,14351.79,0.0
139511,3145.46,52082.0,145.26188253338458,34058.61,0.0
139518,8954.43,34614.0,45.40964754047116,36652.52,5703.8
139532,2491.26,25965.0,145.26188253338458,36267.22,14087.1
139600,10865.86,0.0,7036.142341809614,4084.0,5826.0
139682,5442.74,25884.0,145.26188253338458,0.0,0.0
139699,19480.5,50809.0,11286.32142857143,1819.0,0.0
139863,4142.56,48263.0,145.26188253338458,33987.18,12849.7
139932,10110.77,76276.0,145.26188253338458,43287.2,4858.0
139974,8738.4,43597.0,20445.615384615463,3355.0,0.0
140005,2141.75,0.0,19.766534087173767,26937.58,0.0
140042,7189.11,75838.0,145.26188253338458,0.0,0.0
140077,4770.55,12964.0,266.110659704534,17874.0,3741.0
140079,4655.21,30383.0,145.26188253338458,32159.12,27615.4
140130,24278.1,20983.0,145.26188253338458,34228.97,13298.1
140191,8927.57,29136.0,178.20962811047323,22582.9,4393.0
140208,7019.18,26806.0,145.26188253338458,46198.98,0.0
140223,12427.39,15818.0,145.26188253338458,0.0,0.0
140290,3034.65,68205.0,145.26188253338458,42518.67,6237.0
140375,3600.93,25147.0,145.26188253338458,0.0,0.0
140381,2867.31,23376.0,145.26188253338458,29989.17,2218.0
140391,2548.39,22050.0,145.26188253338458,24683.65,0.0
140392,3963.39,88701.0,145.26188253338458,27279.69,13960.0
140419,8646.5,64125.0,64.19727952503908,40377.78,25135.5
140483,5723.54,77646.0,145.26188253338458,38702.54,9774.1
140534,10179.72,14290.0,145.26188253338458,37598.57,5802.0
140598,3731.5,0.0,145.26188253338458,31784.11,11177.9
140674,5544.91,79619.0,145.26188253338458,25465.69,7128.8
140735,10056.51,16097.0,145.26188253338458,0.0,0.0
140750,4311.42,0.0,145.26188253338458,40392.89,19979.8
140768,3945.24,28855.0,145.26188253338458,46748.92,22008.1
140769,9414.94,15741.0,145.26188253338458,0.0,0.0
140823,6388.21,26436.0,38.31137436112018,29974.42,0.0
140891,7948.54,23916.0,43.85963799231318,32429.32,0.0
140977,8476.77,74001.0,95.32853458793952,31280.59,10889.0
141023,2608.79,61567.0,12.93107763467378,45619.0,14060.0
141043,7439.98,0.0,1052.2834022216507,5808.389999999999,3608.0
141047,7403.45,19064.0,145.26188253338458,41819.16,10650.7
141139,2772.84,37038.0,10.885554427417205,47754.67,0.0
141181,7150.23,63651.0,145.26188253338458,23746.69,23888.2
141233,5050.83,0.0,145.26188253338458,34146.06,15000.3
141266,5555.83,74015.0,55.73772967772969,47732.2,5194.0
141456,12168.74,14973.0,1214.2127118644078,10712.0,8763.0
141497,4842.28,35127.0,583.7604976329411,4455.0,0.0
141614,6496.2,89285.0,145.26188253338458,48471.27,41404.9
141655,2577.32,74215.0,145.26188253338458,29252.22,4660.0
141703,2732.61,42968.0,12.997709703818767,42403.41,10610.3
141742,8403.91,0.0,124.716495495056,19178.66,3723.0
141844,8109.36,32314.0,145.26188253338458,38913.76,0.0
141877,2389.31,20484.0,145.26188253338458,40044.79,6582.0
141945,15147.93,41082.0,90.240911158286,41024.86,4824.0
142122,4669.23,76157.0,145.26188253338458,0.0,0.0
142190,8996.77,49706.0,4471.4338916122015,41553.89,2876.0
142224,2795.32,0.0,26.425241838360037,34266.94,0.0
142290,2004.35,0.0,48.483233374200594,39939.9,18602.9
142354,7915.98,31383.0,145.26188253338458,47252.04,15996.1
142371,6369.26,34498.0,145.26188253338458,43641.95,10176.0
142434,16477.48,57264.0,4845.016272824949,4452.33,0.0
142511,5040.41,46072.0,84.23530718020571,24179.93,13306.2
142545,7148.33,51791.0,145.26188253338458,41326.44,3547.0
142609,7974.39,0.0,682.1308530583552,4546.0,0.0
142621,19160.99,22705.0,305.10198842195734,43648.69,33492.7
142649,8365.96,27042.0,145.26188253338458,0.0,0.0
142686,3417.2,42526.0,22.620203119332608,45038.26,3726.0
142715,8658.86,62464.0,58.82198898311239,47740.19,26567.7
142717,6087.3,85654.0,36.14374603484457,31302.55,0.0
142726,4397.78,91653.0,342.5988261240753,11326.0,2626.0
142749,7164.4,46623.0,145.26188253338458,39807.71,5112.0
142763,2747.77,0.0,145.26188253338458,0.0,0.0
142800,7824.37,32823.0,145.26188253338458,0.0,0.0
142812,5087.02,0.0,145.26188253338458,31084.74,8709.4
142855,11323.36,98254.0,109.87026548045232,35399.66,17128.7
142906,2911.92,20327.0,145.26188253338458,43078.17,21869.0
142925,5380.9,55350.0,1319.9116263440867,4908.0,0.0
142950,5419.46,73536.0,145.26188253338458,39872.63,8908.0
143087,5714.23,79719.0,145.26188253338458,41542.07,18152.6
143151,23866.16,0.0,117.3467820551794,43708.35,38330.6
143266,7824.37,32823.0,14570.893112244952,4180.0,0.0
143389,14413.38,56457.0,61.92742877187695,40029.74,17252.8
143422,10364.35,58327.0,145.26188253338458,47166.5,23662.1
143730,5505.69,95766.0,145.26188253338458,38985.16,24619.8
143784,4330.39,60475.0,145.26188253338458,42473.79,18338.8
143981,2786.66,94310.0,145.26188253338458,49102.7,29575.8
144261,2616.61,72302.0,145.26188253338458,0.0,0.0
144301,5675.92,33257.0,145.26188253338458,0.0,0.0
144328,7449.86,0.0,145.26188253338458,34271.46,19544.3
144355,8131.78,93715.0,145.26188253338458,46503.37,13783.7
144402,10915.36,0.0,103.27369563414165,34568.91,2462.0
144514,3864.78,24204.0,28.78067924004766,37694.74,13026.0
144523,9269.68,27849.0,145.26188253338458,41985.37,16902.0
144565,4892.42,26660.0,1282.6086717104,38909.41,24460.6
144593,4477.45,41402.0,31.36423959047687,48163.68,17399.4
144615,27666.3,61886.0,145.26188253338458,31249.06,7439.0
144633,5447.84,55483.0,145.26188253338458,41373.03,6053.0
144641,3034.8,79253.0,105.16158227848102,10745.0,2922.0
144695,7434.68,28377.0,145.26188253338458,0.0,0.0
144702,4163.04,43276.0,145.26188253338458,0.0,0.0
144756,4700.58,76694.0,145.26188253338458,30566.08,2236.0
144830,2946.0,89410.0,145.26188253338458,32206.19,16305.3
144879,4889.61,51246.0,47.76372885740794,26966.59,0.0
144936,4118.59,69379.0,145.26188253338458,24734.05,5802.6
144977,10963.96,55687.0,145.26188253338458,43421.31,7687.4
145017,20498.83,56070.0,20023.388804638813,2316.0,2379.0
145177,9354.13,0.0,145.26188253338458,53531.78,23503.0
145192,6776.35,0.0,145.26188253338458,0.0,0.0
145193,11638.9,25370.0,7985.33552631584,4332.0,0.0
145220,9061.77,37970.0,61.18287180910104,42801.2,25856.7
145292,19014.48,29822.0,145.26188253338458,0.0,0.0
145322,14382.56,52174.0,145.26188253338458,34712.83,0.0
145323,22325.83,99241.0,145.26188253338458,36501.6,5227.0
145449,7524.74,36580.0,1689.1329028290345,2912.0,0.0
145480,4636.55,26802.0,145.26188253338458,35052.94,7176.3
145542,3870.36,0.0,145.26188253338458,0.0,0.0
145552,8847.44,17950.0,145.26188253338458,36659.29,2471.0
145688,3600.93,25147.0,122.72458993432735,15624.0,5480.0
145988,9051.71,60964.0,60.38620404149699,32803.0,4424.0
146028,8152.24,0.0,145.26188253338458,35327.28,4739.0
146037,4956.25,87197.0,46.77468599791601,37542.24,10748.3
146067,4808.96,23554.0,145.26188253338458,42171.21,0.0
146086,7057.46,52447.0,145.26188253338458,31786.23,10619.6
146090,10484.92,61108.0,3191.8230191826588,3665.0,3431.0
146099,6369.26,34498.0,284.992632396208,11443.0,4053.0
146215,5866.07,75952.0,25.20827848876226,33003.08,10389.4
146354,3500.45,89398.0,173.8318707482995,17283.0,4765.0
146400,3337.98,60607.0,102.67678240350584,27298.54,2816.0
146527,8355.77,64502.0,145.26188253338458,51478.05,7491.7
146560,8036.45,0.0,397.57444429384685,14579.0,0.0
146572,4579.61,40160.0,145.26188253338458,0.0,0.0
146702,7385.36,54289.0,192.14612379893373,27454.67,22842.8
146760,4821.99,0.0,145.26188253338458,40696.87,6275.0
146839,7271.43,20545.0,145.26188253338458,35141.6,0.0
147064,11160.08,33232.0,145.26188253338458,42855.55,31275.4
147241,7517.38,37695.0,145.26188253338458,40903.57,26039.8
147272,6273.91,18577.0,145.26188253338458,22502.92,8192.8
147408,5807.66,62447.0,22793.504301075493,312.0,0.0
147602,9817.03,0.0,145.26188253338458,48796.79,13664.8
147700,4583.1,22728.0,26.36047736232105,28637.45,10679.0
147754,3274.04,83869.0,19.77644417475728,40761.84,3165.0
147891,5411.94,81531.0,145.26188253338458,35457.0,29712.2
147898,4241.64,19834.0,145.26188253338458,49226.17,22015.3
147986,7550.42,0.0,365.4511012982192,21026.47,13239.2
148111,8456.96,25141.0,145.26188253338458,0.0,0.0
148201,8149.77,0.0,145.26188253338458,39651.92,12739.0
148208,7283.93,79055.0,179.85580129932512,33122.71,2742.0
148216,5217.51,39854.0,235.604497092664,14109.0,0.0
148234,8408.32,82800.0,145.26188253338458,32131.44,3239.0
148258,4654.58,81883.0,47.82569419421674,46388.26,26617.1
148289,5926.39,92949.0,663.5375306748466,9632.0,4587.0
148299,4903.81,0.0,145.26188253338458,27495.13,20487.7
148322,7390.9,30449.0,270.5388858246004,21143.09,6336.5
148368,4670.05,0.0,16.383840864440078,54075.55,15504.0
148381,11618.56,27750.0,145.26188253338458,44054.96,5165.0
148382,12128.37,20495.0,370.0311267079781,15431.55,0.0
148453,3479.14,0.0,976.8354615384616,5341.0,3910.0
148486,5383.67,89092.0,82.59522638622686,26007.7,22917.2
148487,11981.98,21514.0,145.26188253338458,29086.16,4792.0
148570,4698.52,27985.0,208.10093435262712,42449.78,4744.3
148612,7840.17,58414.0,23003.71422829582,34699.02,21422.5
148677,21903.91,22254.0,145.26188253338458,0.0,0.0
148690,8679.84,52717.0,53.269354675992886,29470.41,7155.4
148749,2537.93,25506.0,294.0153776978425,5868.0,0.0
148753,17497.52,0.0,104.52691980360066,50735.79,30097.9
148766,22658.54,23665.0,145.26188253338458,0.0,0.0
148767,10373.89,62587.0,145.26188253338458,49836.04,14935.2
148810,40224.01,48587.0,145.26188253338458,0.0,0.0
148865,5673.84,0.0,233.34665915492968,10099.0,3511.0
148942,6361.95,0.0,145.26188253338458,45415.86,31369.3
148982,2326.86,0.0,316.11807692307724,4911.0,0.0
149174,16388.1,0.0,12035.526156941663,4245.0,0.0
149225,8500.91,79153.0,145.26188253338458,40866.25,17895.6
149318,9103.7,0.0,206.07889813427053,46936.09,21142.4
149348,28824.06,0.0,145.26188253338458,50858.04,8388.5
149426,4173.14,0.0,53.21915573071711,25617.69,9252.0
149430,4650.06,28215.0,388.0365569272984,8781.0,15122.0
149462,15739.92,48096.0,145.26188253338458,35976.94,0.0
149542,4631.01,78152.0,145.26188253338458,0.0,0.0
149549,4436.81,77609.0,75.95852016885554,27287.37,22955.3
149655,3141.25,43499.0,70.40379132271582,20649.3,0.0
149782,7498.29,31134.0,145.26188253338458,41467.7,13399.7
149841,32864.4,90783.0,3897.175438596498,11841.0,12127.0
149846,11158.13,0.0,145.26188253338458,42214.78,23043.6
149884,7855.32,37229.0,85.8535765938143,33452.04,0.0
149912,8238.46,68261.0,541.8086306306305,6317.0,0.0
149981,5272.52,85607.0,145.26188253338458,0.0,0.0
149993,26134.91,0.0,145.26188253338458,32371.6,12878.2
150004,10168.27,35504.0,145.26188253338458,52726.36,13257.5
150074,9927.88,58703.0,93.48929403771898,33687.56,8323.9
150134,2764.8,31591.0,145.26188253338458,32820.18,12593.0
150141,5246.28,28909.0,1920.012232620324,2632.0,0.0
150233,25807.06,71210.0,1379.6860999902358,19723.25,16231.7
150253,4428.63,18263.0,145.26188253338458,40294.58,5016.0
150291,8879.79,52583.0,145.26188253338458,28882.99,0.0
150301,26232.85,35868.0,145.26188253338458,36864.03,6579.7
150383,7478.31,23530.0,669.0154779411774,8157.0,3941.0
150596,2592.93,57563.0,145.26188253338458,0.0,0.0
150656,2833.98,94812.0,64.89284093641852,18992.15,6666.0
150671,2903.94,67763.0,145.26188253338458,0.0,0.0
150751,7148.33,51791.0,2070.7463888888924,6718.0,6212.0
150754,15789.65,0.0,145.26188253338458,35133.3,4209.0
150767,2241.11,0.0,1469.1184446839084,34884.18,12042.1
150883,6141.96,0.0,45.30201269045792,37399.58,18787.9
150909,9656.76,0.0,145.26188253338458,40372.03,0.0
151010,5357.26,39604.0,780.0797473404256,8849.0,0.0
151030,3847.35,23459.0,85.30329521915822,33625.25,7997.1
151036,12919.42,58236.0,673.0785469597494,13056.0,0.0
151183,4471.78,0.0,145.26188253338458,26925.59,12351.0
151327,13061.52,0.0,145.26188253338458,48355.82,18460.4
151399,5384.53,59364.0,145.26188253338458,41892.24,0.0
151554,6698.97,21114.0,52.79783485876669,32029.11,18797.9
151571,6243.09,73945.0,217.06304534197,11406.0,10432.0
151627,6207.17,49419.0,60.555058467158176,27269.04,11902.5
151655,15519.67,23402.0,145.26188253338458,35027.33,22248.5
151967,8925.63,23860.0,523.4342785989725,12457.0,14889.0
152007,9322.09,70435.0,1355.0628634010368,7172.0,0.0
152014,6625.29,41460.0,26.249813837331818,44359.67,15144.6
152016,5067.21,29095.0,206.0529913101606,13684.0,0.0
152139,4603.98,66161.0,34.773358780942715,34839.26,9405.0
152148,3838.11,76375.0,145.26188253338458,24890.79,8202.0
152276,14195.36,86355.0,145.26188253338458,56588.7,0.0
152305,7988.26,77330.0,20876.24033412888,34318.31,4086.0
152307,17526.18,52228.0,440.1139112487102,20801.83,0.0
152338,8923.11,0.0,145.26188253338458,38227.0,8405.0
152355,16775.81,89030.0,145.26188253338458,22995.91,16421.6
152406,3061.05,56869.0,145.26188253338458,35377.06,25615.8
152423,5532.86,59768.0,145.26188253338458,32456.1,9488.6
152499,7138.17,19794.0,392.74514991181655,7878.58,4843.1
152681,3885.46,0.0,145.26188253338458,31244.88,7739.0
152685,27420.81,0.0,145.26188253338458,0.0,0.0
152740,2921.49,62018.0,99.19477674418609,12531.0,2965.0
152778,5310.91,73102.0,145.26188253338458,40592.02,11824.3
152936,8427.17,46503.0,145.26188253338458,0.0,0.0
153003,3075.59,65017.0,22.763746202123105,35309.74,20946.4
153072,3829.28,19240.0,39.32335930781403,28601.6,0.0
153075,9726.55,72236.0,145.26188253338458,0.0,0.0
153146,4929.55,25632.0,145.26188253338458,41960.22,4048.0
153193,2685.9,58166.0,145.26188253338458,42489.4,35100.8
153261,4502.41,0.0,29.30394076372358,55151.32,19187.4
153395,19079.1,42754.0,145.26188253338458,41420.94,9973.0
153439,8621.19,0.0,3130.040799071621,5407.0,2882.0
153462,2373.8,0.0,46.33980717530363,15106.76,14402.9
153582,3435.65,0.0,180.9541486291487,11459.0,0.0
153586,5896.54,39293.0,145.26188253338458,44150.39,4463.0
153600,8409.67,53986.0,74.55743381102745,32035.94,0.0
153626,2489.39,31058.0,145.26188253338458,45934.19,0.0
153645,5619.69,0.0,4406.416433942078,3921.78,0.0
153656,2287.6,0.0,94.79292493528904,12798.84,0.0
153760,2275.4,0.0,172.4885772042537,7727.02,7869.8
153884,2004.35,0.0,145.26188253338458,41302.48,8975.6
153953,6930.63,29318.0,246.3973977272728,13386.0,17885.0
153968,5511.03,36267.0,145.26188253338458,0.0,0.0
153987,6057.07,27681.0,349.5936986084758,16513.0,0.0
153998,8012.37,58058.0,235.8784238288812,35245.05,20449.9
154136,4981.83,33176.0,142.41008755899924,8261.369999999999,0.0
154172,8257.67,23815.0,2217.1910769457127,36173.47,31394.8
154173,5297.67,33832.0,966.824775,5770.0,0.0
154175,11177.75,20742.0,145.26188253338458,36046.83,0.0
154194,5528.08,0.0,1090.8717967201308,4414.0,0.0
154230,5340.81,0.0,145.26188253338458,39668.53,18505.0
154480,2735.47,96314.0,145.26188253338458,34661.01,9848.0
154606,6189.99,59523.0,163.2110112619284,35165.28,16644.5
154643,4228.73,0.0,77.89550505092988,34756.01,4921.0
154644,2854.27,34807.0,17.809626772457595,52393.72,29679.0
154652,5335.38,91603.0,145.26188253338458,35654.96,9575.0
154680,2458.56,0.0,145.26188253338458,33125.74,7360.6
154726,3712.43,73205.0,145.26188253338458,16611.239999999998,0.0
154736,2619.48,93987.0,145.26188253338458,29352.31,10166.9
154782,5510.97,99553.0,570.6394468085107,6616.0,8157.0
154855,7851.35,32225.0,275.5521875,11027.0,4223.0
154864,4887.79,70742.0,68.05559327852907,22895.42,10592.0
154868,4723.45,29193.0,260.4319108761329,8449.0,0.0
154889,12176.01,0.0,629.933473657355,8712.21,0.0
154958,5575.2,18892.0,145.26188253338458,0.0,0.0
154981,37939.49,20587.0,251.6527477593171,48100.54,13962.8
155020,14455.86,0.0,1282.5447010209048,5788.0,5653.0
155118,18611.45,49673.0,145.26188253338458,32059.09,21751.9
155253,8629.33,59107.0,412.9317113140761,17414.96,20746.1
155348,22647.22,27504.0,145.26188253338458,0.0,0.0
155354,3741.57,13093.0,16.013238708315747,47419.42,19834.1
155374,3352.94,55359.0,145.26188253338458,45358.57,10039.0
155488,3842.03,27906.0,145.26188253338458,35204.96,20374.8
155623,9540.92,53351.0,145.26188253338458,0.0,0.0
155654,13372.33,0.0,208.2650814985492,45692.52,24619.4
155763,7519.13,96306.0,1819.948574270557,34905.93,4688.0
155791,2654.38,73196.0,145.26188253338458,37064.69,9158.0
155795,6889.62,30814.0,108.1069285222974,46132.0,18071.3
155820,7247.21,63267.0,32.03916773286318,41120.32,7892.8
155964,14476.12,27572.0,216.04676843396487,39228.63,0.0
155965,7582.11,64801.0,241.3631737310309,15821.0,3084.0
156031,4328.37,72531.0,145.26188253338458,0.0,0.0
156071,3399.13,28928.0,145.26188253338458,0.0,0.0
156138,2751.25,86788.0,145.26188253338458,30582.37,0.0
156305,12731.95,40870.0,145.26188253338458,26261.75,3666.0
156313,2959.95,28140.0,19.63830570400262,42134.12,0.0
156355,3652.53,39679.0,55.427108076420986,28679.91,9302.0
156457,6087.3,85654.0,145.26188253338458,27155.2,4677.8
156666,7892.82,29215.0,12417.583189655275,1569.0,0.0
156673,9198.69,31562.0,145.26188253338458,49737.56,18287.5
156684,10351.37,73895.0,82.51730389969289,34867.17,7712.1
156730,7998.35,26487.0,1191.5909183673484,7292.0,6354.0
156750,7429.08,0.0,69.31174786565104,31356.79,12844.3
156868,31234.89,70164.0,145.26188253338458,31196.65,10341.0
156870,6047.03,20396.0,905.8136593707264,5808.0,0.0
156879,4372.19,20354.0,960.198164861616,4449.0,0.0
156945,3086.72,92147.0,67.67780961477241,16324.06,0.0
156948,12280.77,88340.0,67.67875192757553,48937.44,11418.0
156959,5780.18,51066.0,145.26188253338458,28956.6,17233.9
156980,14962.37,0.0,1348.460506172842,9653.0,0.0
157005,3890.87,91182.0,21.19725826408967,52564.71,7257.0
157092,9700.35,0.0,45.03767420383949,42943.54,12110.6
157200,2509.51,0.0,145.26188253338458,23638.29,9625.4
157212,7289.3,60875.0,44.66562824564859,50237.72,16330.7
157300,8617.55,48091.0,601.7995695153069,10259.0,0.0
157566,7705.28,25290.0,5521.781151832506,9390.0,8600.0
157672,6715.59,21835.0,188.9469856392944,22215.46,10851.0
157674,8038.95,71982.0,145.26188253338458,35499.35,10456.5
157704,13104.3,30130.0,145.26188253338458,42883.38,18990.5
157712,3776.32,20101.0,145.26188253338458,46654.64,17620.6
157729,3966.13,72439.0,260.89825483599697,9562.0,0.0
157731,2676.87,54480.0,18.40388882470685,47997.49,10746.7
157751,20957.61,0.0,145.26188253338458,45447.67,2857.0
157766,14700.5,29695.0,145.26188253338458,37938.63,7957.0
157771,3355.53,46644.0,145.26188253338458,8031.74,6809.6
157816,8528.29,91099.0,145.26188253338458,27632.05,14523.9
157879,3923.27,0.0,145.26188253338458,27225.39,0.0
157902,8012.92,0.0,13709.605312500116,1481.0,4571.0
157911,6282.08,32311.0,145.26188253338458,33602.66,26015.7
157971,3842.79,97832.0,145.26188253338458,0.0,0.0
158113,9764.95,0.0,145.26188253338458,53052.45,10299.0
158314,4834.71,38713.0,168.894259389825,20898.19,8826.0
158400,4756.91,48938.0,145.26188253338458,34214.23,14127.1
158401,6355.68,0.0,798.8371900826463,10941.0,3760.0
158508,2599.29,33947.0,145.26188253338458,51707.66,3916.0
158560,4014.45,37384.0,145.26188253338458,32648.98,23693.1
158680,2722.21,17576.0,145.26188253338458,36912.88,23521.7
158901,2943.05,0.0,20.063476592899363,30889.14,5876.7
158969,24186.88,32989.0,145.26188253338458,29681.42,0.0
158995,7815.47,0.0,16980.038988095344,1128.0,0.0
159227,9492.34,0.0,70.57171227910084,31854.84,5695.0
159233,4634.73,0.0,116.84462287608788,32476.57,2598.0
159272,7998.14,29066.0,145.26188253338458,43156.52,6796.8
159275,4763.33,14957.0,145.26188253338458,37708.0,34094.2
159344,5640.02,41396.0,145.26188253338458,50440.29,17089.8
159351,6670.85,56531.0,145.26188253338458,47004.37,8556.0
159359,6689.02,56980.0,413.8122542372882,13045.0,0.0
159397,16350.13,0.0,145.26188253338458,34837.3,0.0
159486,2876.78,0.0,145.26188253338458,18244.96,0.0
159500,5264.43,24031.0,92.17765449155226,31721.35,6275.0
159525,17435.68,54105.0,145.26188253338458,42052.91,24849.2
159531,5563.77,35398.0,145.26188253338458,28741.97,11118.8
159533,5368.89,59601.0,1243.9556813372865,2821.0,0.0
159608,2289.62,0.0,145.26188253338458,33716.03,11040.0
159680,6811.58,0.0,145.26188253338458,40679.54,8060.0
159688,6672.06,50537.0,145.26188253338458,41896.13,3884.0
159745,19512.0,0.0,145.26188253338458,36161.27,0.0
159751,5555.49,51705.0,145.26188253338458,37216.81,0.0
159800,6521.37,72608.0,145.26188253338458,16179.31,0.0
159856,9419.88,87840.0,53.40233909045726,48185.34,11214.0
159942,5532.63,27722.0,145.26188253338458,18566.7,5297.2
159960,3756.64,0.0,145.26188253338458,48894.74,19614.0
160135,8804.54,48990.0,145.26188253338458,36148.68,14798.8
160143,13897.39,24378.0,145.26188253338458,33070.09,9276.0
160154,13363.52,86653.0,94.51332824803184,35604.56,3520.0
160181,14917.33,0.0,98.6510097331536,31979.56,4217.0
160203,18131.19,0.0,107.92703545008985,54319.22,24848.3
160250,4506.49,15462.0,145.26188253338458,42313.96,8134.3
160266,2453.57,29735.0,1375.657526881722,1995.0,0.0
160320,8150.57,0.0,145.26188253338458,46903.67,21625.3
160471,2962.72,16495.0,323.25412514946225,6287.0,0.0
160640,20766.67,0.0,145.26188253338458,30610.54,3964.0
160686,5010.92,45867.0,145.26188253338458,43548.18,14837.4
160707,6520.82,93721.0,145.26188253338458,32272.65,20927.9
160740,13869.93,28432.0,107.12780611777056,31786.59,2846.0
160773,6521.37,72608.0,145.26188253338458,49938.66,0.0
160779,10706.67,55436.0,145.26188253338458,0.0,0.0
160905,25581.61,27961.0,122.37726804475014,45783.09,6234.0
160927,4430.57,24059.0,22.86750656828614,44428.9,11116.9
160993,3819.62,0.0,145.26188253338458,41741.66,15088.5
161045,11029.93,37056.0,145.26188253338458,29005.08,4081.0
161103,7923.14,0.0,145.26188253338458,35164.87,14174.4
161180,9051.91,26308.0,145.26188253338458,39641.7,14597.7
161241,9015.82,0.0,80.25952522255197,39766.14,0.0
161276,9414.94,15741.0,145.26188253338458,38345.45,10534.0
161338,14131.12,28327.0,145.26188253338458,43689.12,9386.0
161373,5243.83,36615.0,364.2842365375833,13742.87,6931.2
161414,4328.86,24711.0,132.77595798319328,21554.56,5403.0
161415,2404.63,22239.0,23.34364560800029,25467.72,19146.9
161437,4940.51,65985.0,145.26188253338458,42488.96,8842.6
161525,4250.28,0.0,145.26188253338458,0.0,0.0
161546,10390.67,28948.0,145.26188253338458,0.0,0.0
161557,2752.66,81280.0,145.26188253338458,0.0,0.0
161574,3478.89,29938.0,3136.5867023466467,30121.12,24316.9
161650,5234.33,66957.0,294.36251232589683,21834.97,9600.7
161728,5734.6,98132.0,1669.161881977675,6111.0,0.0
161766,8092.88,50825.0,145.26188253338458,32000.24,9837.1
161769,5680.47,90353.0,145.26188253338458,48328.36,25158.6
161774,5217.51,39854.0,145.26188253338458,0.0,0.0
161780,4424.58,37800.0,417.0897985537199,8637.0,0.0
161956,13306.18,39017.0,894.924580799706,13844.0,0.0
162013,4911.46,52796.0,145.26188253338458,38208.5,7459.4
162155,21531.33,0.0,145.26188253338458,0.0,0.0
162166,9117.44,0.0,68.2415125292212,41194.0,0.0
162167,4177.7,0.0,145.26188253338458,30180.57,4125.0
162180,7409.08,61160.0,133.0968088038428,20407.03,13077.7
162420,13745.05,40810.0,145.26188253338458,30773.45,8333.5
162456,2808.08,55005.0,145.26188253338458,30860.25,7464.0
162472,5755.54,97607.0,716.1723068181833,15112.0,4386.0
162485,5553.76,0.0,145.26188253338458,17346.35,0.0
162489,2540.69,42557.0,145.26188253338458,17203.58,3403.0
162496,8840.19,47297.0,1952.323030535275,38003.26,5266.0
162568,3622.87,0.0,145.26188253338458,0.0,0.0
162658,7751.86,0.0,145.26188253338458,43784.26,23818.1
163002,5054.33,22241.0,5841.151820580475,42864.91,28843.8
163058,10145.44,44577.0,145.26188253338458,42151.01,12654.0
163083,5179.89,35143.0,145.26188253338458,47197.63,31368.4
163137,21255.5,73457.0,145.26188253338458,0.0,0.0
163260,7247.31,0.0,145.26188253338458,35571.5,4278.0
163301,8531.4,98677.0,1821.0298245614065,3587.0,0.0
163388,6862.87,56779.0,145.26188253338458,44724.68,27850.4
163445,5272.32,0.0,759.6303157894749,9934.0,0.0
163481,6282.08,42314.0,145.26188253338458,0.0,0.0
163598,7482.49,48992.0,145.26188253338458,37686.17,8450.0
163608,4896.26,0.0,145.26188253338458,41619.88,6742.0
163615,6057.07,27681.0,145.26188253338458,21305.74,15266.3
163639,2203.59,0.0,18.86942151410126,34036.65,23644.7
163645,4834.71,38713.0,145.26188253338458,36038.84,15042.3
163723,10598.54,20179.0,145.26188253338458,0.0,0.0
163757,2756.54,42336.0,145.26188253338458,38774.31,0.0
163776,7832.57,34644.0,145.26188253338458,27190.8,10892.7
163970,2489.66,0.0,145.26188253338458,26660.37,12600.8
164013,6991.61,66346.0,46.90280143260438,50740.92,3778.0
164017,10529.01,12688.0,211.27944814619343,15705.14,30450.8
164034,8257.67,23815.0,145.26188253338458,27924.74,0.0
164064,3141.33,24019.0,145.26188253338458,0.0,0.0
164094,2957.76,83318.0,33.12516952532908,25133.23,11938.0
164192,16887.8,53262.0,178.84912452415583,17603.2,0.0
164211,3801.28,40513.0,145.26188253338458,0.0,0.0
164224,8324.23,0.0,951.5640306921398,6025.0,3030.0
164226,4768.96,51144.0,145.26188253338458,43388.81,9380.3
164298,2568.84,11167.0,145.26188253338458,21395.43,0.0
164313,7390.9,30449.0,45.088909948487554,41641.43,0.0
164363,8200.27,24814.0,145.26188253338458,36686.72,8700.1
164374,13094.61,88249.0,68.0990294227022,34765.64,23481.9
164388,7444.81,56047.0,145.26188253338458,42059.44,9750.1
164429,4169.36,35457.0,145.26188253338458,48033.87,24536.8
164500,2585.94,21603.0,951.4799395161303,4630.0,0.0
164512,8400.79,20870.0,47.15072023922719,33070.77,6853.3
164559,4978.95,28695.0,344.84188804554094,5427.0,0.0
164657,2305.24,0.0,12.702305925641149,48225.75,7107.9
164743,2494.87,45855.0,13.01093522733443,37191.33,3124.0
164794,2967.67,35205.0,239.5046174823117,13063.0,0.0
164947,21283.64,0.0,145.26188253338458,41870.77,19310.7
164973,3268.32,0.0,25.728697752663592,35245.91,11691.7
164983,29006.67,40252.0,145.26188253338458,31168.96,0.0
165019,2354.32,26184.0,145.26188253338458,38177.45,13513.9
165022,5475.34,88251.0,1147.244029850749,6157.0,0.0
165056,5251.97,41991.0,145.26188253338458,36001.76,16420.3
165138,4516.81,0.0,31.816194335890383,41054.91,5791.2
165188,21923.12,81197.0,214.2917267728345,42805.22,25199.7
165224,2574.02,34990.0,357.6297898797146,6829.68,0.0
165260,4799.62,0.0,145.26188253338458,25054.59,33229.0
165265,5316.61,21299.0,41.23066863553309,34765.45,0.0
165339,4371.19,56718.0,210.6713490316902,11020.0,0.0
165443,2167.33,0.0,26.612956346803397,31443.11,3562.0
165484,4210.1,21885.0,145.26188253338458,30218.69,4470.7
165550,11431.73,28657.0,145.26188253338458,52631.19,13307.6
165554,5597.12,37995.0,94.56286759941004,24581.79,0.0
165596,4344.52,48054.0,20.261064849044462,55151.67,25893.1
165742,13552.78,0.0,82.09716538046636,33548.88,9137.1
165759,8341.93,30344.0,46.67118003663426,31670.63,0.0
165827,8520.15,0.0,145.26188253338458,24428.45,8313.0
165893,10302.9,21839.0,145.26188253338458,45394.24,8960.4
165900,9294.55,21370.0,145.26188253338458,54363.75,16223.7
166011,2629.32,0.0,102.70781250000012,13652.0,0.0
166037,5016.14,49367.0,145.26188253338458,44723.17,0.0
166110,7887.96,76590.0,145.26188253338458,0.0,0.0
166175,10391.78,81439.0,187.87084806878863,35837.12,9557.0
166239,9011.76,63885.0,145.26188253338458,33519.13,25240.5
166273,18704.85,64929.0,1250.1105194091815,11367.0,7432.0
166333,5207.64,21952.0,145.26188253338458,34072.89,3170.0
166475,5015.01,48567.0,145.26188253338458,30506.53,14627.4
166535,7645.86,0.0,145.26188253338458,35546.51,2265.0
166537,8708.02,0.0,145.26188253338458,32348.01,0.0
166577,5162.12,0.0,145.26188253338458,53587.73,34453.6
166677,10208.93,35482.0,247.85439180350411,19641.37,6442.9
166693,2803.92,23220.0,145.26188253338458,27694.52,0.0
166705,9057.94,91025.0,145.26188253338458,36684.09,26630.3
166712,4334.06,23904.0,145.26188253338458,35916.32,3912.0
166825,14195.36,86355.0,663.0572798471173,10273.97,4513.0
166829,5643.72,33317.0,101.79266484819736,17886.0,0.0
166846,18948.35,0.0,80.45446904790988,39573.98,15941.0
166865,2552.04,75740.0,145.26188253338458,23477.84,11229.8
166911,4605.87,47481.0,145.26188253338458,39632.65,20006.9
166938,5207.2,21576.0,63.046041574524565,29378.03,14444.4
166953,3939.01,60021.0,50.17934699148406,24195.17,0.0
166955,4826.83,18779.0,42.55031485781082,29868.47,3419.0
166966,27945.89,0.0,568.2738186322393,34724.020000000004,10288.5
167001,2430.8,0.0,155.81230353160186,21341.15,6737.4
167016,8013.9,65636.0,145.26188253338458,18821.34,3783.0
167026,8807.49,26864.0,145.26188253338458,47953.52,8411.3
167062,2582.41,76731.0,145.26188253338458,31631.08,0.0
167177,5717.22,52391.0,277.57186751795723,11287.0,9255.0
167219,4300.9,88590.0,145.26188253338458,0.0,0.0
167257,22721.47,21724.0,145.26188253338458,40410.39,9169.0
167335,9264.33,69063.0,145.26188253338458,39015.35,12876.3
167363,4268.62,43209.0,145.26188253338458,35594.22,4856.4
167465,2568.84,11167.0,54.090721689133325,24457.17,11552.8
167491,29874.74,52651.0,145.26188253338458,0.0,0.0
167515,2590.84,0.0,145.26188253338458,47950.83,20958.7
167569,2677.5,71684.0,145.26188253338458,0.0,0.0
167575,8083.54,0.0,281.9336563085275,19688.87,0.0
167578,16301.97,19614.0,145.26188253338458,30956.4,18081.8
167587,2129.06,0.0,145.26188253338458,38457.27,12079.7
167660,5344.99,22908.0,145.26188253338458,37330.29,19153.9
167670,4946.96,46239.0,145.26188253338458,0.0,0.0
167795,5107.07,70174.0,32.016626227766245,39794.73,14077.4
167879,14472.58,22012.0,4960.086103286386,6680.0,4950.0
167933,7689.71,0.0,145.26188253338458,44106.49,0.0
168026,8024.9,0.0,145.26188253338458,35493.82,4658.8
168123,6361.85,0.0,475.8350922131148,15120.0,0.0
168160,9050.76,63800.0,198.91899996387167,32745.49,23455.6
168290,38445.86,27398.0,200.5154403429389,42242.72,17335.9
168302,5293.37,38521.0,1278.958550308917,5330.0,0.0
168316,2730.2,46135.0,145.26188253338458,57120.96,2378.0
168349,5971.31,52018.0,145.26188253338458,30593.03,14937.8
168385,8613.46,26680.0,145.26188253338458,33915.03,8023.7
168418,5112.1,15131.0,84.20251475640649,32528.22,2323.0
168641,5018.89,74423.0,145.26188253338458,0.0,0.0
168727,4526.95,92921.0,15021.243181818212,587.0,0.0
168843,2590.32,53304.0,145.26188253338458,42132.19,8997.0
168887,6418.25,46648.0,104.37883828520089,42306.13,13688.9
169054,3008.97,0.0,145.26188253338458,45616.77,8773.0
169129,6481.38,0.0,29.35626163353437,47552.1,2896.0
169131,8236.92,0.0,3590.536385350324,3100.0,0.0
169137,2718.38,30009.0,20.992446847599112,37811.92,25104.6
169247,32021.4,31433.0,7905.716314935066,33081.51,11479.2
169253,5075.42,0.0,1073.5145644195488,6185.0,3617.0
169270,7290.07,0.0,145.26188253338458,0.0,0.0
169302,9052.95,10211.0,257.6071372885321,14915.0,6264.0
169393,2491.26,25965.0,145.26188253338458,45723.31,20561.4
169418,3173.03,0.0,200.04996833256584,17897.0,0.0
169525,5481.5,70795.0,145.26188253338458,48685.5,6001.0
169529,10359.02,84583.0,1297.5436856554577,8624.0,0.0
169603,8641.53,78904.0,1038.9191205533602,6519.0,0.0
169661,5611.93,0.0,145.26188253338458,39984.62,7487.0
169665,10676.59,55510.0,145.26188253338458,43225.53,8941.0
169697,5701.28,41154.0,145.26188253338458,38229.09,14193.4
169699,8021.07,54292.0,432.3484183944712,8654.76,11515.9
169857,3861.49,93272.0,145.26188253338458,31603.1,0.0
169865,2229.36,0.0,145.26188253338458,0.0,0.0
169932,4961.57,20951.0,145.26188253338458,46632.89,13760.9
169948,2215.91,0.0,9.090614802465204,36038.82,4590.0
170027,6245.58,39608.0,29.62362514077796,44138.71,9619.7
170079,3362.67,0.0,145.26188253338458,47606.29,13400.7
170091,9810.41,0.0,108509.0803030327,2333.0,0.0
170152,23187.15,58466.0,9956.835,4335.0,6031.0
170211,8544.41,28224.0,145.26188253338458,35978.8,4922.0
170232,15320.37,81955.0,145.26188253338458,1655.26,0.0
170311,5718.28,46133.0,145.26188253338458,34139.18,11208.1
170321,5568.98,53997.0,145.26188253338458,31352.07,17708.0
170368,2899.92,66524.0,73.71822170632618,41373.43,19145.3
170404,6301.1,47622.0,38.02512466161702,46247.73,14674.7
170443,7664.81,0.0,137.5934567028918,41543.2,17009.1
170531,2960.03,0.0,145.26188253338458,41269.57,0.0
170534,14628.5,63936.0,145.26188253338458,0.0,0.0
170544,5163.23,35577.0,105.46166996832643,29874.65,8129.0
170566,9165.72,53792.0,142.95897454889382,33667.04,3437.0
170585,4118.59,69379.0,145.26188253338458,35777.66,6013.5
170655,7627.43,60479.0,145.26188253338458,0.0,0.0
170656,6802.07,47451.0,145.26188253338458,47519.54,19518.7
170710,8286.96,40001.0,145.26188253338458,48980.81,22132.7
170791,8263.48,0.0,145.26188253338458,40706.99,5394.0
170799,7983.43,36014.0,61.75929901827803,32987.76,4899.0
170801,8709.32,0.0,800.9326782564892,9239.0,10961.0
170903,5295.74,50200.0,145.26188253338458,6439.46,0.0
170965,9061.63,0.0,52.5465166465077,44764.97,37106.8
170982,24127.5,14072.0,145.26188253338458,0.0,0.0
171027,5525.47,64816.0,145.26188253338458,0.0,0.0
171042,2530.71,89451.0,145.26188253338458,0.0,0.0
171047,7923.14,0.0,145.26188253338458,33557.38,28897.6
171137,5548.03,67798.0,145.4450154420743,15328.0,0.0
171192,11960.48,52436.0,489.0743205395353,19662.37,0.0
171257,5431.37,49345.0,55.11204452071934,40037.23,18308.5
171264,5152.82,0.0,145.26188253338458,44605.87,8549.0
171350,32643.08,77915.0,145.26188253338458,47651.05,7449.9
171419,7714.62,0.0,58.99625734702544,32084.72,0.0
171582,5903.61,55393.0,441.9051002830079,10254.4,0.0
171638,19231.77,99772.0,482.5028388196559,27932.74,3370.0
171691,8586.53,0.0,755.5649590163939,9777.0,4550.0
171788,10090.41,97238.0,494.2296900161038,11705.0,6630.0
171883,5498.66,33191.0,145.26188253338458,44046.23,24214.9
171902,5807.66,62447.0,358.9892970245052,15334.4,0.0
171906,2602.65,41958.0,145.26188253338458,37100.55,16860.3
171908,5813.24,42795.0,715.8679487179493,3735.0,0.0
171937,10394.36,22601.0,51.019482912109055,40845.67,0.0
172059,7249.07,37751.0,145.26188253338458,31423.18,11831.9
172135,5479.56,56005.0,145.26188253338458,25236.99,9201.7
172162,2467.13,23845.0,837.6766976744187,4596.0,2275.0
172200,2551.23,79751.0,143.7775012866702,11349.0,4602.0
172233,10758.66,19382.0,276.82374379652623,14643.42,14905.9
172259,2491.26,25965.0,36.69413013300622,26768.18,0.0
172284,2538.63,18608.0,8151.905718475091,1796.0,0.0
172345,2760.95,34717.0,44.05520889952336,19308.51,0.0
172348,6189.99,59523.0,81.60167404063206,24955.96,0.0
172444,5677.64,53078.0,43.59532394532122,43357.67,6275.7
172491,13447.37,26708.0,2182.4322143174795,8605.0,0.0
172532,10656.88,72540.0,2381.000530503986,8035.0,0.0
172593,5626.53,46897.0,13920.13183461365,41595.62,23684.1
172610,4458.11,17622.0,98.09562032794793,40707.86,7151.6
172724,2494.87,45855.0,10713.265294117647,955.0,0.0
172731,3528.04,31278.0,145.26188253338458,0.0,0.0
172755,5303.76,0.0,447.42813559322127,12243.0,6479.0
172757,5352.19,97742.0,145.26188253338458,49075.5,39683.7
172971,10628.06,90874.0,735.5407470610554,10434.0,0.0
172983,6846.15,0.0,77.44481572009454,21965.01,0.0
172987,2674.73,56342.0,145.26188253338458,42991.68,32070.1
173092,15503.72,29932.0,104.81637317715132,36527.71,5895.7
173178,5862.8,75121.0,145.26188253338458,0.0,0.0
173212,5141.98,60277.0,145.26188253338458,35246.45,27653.6
173227,3032.82,73782.0,275.9170737786642,10652.0,3549.0
173235,4454.1,0.0,185.90583190394517,12719.0,0.0
173252,4652.91,0.0,145.26188253338458,43621.83,10750.5
173343,4764.86,78757.0,77.24660775172222,40739.83,4438.0
173356,9655.44,0.0,69.70761154647988,40306.41,12268.8
173398,20120.56,32869.0,145.26188253338458,28772.36,2796.0
173416,5107.16,35625.0,145.26188253338458,46202.9,14017.2
173446,58207.13,29295.0,591.8302841187657,30989.4,5891.9
173485,4748.79,0.0,145.26188253338458,51121.24,11035.4
173506,2798.68,88009.0,57.324253647587,39071.88,26084.7
173531,8364.56,72117.0,195.41696607638167,18180.49,9053.5
173548,7666.52,87864.0,145.26188253338458,35898.76,17483.8
173666,5824.22,73976.0,68.6748135744706,23714.75,4364.3
173673,31516.51,0.0,306.6325930500147,25305.18,26699.1
173798,10928.41,74965.0,145.26188253338458,28250.92,9522.5
173834,12379.57,39886.0,2946.875902173913,5764.0,6742.0
173873,2771.05,50071.0,145.26188253338458,46670.42,32944.8
173884,7344.84,64371.0,1374.333526999319,5550.0,0.0
173938,7681.55,90043.0,37.291491358664,44191.49,13898.3
174044,8550.39,21733.0,145.26188253338458,40521.67,12000.4
174343,2946.15,89270.0,145.26188253338458,40932.9,3303.0
174439,5454.89,0.0,145.26188253338458,45787.58,0.0
174666,1904.0,0.0,2227.435897435909,3084.0,0.0
174702,3858.87,0.0,373.20814785373625,8034.0,0.0
174729,4502.21,46402.0,145.26188253338458,41846.17,0.0
174743,3265.16,25820.0,145.26188253338458,21606.8,15881.6
174803,6826.8,0.0,120.30465038431332,21093.43,0.0
174896,4016.54,0.0,145.26188253338458,0.0,0.0
174923,2799.47,78127.0,145.26188253338458,39167.13,4250.0
174925,14666.23,0.0,145.26188253338458,0.0,0.0
174996,4488.13,0.0,145.26188253338458,40246.34,0.0
175017,17349.03,0.0,144.29960919400534,38632.18,11564.4
175104,3933.81,25927.0,145.26188253338458,41420.37,3417.0
175169,20635.08,84106.0,169.39995201859293,25026.91,0.0
175191,7255.58,39786.0,145.26188253338458,0.0,0.0
175249,5494.87,89205.0,145.26188253338458,55978.11,28872.2
175285,2480.05,93383.0,145.26188253338458,43156.43,7531.6
175320,18572.01,51294.0,117.30536275146014,34764.37,4845.0
175342,2452.98,79898.0,145.26188253338458,28897.1,0.0
175360,11269.23,65448.0,145.26188253338458,32840.37,16714.0
175387,9587.33,39266.0,265.9908368805109,15625.91,4375.0
175488,14208.51,0.0,145.26188253338458,31572.58,8575.0
175528,41787.9,46587.0,145.26188253338458,37865.56,14125.0
175584,9035.67,34337.0,145.26188253338458,33424.12,0.0
175711,8456.96,25141.0,145.26188253338458,30090.11,4559.0
175804,8879.79,52583.0,116.27139782246064,38070.02,10285.0
175814,2725.36,36650.0,145.26188253338458,49709.63,0.0
175832,6599.08,36060.0,145.26188253338458,0.0,0.0
175902,5403.55,27430.0,441.8225246415777,8120.0,7987.0
175954,22940.38,52993.0,145.26188253338458,50859.23,5318.1
175967,3906.67,60230.0,71.63052574999497,28355.06,5137.6
176115,2659.34,24495.0,145.26188253338458,40110.54,11384.3
176142,13268.79,32762.0,882.9196068303364,6166.0,0.0
176166,5205.91,0.0,24.53630836575876,33214.45,21177.4
176278,3244.82,68103.0,145.26188253338458,22884.34,17728.9
176284,3289.55,0.0,33.45087619100686,35127.7,14772.7
176359,4297.19,66331.0,25.70560064026047,29879.36,21259.1
176379,2467.62,19352.0,260.81504826254826,12042.0,3778.0
176480,5936.01,0.0,92.02021847247651,35863.58,14727.0
176521,11196.02,75457.0,628.055425204919,12299.0,14230.0
176599,4117.37,0.0,145.26188253338458,40127.68,14040.2
176611,4911.12,33700.0,157.28339036588585,16449.0,5036.0
176688,7298.58,74069.0,145.26188253338458,42152.64,3908.0
176848,2805.1,26004.0,1387.346205962065,3930.0,0.0
176885,4361.37,79583.0,145.26188253338458,0.0,0.0
177029,2981.55,80590.0,137.72610208816707,12866.0,0.0
177146,7413.39,0.0,145.26188253338458,44095.6,18417.5
177199,8906.99,58718.0,145.26188253338458,0.0,0.0
177345,5604.33,20252.0,671.195597725036,6856.0,6896.0
177457,7583.19,24133.0,145.26188253338458,48189.99,0.0
177483,8007.4,0.0,55.90155499875678,44530.86,9013.0
177518,3545.41,0.0,145.26188253338458,46884.71,16192.3
177583,11658.6,19851.0,764.5784871533821,7629.0,3200.0
177598,2491.26,25965.0,145.26188253338458,48499.9,18153.2
177677,6366.23,44368.0,145.26188253338458,0.0,0.0
177700,9048.98,0.0,68.64891317451146,31599.18,0.0
177713,3124.93,81285.0,70.37551622722226,34588.75,22807.9
177814,8678.51,62366.0,6335.3123000000005,923.0,0.0
177962,13891.68,70725.0,145.26188253338458,39700.52,0.0
177993,2859.41,51790.0,13.312106112366523,33764.09,15703.2
178036,4443.74,46384.0,145.26188253338458,41233.19,4399.0
178077,7896.71,0.0,145.26188253338458,47075.32,14386.8
178157,7457.24,0.0,145.26188253338458,9211.28,0.0
178160,5697.18,27048.0,145.26188253338458,46213.63,33877.6
178331,5595.39,74454.0,145.26188253338458,34866.79,7258.0
178335,6364.9,41986.0,145.26188253338458,22479.71,5409.0
178403,5479.56,56005.0,142.8218713105077,32019.19,16402.0
178409,8714.92,0.0,169.3577924013971,56224.64,15143.0
178459,16138.42,79041.0,145.26188253338458,0.0,0.0
178461,6033.22,0.0,145.26188253338458,26643.53,0.0
178540,8697.79,26287.0,145.26188253338458,44118.86,24010.8
178565,2548.51,43731.0,1096.0795168892437,5918.0,4462.0
178643,6521.37,72608.0,135.2443210227273,28464.52,9282.0
178720,10677.25,45732.0,145.26188253338458,37790.08,6604.0
178864,12101.21,0.0,145.26188253338458,37669.53,3535.0
179042,9546.82,15406.0,60.92816331954542,40812.94,4268.0
179053,8263.48,0.0,882.9538056206098,11853.0,0.0
179075,5647.15,54834.0,145.26188253338458,34638.63,0.0
179153,22754.66,51437.0,145.26188253338458,42987.34,22624.0
179489,4758.19,72805.0,2948.62368421054,3709.0,5531.0
179585,5392.5,80550.0,145.26188253338458,33350.31,25353.6
179590,7019.18,26806.0,145.26188253338458,32563.07,9112.0
179603,12255.12,0.0,145.26188253338458,55770.25,19362.3
179707,17497.52,0.0,45618.53428571457,433.0,0.0
179719,5085.02,0.0,145.26188253338458,25907.67,6266.2
179773,5715.31,84183.0,208.52540483806493,29317.52,22494.1
179870,66025.75,33481.0,906.32634391618,23150.86,0.0
179944,8609.16,79090.0,145.26188253338458,37150.41,6122.0
179956,3834.74,41341.0,111.7241459131546,14510.0,0.0
180009,6613.97,0.0,145.26188253338458,39211.82,16463.0
180024,7284.45,44605.0,964.7402939042112,8164.0,0.0
180137,9591.23,54538.0,1168.6209914320702,9971.0,0.0
180140,7842.38,51001.0,145.26188253338458,35588.5,15685.4
180207,7522.9,55916.0,145.26188253338458,18798.81,5345.0
180216,6689.02,56980.0,145.26188253338458,33652.9,8323.0
180219,5162.12,0.0,79.436873747495,19473.28,0.0
180231,12036.62,44428.0,4338.413067807773,4370.0,0.0
180321,6269.14,0.0,170.16197183098606,18925.24,3573.0
180380,5383.67,89092.0,145.26188253338458,40697.29,15248.8
180411,4108.26,0.0,145.26188253338458,35790.56,12142.4
180484,2231.79,0.0,145.26188253338458,0.0,0.0
180488,22029.15,0.0,134.68340611353713,34018.08,15204.7
180832,2725.36,36650.0,104.25248904818804,20788.61,8664.0
180922,9268.67,57052.0,145.26188253338458,37625.24,9419.0
180925,9028.82,65974.0,145.26188253338458,49778.69,5969.0
180977,2347.05,31617.0,145.26188253338458,36092.55,32113.0
181033,19069.5,0.0,2843.287377450988,7420.0,0.0
181082,3498.77,58484.0,145.26188253338458,76429.22,19469.3
181139,8002.31,0.0,145.26188253338458,33238.02,15431.8
181140,2656.99,57117.0,66.03127595833051,34060.31,6910.0
181184,34611.38,20090.0,145.26188253338458,61128.9,4383.0
181377,2853.37,65099.0,145.26188253338458,25627.56,18024.6
181423,2227.07,27972.0,145.26188253338458,38139.2,3212.0
181434,3837.36,23051.0,145.26188253338458,0.0,0.0
181498,6762.08,40372.0,145.26188253338458,0.0,0.0
181607,9657.58,0.0,2864.314761646807,691.0,0.0
181726,4974.87,48139.0,145.26188253338458,53001.79,24999.4
181728,4466.1,0.0,145.26188253338458,42011.24,8351.0
181770,16979.8,35095.0,145.26188253338458,0.0,0.0
181825,4428.03,58577.0,145.26188253338458,40903.31,11390.3
181830,3054.54,0.0,16.10188068306548,44553.66,16106.3
181852,6993.38,0.0,40.52318358106832,45826.69,8725.1
182058,4196.69,0.0,22.42843522348024,45849.95,11857.9
182124,5232.33,0.0,145.26188253338458,45039.62,4613.2
182130,5527.99,0.0,145.26188253338458,31311.11,0.0
182148,13265.51,99617.0,139.76579658632673,24787.16,8743.0
182159,2416.48,0.0,65.71609942182751,22756.63,0.0
182184,4276.92,18768.0,145.26188253338458,53340.41,3901.0
182205,7399.03,0.0,598.7243459946809,4377.0,4367.0
182235,14031.7,58092.0,127.66711286599568,29710.04,17478.3
182272,5107.16,35625.0,145.26188253338458,34088.34,16356.6
182320,4506.66,0.0,145.26188253338458,25880.23,5755.1
182459,6438.97,90035.0,145.26188253338458,28184.94,3963.0
182490,7769.84,74365.0,145.26188253338458,51833.05,21648.6
182519,2907.9,51020.0,145.26188253338458,24226.9,8854.0
182531,9672.7,0.0,145.26188253338458,24723.34,0.0
182534,5791.01,33799.0,145.26188253338458,56300.56,17715.7
182543,15023.6,28262.0,109.72143520297094,46300.73,17662.6
182587,5156.07,0.0,145.26188253338458,29709.73,16131.0
182749,5140.11,0.0,145.26188253338458,35578.91,21285.2
182782,8139.53,86876.0,43.35526857272946,37161.71,0.0
182785,10426.09,52342.0,145.26188253338458,21350.31,4229.0
183020,5313.47,0.0,145.26188253338458,40599.46,36379.5
183023,8513.59,59230.0,3284.8418076110006,4068.0,0.0
183025,5531.72,50097.0,145.26188253338458,41481.99,8365.0
183052,3267.71,28729.0,17.8748036747295,43554.78,17550.3
183096,6874.33,22093.0,145.26188253338458,48597.87,28260.2
183129,32021.4,31433.0,145.26188253338458,43834.5,31983.4
183208,10575.95,0.0,145.26188253338458,54044.65,43079.3
183224,6756.06,46879.0,145.26188253338458,49112.16,3186.0
183235,20237.15,55270.0,145.26188253338458,30636.05,21667.3
183305,8300.71,17034.0,145.26188253338458,36655.19,9232.8
183339,2628.47,99961.0,145.26188253338458,0.0,0.0
183374,4983.46,60415.0,49.57130619467741,30049.52,11052.3
183388,24096.24,0.0,1231.5346140920817,10337.06,3535.0
183456,10436.57,24177.0,775.3082869742204,14752.0,10161.0
183523,5773.52,81676.0,145.26188253338458,40320.1,3372.0
183626,5789.85,77221.0,76.84710000000001,35008.25,5382.0
183692,14854.2,37899.0,1723.3893833439329,8176.0,0.0
183716,4931.26,0.0,145.26188253338458,41017.32,4336.0
183748,9547.71,34919.0,145.26188253338458,45959.5,23000.3
183754,6274.56,0.0,52.69362865590144,30559.86,12703.3
183755,5745.12,30389.0,28.628811087992933,40879.19,5516.0
183885,3735.84,0.0,145.26188253338458,0.0,0.0
183948,23777.81,33032.0,145.26188253338458,36824.25,9255.0
184009,3768.09,43412.0,145.26188253338458,29365.63,4007.0
184035,7143.04,59789.0,145.26188253338458,22432.3,0.0
184045,7649.28,52705.0,168.25146236420903,36410.29,10030.0
184090,2691.38,21959.0,115.56014728025612,16379.75,9889.0
184151,3980.42,98333.0,38.50671704820939,40087.84,12800.1
184206,5792.44,29530.0,145.26188253338458,41925.85,32250.5
184207,7857.3,0.0,145.26188253338458,0.0,0.0
184306,2718.38,30009.0,145.26188253338458,32587.82,31323.5
184456,14789.62,51817.0,145.26188253338458,49244.29,2703.0
184466,6515.03,47259.0,145.26188253338458,33448.8,27267.1
184478,2821.45,0.0,95.52556273576164,11717.08,2199.0
184490,2369.11,0.0,145.26188253338458,0.0,0.0
184496,2620.17,31911.0,145.26188253338458,44817.51,12158.4
184635,4574.52,99316.0,145.26188253338458,38941.88,14962.7
184678,19160.99,22705.0,177.66355435765604,36780.51,0.0
184735,8717.78,83707.0,145.26188253338458,54574.77,0.0
184754,8024.99,38702.0,145.26188253338458,39291.91,13297.2
184755,4650.06,28215.0,184.8880065359477,15425.0,3472.0
184895,2601.81,57231.0,22.85077403577385,32902.43,4382.0
184924,9048.98,0.0,4347.989424722455,34304.98,0.0
184959,21522.95,44695.0,240.1449191556483,26216.05,14944.9
184976,4490.55,0.0,145.26188253338458,47169.48,30744.2
185013,7284.36,67780.0,145.26188253338458,36559.15,17091.3
185101,13197.93,0.0,145.26188253338458,29679.48,0.0
185129,2781.45,56218.0,145.26188253338458,43333.25,8528.3
185153,8414.94,72258.0,49.74013117408907,45830.91,0.0
185285,5433.21,29629.0,139.38945470647775,17314.31,12460.2
185288,4983.46,60415.0,145.26188253338458,0.0,0.0
185496,2621.12,26477.0,37.45522405589589,33656.44,3455.0
185509,5989.77,66839.0,145.26188253338458,48371.15,24102.0
185531,8845.19,45600.0,676.7055167788054,19426.95,0.0
185561,6933.34,0.0,145.26188253338458,35943.84,0.0
185573,10954.38,89892.0,145.26188253338458,32289.31,0.0
185774,14594.45,27627.0,107.01491660282753,39010.52,3848.0
185808,7372.23,74335.0,145.26188253338458,35262.28,8154.0
185815,8658.86,62464.0,145.26188253338458,0.0,0.0
185830,13024.13,0.0,145.26188253338458,39309.98,13691.4
185835,7985.47,99069.0,145.26188253338458,42916.51,8455.4
185857,14947.92,22139.0,145.26188253338458,50045.75,25679.5
185919,2226.59,0.0,145.26188253338458,43829.16,3653.0
186015,3954.34,18375.0,145.26188253338458,31420.35,12508.0
186020,8646.5,64125.0,3088.942448859744,38887.7,8504.0
186146,5219.89,64964.0,1421.8357089552242,1681.0,0.0
186199,2635.51,77350.0,145.26188253338458,39808.55,6212.0
186246,4541.26,0.0,84.74304825364914,18645.96,5133.0
186295,3352.94,55359.0,145.26188253338458,32322.79,3194.0
186469,12663.99,72109.0,8975.449223300971,3023.0,0.0
186539,7019.18,26806.0,145.26188253338458,36580.07,15570.5
186593,9357.74,33060.0,145.26188253338458,37885.27,0.0
186668,5761.32,83392.0,145.26188253338458,31749.27,15530.6
186729,5470.06,54507.0,2133.089636752145,4284.0,0.0
186754,7271.43,20545.0,145.26188253338458,41312.58,21121.0
186807,2939.33,53357.0,145.26188253338458,10103.74,4332.0
186810,2550.66,69230.0,145.26188253338458,28298.37,25139.5
186901,2480.53,29444.0,26.724957347202626,27374.74,0.0
186942,8521.74,37910.0,180.35376283608667,25346.2,5749.4
187010,4692.17,0.0,291.4473963355835,12007.0,0.0
187025,5715.79,69451.0,130.63231270154347,23274.38,9189.0
187041,6021.84,0.0,145.26188253338458,40248.23,8157.0
187077,36860.91,22854.0,145.26188253338458,32468.72,21427.3
187141,7191.83,0.0,527.0062136117248,13538.0,10892.0
187161,3621.69,13457.0,1069.2813174072544,3466.6800000000003,0.0
187175,12564.07,0.0,145.26188253338458,44671.76,0.0
187291,9386.75,42090.0,296.4578826685127,17510.0,5235.0
187318,13024.13,0.0,145.26188253338458,22454.57,20473.3
187390,4644.7,0.0,139.86597640458717,16883.0,6479.0
187435,9378.63,36067.0,145.26188253338458,30762.68,2979.0
187459,7297.69,24672.0,183.23669402271497,23910.9,0.0
187618,2780.85,88704.0,895.3339458982695,3339.0,0.0
187710,7216.1,0.0,54.054995430216415,59212.12,6866.0
187758,8835.16,22373.0,205.34062197544705,37638.09,0.0
187835,14435.67,60880.0,145.26188253338458,0.0,0.0
187838,30591.61,11276.0,372.5588898354852,29559.31,19339.2
187876,34611.38,20090.0,21656.83491428585,3861.0,3966.0
187887,10633.5,80046.0,145.26188253338458,42140.97,0.0
187902,2141.98,0.0,57.82797822453002,13818.53,0.0
187958,12321.84,26887.0,145.26188253338458,0.0,0.0
188006,2477.71,44280.0,145.26188253338458,47745.7,8040.8
188033,3719.25,40968.0,145.26188253338458,50827.38,23257.9
188071,40440.76,0.0,145.26188253338458,45044.05,27753.2
188120,2868.6,40046.0,145.26188253338458,37026.55,25800.1
188136,16705.1,74900.0,145.26188253338458,43388.47,5239.0
188147,2471.15,65176.0,13.464191066562906,39799.46,14725.0
188218,15700.28,0.0,145.26188253338458,0.0,0.0
188307,3164.49,0.0,145.26188253338458,30874.81,21908.9
188318,2497.91,29465.0,145.26188253338458,31793.42,0.0
188328,7199.65,63328.0,155.14319070512508,28805.28,10438.0
188340,4118.59,69379.0,31.58742045109117,45268.68,18230.9
188470,2674.73,56342.0,145.26188253338458,21888.98,0.0
188542,10640.94,50450.0,145.26188253338458,39067.81,14456.2
188559,12902.09,98478.0,145.26188253338458,48010.38,21729.5
188655,7413.42,52130.0,107.3539122568974,21630.32,3727.0
188668,5278.53,32365.0,92.17074180029854,17766.38,3567.0
188828,2445.84,22732.0,145.26188253338458,48606.93,27090.6
188893,3861.49,93272.0,26.10559806334866,42923.85,7877.9
189139,8090.88,86180.0,145.26188253338458,41656.35,19556.4
189146,4999.35,49414.0,210.00031647997545,18791.35,20588.4
189158,2489.39,31058.0,15.09357786430475,34902.31,13455.8
189197,7918.33,44698.0,145.26188253338458,38644.66,14998.5
189294,3707.28,16476.0,310.6421487603311,9111.0,0.0
189329,8860.65,48736.0,58.70930777148272,35614.44,8540.0
189611,4468.22,0.0,145.26188253338458,38506.06,3561.0
189613,18399.83,0.0,3935.119892578131,8059.0,0.0
189666,5548.03,67798.0,1369.1892832995309,3352.0,2467.0
189707,5039.39,0.0,172.87381109022564,16655.25,10702.0
189775,12786.67,0.0,145.26188253338458,42489.71,16484.4
189817,5396.37,40308.0,145.26188253338458,35781.06,10446.3
189822,10179.72,14290.0,145.26188253338458,43701.24,9629.6
189836,10097.2,68997.0,145.26188253338458,44414.85,13042.0
189854,2931.16,45768.0,1317.5780788177422,4219.0,3831.0
189914,7706.96,0.0,145.26188253338458,48838.5,5620.0
190052,11463.99,45354.0,145.26188253338458,36099.25,3270.0
190149,3849.6,0.0,145.26188253338458,46016.18,9952.3
190227,2533.8,0.0,145.26188253338458,35229.35,0.0
190236,5479.85,38210.0,145.26188253338458,53247.59,8976.0
190256,7053.3,52982.0,145.26188253338458,34734.95,11676.0
190405,15394.87,35822.0,145.26188253338458,14248.18,0.0
190429,20878.41,50555.0,1298.9692585227274,6521.0,0.0
190465,13009.18,0.0,145.26188253338458,34627.14,9553.2
190524,42389.01,82554.0,246.49249226524103,43621.71,5819.0
190529,4784.42,0.0,145.26188253338458,42947.85,14354.5
190561,6988.4,22436.0,145.26188253338458,23624.45,13873.8
190570,2832.51,37124.0,121.14435894932136,14174.62,0.0
190716,4349.31,75648.0,39.58798892781888,17857.99,0.0
190720,2893.81,61809.0,145.26188253338458,42309.48,15426.1
190791,8837.33,62277.0,108.04836445937164,24940.96,12758.5
190827,2537.67,0.0,83.04191769768701,22277.07,0.0
191044,21423.64,0.0,145.26188253338458,2631.6800000000003,0.0
191057,4027.7,27782.0,145.26188253338458,19723.19,6541.7
191065,46770.95,64403.0,252.39805475717367,53579.63,12995.3
191150,4270.03,0.0,403.35428312629415,6075.0,3939.0
191189,2352.37,0.0,145.26188253338458,0.0,0.0
191508,2410.5,41842.0,164.3011204481793,14504.0,7967.0
191537,11885.97,0.0,145.26188253338458,35462.37,21270.5
191558,4455.52,31196.0,159.68821681068357,15050.0,22415.0
191626,28486.07,91871.0,2070.648343733405,10145.0,3819.0
191638,5689.64,83640.0,145.26188253338458,38358.54,3937.0
191656,33451.79,85689.0,1584.6727255029225,14612.0,4302.0
191780,3034.77,17308.0,145.26188253338458,0.0,0.0
191814,30745.96,0.0,314.7609031413613,33987.43,6376.4
191869,9209.41,31365.0,145.26188253338458,38403.72,39744.3
191917,7017.15,0.0,46.91845607954629,47597.51,25480.6
192009,7805.31,21073.0,145.26188253338458,40688.83,0.0
192013,5635.25,19591.0,145.26188253338458,39839.78,25818.2
192096,5112.31,44743.0,6911.085740740809,2432.0,0.0
192098,17086.75,26334.0,317.4709423173184,36513.6,0.0
192115,3142.74,43285.0,145.26188253338458,29655.58,10312.3
192136,12298.69,17101.0,145.26188253338458,34530.79,26748.8
192141,10442.45,0.0,145.26188253338458,49545.67,22579.6
192177,4873.44,18866.0,145.26188253338458,34971.94,4974.0
192250,3034.8,79253.0,145.26188253338458,28758.9,11371.0
192355,9800.34,32245.0,61.01714629790413,33794.1,11377.9
192405,5043.8,35832.0,145.26188253338458,50487.34,5929.0
192543,2287.92,69024.0,145.26188253338458,37881.39,35919.0
192554,7223.69,0.0,145.26188253338458,33386.66,17296.8
192556,6941.87,0.0,33934.5877232145,646.0,0.0
192600,2472.47,63860.0,145.26188253338458,21167.74,8081.0
192651,4777.12,0.0,145.26188253338458,34225.34,13103.9
192685,8246.83,62588.0,145.26188253338458,47962.83,17393.8
192691,3821.82,79189.0,20.0757616751817,32978.25,20194.6
192772,2935.99,73847.0,145.26188253338458,0.0,0.0
192816,6776.35,0.0,445.3843487394963,9006.0,0.0
192898,6674.45,0.0,145.26188253338458,41906.2,23259.8
192994,13171.01,21513.0,145.26188253338458,47645.07,15178.9
193020,7356.01,36812.0,149.3175544033383,38410.54,0.0
193037,7779.59,90969.0,343.6325554659141,13032.0,8038.0
193147,6950.53,0.0,145.26188253338458,30468.23,15113.7
193150,2880.35,81565.0,17.14357055616887,44678.59,12530.3
193212,5816.71,99239.0,46.17865679963286,35657.04,15935.1
193519,33473.35,33190.0,811.386232475976,34718.61,0.0
193564,8819.02,99845.0,145.26188253338458,38097.84,17947.4
193662,3844.57,26262.0,145.26188253338458,94591.99,15627.3
193665,5179.89,35143.0,69.74236974901513,29253.13,3123.0
193722,3624.9,37843.0,29.163409973086825,23994.61,10210.6
193747,8157.93,86811.0,145.26188253338458,44272.59,11898.0
193775,5639.94,73168.0,57.06436927114135,35084.96,12143.6
193781,2272.34,16618.0,145.26188253338458,44799.31,15597.5
193824,2620.6,10237.0,145.26188253338458,25084.59,18102.0
193827,20579.69,0.0,145.26188253338458,39021.43,6224.4
193917,8418.57,0.0,145.26188253338458,33269.56,15084.9
193928,3954.34,18375.0,145.26188253338458,34086.48,18740.5
193946,2562.6,92038.0,5375.568965517294,1022.0,0.0
193953,6784.89,0.0,145.26188253338458,31162.08,19180.5
194009,9027.87,99002.0,145.26188253338458,26247.34,0.0
194065,2888.85,65412.0,145.26188253338458,0.0,0.0
194200,5427.48,74561.0,145.26188253338458,40359.32,24051.9
194254,5680.28,82255.0,145.26188253338458,27431.24,8356.2
194297,14014.72,54193.0,145.26188253338458,42549.87,3248.0
194394,2476.48,47918.0,145.26188253338458,41888.96,5890.0
194480,19338.53,22784.0,2674.7114247821205,8829.0,0.0
194482,12157.33,57449.0,119.7381892313422,32950.92,29992.9
194493,19253.03,39895.0,100.38840908549795,43829.46,5464.0
194571,2317.28,0.0,145.26188253338458,39806.01,12036.0
194640,2220.19,0.0,145.26188253338458,28996.66,5375.1
194657,3330.67,45944.0,301.5364737494838,11675.0,0.0
194694,7227.12,40153.0,145.26188253338458,37501.64,17248.2
194709,9217.13,73259.0,145.26188253338458,30632.25,4044.0
194722,23331.83,44719.0,143.09019603779848,51251.28,10957.3
194737,11638.9,25370.0,267.92597272092775,20635.46,0.0
194758,2725.19,81605.0,35.62807722385726,25167.97,6564.0
194762,11160.08,33232.0,145.26188253338458,0.0,0.0
194786,19363.53,49945.0,77.61095792483664,38053.86,12396.2
194813,4355.7,0.0,114.44628009934132,20053.78,8004.7
194855,3857.95,0.0,43.51784101011497,24816.95,15771.9
194859,3440.36,23870.0,407.2642378378384,7949.0,2693.0
194886,15558.44,62922.0,145.26188253338458,36106.45,15289.3
194959,4590.81,28354.0,145.26188253338458,29070.05,0.0
195069,3572.49,56768.0,5494.208637640495,614.0,0.0
195131,2453.57,29735.0,145.26188253338458,0.0,0.0
195137,2453.57,29735.0,28.65280752084979,32035.57,5817.0
195150,3576.71,24959.0,51.34497909622816,48209.76,9757.4
195368,5352.19,97742.0,23.91663912068324,42779.64,4848.8
195419,3785.75,26318.0,145.26188253338458,40478.67,0.0
195594,3985.4,77739.0,145.26188253338458,46302.39,6980.6
195684,9332.49,58007.0,504.4713703904829,12907.0,10810.0
195806,8581.64,66466.0,145.26188253338458,56570.05,9517.0
195848,5592.16,71811.0,145.26188253338458,44944.67,0.0
195895,3038.83,75180.0,85.29343981175312,24919.67,4816.0
195960,13742.54,90343.0,145.26188253338458,55978.7,4050.0
195977,2388.95,0.0,30.65035180118693,35082.4,2725.0
195994,6366.23,44368.0,102.71138721084424,45456.74,15003.5
196016,3713.8,93308.0,145.26188253338458,34419.0,10291.0
196096,35203.57,56343.0,26676.75373702429,5057.0,0.0
196202,7443.83,89285.0,104.37507250942149,24380.97,13071.0
196240,13117.52,84311.0,145.26188253338458,36277.01,8192.8
196367,3095.18,88246.0,145.26188253338458,35781.21,15703.4
196442,3733.03,21542.0,145.26188253338458,49073.81,6666.0
196467,3763.64,93595.0,50.22620639224888,34060.16,10870.0
196469,3398.05,0.0,145.26188253338458,46564.36,5373.0
196514,7289.3,60875.0,145.26188253338458,36461.9,9296.0
196582,5619.69,0.0,145.26188253338458,33214.69,5958.0
196583,2779.85,38893.0,145.26188253338458,52260.32,4239.0
196757,25626.71,14278.0,145.26188253338458,0.0,0.0
196777,2294.3,0.0,49.21991908545012,28315.68,0.0
196779,5363.53,43879.0,45.96573817900065,39203.26,11366.0
196798,4307.42,73345.0,145.26188253338458,39325.79,10043.4
196812,2147.66,0.0,2101.0343071562597,38699.07,0.0
196845,7757.92,49682.0,145.26188253338458,42913.28,19067.7
196892,5809.26,26975.0,145.26188253338458,31029.47,0.0
196905,7153.67,59522.0,145.26188253338458,39569.62,10037.0
196992,14510.75,60120.0,145.26188253338458,42165.04,11683.0
197062,5710.33,51148.0,857.3716371863451,7325.0,2439.0
197063,7329.78,59630.0,145.26188253338458,0.0,0.0
197067,2511.94,17658.0,145.26188253338458,36307.68,5491.0
197086,20467.72,89025.0,191.5385313542636,37501.56,4475.0
197096,6519.29,38795.0,145.26188253338458,31928.34,20689.4
197113,5297.15,23908.0,145.26188253338458,39487.03,0.0
197138,5625.31,97095.0,145.26188253338458,55484.57,12755.2
197192,6656.2,39834.0,42.61147267641997,33724.27,24070.6
197239,3575.04,30244.0,145.26188253338458,0.0,0.0
197320,3792.13,97212.0,145.26188253338458,46615.13,46426.2
197491,5346.92,10511.0,145.26188253338458,0.0,0.0
197509,6807.27,32787.0,145.26188253338458,38828.62,7826.1
197514,3798.32,0.0,145.26188253338458,26271.79,0.0
197529,4699.03,0.0,145.26188253338458,0.0,0.0
197578,5517.2,60596.0,145.26188253338458,38375.9,19741.5
197608,3063.11,0.0,145.26188253338458,37058.08,9504.0
197642,2470.44,18661.0,145.26188253338458,41027.88,7585.0
197855,5470.06,54507.0,2944.7963126843765,3522.0,0.0
197890,16922.13,93836.0,145.26188253338458,39332.4,10144.8
197973,6326.68,0.0,397.6874052812863,4040.0,4434.0
198010,13372.33,0.0,145.26188253338458,48025.47,22356.9
198075,8906.51,0.0,145.26188253338458,39848.59,0.0
198123,8491.47,0.0,145.26188253338458,44500.13,10569.7
198147,11880.97,0.0,111.2058597008904,38005.97,0.0
198167,5595.39,74454.0,145.26188253338458,49270.72,22689.8
198354,8622.84,97361.0,145.26188253338458,0.0,0.0
198407,4718.56,15680.0,145.26188253338458,0.0,0.0
198424,4863.54,0.0,145.26188253338458,31039.56,17212.1
198456,5979.72,57693.0,145.26188253338458,0.0,0.0
198485,2355.28,0.0,566.7703059071732,36975.9,9590.0
198499,8874.55,84731.0,25.366480287243583,66780.53,38335.9
198570,4688.46,27357.0,1019.0281262405736,4874.0,4371.0
198625,3785.75,26318.0,145.26188253338458,35649.24,6995.8
198645,3223.33,70277.0,145.26188253338458,33322.46,10092.9
198713,10064.61,20440.0,70.05529002320189,25831.48,3567.0
198785,2582.86,50148.0,7989.355084745938,2086.0,0.0
198813,3265.16,25820.0,145.26188253338458,20798.7,0.0
198836,8586.8,38676.0,145.26188253338458,48676.79,7626.6
198900,2574.2,43846.0,15.578707388247786,35759.770000000004,7647.5
198961,8962.8,97924.0,104.46153846153852,28269.2,5324.0
199021,3530.01,0.0,161.00035612535615,19579.67,0.0
199073,3288.83,17860.0,24.566109689962143,49789.63,3471.0
199342,4966.85,0.0,145.26188253338458,38745.97,16824.5
199358,7216.1,0.0,1774.8493935309994,4459.0,0.0
199374,9103.7,0.0,164.98761171797426,43668.55,10035.4
199405,3075.59,65017.0,145.26188253338458,34643.72,19177.9
199478,17114.33,70961.0,145.26188253338458,35386.57,21774.0
199493,5527.99,0.0,145.26188253338458,0.0,0.0
199494,6005.85,13528.0,39616.90210843461,539.0,0.0
199507,12981.53,39843.0,116.10646637065793,35853.12,13398.0
199509,3096.51,21604.0,145.26188253338458,35703.59,22579.6
199513,5746.15,61990.0,145.26188253338458,34119.26,21169.8
199603,12052.98,25419.0,94.93962585278692,33234.66,16325.0
199652,10629.34,56598.0,145.26188253338458,53332.08,0.0
199792,5104.35,77025.0,760.6509594447485,6854.0,0.0
199809,2243.47,0.0,145.26188253338458,35800.69,8703.4
199810,8593.87,91276.0,145.26188253338458,25098.26,0.0
199959,4628.28,0.0,267.25552918841987,7222.0,0.0
200012,2161.69,0.0,25.13726490734351,35282.38,2818.0
200065,8346.98,48259.0,145.26188253338458,27699.78,10518.9
200067,2759.98,92296.0,145.26188253338458,49881.67,7746.3
200077,4759.66,0.0,116.38064114187216,13614.44,3970.0
200168,15253.26,51937.0,145.26188253338458,35103.73,6924.0
200309,7743.92,96961.0,145.26188253338458,46364.6,26447.2
200321,8396.61,47593.0,145.26188253338458,46431.76,16353.3
200326,4727.83,0.0,54.26597327044028,34632.22,17654.8
200519,13448.81,43720.0,37.4666127047804,99814.63,26396.0
200552,13576.14,94153.0,71.79958009493505,38165.23,2414.0
200663,5917.47,0.0,949.3962857142858,10742.0,0.0
200681,9951.71,56855.0,145.26188253338458,50250.74,8251.7
200708,14862.76,0.0,89.01423705155752,39632.26,2795.0
200744,2521.68,41247.0,18.455978857339176,39111.28,7139.0
200764,7857.36,85067.0,8673.194758064528,823.0,0.0
200802,8561.56,37759.0,138.44450646819067,28277.88,22903.2
200863,8432.52,87728.0,60.42424008428604,26468.3,12699.6
200877,2826.31,65090.0,13.48636007094393,34521.05,8013.9
200960,5470.18,24910.0,145.26188253338458,48161.38,25294.7
200991,2464.71,31056.0,145.26188253338458,51289.73,19791.6
201055,2628.66,83838.0,35102.22804878125,1310.0,3889.0
201115,6941.87,0.0,111.79849907709053,36646.27,18764.9
201220,4892.62,43199.0,145.26188253338458,50297.86,18949.2
201256,5635.4,70837.0,145.26188253338458,21539.13,18468.0
201273,12516.92,12607.0,617.8060581473969,15642.0,8928.0
201276,3560.63,76769.0,39.58440630850517,32098.44,0.0
201292,5387.41,97316.0,23.002920395391005,42859.3,8340.0
201339,5332.46,68931.0,145.26188253338458,40142.34,17374.0
201343,14019.83,31739.0,145.26188253338458,28274.49,0.0
201355,2410.11,16258.0,145.26188253338458,31587.65,9393.0
201365,9124.6,99368.0,145.26188253338458,44244.25,9037.5
201436,18929.33,72196.0,1781.687369452545,9447.88,0.0
201475,9705.31,79157.0,985.8362198515788,9909.0,0.0
201550,2517.53,0.0,145.26188253338458,0.0,0.0
201561,8632.78,96200.0,352.216574820313,12673.2,4931.0
201564,4744.97,20698.0,145.26188253338458,33921.94,9729.9
201574,3893.31,26605.0,145.26188253338458,0.0,0.0
201683,6837.93,51859.0,145.26188253338458,34604.82,4394.0
201709,7591.11,0.0,145.26188253338458,39694.87,0.0
201816,2833.98,94812.0,145.26188253338458,62700.94,16412.5
201891,7623.58,69900.0,145.26188253338458,44350.49,0.0
201898,9591.03,0.0,638.3875759067788,16140.61,0.0
202035,4685.5,77678.0,9923.834622824006,3198.0,0.0
202052,5039.87,35984.0,36.40501225009996,39049.87,0.0
202055,17497.52,0.0,145.26188253338458,41623.11,27578.2
202108,2409.0,0.0,145.26188253338458,0.0,0.0
202156,2444.62,0.0,18.55946100539757,40605.85,3235.0
202182,11228.29,0.0,145.26188253338458,36175.46,45199.1
202218,2506.36,0.0,143.8247667959335,13135.0,8981.0
202227,4918.92,29256.0,145.26188253338458,0.0,0.0
202248,10864.27,95579.0,51.94780951441074,31664.77,14829.8
202271,7679.68,12677.0,145.26188253338458,0.0,0.0
202293,5633.53,90289.0,145.26188253338458,42351.0,2512.0
202299,4373.36,25676.0,40.74305943730205,45083.71,4494.0
202329,9521.22,27769.0,818.6679151943463,14601.0,4499.0
202358,3543.23,35695.0,145.26188253338458,37689.55,9230.2
202585,5088.69,0.0,36.48463283679818,42843.59,19906.2
202696,4428.04,0.0,145.26188253338458,40520.85,6718.4
202716,2337.36,0.0,145.26188253338458,28234.23,6280.0
202761,4654.95,0.0,145.26188253338458,0.0,0.0
202784,3059.43,0.0,145.26188253338458,47108.16,10500.0
202807,5301.84,20269.0,145.26188253338458,47350.64,7125.0
202831,4334.21,0.0,145.26188253338458,53766.76,18625.7
202859,5595.39,74454.0,145.26188253338458,32974.07,3299.0
202864,5470.06,54507.0,34.267009886987886,31787.15,10349.3
203033,8717.05,83846.0,37.87397554602826,50106.81,4605.0
203084,2464.71,31056.0,19.95744639157114,19850.39,0.0
203133,2600.27,51978.0,145.26188253338458,38699.28,4309.2
203143,5323.27,55289.0,145.26188253338458,22927.74,13294.3
203184,4633.55,29105.0,145.26188253338458,38686.58,9984.5
203245,13406.92,25048.0,145.26188253338458,0.0,0.0
203258,5061.76,0.0,145.26188253338458,0.0,0.0
203293,3209.66,78494.0,145.26188253338458,33717.81,0.0
203306,5321.11,67431.0,416.9611743237443,11250.0,7788.0
203409,5800.17,25472.0,145.26188253338458,40890.37,0.0
203517,5112.57,56587.0,145.26188253338458,0.0,0.0
203550,4426.1,29660.0,145.26188253338458,41745.7,16396.0
203577,2227.07,27972.0,145.26188253338458,33040.09,0.0
203607,2910.32,12048.0,115.08849404117022,19505.0,10106.0
203625,13752.47,0.0,145.26188253338458,27693.76,17321.9
203696,6259.51,37813.0,145.26188253338458,37480.25,3246.0
203698,8110.33,11489.0,145.26188253338458,49233.85,6492.3
203745,2750.88,93102.0,20.21161374131238,44804.78,16892.9
203772,25807.06,71210.0,145.26188253338458,51729.02,0.0
203773,2695.96,25544.0,316.61048906048944,6839.0,2785.0
203809,4165.35,17161.0,145.26188253338458,0.0,0.0
203815,8650.0,0.0,914.985799571089,13248.58,0.0
203864,5266.42,93348.0,145.26188253338458,28997.09,21508.0
203947,4772.94,20993.0,514.7306669555629,17918.260000000002,0.0
203950,3497.48,63189.0,104.702946097569,27421.3,7057.0
203973,2771.05,50071.0,69.41889155799595,17412.31,5363.0
204000,13334.27,47950.0,296.68017177794457,17596.58,0.0
204042,5067.64,61067.0,145.26188253338458,31282.43,0.0
204111,2188.66,0.0,432.5649231102464,10031.18,16417.9
204220,15063.5,19132.0,145.26188253338458,44216.27,14837.9
204237,4595.04,0.0,76.65960947784119,23096.59,8223.2
204311,5551.59,46043.0,2539.261090225576,2010.0,0.0
204343,2478.83,81721.0,145.26188253338458,26210.1,13183.8
204375,6727.62,39428.0,145.26188253338458,28263.75,0.0
204424,21283.64,0.0,145.26188253338458,33255.07,14088.0
204484,11243.9,66146.0,145.26188253338458,33941.78,3627.0
204507,5437.44,28343.0,145.26188253338458,0.0,0.0
204535,8543.33,0.0,145.26188253338458,0.0,0.0
204686,8044.87,71391.0,145.26188253338458,40454.6,9669.1
204693,4355.7,0.0,145.26188253338458,39155.41,16011.4
204763,5112.1,15131.0,40.33216443117432,36688.52,6666.0
204840,16681.33,55907.0,145.26188253338458,0.0,0.0
204848,2682.91,0.0,145.26188253338458,0.0,0.0
204926,5893.37,86498.0,537.5818588494033,15523.99,10254.3
204935,8031.71,40082.0,145.26188253338458,37846.03,6076.2
204994,6382.58,0.0,145.26188253338458,43909.46,10749.6
205087,3187.35,0.0,145.26188253338458,28126.12,17759.3
205111,8092.88,50825.0,145.26188253338458,40123.45,5791.2
205156,11084.61,25542.0,145.26188253338458,31720.16,4665.0
205170,5113.87,94415.0,30.41391106693607,44822.88,9175.0
205195,6770.31,74422.0,145.26188253338458,0.0,0.0
205197,8130.65,61036.0,145.26188253338458,41290.28,8348.6
205256,5123.2,22338.0,145.26188253338458,36506.69,17932.2
205367,4598.24,51523.0,82.02795589615265,22388.32,4892.5
205371,5539.35,80727.0,36.64883997882852,38037.82,9853.0
205413,8193.75,12780.0,182.77101972719277,41221.93,13031.0
205430,2599.31,29590.0,24.202758928571438,41687.1,4837.0
205445,4905.32,46177.0,33.78172953737999,26630.73,3326.0
205465,5217.51,39854.0,585.306162278456,7477.0,8927.0
205505,3618.43,0.0,145.26188253338458,44954.63,14787.6
205658,9559.34,40672.0,145.26188253338458,38092.06,10159.3
205671,13770.98,59207.0,145.26188253338458,46817.34,0.0
205697,22658.54,23665.0,256.4404554329166,27128.11,11413.8
205698,5087.02,22726.0,145.26188253338458,28499.39,28549.9
205785,3873.65,28142.0,25.081908831908837,39200.78,19419.9
205826,22754.66,51437.0,12527.075263951769,4334.0,0.0
206050,27495.42,37931.0,1582.8633187704056,9190.43,0.0
206108,9129.87,70973.0,145.26188253338458,38296.78,4268.0
206119,4224.83,0.0,145.26188253338458,39115.08,9901.8
206207,10307.65,78358.0,145.26188253338458,28297.81,7771.0
206284,6784.89,0.0,192.96282141187476,44899.78,4315.0
206328,4974.8,75644.0,145.26188253338458,32824.57,6216.8
206332,6189.12,0.0,145.26188253338458,0.0,0.0
206366,6317.37,13792.0,145.26188253338458,44747.98,13220.2
206466,8564.77,95697.0,482.0398726337269,33933.91,17491.4
206576,4904.89,12902.0,145.26188253338458,0.0,0.0
206591,4260.77,47746.0,23.274463776878505,48111.02,13450.0
206680,6265.34,0.0,145.26188253338458,48535.84,11098.6
206772,2523.17,0.0,19.30799079211181,34836.55,0.0
206773,3677.78,32314.0,29.74099831619994,38229.43,3792.0
206871,3962.83,0.0,145.26188253338458,43478.25,40470.1
206890,6981.08,34835.0,145.26188253338458,38587.93,0.0
206914,2483.64,50632.0,145.26188253338458,45770.73,14911.2
206925,28432.0,17130.0,145.26188253338458,26739.12,10876.2
206947,3871.07,0.0,57.008349875730325,34695.32,0.0
206992,5107.16,35625.0,33.90721193810493,27308.45,19442.7
207001,13372.02,88706.0,145.26188253338458,52916.69,11669.8
207047,4518.78,19186.0,883.582875,3073.0,3177.0
207110,3136.43,49532.0,37.75068095181568,31130.15,10416.5
207195,5461.55,39626.0,40.174102524485775,32489.03,19608.5
207220,6661.74,0.0,45.02676011999556,49428.74,9095.3
207372,4383.15,84491.0,144.5212059620596,18706.0,0.0
207453,2842.27,69417.0,16.43706349659037,53497.13,18513.0
207484,8496.06,24031.0,145.26188253338458,0.0,0.0
207492,8936.37,18141.0,145.26188253338458,24354.56,3023.0
207500,11726.19,40564.0,53.66172705616851,40666.56,16459.7
207543,22951.89,62396.0,301.5774603353646,25299.55,13796.0
207576,6862.51,54780.0,145.26188253338458,48434.04,14717.3
207821,2342.01,19581.0,145.26188253338458,27944.62,2911.0
207860,6919.02,0.0,414.05444887118216,14029.24,3530.0
207865,3600.93,25147.0,29.32536613772669,53278.48,13285.2
208234,7281.25,0.0,145.26188253338458,37098.62,2551.0
208241,3576.71,24959.0,1216.68140726934,4473.0,3829.0
208256,2938.08,0.0,145.26188253338458,31143.24,0.0
208323,2523.96,16244.0,145.26188253338458,36820.26,24788.7
208329,7317.01,24083.0,145.26188253338458,50957.43,23184.0
208368,5838.9,81082.0,462.7674797336432,16265.0,0.0
208375,6832.13,50472.0,429.9530086206897,5739.0,9497.0
208485,2580.85,46900.0,145.26188253338458,78402.89,0.0
208517,12362.09,0.0,224.27594339622647,42978.9,14507.2
208553,8954.43,34614.0,145.26188253338458,21778.66,0.0
208584,9238.31,0.0,145.26188253338458,38741.01,11330.1
208585,3761.79,0.0,145.26188253338458,0.0,0.0
208586,2454.36,74624.0,98.48740105540904,14029.0,0.0
208630,5229.99,18129.0,145.26188253338458,0.0,0.0
208634,5385.85,29664.0,46.90201087950629,25339.46,2692.0
208649,3491.74,0.0,145.26188253338458,33994.05,4721.5
208668,7013.44,92107.0,7110.848888888915,3971.0,4425.0
208787,9388.98,33599.0,145.26188253338458,41182.29,6884.2
208940,10808.07,31063.0,145.26188253338458,41443.75,13814.9
208961,17793.61,0.0,295.51305192559704,34231.65,13242.8
208967,8534.79,47325.0,145.26188253338458,46273.92,19253.7
209021,5143.65,58443.0,72.92282848501483,31818.89,0.0
209022,8052.24,78617.0,145.26188253338458,36805.91,0.0
209058,2359.42,19864.0,145.26188253338458,28204.61,16157.2
209102,16373.73,64396.0,145.26188253338458,41801.97,6049.6
209107,10049.29,58194.0,145.26188253338458,0.0,0.0
209134,3781.45,57647.0,240.9197503927388,6716.0,5402.0
209172,5504.14,0.0,145.26188253338458,34135.87,20330.1
209249,11315.2,11885.0,145.26188253338458,27782.89,16285.0
209357,4759.62,26747.0,145.26188253338458,50442.34,8038.0
209405,7869.43,40036.0,145.26188253338458,29237.06,13070.1
209675,5046.89,29957.0,145.26188253338458,38116.52,15815.0
209729,2248.45,24910.0,10.493341644291014,38027.58,7876.4
209787,15814.75,0.0,145.26188253338458,44491.78,3297.0
209831,7663.51,34837.0,145.26188253338458,44641.01,8196.6
209846,16236.48,0.0,145.26188253338458,0.0,0.0
209850,7873.71,22355.0,1391.721138014528,9970.0,0.0
209886,8742.06,71592.0,145.26188253338458,44973.76,2875.0
209994,14741.76,0.0,145.26188253338458,31412.56,4731.0
210100,27789.69,33806.0,11522.041101855411,5496.0,0.0
210148,4383.75,0.0,609.0704778460148,2288.59,0.0
210205,8692.64,97768.0,145.26188253338458,25869.43,0.0
210226,10852.96,67696.0,69.22377282656184,38830.86,0.0
210236,9159.01,96331.0,145.26188253338458,47361.91,16131.0
210247,5054.78,79297.0,163.97912259807686,18713.53,0.0
210291,40132.01,98710.0,919.3613035837576,18680.05,14298.0
210298,7494.09,0.0,38.91270775738207,52626.43,26178.2
210339,5775.52,0.0,145.26188253338458,49546.55,22483.0
210385,3209.66,78494.0,51.23171616988526,37202.5,24650.5
210416,3402.39,0.0,145.26188253338458,44295.58,0.0
210442,5762.47,66156.0,696.0733204633215,11060.0,0.0
210485,2796.8,77362.0,145.26188253338458,0.0,0.0
210498,9934.87,56379.0,145.26188253338458,44546.26,9232.4
210630,4922.17,0.0,145.26188253338458,54989.25,18547.4
210647,2913.32,20075.0,145.26188253338458,49320.4,12876.3
210725,25253.1,44096.0,145.26188253338458,40061.28,0.0
210734,8512.13,61725.0,50.8299105097834,34351.71,23130.2
210746,4869.28,44934.0,145.26188253338458,0.0,0.0
210752,4637.03,97017.0,145.26188253338458,34756.41,5553.7
210755,21423.64,0.0,140.47909959758556,44645.23,2995.0
210761,11084.61,25542.0,510.843768939394,9126.0,3383.0
210770,5482.55,79325.0,145.26188253338458,35472.38,0.0
210815,27580.55,0.0,890.7763215332802,20874.34,3475.0
210835,2446.91,29152.0,145.26188253338458,43549.94,15504.3
210870,8385.25,0.0,312.01168788802494,12950.12,9364.2
210910,7974.39,0.0,33.59327488721077,42345.75,0.0
211030,12298.69,17101.0,339.8328362163598,23550.3,7819.0
211043,4566.12,0.0,145.26188253338458,42113.1,0.0
211058,14718.12,56263.0,99.4233825072595,51755.6,5329.0
211083,4916.48,0.0,145.26188253338458,34292.56,11966.6
211217,3857.77,0.0,145.26188253338458,24339.46,0.0
211475,2764.8,31591.0,104.99204095009225,11641.16,0.0
211524,6803.6,43758.0,215.67778356783052,15970.0,11488.0
211549,2199.62,0.0,145.26188253338458,39255.87,4679.0
211575,5331.82,0.0,122.23056422066374,29841.77,3235.0
211589,6279.82,50562.0,43.21053091294807,36650.82,11537.1
211625,8471.29,70624.0,145.26188253338458,39299.39,16955.6
211714,4236.84,14476.0,145.26188253338458,49145.86,34130.0
211715,3903.47,60068.0,838.16370891835,6602.5,0.0
211802,22235.01,80355.0,653.9357528470139,21518.0,4073.0
211842,7405.42,22044.0,54.2124450951684,39314.12,11895.9
211891,2498.96,76792.0,145.26188253338458,28965.6,0.0
211966,12332.52,85789.0,145.26188253338458,29492.29,3765.0
211984,5556.91,29120.0,164.67168725237616,14387.32,4587.0
212128,3130.68,42056.0,79.10884088438844,38010.73,12433.6
212130,5106.78,29894.0,145.26188253338458,46238.46,13225.4
212189,2517.53,0.0,16.240406673618352,37703.36,7400.5
212209,12731.95,40870.0,145.26188253338458,41629.67,12171.5
212230,6102.31,42800.0,145.26188253338458,52139.01,10236.8
212301,32861.26,49889.0,145.26188253338458,20400.65,9737.5
212304,5217.51,39854.0,145.26188253338458,23066.7,4601.0
212350,17254.04,0.0,145.26188253338458,35104.93,0.0
212477,2433.09,0.0,54.44989883507056,24099.59,8310.7
212484,8427.17,46503.0,363.0828703521543,12940.0,3821.0
212493,8105.87,0.0,145.26188253338458,0.0,0.0
212544,2300.69,25905.0,49.74980597766524,22124.35,11050.0
212553,13727.8,0.0,15890.001057082483,2582.0,0.0
212579,7388.73,0.0,8653.111604278092,1324.0,4935.0
212602,14191.6,25575.0,1199.6141732283472,9814.0,0.0
212604,4882.07,0.0,30.1699097589056,47963.21,18388.2
212695,5871.61,0.0,14130.577912087912,2708.0,4420.0
212707,9696.55,86830.0,145.26188253338458,49297.4,16534.6
212735,2582.41,76731.0,145.26188253338458,37414.82,15052.2
212762,7292.4,0.0,145.26188253338458,28196.92,24397.7
212848,9234.28,0.0,1587.368383045526,7186.0,0.0
212849,2533.8,0.0,145.26188253338458,30261.27,6063.0
212862,8329.29,30865.0,145.26188253338458,36375.12,22545.2
212977,7340.5,50165.0,2178.8689346706483,6224.0,9270.0
213013,24061.11,19168.0,167.5551976174487,50030.04,27363.8
213086,2861.72,90083.0,145.26188253338458,28488.43,5761.0
213112,3721.06,71333.0,81.4656337909897,18542.3,9716.6
213113,3660.77,64495.0,145.26188253338458,55771.19,0.0
213177,7247.31,0.0,145.26188253338458,46456.37,13428.8
213246,2496.48,0.0,59.60173726485439,27459.36,0.0
213297,8434.12,27694.0,145.26188253338458,50356.92,3593.0
213303,7638.44,66106.0,145.26188253338458,45787.7,20580.8
213432,7263.6,86732.0,145.26188253338458,31695.15,3965.0
213480,9080.28,68073.0,310.560550974513,24345.0,0.0
213545,10963.96,55687.0,2025.225404858304,6881.0,0.0
213723,3469.84,32714.0,20.50657596469791,38161.98,0.0
213813,3659.18,0.0,145.26188253338458,34862.62,5153.0
213841,12252.6,0.0,145.26188253338458,34374.25,28974.7
213934,10972.07,24164.0,145.26188253338458,34576.93,7023.0
213979,6907.55,42790.0,145.26188253338458,37966.3,15987.9
214020,5140.11,0.0,3544.3453715365254,40814.65,8067.4
214030,8365.68,26630.0,145.26188253338458,37354.08,33442.7
214095,2544.97,91169.0,79.1076824158605,28321.98,11140.0
214123,16229.65,26030.0,3817.7157357680094,1868.15,0.0
214322,2619.34,78618.0,63.86500334001337,19249.78,9912.3
214354,8072.75,30584.0,145.26188253338458,29250.85,26285.3
214504,2690.48,60060.0,145.26188253338458,35209.22,4758.0
214605,2570.16,58498.0,145.26188253338458,33607.13,25257.8
214639,3677.91,31349.0,22.8323111462612,43631.18,19950.0
214661,12285.05,0.0,89.04467051075747,35769.06,13123.8
214878,8715.95,0.0,145.26188253338458,25171.47,17234.9
214995,5258.25,37874.0,145.26188253338458,34997.95,10124.9
215051,4822.44,73769.0,129.46385701676977,16435.29,0.0
215089,3837.49,36794.0,145.26188253338458,48049.32,23337.7
215257,5246.28,28909.0,145.26188253338458,48202.52,16728.9
215260,5331.74,60986.0,126.73345243470408,29608.44,16978.1
215294,5757.44,88997.0,145.26188253338458,0.0,0.0
215314,6277.01,0.0,145.26188253338458,0.0,0.0
215508,4819.18,74730.0,145.26188253338458,73082.73,36649.7
215567,3164.49,0.0,145.26188253338458,29583.47,12380.4
215626,2325.26,0.0,145.26188253338458,42778.9,6632.9
215639,9551.17,57016.0,764.5125109649123,8463.0,0.0
215651,3467.32,0.0,45.53825284080688,29101.46,6297.0
215719,5926.73,23091.0,844.032949668359,11303.0,0.0
215751,3460.67,14262.0,145.26188253338458,0.0,0.0
215840,2392.13,0.0,145.26188253338458,36572.3,18250.7
215869,5812.0,58643.0,145.26188253338458,27927.68,0.0
215952,7019.18,26806.0,145.26188253338458,32219.67,4672.1
215955,8083.54,0.0,240.67967207765747,17424.39,5296.0
216040,9085.2,0.0,145.26188253338458,39285.66,12313.5
216072,11430.59,93210.0,3113.556231343284,3074.0,0.0
216095,15865.17,43946.0,423.8856798817088,35893.18,13370.0
216109,5948.99,88122.0,145.26188253338458,54904.03,9283.4
216139,10883.79,91123.0,145.26188253338458,43823.91,18461.0
216269,3495.89,10275.0,145.26188253338458,40328.23,18887.9
216359,13523.13,10563.0,10428.047429577464,2363.0,0.0
216445,5926.73,23091.0,145.26188253338458,0.0,0.0
216467,4083.56,13483.0,145.26188253338458,39815.62,7339.0
216487,2518.11,86617.0,14.918229818167658,44681.04,4453.0
216500,5341.44,0.0,145.26188253338458,0.0,0.0
216517,8405.75,85355.0,145.26188253338458,34685.07,7256.5
216573,4724.79,23986.0,145.26188253338458,49788.45,0.0
216596,2862.18,74034.0,80.28092676554215,31090.23,4972.0
216652,5387.93,56835.0,507.9014591942157,10615.0,2409.0
216658,2442.2,75449.0,10.839118946588073,52241.47,12380.3
216661,5647.15,54834.0,106.2260229849516,39455.81,4588.0
216666,20370.77,0.0,145.26188253338458,0.0,0.0
216683,9295.41,0.0,52.29685406270809,52204.63,19652.5
216719,7492.06,39815.0,62.30845771522146,24347.7,10642.1
216725,3746.75,41479.0,19.87437582109681,42012.9,7068.0
216762,2575.32,28700.0,145.26188253338458,21977.48,6216.0
216937,5372.35,70286.0,145.26188253338458,0.0,0.0
216946,2776.32,0.0,24.94639848815197,34323.55,23560.0
217051,6893.17,0.0,145.26188253338458,45560.3,24642.8
217054,44795.47,58778.0,145.26188253338458,43968.56,33866.7
217124,13178.43,80237.0,145.26188253338458,47027.81,19627.0
217204,5418.15,57587.0,53.73332968039177,29139.43,11160.6
217235,9212.61,70958.0,145.26188253338458,0.0,0.0
217284,4815.01,25398.0,145.26188253338458,0.0,0.0
217364,2347.05,31617.0,63.47875083670281,20195.0,0.0
217401,14002.38,67627.0,1006.1425355994492,22916.14,0.0
217497,7605.64,55281.0,145.26188253338458,0.0,0.0
217616,5160.25,87050.0,1238.3242932281416,5566.0,0.0
217695,4334.06,23904.0,145.26188253338458,37515.86,16147.6
217754,3887.32,96335.0,145.26188253338458,36215.78,0.0
217761,7610.84,98701.0,145.26188253338458,25959.41,0.0
217772,11692.01,40548.0,355.77428054555185,18001.82,7506.9
217792,4686.47,58089.0,145.26188253338458,45114.49,6695.6
217802,3747.06,0.0,145.26188253338458,26769.53,4684.0
217862,8563.97,91147.0,49.64791138335779,26560.94,8075.0
217967,5227.77,0.0,301.16417380416266,14058.63,0.0
218122,5583.83,32403.0,145.26188253338458,47974.17,8059.8
218127,27643.24,63401.0,1619.8337748238052,10182.39,0.0
218241,18073.94,64620.0,145.26188253338458,54107.47,5874.8
218277,3449.49,25236.0,13.960813204773714,38911.49,17970.2
218278,35227.3,23031.0,457.2598650051922,37340.95,0.0
218311,4151.67,0.0,32.390435866835304,30609.91,0.0
218362,5553.3,68197.0,55.33591318591321,21673.8,0.0
218373,2681.33,0.0,145.26188253338458,0.0,0.0
218383,3757.8,36633.0,145.26188253338458,35192.81,3636.0
218425,4422.41,0.0,145.26188253338458,37184.9,17841.7
218529,4727.35,0.0,71.72019699178118,26489.42,0.0
218538,34611.38,20090.0,629.3103573670212,22899.1,5772.2
218545,5564.74,49833.0,145.26188253338458,31882.79,10419.0
218601,10089.79,63657.0,145.26188253338458,45269.68,5274.0
218757,2551.31,79452.0,102.0524000000001,21060.0,5255.0
218917,14635.45,0.0,137.02761232698208,42517.01,19483.4
219043,4031.54,0.0,145.26188253338458,18725.53,23601.5
219139,58166.55,61321.0,464.4162911517008,25016.63,9132.0
219160,17732.46,42191.0,145.26188253338458,0.0,0.0
219270,25807.06,71210.0,2219.9926703956257,7429.49,0.0
219276,9144.86,21150.0,145.26188253338458,44159.7,5218.0
219413,4723.82,21546.0,37.28707887361306,31642.47,24093.8
219431,3982.27,0.0,57.21246919994647,38472.84,18281.3
219555,16301.97,19614.0,145.26188253338458,35726.75,0.0
219646,2974.31,23333.0,145.26188253338458,0.0,0.0
219714,3539.97,0.0,19.894453494530943,38185.78,13864.0
219747,9955.49,0.0,145.26188253338458,39793.85,15399.8
219779,22563.62,23046.0,145.26188253338458,34515.49,5230.0
219806,9101.52,48029.0,145.26188253338458,0.0,0.0
219984,32437.05,0.0,5472.815061633293,8531.0,0.0
220131,10364.35,58327.0,461.9220664251705,10652.0,0.0
220139,15182.28,53863.0,145.26188253338458,0.0,0.0
220244,4446.74,0.0,145.26188253338458,47428.82,29734.6
220315,4813.28,0.0,297.5689701897021,9269.0,0.0
220358,5126.04,63147.0,62.55134647209268,33011.73,13152.5
220538,2548.39,22050.0,133.75932556801854,8074.0,3258.0
220564,4458.11,17622.0,145.26188253338458,40659.42,5003.0
220601,4692.05,82534.0,145.26188253338458,0.0,0.0
220616,3483.63,42983.0,13.61935688762832,34488.11,17418.4
220794,13248.64,25074.0,145.26188253338458,33580.74,11352.0
220802,6861.28,0.0,145.26188253338458,45459.05,15054.3
220806,3823.85,0.0,145.26188253338458,51932.07,10762.1
220808,4358.76,86001.0,218.2569142125481,9838.0,5803.0
220822,21423.64,0.0,145.26188253338458,45830.11,13439.2
220892,16172.94,64388.0,98.94442097852874,42951.96,12538.6
221014,5266.42,93348.0,4227.807844574789,3804.0,0.0
221075,7713.49,45506.0,145.26188253338458,31649.25,0.0
221204,6969.88,27604.0,145.26188253338458,46327.5,5483.4
221205,25169.19,37282.0,113.7410931174089,46706.28,5806.4
221254,4362.93,58842.0,145.26188253338458,32650.67,27797.0
221287,6277.84,21024.0,41.430919886885526,48705.71,5709.5
221328,3571.83,74931.0,145.26188253338458,38760.14,7586.7
221345,7785.67,20497.0,145.26188253338458,20074.72,0.0
221361,13118.74,11854.0,145.26188253338458,0.0,0.0
221388,4531.37,0.0,145.26188253338458,35362.11,6644.3
221446,9429.63,43811.0,145.26188253338458,32232.05,0.0
221469,8679.84,52717.0,145.26188253338458,28450.09,7849.0
221595,8834.32,34133.0,3370.585505226502,2971.0,0.0
221627,8370.4,77512.0,145.26188253338458,0.0,0.0
221643,8314.31,40447.0,145.26188253338458,41520.28,10982.0
221709,15245.25,30205.0,145.26188253338458,0.0,0.0
221721,12265.6,35693.0,145.26188253338458,43837.6,11071.3
221775,11293.98,0.0,145.26188253338458,50963.29,0.0
221813,2906.3,72211.0,56.70864636197756,31943.72,0.0
221862,2732.61,42968.0,15.549535235282104,36202.99,19399.1
221993,9416.91,70602.0,201.55348200358887,24990.96,3079.0
222065,8079.83,13050.0,145.26188253338458,34290.23,6332.7
222102,10330.44,56480.0,145.26188253338458,46783.69,11067.9
222278,6047.03,20396.0,145.26188253338458,28411.48,19619.2
222280,6466.3,0.0,661.6763386599388,9712.0,2647.0
222425,7221.15,33811.0,145.26188253338458,0.0,0.0
222453,5438.7,52721.0,28.52709615394749,35474.36,9395.5
222490,20314.44,42218.0,145.26188253338458,34785.37,22268.0
222644,10861.52,65727.0,145.26188253338458,0.0,0.0
222702,6556.1,0.0,365.5557224621154,10008.83,0.0
222743,22647.22,27504.0,145.26188253338458,36195.69,7951.5
222748,2674.23,33451.0,145.26188253338458,41292.17,5367.5
222874,8509.85,26057.0,145.26188253338458,55686.84,32360.1
222929,2444.9,48473.0,145.26188253338458,46141.43,8546.2
222960,5207.99,81839.0,145.26188253338458,39994.43,0.0
223018,5757.44,88997.0,16856.675935828913,1613.0,0.0
223081,9915.9,30604.0,145.26188253338458,0.0,0.0
223238,3517.39,51814.0,145.26188253338458,0.0,0.0
223313,9015.92,0.0,424.62074838709714,18183.0,0.0
223354,5405.52,67241.0,29.65765135610461,37459.59,8660.2
223380,7700.62,0.0,22426.007712766143,560.0,0.0
223534,13094.2,37541.0,145.26188253338458,44046.52,3307.0
223587,4013.96,93284.0,68.34338643919159,27897.83,8618.4
223632,7891.58,28422.0,145.26188253338458,44500.88,11528.0
223638,7724.84,32051.0,145.26188253338458,0.0,0.0
223643,5553.36,0.0,1173.6979733642177,7006.0,8763.0
223684,4362.93,58842.0,4399.086878453056,2563.0,0.0
223946,4942.87,82093.0,145.26188253338458,28929.21,3435.0
223958,3435.25,64348.0,41.3462457956869,33815.56,0.0
224000,2938.08,40987.0,15.356742374845709,42919.88,15623.7
224130,2592.93,57563.0,145.26188253338458,47195.04,6102.0
224132,4171.19,37478.0,145.26188253338458,0.0,0.0
224178,32777.3,0.0,145.26188253338458,0.0,0.0
224298,2398.35,14321.0,22.161426007296036,32315.22,12243.9
224384,4528.74,90034.0,145.26188253338458,49907.27,19697.1
224402,4878.95,43358.0,42.649798584101326,29256.47,0.0
224530,3208.92,40135.0,145.26188253338458,0.0,0.0
224607,7724.84,32051.0,18428.539869281227,1307.0,0.0
224661,7444.94,0.0,145.26188253338458,47372.65,4356.0
224664,3113.34,85586.0,145.26188253338458,34917.1,10653.5
224666,5061.18,59216.0,172.830250638525,10044.98,0.0
224676,5682.52,36938.0,145.26188253338458,0.0,0.0
224691,7343.35,0.0,62.42018514205872,20275.53,0.0
224740,3459.04,97162.0,145.26188253338458,47350.49,40898.4
224842,8923.11,0.0,1057.4464772727288,8927.0,0.0
224854,2619.34,78618.0,44.612423200759046,30820.15,2413.0
224924,3615.89,0.0,145.26188253338458,48643.93,0.0
224952,4200.82,20263.0,145.26188253338458,35481.27,5604.0
225067,2298.38,0.0,145.26188253338458,42041.2,11500.7
225077,4636.55,26802.0,145.26188253338458,36886.11,7839.0
225087,8029.39,96869.0,145.26188253338458,44771.53,0.0
225088,4170.34,90310.0,145.26188253338458,41803.01,0.0
225205,10963.96,55687.0,1590.558585055648,4037.0,6786.0
225262,6991.25,19019.0,34.81840726439165,47747.64,0.0
225279,2690.78,48329.0,43.92118079002563,35770.11,2860.0
225318,2739.06,0.0,145.26188253338458,29871.09,3909.0
225327,25807.06,71210.0,145.26188253338458,33934.95,0.0
225363,15363.85,15897.0,145.26188253338458,35914.9,13072.1
225482,5577.54,97868.0,145.26188253338458,43604.21,3906.0
225486,23435.73,42862.0,145.26188253338458,48791.87,7967.0
225529,8161.17,12266.0,145.26188253338458,0.0,0.0
225576,11378.89,34854.0,365.75826706471895,33214.99,0.0
225656,5018.73,0.0,7346.937633689854,2793.0,0.0
225743,5165.81,43461.0,145.26188253338458,0.0,0.0
225746,41143.09,63624.0,145.26188253338458,39268.52,5555.6
225748,5907.15,0.0,145.26188253338458,0.0,0.0
225891,7582.11,64801.0,44.54991065775212,38595.96,24621.6
225920,10425.99,68563.0,74.91739173802543,38306.23,8574.7
225930,2848.56,0.0,63.77581765095566,30854.67,10239.3
225972,2443.67,92834.0,53.82641313968462,26247.36,6476.0
226176,5121.56,0.0,145.26188253338458,0.0,0.0
226191,5811.92,83318.0,47.08149233193512,30689.5,19980.4
226194,26576.32,87002.0,145.26188253338458,39234.25,8607.0
226360,13350.12,28919.0,145.26188253338458,36794.84,14138.5
226387,4482.02,62977.0,304.8993197278912,15684.74,0.0
226422,4626.8,79487.0,145.26188253338458,43763.67,9262.5
226511,4653.09,0.0,145.26188253338458,30717.58,16049.7
226643,2877.81,38870.0,45.03904682274249,26144.72,3430.0
226710,13333.39,75634.0,145.26188253338458,49720.96,15334.2
226842,4080.82,57283.0,18.62789996748402,39065.66,22744.9
226847,5525.84,73435.0,145.26188253338458,0.0,0.0
226866,8223.16,95102.0,163.750176400841,21505.7,7024.3
226924,6269.59,61040.0,540.5670118110237,8345.0,0.0
227008,4665.25,0.0,145.26188253338458,43897.05,27346.7
227015,4341.36,23352.0,145.26188253338458,44183.36,6781.1
227234,5924.67,78387.0,108.35276831345833,30839.22,18686.5
227239,12208.12,21331.0,119.77087988589066,30587.26,11743.0
227274,6622.05,80979.0,1642.0164741847873,2531.0,0.0
227293,10899.3,58518.0,145.26188253338458,50398.69,16781.7
227303,13530.03,75037.0,2087.5557066366096,8780.0,9402.0
227398,16464.37,27760.0,2568.160277777777,4382.0,0.0
227429,2436.01,87462.0,145.26188253338458,44975.28,9264.9
227433,8329.04,0.0,145.26188253338458,0.0,0.0
227547,11177.75,20742.0,69.07727318390226,50372.36,39341.1
227796,10014.03,74489.0,145.26188253338458,47325.28,24948.1
227804,2721.59,97719.0,47.79681620908997,27475.64,25755.7
227808,7109.3,69700.0,439.8126271186441,9521.0,4821.0
227906,5500.01,86073.0,145.26188253338458,24245.26,11388.6
228030,58753.88,24964.0,7399.137274295582,6685.0,0.0
228151,5504.14,0.0,145.26188253338458,27069.04,13871.2
228273,8668.61,21474.0,37.10625156855065,44674.23,33548.0
228469,5261.1,43318.0,145.26188253338458,0.0,0.0
228557,15025.19,35158.0,1968.012326555028,11070.0,0.0
228580,4305.79,31071.0,145.26188253338458,40424.58,31338.6
228673,7341.74,88049.0,145.26188253338458,43117.53,4940.0
228748,2050.62,0.0,145.26188253338458,33185.67,0.0
228772,2584.53,72731.0,145.26188253338458,16338.45,0.0
228820,7159.81,67206.0,270.6843054730767,15915.95,0.0
228896,17441.64,80969.0,145.26188253338458,27142.78,4463.0
228984,4530.53,34640.0,145.26188253338458,41105.11,19656.2
228995,12767.23,0.0,145.26188253338458,29162.04,20632.4
229075,3065.37,22985.0,145.26188253338458,0.0,0.0
229094,5887.18,62773.0,145.26188253338458,35131.82,6279.0
229166,7366.09,30250.0,145.26188253338458,41685.83,40889.4
229204,4652.89,0.0,1408.2129767827555,5534.0,5753.0
229210,6775.92,27354.0,145.26188253338458,31351.4,24211.7
229265,13107.93,49088.0,145.26188253338458,21780.76,9577.5
229308,6376.75,27835.0,145.26188253338458,0.0,0.0
229391,2520.3,56228.0,5475.651785714321,170.0,0.0
229436,7452.94,0.0,83.03929754656163,23445.83,5341.0
229530,14886.71,91193.0,145.26188253338458,38544.4,12850.6
229612,3087.43,67591.0,145.26188253338458,43862.07,26185.2
229621,5554.83,52984.0,55.03095873134209,37027.87,6724.1
229636,6019.93,68658.0,145.26188253338458,0.0,0.0
229677,17816.68,60192.0,92.14370709382156,40869.55,15860.7
229692,4574.0,0.0,282.345679012346,9786.0,0.0
229842,7453.0,12195.0,145.26188253338458,58725.66,15541.1
229861,2386.2,70911.0,145.26188253338458,0.0,0.0
230027,6332.94,50843.0,29.331295030669715,41164.07,35359.0
230070,10083.49,11828.0,1796.2877513503015,10210.17,0.0
230101,8146.27,92777.0,145.26188253338458,40073.81,3653.0
230124,13916.93,52423.0,31100.078265306125,2554.0,0.0
230240,5534.57,16101.0,145.26188253338458,38995.13,16494.7
230311,4781.82,30361.0,145.26188253338458,38207.42,10162.0
230337,5885.34,0.0,256.8532204065365,8441.0,3614.0
230429,5581.76,62739.0,145.26188253338458,55157.77,4390.9
230560,8231.22,0.0,815.5253257328995,7585.0,0.0
230687,7643.07,0.0,571.1607702229596,8411.2,9695.0
230693,14914.53,45963.0,145.26188253338458,39792.23,28978.1
230763,5507.16,74960.0,22.41241421602788,43936.14,19954.7
230840,5293.37,38521.0,59.235006377003565,36443.02,9087.7
230908,3964.15,23474.0,145.26188253338458,54243.84,13301.9
230942,14203.04,55593.0,91.13604016651668,42962.57,11068.4
231013,2886.45,10312.0,145.26188253338458,34252.86,11423.2
231047,5528.21,36088.0,145.26188253338458,40824.64,0.0
231080,36860.73,66216.0,4371.0742202729125,7558.83,5812.1
231084,2857.11,91811.0,16.49405935896118,39193.9,6695.6
231090,6310.4,79880.0,145.26188253338458,48471.15,21717.6
231273,5103.36,39452.0,145.26188253338458,43044.13,17411.8
231319,8879.79,52583.0,145.26188253338458,0.0,0.0
231462,23895.68,0.0,145.26188253338458,37869.0,8748.0
231508,2967.67,35205.0,145.26188253338458,38887.5,6475.0
231530,5689.64,83640.0,145.26188253338458,37813.86,6712.7
231592,10760.18,74835.0,72.51741233209913,37933.75,3106.0
231614,2464.24,72834.0,145.26188253338458,45115.01,9804.4
231641,6408.79,49988.0,145.26188253338458,49360.76,10250.5
231755,9048.98,0.0,145.26188253338458,41474.57,19339.7
231843,4896.27,0.0,36.32582470371104,43960.71,18178.1
231992,19896.42,60420.0,1619.218127090301,11123.0,0.0
232022,8044.87,71391.0,145.26188253338458,27963.42,11358.3
232137,9246.22,40032.0,145.26188253338458,43941.28,8487.3
232203,3470.18,94885.0,48.205749147485136,28116.1,0.0
232290,5318.9,25134.0,145.26188253338458,41914.18,0.0
232317,13156.75,72517.0,145.26188253338458,0.0,0.0
232395,10759.4,0.0,145.26188253338458,39603.94,2209.0
232426,5208.35,0.0,145.26188253338458,0.0,0.0
232450,8312.68,21442.0,145.26188253338458,38488.24,24922.3
232533,36695.91,0.0,12303.12965401106,2788.0,0.0
232555,2919.71,41456.0,145.26188253338458,33044.79,13921.4
232579,10595.81,0.0,1189.7469185808047,9350.0,0.0
232609,4022.96,0.0,145.26188253338458,34217.29,9987.0
232685,14091.19,99823.0,80.71378790850956,44671.75,0.0
232703,3449.49,25236.0,145.26188253338458,56505.91,0.0
232755,4787.81,45225.0,135.478494623656,27160.02,0.0
232871,18929.33,72196.0,95.64873427359518,52006.72,2666.0
232884,17250.75,22276.0,5583.674623115593,4510.0,0.0
232907,6553.94,0.0,333.0810498468399,6393.49,11230.9
232924,11790.5,25251.0,145.26188253338458,28230.06,18388.8
233017,3982.18,38500.0,60.51088657974058,26930.77,10180.2
233051,5096.67,22886.0,145.26188253338458,0.0,0.0
233084,5498.94,22520.0,145.26188253338458,52772.45,33177.6
233437,9918.7,37586.0,445.173073139541,12668.71,0.0
233646,4815.02,0.0,145.26188253338458,31864.61,0.0
233738,6582.45,0.0,145.26188253338458,40863.87,22484.7
233768,5548.03,67798.0,145.26188253338458,31774.93,8506.3
233774,10153.89,0.0,1187.8749519230785,5639.0,9278.0
233819,3871.78,0.0,145.26188253338458,28427.08,16733.3
233831,10881.77,73268.0,145.26188253338458,0.0,0.0
233877,10552.88,77627.0,145.26188253338458,0.0,0.0
233958,8714.92,0.0,145.26188253338458,36951.2,5586.0
233969,11014.16,67575.0,120.28521361699246,27604.61,34331.2
233991,5418.46,43054.0,145.26188253338458,37618.47,13208.8
234047,4786.01,23402.0,145.26188253338458,34859.57,3015.0
234256,7764.27,58419.0,145.26188253338458,37168.52,6583.5
234435,11895.18,88218.0,145.26188253338458,54213.5,0.0
234454,2692.06,92593.0,848.2894100719425,4305.0,0.0
234515,9875.09,29598.0,48.19959985308186,30823.13,4930.5
234562,8332.73,0.0,81.86303569217634,29215.98,4315.0
234588,4636.55,26802.0,145.26188253338458,43750.95,15359.1
234630,2845.52,86631.0,12.126380631693,37256.83,10030.9
234807,21569.34,23909.0,206.35232943783157,37280.36,20407.8
234836,7462.93,70263.0,332.5861734253667,33760.0,12059.3
234866,4558.59,0.0,145.26188253338458,43578.75,24888.0
234878,2644.98,90443.0,145.26188253338458,45719.23,9788.8
234895,2698.05,40154.0,60.10670471191408,23655.01,0.0
234922,8819.02,99845.0,204.36690834751263,16717.63,0.0
234973,5800.77,0.0,145.26188253338458,35153.51,7864.0
235030,8900.42,83761.0,145.26188253338458,0.0,0.0
235063,5509.38,34236.0,145.26188253338458,23860.08,4033.0
235092,8879.79,52583.0,43.5151357362787,43028.42,9349.9
235102,8709.85,41546.0,48.93332322577767,36379.82,7014.8
235220,3288.83,17860.0,145.26188253338458,0.0,0.0
235229,9075.77,37722.0,377.5106609686611,15640.0,5548.0
235391,5246.28,28909.0,145.26188253338458,54387.74,9344.3
235398,3102.79,21235.0,145.26188253338458,33897.57,0.0
235428,3939.01,60021.0,145.26188253338458,40739.79,13527.6
235454,8873.53,53503.0,145.26188253338458,11952.89,4064.1
235459,5598.27,14174.0,145.26188253338458,39211.11,22468.9
235506,7840.17,58414.0,222.0201447723678,17371.6,5359.0
235585,9415.9,0.0,1425.6651686946925,6699.0,0.0
235629,5140.39,26952.0,626.3187993768787,3599.0,0.0
235683,38055.21,0.0,864.4712810714606,19391.97,4018.0
235709,6941.9,0.0,65.15964213280213,21468.63,12204.1
235716,5838.13,55419.0,47.76677991759858,28658.36,9203.6
235857,9470.27,36121.0,145.26188253338458,44593.27,6796.0
235872,4046.94,13330.0,145.26188253338458,27586.01,19207.1
235882,2661.03,35503.0,145.26188253338458,27496.05,5373.0
235885,2727.08,29286.0,145.26188253338458,25853.04,8613.5
235930,3360.44,74918.0,145.26188253338458,33594.54,8109.0
236001,13265.96,34482.0,66.74563444583515,48980.91,27970.3
236003,2719.85,41005.0,145.26188253338458,37562.05,9072.8
236026,16301.97,19614.0,145.26188253338458,54678.64,0.0
236037,5169.5,12430.0,145.26188253338458,0.0,0.0
236093,12883.81,34148.0,140.70358865775907,25138.49,13890.8
236129,2563.39,10860.0,145.26188253338458,41005.96,4377.0
236165,5971.31,52018.0,145.26188253338458,28048.1,13585.4
236300,4384.35,32272.0,145.26188253338458,0.0,0.0
236395,7326.54,62338.0,145.26188253338458,45138.36,0.0
236593,5016.64,0.0,145.26188253338458,33254.2,15521.8
236701,9114.28,85942.0,3186.5059386973303,5914.0,0.0
236710,2937.42,83195.0,145.26188253338458,49166.91,9847.4
236767,2471.53,95697.0,145.26188253338458,33875.97,3138.0
236794,6625.47,0.0,145.26188253338458,0.0,0.0
236874,6314.58,54408.0,145.26188253338458,43709.35,15770.0
237018,3549.02,36168.0,145.26188253338458,40513.94,3776.0
237094,5024.03,91603.0,20.10688774335407,72458.17,4520.0
237105,4624.56,28264.0,123.79794888093004,25903.19,0.0
237106,8738.3,91890.0,145.26188253338458,33009.84,10241.0
237107,24826.89,67572.0,145.26188253338458,0.0,0.0
237274,10759.4,0.0,145.26188253338458,39250.18,12084.8
237293,6109.14,0.0,145.26188253338458,43632.02,14400.1
237303,8660.84,79674.0,80.07169760661809,49386.71,12426.9
237312,14158.61,83235.0,1326.9152644642254,10684.0,4312.0
237319,8270.63,44656.0,670.9890975772406,6798.0,0.0
237402,19957.79,0.0,145.26188253338458,48638.09,16936.1
237434,16985.5,22497.0,128.83695952596852,47271.35,9871.0
237492,2674.73,56342.0,39.74996844518217,26641.18,13738.9
237586,13862.1,96950.0,145.26188253338458,34944.05,12906.7
237651,4386.28,10621.0,28.5286080430515,38586.18,14035.5
237729,2163.87,0.0,11.080889347194748,38836.31,21028.4
237751,3031.4,0.0,767.6648936170236,7676.0,0.0
237770,5555.83,74015.0,40.14367768308738,53485.65,14121.9
237858,2574.02,34990.0,193.0250582112043,13586.0,0.0
237888,12741.85,73054.0,158.52213543146055,29215.21,11185.3
237984,4896.26,0.0,43.27569890910852,34848.68,13744.6
238063,6159.01,97658.0,145.26188253338458,0.0,0.0
238070,10996.71,0.0,145.26188253338458,0.0,0.0
238119,3906.67,60230.0,145.26188253338458,41036.05,5061.0
238156,2502.64,0.0,145.26188253338458,33581.35,15821.1
238193,12383.53,40602.0,145.26188253338458,40700.49,12249.1
238233,4307.42,73345.0,57.86261657478084,37612.33,0.0
238342,2179.43,0.0,210.447605820106,10971.0,0.0
238367,24084.54,65196.0,909.2641884134426,15193.82,9878.0
238434,8292.63,79632.0,145.26188253338458,37318.18,17939.8
238442,11718.42,73903.0,145.26188253338458,47770.55,26562.3
238556,3939.01,60021.0,145.26188253338458,43260.01,6881.8
238607,5838.9,81082.0,145.26188253338458,41231.52,19159.0
238640,3693.44,85871.0,76.12115189158669,24393.71,0.0
238647,4737.84,63977.0,30.16676125394824,26626.87,3830.0
238649,7153.21,32238.0,145.26188253338458,39259.99,0.0
238752,5612.38,0.0,145.26188253338458,39580.26,10719.8
238753,4904.89,12902.0,145.26188253338458,40313.78,14780.1
238796,5272.19,96668.0,93.39552180855456,29182.02,5760.8
238814,2449.58,0.0,145.26188253338458,40001.71,7665.0
238939,5059.33,67371.0,145.26188253338458,18792.53,0.0
239027,4929.55,25632.0,145.26188253338458,38538.79,38478.9
239182,2628.47,99961.0,145.26188253338458,34809.83,10524.8
239184,6877.82,0.0,145.26188253338458,59399.72,0.0
239221,4407.97,66152.0,145.26188253338458,0.0,0.0
239276,7446.81,98235.0,78.50384275465294,43670.19,11577.1
239457,5907.91,87796.0,88.44188737851337,41102.78,3987.0
239476,27789.69,33806.0,145.26188253338458,43037.8,15988.3
239490,3645.46,19121.0,145.26188253338458,40442.83,0.0
239525,8920.46,40867.0,540.9782731501996,6949.0,0.0
239605,18089.8,68568.0,145.26188253338458,36599.4,22372.5
239606,8459.05,92717.0,145.26188253338458,23651.66,6625.3
239749,8007.4,0.0,691.0547761664571,7329.0,0.0
239892,5515.41,0.0,145.26188253338458,41572.8,25377.1
239955,6366.23,44368.0,91.5192575817251,44152.26,8219.4
239956,3049.84,0.0,20.66874246871908,44607.3,13016.6
239970,5146.81,22594.0,145.26188253338458,58470.03,2793.0
240044,2743.55,95782.0,16.34385707306511,47845.95,23828.4
240132,2491.32,36631.0,145.26188253338458,47090.03,17121.1
240135,5246.28,28909.0,311.06111111111125,8352.0,4652.0
240141,7680.75,66795.0,503.0637650732128,15975.7,6473.3
240143,4944.24,40463.0,276.080713921469,15356.0,0.0
240209,20534.39,0.0,145.26188253338458,47119.8,0.0
240299,5564.96,46507.0,145.26188253338458,0.0,0.0
240330,5152.82,0.0,145.26188253338458,24269.48,8324.0
240362,4276.36,36692.0,145.26188253338458,38723.08,12331.0
240365,5380.31,93818.0,791.0095931793791,5896.6900000000005,0.0
240442,3293.25,0.0,145.26188253338458,51959.69,3235.0
240476,4879.44,58580.0,145.26188253338458,43888.02,7757.7
240500,4049.81,42512.0,3185.7341594827635,3837.0,0.0
240760,13115.41,20705.0,71.44716897778139,36935.97,0.0
240761,9438.92,86946.0,145.26188253338458,21606.45,7607.6
240774,2456.82,0.0,2368.1495598591587,1786.0,0.0
240829,2263.28,0.0,145.26188253338458,41273.84,0.0
240861,2824.68,82875.0,145.26188253338458,0.0,0.0
240886,7948.57,63892.0,145.26188253338458,36360.99,19796.5
240942,6968.34,0.0,40.78228180558764,38190.9,0.0
240963,2899.32,33738.0,63.54162046618125,43505.88,17995.0
241038,5244.55,27444.0,145.26188253338458,43372.59,30657.8
241069,5337.35,0.0,145.26188253338458,0.0,0.0
241144,4386.28,10621.0,145.26188253338458,70154.88,8031.0
241165,13297.64,88430.0,145.26188253338458,0.0,0.0
241167,4762.59,57135.0,145.26188253338458,40505.84,4636.0
241374,2632.55,95854.0,145.26188253338458,30975.97,18571.2
241391,6409.63,0.0,145.26188253338458,35071.51,6085.7
241421,2445.84,22732.0,145.26188253338458,27619.5,0.0
241436,5757.44,88997.0,145.26188253338458,33574.12,6912.2
241455,6747.52,26721.0,1912.146583850939,3174.0,0.0
241468,11834.73,0.0,1474.9635044388808,11050.0,4818.0
241495,8287.68,81367.0,107.48089447696836,19400.64,5831.1
241600,5815.05,0.0,145.26188253338458,52905.92,16892.7
241641,8717.05,83846.0,145.26188253338458,37034.18,13252.5
241675,8861.48,58480.0,145.26188253338458,31224.56,3695.0
241677,20171.96,24804.0,145.26188253338458,40015.03,0.0
241714,2345.26,51397.0,145.26188253338458,40126.26,10704.6
241849,8197.71,56788.0,114.69679656235148,24875.35,7892.0
241854,17019.19,98623.0,428.67129588097686,26706.2,0.0
241967,6288.16,0.0,36.315194552036665,38729.12,5021.7
241990,3536.65,31727.0,145.26188253338458,0.0,0.0
242028,2444.9,48473.0,145.26188253338458,25330.22,18405.2
242203,2227.07,27972.0,145.26188253338458,0.0,0.0
242288,2639.98,69819.0,19.42988372093024,25305.24,0.0
242304,12682.25,75203.0,145.26188253338458,40097.69,0.0
242348,5259.71,28447.0,145.26188253338458,38068.07,5354.2
242377,4221.31,0.0,145.26188253338458,0.0,0.0
242387,8438.46,25539.0,860.6663282414324,12509.0,6899.0
242637,9594.78,31421.0,145.26188253338458,0.0,0.0
242719,7227.12,40153.0,145.26188253338458,0.0,0.0
242779,2489.17,47888.0,145.26188253338458,44441.8,18977.0
242789,3962.83,0.0,145.26188253338458,34631.59,9319.0
242812,7083.64,97024.0,145.26188253338458,42482.05,21924.6
242839,7173.91,75217.0,145.26188253338458,0.0,0.0
242917,10827.87,62053.0,145.26188253338458,44880.55,3744.0
242980,8539.83,55478.0,145.26188253338458,0.0,0.0
243001,4254.62,11904.0,145.26188253338458,0.0,0.0
243005,14428.87,0.0,145.26188253338458,30605.52,15129.3
243018,2822.73,0.0,145.26188253338458,33639.46,0.0
243061,3829.09,74775.0,32.54613554506785,34683.7,8464.5
243153,5020.47,67890.0,145.26188253338458,0.0,0.0
243191,2538.63,18608.0,145.26188253338458,43662.66,6347.9
243272,36632.53,70908.0,145.26188253338458,0.0,0.0
243273,30475.78,97298.0,145.26188253338458,0.0,0.0
243294,5827.48,45794.0,221.48874002082616,15881.0,0.0
243444,11537.51,0.0,145.26188253338458,42974.93,8421.0
243455,9597.47,38736.0,98.45873751843308,37494.31,13038.7
243557,3726.73,0.0,145.26188253338458,28977.1,0.0
243642,2331.33,27398.0,145.26188253338458,49427.91,19129.5
243696,13158.37,72845.0,145.26188253338458,49829.91,8065.5
243713,3883.4,0.0,63.710940309241295,38883.94,0.0
243726,5979.72,57693.0,145.26188253338458,0.0,0.0
243734,8635.4,13129.0,260.7263628091656,24679.05,3611.0
243741,7425.85,84302.0,145.26188253338458,63032.19,20923.7
243751,8495.16,23791.0,145.26188253338458,31809.79,7212.4
243965,2393.12,22981.0,369.4440152262797,6344.0,2955.0
244032,4798.24,77846.0,33.3169908591974,35015.91,11618.0
244039,11315.2,11885.0,82.24500362431398,44034.27,24431.8
244099,4863.54,0.0,81.63754552812627,44829.02,12950.6
244132,7927.18,32555.0,145.26188253338458,48372.84,23750.0
244245,10377.37,0.0,145.26188253338458,49915.91,16829.5
244271,15984.53,0.0,145.26188253338458,31367.56,4390.0
244296,2523.96,16244.0,145.26188253338458,34529.49,10983.9
244308,8193.56,54950.0,47.65795393639868,39647.81,4807.0
244367,15550.19,17449.0,72.5681276929437,49475.9,27387.6
244387,4165.4,0.0,145.26188253338458,40142.85,3209.0
244398,17602.51,0.0,100.2780688611072,52306.1,23116.3
244414,8718.06,89096.0,145.26188253338458,43779.79,7038.0
244419,8470.04,0.0,112.69318010605056,39978.34,19970.9
244475,8711.3,92606.0,43.45490679325049,42520.31,7335.9
244527,17788.06,73339.0,145.26188253338458,0.0,0.0
244538,6240.66,0.0,36.9744353213305,41015.6,12815.3
244595,12298.69,17101.0,36397.47445945946,2845.0,0.0
244611,6529.91,44379.0,41.869427316644725,50056.73,13363.7
244652,8558.04,13908.0,145.26188253338458,45094.06,4273.1
244676,5512.34,45971.0,114.37820337903904,18295.75,8707.9
244721,7308.43,31115.0,1616.7133030303064,6115.0,9181.0
244734,8114.41,30595.0,49362.66083333442,226.0,0.0
244762,7412.96,0.0,145.26188253338458,46389.54,17098.0
244844,6062.44,0.0,4655.2396914446135,4038.0,5098.0
244865,5100.74,41186.0,100.66524223199484,24812.21,9960.0
244925,5334.18,72960.0,89.73575325355698,32868.84,0.0
245066,7781.0,0.0,430.70442826812297,15346.0,0.0
245227,6751.78,42433.0,626.3299813622507,11674.0,0.0
245289,2858.29,81893.0,145.26188253338458,42025.56,28663.4
245307,5006.61,0.0,2482.8976222826154,2759.0,3077.0
245356,6113.87,0.0,40.71726334381268,42947.58,23960.9
245419,3288.66,0.0,145.26188253338458,43364.84,10974.4
245440,6679.14,0.0,145.26188253338458,6518.4400000000005,0.0
245465,4319.15,11811.0,145.26188253338458,37676.26,20268.6
245575,4376.36,63774.0,90.8257937590976,17522.68,14268.4
245604,4379.77,47747.0,145.26188253338458,40638.86,25989.3
245671,3358.66,77309.0,145.26188253338458,0.0,0.0
245800,8901.68,0.0,145.26188253338458,45093.86,13672.5
245929,7180.28,0.0,145.26188253338458,25736.19,0.0
246059,8834.32,34133.0,119.0974156685024,22372.2,4446.0
246117,5392.44,75438.0,1258.465856777497,4005.0,0.0
246187,18534.61,16154.0,135.90907931188974,42300.19,23474.5
246273,24138.06,53691.0,145.26188253338458,52983.08,4381.0
246323,8164.31,11193.0,145.26188253338458,46025.18,7482.0
246399,8879.79,52583.0,145.26188253338458,0.0,0.0
246405,2491.26,25965.0,145.26188253338458,43735.06,13942.0
246421,8161.58,73466.0,159.83406779721645,39616.14,14456.9
246517,3683.1,0.0,145.26188253338458,35187.88,5294.0
246571,2496.77,0.0,145.26188253338458,32523.87,9531.9
246581,5737.5,68946.0,145.26188253338458,0.0,0.0
246591,2582.41,76731.0,52.361657469817054,28219.54,0.0
246690,7343.35,0.0,174.28837025316466,28214.04,13927.0
246722,7285.03,44788.0,297.23736748952047,19252.46,4138.0
246734,2336.18,0.0,145.26188253338458,46432.06,10930.7
246736,11944.4,33760.0,406.7952450266863,51281.75,15663.9
246737,4531.68,0.0,24.28560186055253,46049.38,3487.0
246775,5227.23,11896.0,174.4512974544658,18849.35,0.0
246800,3238.0,60244.0,25.94912066277804,31636.07,0.0
246911,5674.38,0.0,2144.046273291928,5346.0,0.0
246935,15769.11,29977.0,145.26188253338458,51074.23,27132.0
247050,8750.64,59047.0,145.26188253338458,27991.29,24606.9
247103,3527.85,59496.0,145.26188253338458,0.0,0.0
247180,9934.87,56379.0,145.26188253338458,47994.78,0.0
247220,2454.58,23158.0,145.26188253338458,45178.71,22799.0
247247,3508.93,0.0,145.26188253338458,26940.08,0.0
247391,12734.21,25023.0,2732.502439741332,4780.0,0.0
247433,38230.21,80321.0,551.3769243231283,29303.91,0.0
247471,4974.8,75644.0,145.26188253338458,43410.99,13206.3
247514,3319.62,69152.0,145.26188253338458,27832.75,3588.0
247551,27443.47,82320.0,145.26188253338458,48844.6,15029.3
247607,3569.86,0.0,24.33301524222856,36826.85,11097.9
247645,16953.08,76797.0,145.26188253338458,28504.65,0.0
247680,2227.07,27972.0,27.244713927569148,19938.73,14816.2
247692,8646.5,64125.0,3260.3021694215,7489.0,0.0
247714,10357.51,68309.0,77.17949966416991,38805.96,7841.3
247721,5096.67,22886.0,145.26188253338458,27677.31,7790.0
247833,2966.94,0.0,1074.3383928571468,2425.0,5025.0
248011,4068.09,0.0,27.496035981094685,36920.87,5658.0
248138,8617.55,48091.0,58.55959648427101,35513.79,19763.4
248196,11009.13,51643.0,767.9418357986473,6763.54,5097.7
248265,22425.26,22537.0,145.26188253338458,26296.68,2891.0
248356,20315.0,63209.0,111.1828758301258,64745.75,11389.3
248433,3123.08,0.0,145.26188253338458,43535.42,4381.4
248445,29874.74,52651.0,12768.477868852477,4109.0,0.0
248461,8689.82,0.0,145.26188253338458,46356.33,0.0
248487,3241.31,66889.0,145.26188253338458,39842.05,8698.0
248497,41143.09,63624.0,145.26188253338458,0.0,0.0
248593,5041.3,36234.0,145.26188253338458,45504.87,4121.0
248620,8296.18,0.0,145.26188253338458,37898.72,14190.4
248664,4954.29,45329.0,145.26188253338458,0.0,0.0
248752,2382.67,0.0,1098.0739267676809,4241.0,0.0
248885,9490.41,0.0,60.48724453565907,46100.97,8268.1
248886,4013.95,56586.0,145.26188253338458,0.0,0.0
248950,3179.47,65742.0,711.094699754903,5260.0,0.0
248952,7263.6,86732.0,145.26188253338458,39639.38,8826.2
249019,7573.34,87615.0,145.26188253338458,57894.88,15973.3
249224,4974.8,75644.0,145.26188253338458,42315.08,8072.0
249270,7486.07,97899.0,414.2534187386298,11075.0,0.0
249352,6013.74,25646.0,145.26188253338458,37050.27,16490.7
249381,5578.52,27756.0,135.21394799054377,49082.63,26720.0
249408,3792.83,0.0,302.5973661202186,8655.0,3551.0
249466,4741.81,0.0,145.26188253338458,30309.33,34187.0
249555,4876.47,0.0,145.26188253338458,46673.41,0.0
249559,3933.81,25927.0,145.26188253338458,47464.01,15512.0
249639,7484.38,51692.0,24391.059821428724,2552.0,0.0
249693,11638.9,25370.0,145.26188253338458,41843.18,4698.0
249723,7887.82,32150.0,145.26188253338458,38588.07,11314.7
249795,5936.34,42889.0,186.3188574868152,19846.0,6271.0
249811,2829.86,25317.0,87.27248070748611,17692.1,4406.0
249813,26570.34,0.0,145.26188253338458,47183.32,31053.6
249833,5297.92,66203.0,607.5850858818613,10719.0,4922.0
249841,8268.27,95419.0,81.43148112337825,34595.21,6446.0
249982,9802.55,84429.0,145.26188253338458,58832.89,21029.2
250089,5405.52,67241.0,145.26188253338458,0.0,0.0
250194,12522.54,44341.0,145.26188253338458,0.0,0.0
250280,8521.74,37910.0,68.43641584158415,40543.13,17304.0
250311,2646.57,23170.0,145.26188253338458,54246.27,16473.2
250315,32069.88,24851.0,145.26188253338458,51526.05,16498.3
250363,2534.95,94003.0,251.77054421768707,7512.0,0.0
250380,4803.78,23634.0,107.28103011539548,17641.6,0.0
250391,7568.85,27558.0,1112.6179017317788,10241.0,0.0
250422,7264.8,12075.0,145.26188253338458,40130.98,18426.2
250540,5871.18,33967.0,6774.438461538496,2607.0,0.0
250586,8827.23,0.0,145.26188253338458,47817.04,21699.9
250609,3244.82,68103.0,1176.1264150943452,6181.0,4792.0
250619,2503.6,47285.0,14.780559446441112,36599.5,3158.0
250696,5325.39,62470.0,145.26188253338458,31591.59,17696.6
250711,3979.39,0.0,145.26188253338458,33152.44,0.0
250854,7308.43,31115.0,41.8484580445032,33857.87,18222.1
250921,19454.41,59853.0,105.11678615468658,52628.27,24816.7
251012,14944.84,0.0,308.0325677349408,21065.95,15542.7
251020,3433.82,85367.0,145.26188253338458,0.0,0.0
251023,4016.54,0.0,145.26188253338458,35656.24,27192.7
251081,2878.77,79189.0,10472.601827242592,758.0,0.0
251095,7082.83,53310.0,42.07523627551346,43430.57,20444.0
251116,4766.65,70432.0,145.26188253338458,148.82999999999998,0.0
251195,13931.35,37695.0,145.26188253338458,53019.25,23720.5
251211,13369.44,50800.0,567.5999069478917,16839.0,6058.0
251223,6652.47,34886.0,154.70630467424294,14229.12,22661.2
251324,4777.12,0.0,145.26188253338458,39397.22,7508.8
251432,7613.05,24982.0,145.26188253338458,37477.37,8173.8
251436,5714.25,0.0,43.530464210579055,34324.89,0.0
251521,7048.38,24030.0,1226.4382806292715,6672.0,0.0
251641,22500.88,0.0,271.13491563920985,26725.82,5874.0
251779,13246.57,36898.0,145.26188253338458,41382.59,9036.4
251874,10442.65,17269.0,145.26188253338458,37023.59,6532.2
251950,23675.03,46268.0,375.0748054394487,25861.97,18140.5
252082,7229.33,60345.0,145.26188253338458,34194.93,9555.7
252135,7350.18,0.0,145.26188253338458,0.0,0.0
252136,14428.87,0.0,145.26188253338458,38389.54,11459.0
252147,5384.02,30514.0,355.32195636451337,9302.0,0.0
252165,5757.44,88997.0,145.26188253338458,0.0,0.0
252271,17497.52,0.0,87.5987984747762,48998.46,0.0
252341,4967.54,28524.0,145.26188253338458,37606.0,4808.9
252419,5029.3,40113.0,145.26188253338458,41072.75,31454.5
252450,6863.12,25352.0,145.98780442793677,39423.61,18075.1
252472,3808.12,94903.0,145.26188253338458,0.0,0.0
252476,3398.01,0.0,41.59330886725722,45345.25,16571.8
252531,8750.71,25806.0,145.26188253338458,0.0,0.0
252563,6568.76,25876.0,535.0028413317074,7007.74,5812.1
252628,8663.36,67763.0,145.26188253338458,0.0,0.0
252679,7693.12,54665.0,265.3552069552072,11433.0,5110.0
252782,7194.23,0.0,145.26188253338458,35890.34,8372.0
252954,19512.0,0.0,110.41468995925658,47659.2,0.0
253046,7218.38,45356.0,145.26188253338458,43283.57,8365.7
253056,5908.75,71401.0,145.26188253338458,0.0,0.0
253082,7737.27,50296.0,145.26188253338458,0.0,0.0
253098,4468.22,0.0,145.26188253338458,50464.01,8707.0
253210,8545.61,35456.0,96.128466732619,32859.29,18880.0
253282,3314.55,63583.0,145.26188253338458,22492.57,0.0
253283,10169.37,0.0,446.4720801090577,10432.67,9302.4
253412,2551.23,79751.0,145.26188253338458,0.0,0.0
253466,12836.01,0.0,556.8602424674634,22864.52,8365.0
253528,8002.31,0.0,165.18986543551546,15953.59,8452.0
253601,6289.95,24477.0,36.3874044813464,51367.99,6921.0
253609,14696.64,45345.0,314.74937511001593,39579.52,21846.2
253619,5800.19,0.0,74.31112126438266,35849.2,2212.0
253635,8016.75,82828.0,145.26188253338458,52621.86,0.0
253689,7756.17,21326.0,145.26188253338458,30028.78,0.0
253825,2305.24,0.0,145.26188253338458,39077.42,11045.0
253852,4746.69,15169.0,145.26188253338458,32483.22,21861.4
254097,10656.88,72540.0,1058.4384217687077,8490.0,4742.0
254161,3167.89,61638.0,145.26188253338458,0.0,0.0
254230,12948.4,30763.0,145.26188253338458,46642.58,12976.8
254361,22207.83,40450.0,145.26188253338458,26388.39,5876.0
254371,5563.77,35398.0,145.26188253338458,44128.82,6339.0
254372,23981.54,84365.0,145.26188253338458,44466.92,11887.0
254428,5867.13,27880.0,455.8327905491704,12703.0,0.0
254546,2442.22,0.0,145.26188253338458,31441.66,6942.6
254567,25830.91,73760.0,2074.886036531693,11047.0,0.0
254575,4572.04,0.0,145.26188253338458,36719.99,18897.5
254579,2552.23,35149.0,145.26188253338458,42509.44,4204.0
254667,8444.84,76352.0,145.26188253338458,52063.71,0.0
254683,5067.64,61067.0,145.26188253338458,47168.96,12165.4
254745,25997.75,62262.0,3234.947301136368,9009.0,0.0
254853,5801.13,48927.0,130.58221932141723,26232.17,3366.0
254860,5528.21,36088.0,145.26188253338458,37455.48,0.0
254940,2426.96,0.0,145.26188253338458,41877.37,24681.0
255019,2417.76,0.0,145.26188253338458,0.0,0.0
255028,17995.87,80991.0,2300.644193947604,8211.97,0.0
255032,4845.0,0.0,243.5243328100472,11399.54,8485.4
255087,14429.89,0.0,145.26188253338458,40171.66,12800.8
255108,5989.77,66839.0,145.26188253338458,26264.12,13535.5
255183,7639.67,34075.0,145.26188253338458,0.0,0.0
255215,10127.77,23053.0,145.26188253338458,41465.53,6982.5
255267,14517.44,74871.0,145.26188253338458,53533.84,0.0
255320,33473.35,33190.0,145.26188253338458,47957.24,18717.8
255333,8044.87,71391.0,145.26188253338458,33911.32,6302.3
255425,11628.73,97830.0,145.26188253338458,44184.41,9720.0
255475,3686.72,0.0,12.73801881851055,74711.32,10403.0
255509,2722.41,58620.0,22.189710614522653,46565.67,15968.0
255546,2063.39,0.0,145.26188253338458,42599.18,12789.9
255623,6969.88,27604.0,145.26188253338458,0.0,0.0
255653,8509.85,26057.0,145.26188253338458,32867.88,12255.0
255718,4792.81,24395.0,145.26188253338458,51757.17,8882.1
255740,5586.89,94161.0,81.24847500846667,17618.6,10356.0
255767,3744.58,0.0,6949.686610169491,804.0,0.0
255818,9350.87,0.0,145.26188253338458,8583.83,0.0
255836,4971.35,98784.0,145.26188253338458,81036.64,19136.0
255951,8078.53,0.0,46.844185193069634,27093.34,4955.0
255994,2661.73,24152.0,280.08786757639865,13536.0,10353.0
256003,13494.76,0.0,145.26188253338458,50038.23,9427.8
256013,3369.71,39754.0,145.26188253338458,28466.99,34412.9
256135,4838.88,0.0,145.26188253338458,38255.49,4260.0
256147,3958.0,0.0,145.26188253338458,48697.08,4864.0
256188,4270.03,0.0,149.6745366368963,14013.0,2851.0
256189,4389.28,26676.0,145.26188253338458,0.0,0.0
256198,5531.72,50097.0,472.9996407933789,9138.0,0.0
256323,4669.23,76157.0,145.26188253338458,39256.73,15377.3
256360,11814.53,41004.0,188.92895728368015,14698.79,8998.0
256434,5373.72,0.0,145.26188253338458,50773.73,10334.5
256467,3312.25,0.0,145.26188253338458,0.0,0.0
256483,8647.14,0.0,145.26188253338458,31195.04,0.0
256486,5797.6,69276.0,65.8117446554416,25959.42,0.0
256502,10255.8,0.0,145.26188253338458,41159.34,8363.0
256544,4538.85,82297.0,208.97450910314103,32600.2,3742.0
256574,8403.91,0.0,74.72416930572477,43663.76,11757.5
256627,11029.93,37056.0,2152.517082516488,4058.0,0.0
256731,7614.14,27293.0,79.83823854708,38267.53,12118.1
256755,5849.32,0.0,1319.8032969297378,4521.0,0.0
256821,5194.65,51883.0,787.1662099887913,9533.15,6695.0
256920,10036.54,0.0,4886.621298354849,2318.0,0.0
256945,5331.82,0.0,145.26188253338458,0.0,0.0
257194,46770.95,64403.0,145.26188253338458,0.0,0.0
257236,13976.52,77094.0,145.26188253338458,51782.29,0.0
257301,4811.18,0.0,145.26188253338458,32065.49,11584.3
257369,4863.47,52728.0,302.29665149175804,14423.88,0.0
257391,4364.31,44804.0,145.26188253338458,36568.95,17430.7
257393,9624.52,25629.0,145.26188253338458,0.0,0.0
257417,13759.15,16794.0,145.26188253338458,45726.13,14044.6
257440,2485.11,76608.0,145.26188253338458,30706.7,16582.8
257463,5339.39,84424.0,781.8652611730746,9470.64,0.0
257506,15114.4,28513.0,145.2144752358491,31368.51,17546.2
257509,4894.99,67436.0,145.26188253338458,0.0,0.0
257575,4582.67,69085.0,43.13896518552335,22785.27,4027.0
257579,2449.32,47122.0,145.26188253338458,40030.24,24188.0
257705,2294.3,0.0,145.26188253338458,36529.95,8004.7
257820,5714.25,0.0,2085.701250000008,2711.0,0.0
257862,14140.56,58988.0,518.8978954423593,14960.0,0.0
257864,8255.76,54040.0,145.26188253338458,0.0,0.0
257880,5389.5,66429.0,145.26188253338458,21547.68,3847.0
257981,3208.92,40135.0,145.26188253338458,47701.9,45904.9
257985,8183.59,24345.0,232.1588822939635,7441.83,11745.9
258067,8630.7,0.0,197.2132456052487,23538.29,3193.0
258088,2446.66,82225.0,21.360747337174782,47166.8,3560.0
258102,3528.04,31278.0,145.26188253338458,32756.05,11467.5
258123,7451.48,26239.0,145.26188253338458,39648.3,11274.7
258141,5367.09,97742.0,2968.16340909092,6381.0,0.0
258166,20864.31,0.0,145.26188253338458,30832.63,5383.0
258184,8382.48,25998.0,145.26188253338458,40935.0,8622.2
258202,8930.14,0.0,46.49876031878875,36703.95,8322.0
258228,7870.36,75740.0,279.66135124610634,20674.7,17438.2
258238,4012.32,47221.0,26.443711216106426,43423.46,14573.0
258248,2639.64,88731.0,145.26188253338458,53438.34,0.0
258296,44856.11,61675.0,145.26188253338458,21395.52,19302.1
258323,8471.42,63513.0,145.26188253338458,31756.01,5622.1
258358,4363.2,0.0,412.22640207075113,3514.1800000000003,0.0
258408,5548.03,67798.0,84.8841799265606,42193.07,31052.0
258799,4699.03,0.0,355.9624939467318,9897.0,5945.0
258849,17253.73,0.0,145.26188253338458,32184.8,21187.3
258860,4282.95,40864.0,145.26188253338458,35275.65,8426.0
258951,2504.44,0.0,145.26188253338458,43026.41,7391.0
259067,8002.31,0.0,184.36562552600572,21634.2,8742.0
259110,12767.23,0.0,145.26188253338458,50117.12,10934.2
259170,4529.11,0.0,1935.743735363,5237.0,0.0
259219,7388.73,0.0,264.7536372025448,12749.21,3934.0
259252,13745.05,40810.0,98.34251200627271,28027.16,5422.6
259342,2668.66,30718.0,29.64546063243753,26793.72,5040.7
259446,21768.7,35124.0,145.26188253338458,41846.71,5286.0
259532,8160.69,0.0,145.26188253338458,43733.04,19153.0
259634,5070.35,23840.0,145.26188253338458,40301.79,0.0
259700,4633.55,29105.0,6764.983000000026,5308.0,0.0
259734,32450.39,60455.0,3098.03106036828,5459.21,0.0
259789,2487.65,38667.0,113.7502296738632,10372.0,4957.0
259878,2792.01,22426.0,28.82404304866782,27648.71,10967.0
260000,27945.89,0.0,210.0240049498564,39539.69,21154.4
260106,4228.25,77853.0,145.26188253338458,10679.26,0.0
260112,5639.94,73168.0,145.26188253338458,0.0,0.0
260155,4727.35,0.0,145.26188253338458,40024.99,21246.7
260245,2910.32,12048.0,145.26188253338458,52558.35,8398.0
260285,13759.15,16794.0,145.26188253338458,0.0,0.0
260408,15925.06,34455.0,145.26188253338458,43132.73,15233.6
260452,5166.19,80797.0,145.26188253338458,37486.85,23488.8
260464,2879.63,40525.0,145.26188253338458,54922.82,17898.0
260513,4001.52,19782.0,145.26188253338458,47351.02,27867.5
260515,12741.85,73054.0,145.26188253338458,50590.81,7075.6
260622,3409.68,85023.0,145.26188253338458,39246.8,25407.7
260685,4726.87,13037.0,163.96105708312214,47147.58,0.0
260712,4836.89,39310.0,298.1650115687964,14896.28,7712.1
260714,2004.35,0.0,145.26188253338458,43622.72,21297.1
260726,2759.98,92296.0,27.93463292894281,36419.11,8099.0
260838,6382.58,0.0,33.14573990393371,36890.68,11396.2
260855,2574.02,34990.0,145.26188253338458,44932.79,20037.4
261044,2357.75,25064.0,17.91507615379118,29106.15,33782.2
261077,11925.72,28014.0,145.26188253338458,48362.14,31963.7
261109,5358.27,83771.0,145.26188253338458,43046.21,4456.0
261125,12023.75,28879.0,145.26188253338458,48198.52,0.0
261187,9171.0,60433.0,834.3506979062817,11717.0,0.0
261229,4825.65,61613.0,145.26188253338458,49299.08,19158.6
261273,5332.46,68931.0,699.3704275961207,8668.0,0.0
261283,4969.53,62365.0,145.26188253338458,29438.5,21213.5
261331,5989.77,66839.0,145.26188253338458,26143.84,10000.0
261423,2797.76,63223.0,19.201895401895413,42525.02,8810.3
261426,3788.65,48887.0,357.16133323002293,11604.77,11078.1
261468,9429.63,43811.0,145.26188253338458,37839.87,8848.3
261573,4967.54,28524.0,145.26188253338458,38687.56,5116.0
261582,4428.03,58577.0,145.26188253338458,71264.46,24815.0
261715,11701.07,32435.0,145.26188253338458,28834.37,10731.2
261767,6513.61,50037.0,145.26188253338458,0.0,0.0
261780,3803.92,20325.0,18.88790216164008,28178.09,5066.0
261787,2168.52,0.0,11.992209326990093,43126.93,25357.3
261789,14014.1,39018.0,145.26188253338458,35487.75,3950.0
261832,5897.75,39188.0,145.26188253338458,28692.24,15068.9
261957,8510.76,26032.0,60.86451377786138,56322.46,32412.1
261964,3233.26,0.0,145.26188253338458,42875.52,0.0
262099,2672.1,52822.0,145.26188253338458,29515.26,12324.2
262176,2698.36,88867.0,145.26188253338458,28804.02,12493.3
262177,4835.78,36655.0,34.55837328568203,46765.01,21350.8
262211,21903.91,22254.0,205.26128754813877,33178.84,11340.0
262305,2671.3,45525.0,90.67296246698658,17701.32,12895.0
262336,8693.65,88294.0,145.26188253338458,29606.43,3867.0
262351,7072.93,90551.0,406.4944968718512,11909.15,8982.0
262366,8564.77,95697.0,145.26188253338458,41303.51,0.0
262369,5960.58,47945.0,145.26188253338458,36452.96,2866.0
262374,7191.83,0.0,39.08292894151745,50168.14,0.0
262422,2744.74,35159.0,22.2781062325529,28206.73,9250.2
262467,46805.22,83006.0,145.26188253338458,40951.01,14767.2
262508,5004.26,39161.0,116.1339585452696,14626.38,9760.7
262526,7236.13,0.0,145.26188253338458,36591.89,4884.9
262562,2294.48,0.0,145.26188253338458,40523.41,8893.9
262574,7025.04,24726.0,1104.2806201550404,7989.0,0.0
262586,9031.21,0.0,145.26188253338458,37721.54,0.0
262613,5107.16,35625.0,37.1878109601612,38542.85,18107.0
262683,2601.47,80584.0,29.948795681063142,34665.33,10104.0
262717,8430.06,0.0,104.3140331963712,20647.21,3439.0
262770,10623.41,0.0,826.2400703174949,9702.0,5515.0
262774,2867.31,23376.0,145.26188253338458,30472.7,22412.4
262810,7869.43,40036.0,145.26188253338458,36712.32,30020.6
262937,2447.05,84658.0,1618.067481884064,2658.0,6619.0
263055,3452.03,61385.0,145.26188253338458,49680.61,4483.0
263068,8256.3,62902.0,692.7700000000008,7766.0,7927.0
263069,16531.7,75526.0,145.26188253338458,42926.2,10469.0
263080,3886.5,0.0,145.26188253338458,24173.36,2626.0
263127,4196.69,0.0,28.2127042567926,40767.56,10900.5
263237,10083.49,11828.0,145.26188253338458,42506.77,8502.5
263246,13422.06,65024.0,58.69893083368614,38016.3,15121.3
263260,5703.29,41438.0,145.26188253338458,29551.24,11351.8
263267,11624.82,0.0,145.26188253338458,0.0,0.0
263302,7688.02,56680.0,575.3404797703669,12193.0,15745.0
263339,9500.08,96276.0,57.456225932382026,34539.9,35355.0
263402,15506.93,99159.0,1861.8517927631603,9198.0,11079.0
263433,5395.43,44047.0,145.26188253338458,44775.63,8954.0
263569,8646.5,64125.0,145.26188253338458,31995.05,8331.5
263592,12296.5,55193.0,79.81578488744304,44851.35,3611.0
263612,5533.23,23241.0,189.4088747796077,19042.24,6832.4
263707,4334.06,23904.0,145.26188253338458,29774.04,7387.2
263729,4554.56,85140.0,145.26188253338458,0.0,0.0
263762,2661.03,35503.0,17.393287310626413,45795.77,0.0
263763,5420.36,31614.0,145.26188253338458,31885.27,16129.1
263766,6366.23,44368.0,37.95529798980749,31504.97,8418.3
263781,7804.02,70833.0,140.2541015625,36320.53,14008.2
263812,7863.03,0.0,145.26188253338458,49043.13,16629.6
263822,4351.55,74163.0,125.22495407491508,14881.18,4281.0
263866,8622.84,97361.0,68.12416883116884,38499.63,12311.2
263921,13055.57,58684.0,145.26188253338458,46118.27,3356.0
264018,4770.55,12964.0,145.26188253338458,27601.55,5365.6
264034,2840.9,0.0,145.26188253338458,0.0,0.0
264050,4282.95,40864.0,145.26188253338458,0.0,0.0
264053,3484.25,51337.0,145.26188253338458,0.0,0.0
264064,4715.47,0.0,243.957782313504,16084.7,0.0
264095,2601.47,80584.0,144.45282200811377,20465.0,3290.0
264107,3852.43,0.0,76.69977363224788,40861.44,21517.4
264145,10025.92,0.0,145.26188253338458,27839.11,6585.0
264234,4929.81,0.0,145.26188253338458,28676.76,13497.9
264236,8703.73,61897.0,145.26188253338458,27480.06,5114.8
264308,7185.67,63741.0,145.26188253338458,47192.48,0.0
264331,14203.62,90456.0,145.26188253338458,40267.01,19034.7
264365,12296.5,55193.0,589.21177577455,14054.0,0.0
264409,3240.67,30646.0,166.95053634438958,10400.0,2497.0
264486,7860.09,21726.0,145.26188253338458,40484.02,10571.6
264491,7681.55,90043.0,145.26188253338458,35010.91,25998.2
264632,9352.48,75436.0,145.26188253338458,54139.79,24973.1
264690,9656.21,29504.0,145.26188253338458,39227.64,6872.3
264701,2397.04,22283.0,145.26188253338458,27950.26,0.0
264723,5568.98,53997.0,145.26188253338458,34454.36,19308.5
264733,10242.41,0.0,145.26188253338458,44252.66,24249.7
264741,9192.59,37388.0,145.26188253338458,34478.18,19950.2
264823,26576.32,87002.0,145.26188253338458,42505.7,26581.0
264904,6810.53,0.0,1742.41363317757,1686.0,3549.0
264936,4272.81,0.0,145.26188253338458,42726.12,4398.0
265072,6086.43,13688.0,145.26188253338458,52197.88,0.0
265226,2660.93,53333.0,145.26188253338458,46924.26,11774.1
265284,13024.13,0.0,72.2118540696385,30245.08,0.0
265297,3978.67,39101.0,690.6537175015866,4683.0,0.0
265317,4383.75,0.0,145.26188253338458,43767.06,10056.9
265383,31803.31,25663.0,249.0096669705584,31219.36,2942.0
265557,21528.57,11538.0,145.26188253338458,39376.06,11242.1
265566,14854.2,37899.0,145.26188253338458,45060.02,17240.6
265575,8838.09,82664.0,145.26188253338458,43142.46,6076.2
265612,3489.28,0.0,145.26188253338458,0.0,0.0
265665,2601.35,0.0,4979.857080419591,555.0,0.0
265677,25107.1,24410.0,226.98527153415824,26736.17,7771.0
265784,15144.41,0.0,145.26188253338458,0.0,0.0
265836,4364.31,44804.0,145.26188253338458,35009.43,12693.9
265975,11513.36,16266.0,145.26188253338458,44328.51,4366.2
266148,2698.36,88867.0,33.3478649022319,28478.32,8221.0
266234,27279.34,76530.0,145.26188253338458,46656.35,2317.0
266284,4250.28,0.0,57.650939820285856,31249.85,3442.0
266298,7247.21,63267.0,552.1789466726048,13011.1,0.0
266326,6183.19,36464.0,145.26188253338458,0.0,0.0
266365,3731.5,0.0,145.26188253338458,38718.4,30183.4
266377,4062.0,30061.0,250.61359026369195,10975.0,0.0
266429,6162.2,80590.0,91.41243649664708,23716.6,0.0
266474,5763.27,31725.0,145.26188253338458,30589.71,0.0
266479,5926.73,23091.0,174.17523752012892,13481.0,6988.0
266516,4633.1,0.0,145.26188253338458,48046.26,14458.2
266536,7123.08,21835.0,145.26188253338458,26026.8,0.0
266541,5918.07,77521.0,245.0199126588024,15400.7,0.0
266561,42462.97,0.0,7077.161666666667,6331.0,4009.0
266604,5123.48,72096.0,22.814340531712777,35996.63,7980.0
266640,26462.76,0.0,145.26188253338458,41576.58,15631.3
266757,10506.94,61650.0,68.02598800908189,44020.75,0.0
266861,5886.22,0.0,47.91471575635751,40708.52,0.0
266884,13466.92,11432.0,145.26188253338458,0.0,0.0
266953,9129.87,70973.0,223.5911533816426,26220.79,6646.2
266968,4917.89,0.0,23.6113368924402,37435.63,0.0
267020,2921.93,63499.0,31.38919645169645,39428.58,5070.0
267245,3436.13,30817.0,145.26188253338458,41905.83,13024.9
267291,2499.04,28264.0,145.26188253338458,49925.44,0.0
267306,26416.25,85537.0,145.26188253338458,26711.5,5316.2
267352,19069.5,0.0,145.26188253338458,45888.65,13581.9
267428,2220.0,0.0,20.999844503187692,28543.66,7529.0
267474,6748.23,68423.0,145.26188253338458,53327.49,4599.0
267566,8385.25,0.0,145.26188253338458,34517.29,8037.1
267717,11631.88,0.0,1640.0860932268895,7160.0,0.0
267739,2874.07,44084.0,20.006068683267685,39818.75,5633.5
267930,8583.85,53944.0,145.26188253338458,14951.08,7468.9
267944,3135.58,0.0,145.26188253338458,29387.03,0.0
267951,4526.61,0.0,145.26188253338458,36083.37,7246.6
268076,9322.09,70435.0,145.26188253338458,36438.66,13032.8
268094,4921.75,0.0,196.85274167744217,16057.1,10294.2
268128,4177.88,14108.0,145.26188253338458,37867.25,15198.1
268129,15978.91,33871.0,155.82780076520532,32319.53,9132.7
268139,7212.14,75891.0,145.26188253338458,34341.17,24009.2
268145,2395.57,21986.0,145.26188253338458,41425.82,10719.9
268281,10656.88,72540.0,145.26188253338458,25553.5,20179.0
268293,9470.06,46530.0,74.45582358153102,36997.4,0.0
268307,8819.02,99845.0,145.26188253338458,31322.56,17269.6
268414,26346.09,48268.0,145.26188253338458,31590.44,20415.5
268439,4179.49,60010.0,38.81879256965946,30756.99,3553.0
268500,9048.98,0.0,167.26903812943456,35105.64,8866.5
268630,2689.17,26554.0,18.76461619931025,40447.77,17237.9
268643,7250.03,0.0,5151.708533419872,2533.0,0.0
268789,8377.5,0.0,60.976722343200365,33067.16,5674.0
268842,7531.03,0.0,145.26188253338458,47478.79,8489.2
268932,2601.81,57231.0,145.26188253338458,26142.23,0.0
268958,4463.0,0.0,145.26188253338458,55744.04,14584.7
269070,3985.32,17220.0,145.26188253338458,54180.38,15904.8
269120,3571.35,0.0,145.26188253338458,40654.31,0.0
269154,4880.34,97984.0,145.26188253338458,48643.0,8090.0
269297,6638.12,21586.0,145.26188253338458,46450.88,14345.8
269434,18680.99,74640.0,145.26188253338458,0.0,0.0
269565,3436.13,30817.0,161.809760030964,6900.0,10096.0
269632,4220.61,32471.0,31.68026639411688,35932.66,9843.2
269694,2538.63,18608.0,145.26188253338458,41951.22,7689.3
269775,5519.51,70914.0,186.19935395620973,17141.48,5443.0
269960,4563.86,62010.0,145.26188253338458,43479.39,9114.0
270011,3265.16,25820.0,145.26188253338458,45680.31,48147.9
270022,2300.33,0.0,145.26188253338458,21423.81,0.0
270160,12836.01,0.0,453.8108920960871,10133.0,0.0
270183,7451.49,0.0,322.3790512803292,30590.25,10702.7
270203,2594.59,0.0,145.26188253338458,0.0,0.0
270248,3382.22,0.0,145.26188253338458,24901.56,0.0
270266,6535.56,0.0,145.26188253338458,37029.4,4409.0
270304,5659.24,69387.0,145.26188253338458,34218.88,10146.9
270337,8417.0,24285.0,47.966553680078825,29144.24,9510.0
270389,7635.55,54539.0,33.60336530925734,52268.35,3267.0
270499,17776.82,86205.0,116.4962691256684,33590.12,7592.4
270570,4692.66,0.0,41.616151087526966,36038.72,18169.4
270575,2469.78,92711.0,145.26188253338458,35719.5,7267.5
270723,4732.22,55385.0,145.26188253338458,25888.9,16083.5
270730,6992.53,94652.0,145.26188253338458,38129.42,20201.4
270759,5483.89,87777.0,145.26188253338458,22127.2,23869.1
270761,5609.08,44705.0,25.195645895721377,42362.26,12976.7
270862,2227.07,27972.0,145.26188253338458,45418.19,8410.4
270901,22315.06,0.0,145.26188253338458,43614.82,31084.9
270909,2188.66,0.0,145.26188253338458,34438.77,3824.0
270935,9422.97,34115.0,145.26188253338458,30489.78,17160.0
270969,6618.02,20068.0,958.5624206349208,4257.0,0.0
271043,6765.8,59034.0,145.26188253338458,41399.86,15874.5
271059,5908.75,71401.0,145.26188253338458,0.0,0.0
271148,2467.46,0.0,15.153277069431406,31210.28,11847.6
271235,17497.52,0.0,343.4379384887845,19137.15,3980.0
271297,4274.62,39621.0,3910.366666666685,4149.0,0.0
271357,7412.96,0.0,197.78730994152048,14908.0,4985.0
271365,5195.82,69488.0,145.26188253338458,37885.83,35287.8
271432,4526.13,0.0,161.71554078526196,10666.85,8422.0
271463,17114.33,70961.0,208.01956462859903,26570.67,8515.1
271641,3256.77,0.0,249.2426020408168,11075.0,0.0
271660,4270.03,0.0,145.26188253338458,36498.07,0.0
271675,44856.11,61675.0,598.2708735794594,28708.05,0.0
271680,4140.65,0.0,145.26188253338458,35793.65,9653.0
271911,6275.16,0.0,145.26188253338458,32998.41,5062.0
271929,8409.67,53986.0,97.91537634614409,28315.96,0.0
271987,6005.85,13528.0,145.26188253338458,0.0,0.0
272001,13248.64,25074.0,145.26188253338458,32152.47,11905.0
272097,11638.9,25370.0,88.68958287085013,29072.26,0.0
272114,2689.17,26554.0,1097.1092213114778,3827.0,0.0
272123,5414.62,26893.0,145.26188253338458,0.0,0.0
272144,15862.18,0.0,145.26188253338458,42418.66,3855.0
272148,2863.05,41077.0,145.26188253338458,39596.33,16131.0
272225,8460.81,0.0,7656.683429752082,2811.0,0.0
272250,5246.28,28909.0,89.98553571428572,39374.24,24475.8
272289,21343.47,0.0,145.26188253338458,0.0,0.0
272476,21423.64,0.0,417.8178719129701,26149.09,11930.1
272551,6670.85,56531.0,509.4915777359289,10085.0,0.0
272568,8209.92,66037.0,145.26188253338458,45015.89,20521.2
272672,5191.05,0.0,145.26188253338458,46994.79,15296.8
272686,5846.11,85956.0,145.26188253338458,0.0,0.0
272787,12200.79,60282.0,145.26188253338458,46216.68,6627.0
272812,5158.58,25963.0,34.872570990421025,42524.81,6944.0
272839,5568.95,0.0,50.64069234410427,35161.82,20844.9
272848,13167.61,54684.0,329.2503870569968,45075.18,22608.2
272893,3219.15,45892.0,17.531403867386835,36818.42,0.0
272944,4872.02,0.0,145.26188253338458,35024.75,3405.0
273020,21886.2,43000.0,145.26188253338458,32789.19,7715.9
273052,5095.37,69461.0,102.8432263998614,19022.26,3165.0
273054,34708.87,0.0,1583.328305699052,12861.0,0.0
273070,2833.8,45360.0,145.26188253338458,45876.69,26615.9
273144,10212.02,93920.0,145.26188253338458,33041.82,10423.4
273177,2593.82,43626.0,145.26188253338458,31266.14,26263.0
273179,5906.94,43440.0,27.61298738223677,53192.2,20909.4
273198,5414.32,0.0,145.26188253338458,38006.4,23966.6
273213,5155.53,77857.0,145.26188253338458,48034.34,6784.9
273243,2004.35,0.0,288.9367101105847,11952.0,9287.0
273353,4873.44,18866.0,621.9600000000006,6739.0,0.0
273357,5158.65,0.0,145.26188253338458,41823.19,4732.0
273391,4836.22,16450.0,29.48743863814548,47020.06,15252.5
273414,3013.44,21353.0,145.26188253338458,42832.52,24502.9
273552,4325.49,94242.0,91.88280431594391,18959.63,0.0
273984,5048.23,29401.0,145.26188253338458,34858.55,11815.3
274083,7519.13,96306.0,47.4988309103496,31368.67,11572.9
274107,6289.8,40675.0,145.26188253338458,0.0,0.0
274117,4349.1,90893.0,31.89113218615565,46818.41,6777.0
274141,2287.6,0.0,145.26188253338458,42629.01,20392.7
274179,4875.32,10743.0,958.7779094827616,3105.0,3941.0
274204,10952.13,23748.0,145.26188253338458,37617.22,4449.8
274211,5794.1,88370.0,145.26188253338458,36777.11,7733.0
274264,5096.7,27940.0,145.26188253338458,34817.38,8095.9
274354,3954.54,40175.0,26.219167108676228,30581.67,5417.0
274410,2719.51,14030.0,66.1324185854387,24507.11,13954.0
274428,4194.91,0.0,21.40128577498728,46776.16,13948.6
274431,7475.78,29633.0,163.5102888302972,36428.87,8697.0
274473,7298.58,74069.0,145.26188253338458,54694.27,14580.7
274535,21522.95,44695.0,1569.3548983179528,15263.61,0.0
274622,2842.03,92629.0,3767.582142857167,2088.0,0.0
274698,4434.41,34549.0,145.26188253338458,32301.35,0.0
274765,22235.01,80355.0,2865.741048728817,3694.0,0.0
274803,2450.63,61883.0,223.3965909090914,10212.0,0.0
274817,6511.1,0.0,145.26188253338458,37813.51,25149.8
274858,24709.6,24213.0,145.26188253338458,33518.48,5814.0
274879,4035.77,0.0,101.2862137724757,14658.35,4284.0
274896,2354.5,0.0,145.26188253338458,30170.52,20760.6
275118,6383.48,67881.0,145.26188253338458,45204.89,0.0
275209,6515.03,47259.0,145.26188253338458,30414.06,18685.6
275244,2712.92,58508.0,145.26188253338458,39525.66,15424.6
275287,8129.51,0.0,139.36477404022284,18718.63,7680.0
275298,7613.19,36247.0,145.26188253338458,22524.85,19510.5
275306,2630.21,80129.0,12.220651096518404,44427.99,6534.0
275358,2497.81,68041.0,145.26188253338458,54405.77,15249.2
275386,6158.6,0.0,145.26188253338458,34975.18,6439.1
275387,4732.22,55385.0,528.7531530612246,10845.0,0.0
275413,2582.41,76731.0,47.51623985481675,47001.97,21159.1
275442,4349.31,75648.0,23.50927315413118,44118.71,9592.0
275446,2375.0,47455.0,145.26188253338458,47089.13,4303.5
275531,5823.16,88359.0,168.60648897350484,14135.0,11075.0
275637,11971.98,64195.0,145.26188253338458,36605.84,11206.2
275670,30442.54,64321.0,249.48344864026635,29292.54,8690.0
275694,5340.54,58493.0,127.02810614255742,32979.93,25405.6
275762,4171.3,36723.0,25.12115433902865,39788.57,0.0
275807,20446.6,71467.0,76674.75000000169,5300.0,0.0
275846,6874.33,22093.0,567.9335559076512,14673.0,0.0
275849,5460.37,31530.0,145.26188253338458,35033.03,4995.0
275933,7280.3,32627.0,290.6450430940195,21474.93,3048.0
275949,30966.32,0.0,2219.8442160392824,9025.0,0.0
275954,8641.53,78904.0,2656.5062745648543,4492.0,0.0
276035,2521.56,53703.0,145.26188253338458,32141.57,8506.3
276037,18943.27,58851.0,145.26188253338458,46659.88,10110.0
276100,8292.63,79632.0,145.26188253338458,39157.5,25898.5
276152,4520.34,0.0,145.26188253338458,39832.39,23512.5
276204,2771.05,50071.0,68.15128697527128,24346.55,2742.0
276255,8214.6,73245.0,75.87287247771894,35951.78,17618.7
276289,5227.23,11896.0,124.45785714285714,17133.06,0.0
276484,14962.37,0.0,145.26188253338458,0.0,0.0
276494,5333.04,55674.0,145.26188253338458,47037.23,10195.1
276648,20714.94,0.0,145.26188253338458,41368.6,25042.0
276650,19116.57,0.0,145.26188253338458,37238.67,15437.3
276673,5754.75,34847.0,47.82885199240987,39821.94,0.0
276746,5261.12,90217.0,145.26188253338458,40211.51,16078.0
276806,6019.93,68658.0,369.8700117831896,10528.0,3262.0
276931,3508.93,0.0,145.26188253338458,0.0,0.0
276937,7951.78,75497.0,145.26188253338458,33847.68,7507.0
276947,8920.46,40867.0,223.0878999657418,29848.52,6964.0
276967,8306.55,89834.0,679.3239564428318,20769.34,13053.0
276990,5426.86,23105.0,145.26188253338458,40105.45,3135.0
277025,3394.72,83431.0,267.2719585849873,13880.03,6024.9
277033,10302.9,21839.0,110.35495662755255,30957.09,8035.1
277091,4960.97,18174.0,60.78776503842693,33988.49,0.0
277094,14663.2,91015.0,145.26188253338458,53407.51,14534.9
277139,8021.07,54292.0,145.26188253338458,39045.92,0.0
277145,7779.59,90969.0,85.39573003859456,33396.42,16003.2
277188,6761.11,70829.0,145.26188253338458,40194.84,10994.9
277281,7643.07,0.0,49.85691746155809,43531.61,11984.1
277285,4929.55,25632.0,145.26188253338458,43980.5,7542.0
277341,8162.62,66140.0,720.3472678916842,8298.0,0.0
277356,4830.91,0.0,440.6663042934978,16786.940000000002,0.0
277367,3590.69,82918.0,145.26188253338458,33037.19,5548.0
277370,6633.14,63483.0,145.26188253338458,0.0,0.0
277375,19582.47,26463.0,145.26188253338458,41150.31,33579.2
277430,4827.78,0.0,4256.376086956563,3794.0,3083.0
277494,8595.15,28441.0,40.0059732522419,37277.41,21213.0
277565,13118.74,11854.0,145.26188253338458,48721.93,11410.8
277587,2719.51,14030.0,40.44251751955673,25503.95,18455.1
277594,11797.99,91469.0,44.93012420578102,48510.21,25381.3
277607,3946.37,0.0,145.26188253338458,0.0,0.0
277610,2463.24,99144.0,24.07326274752707,27207.18,14195.0
277649,4358.76,86001.0,145.26188253338458,46287.23,25219.8
277769,5054.33,22241.0,527.7981451459098,7913.0,0.0
277783,6064.34,0.0,39.66364829341457,52077.53,34171.5
277788,7462.93,70263.0,145.26188253338458,26958.54,20349.5
277826,17103.79,51747.0,145.26188253338458,0.0,0.0
277855,22895.35,0.0,124.03804422846578,42371.07,4418.0
277884,2886.45,10312.0,245.58374125874124,11902.0,3047.0
277910,5004.58,33566.0,145.26188253338458,30938.42,4852.0
278013,35186.26,86134.0,1630.9518743967903,32033.88,18332.1
278045,5828.18,31364.0,2556.833774038465,2982.0,2879.0
278054,5577.67,11097.0,145.26188253338458,0.0,0.0
278059,2590.32,53304.0,13131.483333333625,2127.0,0.0
278164,19435.63,38688.0,145.26188253338458,40322.67,18019.2
278213,3097.92,0.0,84.03912319644839,17809.47,0.0
278227,4408.07,80640.0,145.26188253338458,0.0,0.0
278307,13197.93,0.0,145.26188253338458,23348.69,17203.7
278345,5568.89,53295.0,540.4054014533859,7157.0,2735.0
278464,12263.11,0.0,145.26188253338458,0.0,0.0
278539,7258.99,60969.0,51.80309289839714,34930.15,4381.0
278568,7228.99,53214.0,1922.2302209810648,2955.0,0.0
278676,3482.69,65162.0,145.26188253338458,36705.39,0.0
278719,2309.88,0.0,145.26188253338458,0.0,0.0
278815,8188.92,45318.0,145.26188253338458,35717.54,19410.6
278822,5165.57,0.0,145.26188253338458,32808.43,5223.1
278836,24178.68,43704.0,1547.5598901098915,11780.0,0.0
278854,2557.09,0.0,145.26188253338458,82476.62,31131.1
278865,4605.04,22571.0,145.26188253338458,36950.0,22817.1
278898,3419.11,40272.0,26.557051271593117,51918.36,0.0
278916,13023.93,64985.0,143.38343638776624,22103.13,0.0
278928,7054.78,0.0,1051.8769199346411,9521.0,0.0
278932,2980.46,72669.0,31.343132773109247,38099.58,6076.0
278983,13623.62,67060.0,84.3953884780405,32784.76,5601.0
278987,2787.54,34927.0,78.73309963784945,17076.03,6921.7
279221,5043.8,35832.0,33.851629155634015,36786.42,14178.8
279231,9384.65,25370.0,174.14234040498027,18524.89,4420.0
279380,7294.49,0.0,198.26707151793164,22836.48,0.0
279408,5719.09,77601.0,145.26188253338458,42036.64,17550.9
279409,4784.42,0.0,32.670600612136475,53357.05,0.0
279419,4117.37,0.0,145.26188253338458,80219.4,44038.0
279430,4508.86,83777.0,24.632985997640088,45796.95,16552.4
279468,6961.95,0.0,39.47190462333768,42424.91,0.0
279580,2839.3,71460.0,145.26188253338458,26607.41,26153.6
279634,2961.31,22608.0,145.26188253338458,24351.58,6102.8
279654,5745.94,57740.0,139.59452209797655,52772.64,8032.0
279693,8382.48,25998.0,145.26188253338458,25228.78,5890.0
279777,7341.74,88049.0,145.26188253338458,22738.8,16489.8
279821,3059.28,65083.0,145.26188253338458,30880.97,25817.2
279883,3096.51,21604.0,42919.98037974779,1376.0,2654.0
279919,4660.4,89834.0,29.34980129174743,28984.23,2647.0
279967,7601.95,47519.0,58.31112902073362,26812.66,7852.7
280087,2989.96,79867.0,145.26188253338458,42444.71,18528.1
280216,6699.28,30852.0,134.1428963277487,16673.7,3982.0
280292,20096.89,92766.0,137.95748168181274,41283.05,16181.3
280545,5399.58,71186.0,28.28837971479765,54355.33,3872.0
280574,8847.44,17950.0,61.72927537155328,39824.41,8011.0
280588,11042.29,0.0,145.26188253338458,42521.12,12074.5
280602,9264.33,69063.0,145.26188253338458,0.0,0.0
280603,5258.25,37874.0,145.26188253338458,40753.86,11935.8
280641,2396.22,0.0,145.26188253338458,61658.32,7499.3
280659,6863.12,25352.0,160.76490822744196,22333.13,2434.0
280790,3910.7,58713.0,145.26188253338458,0.0,0.0
280796,5480.7,46946.0,145.26188253338458,43539.52,20277.9
280822,26134.91,0.0,145.26188253338458,42482.56,8793.2
280828,20885.56,16113.0,145.26188253338458,48963.52,9443.0
280864,2491.26,25965.0,145.26188253338458,51834.3,13382.0
280879,6418.25,46648.0,129.7054076649651,22301.12,9938.9
280895,8467.37,0.0,145.26188253338458,35660.15,12390.0
281032,8711.3,92606.0,145.26188253338458,0.0,0.0
281064,2395.57,21986.0,13.521094646404563,46215.0,11922.3
281075,2447.05,84658.0,145.26188253338458,54581.72,16504.2
281108,17569.16,41463.0,1344.3906498951785,6336.0,3301.0
281118,6832.13,50472.0,459.0809002209136,12776.0,2204.0
281305,3210.14,23554.0,145.26188253338458,32930.73,19278.8
281328,6943.56,25612.0,145.26188253338458,39813.81,3206.0
281449,11880.97,0.0,60.67248946481838,45914.2,21848.9
281550,6369.26,34498.0,104.19181624649866,29738.65,6564.0
281571,9664.33,86054.0,60.93840393186609,35259.91,3510.0
281585,7607.98,31456.0,46.88513372053761,37052.45,0.0
281608,14435.66,70600.0,145.26188253338458,32097.83,10157.0
281737,3331.45,73695.0,358.9076889020075,13063.0,0.0
281777,5638.26,56017.0,145.26188253338458,0.0,0.0
281926,7950.57,70610.0,145.26188253338458,43301.4,7581.0
281952,2584.2,22562.0,2642.1092436974955,3563.0,0.0
281979,8487.24,0.0,145.26188253338458,55314.66,30472.2
282041,3200.8,0.0,145.26188253338458,38419.76,25140.8
282140,11064.29,29484.0,646.7063921212776,12149.0,6295.0
282181,4996.55,71600.0,145.26188253338458,0.0,0.0
282259,25807.06,71210.0,145.26188253338458,52239.17,4325.0
282472,11365.27,84910.0,42619.76250000094,2188.0,0.0
282532,2703.27,0.0,640.0174378378379,5674.0,0.0
282542,5510.97,99553.0,145.26188253338458,45073.65,8433.3
282545,9388.98,33599.0,22253.101948052037,1897.0,0.0
282678,19237.77,35624.0,145.26188253338458,40160.7,14391.9
282723,7814.6,51972.0,55.08113810922782,33743.97,0.0
282759,7706.04,48019.0,11402.856486486487,1043.0,0.0
282854,2602.25,38166.0,145.26188253338458,35585.32,10284.0
282872,2376.53,0.0,145.26188253338458,47040.67,15222.2
282896,5610.96,77493.0,145.26188253338458,51935.04,19426.4
282930,5201.71,0.0,145.26188253338458,35676.3,10615.8
283066,5205.75,31275.0,220.97768822831628,45540.41,2963.0
283110,2867.21,91810.0,145.26188253338458,31050.47,0.0
283122,7568.85,27558.0,145.26188253338458,48440.77,9210.0
283133,8232.76,56021.0,145.26188253338458,49874.12,5934.0
283290,3971.35,23599.0,145.26188253338458,29382.61,5745.0
283314,3991.73,54964.0,145.26188253338458,0.0,0.0
283326,2680.9,41968.0,50.7588183421517,43767.02,32504.1
283338,2921.93,63499.0,51.66838947742397,27282.12,11573.0
283358,8879.79,52583.0,70.9684792390612,34979.56,12177.5
283437,16473.17,22828.0,145.26188253338458,35634.42,3270.0
283654,2659.98,21297.0,145.26188253338458,23748.29,0.0
283709,6756.06,46879.0,158.41534455548592,20777.81,9771.7
283747,4389.95,0.0,23.86766392587959,40920.27,23443.1
283770,12547.43,32857.0,456.8239077669908,15971.0,11261.0
283807,12846.45,93210.0,145.26188253338458,43050.18,0.0
283822,7785.0,44897.0,51.04193610967408,44503.65,0.0
283929,5989.77,66839.0,145.26188253338458,51072.9,27884.4
283980,2907.36,24049.0,145.26188253338458,40238.63,3674.0
283994,3479.76,35033.0,32.61350764466577,28672.24,0.0
284203,2496.14,0.0,16.79337732475624,44972.18,15075.9
284290,7376.8,0.0,54.88600968673049,46079.98,13665.0
284362,10056.51,16097.0,43.58310961716336,44200.33,0.0
284419,9705.31,79157.0,453.4611047107018,14148.0,14235.0
284442,7762.59,23827.0,265.50167265344373,14706.0,3496.0
284461,3771.62,0.0,145.26188253338458,34646.8,0.0
284610,4271.2,26245.0,145.26188253338458,31226.13,11684.1
284621,2276.39,0.0,15.332497502657272,37207.46,0.0
284782,7396.28,71135.0,145.26188253338458,36815.51,0.0
284866,5348.3,31572.0,145.26188253338458,44887.46,5266.0
284889,7444.94,0.0,38.28586530784765,37664.91,15443.7
284892,8810.9,76266.0,215.78920823082083,36704.55,24072.6
285074,8058.66,25595.0,145.26188253338458,0.0,0.0
285122,4022.96,0.0,145.26188253338458,34983.13,16594.2
285202,5926.96,0.0,275.4677928692702,17154.0,6776.0
285220,16589.71,59414.0,86.58822061588842,36828.57,0.0
285335,13736.13,16181.0,145.26188253338458,40647.53,8940.6
285386,5116.24,0.0,145.26188253338458,0.0,0.0
285411,5008.28,92864.0,145.26188253338458,45520.75,0.0
285484,5028.84,0.0,145.26188253338458,31533.13,4641.7
285485,5320.34,77524.0,264.72360158131545,14208.0,8746.0
285579,3995.36,0.0,93.3943706170547,37882.49,11604.1
285631,9985.37,36268.0,79.14364989403104,46640.25,18959.3
285636,2582.41,76731.0,64.96964778053491,19892.52,4894.0
285738,4896.56,36428.0,247.0856179060734,10281.43,0.0
285767,8197.2,0.0,498.48852901484514,12405.54,5143.3
285776,3103.0,31841.0,108.7207702448452,34804.0,15676.1
285909,5671.93,34974.0,348.56680603883774,12327.0,10163.0
285938,3939.01,60021.0,145.26188253338458,39136.32,5019.0
285942,2374.15,48911.0,145.26188253338458,50405.76,15007.3
285982,10856.01,59803.0,145.26188253338458,25312.99,2454.0
286065,5504.14,0.0,145.26188253338458,34318.51,14240.6
286114,3872.22,0.0,37.49602850351254,41743.26,25912.1
286182,4233.57,95647.0,1371.5263757396465,2524.0,0.0
286225,5597.12,37995.0,145.26188253338458,41498.19,4205.0
286262,4177.29,44222.0,145.26188253338458,40683.01,19978.5
286370,7116.55,0.0,145.26188253338458,37014.58,14804.8
286388,2191.13,0.0,145.26188253338458,0.0,0.0
286551,3380.71,58109.0,145.26188253338458,46913.35,10524.0
286611,6803.6,43758.0,270.3564377993906,13794.0,3248.0
286614,10896.05,29365.0,145.26188253338458,0.0,0.0
286636,14024.36,81872.0,145.26188253338458,73570.16,40635.6
286641,4886.54,76374.0,145.26188253338458,38252.45,0.0
286718,3193.16,80580.0,61.71386664972258,19722.52,6233.9
286883,5734.6,98132.0,49.19761665987654,35355.71,19716.3
286927,3343.93,40794.0,145.26188253338458,51297.86,18200.7
286942,11638.67,61486.0,321.50535449399086,17848.11,3526.0
286954,4623.62,97065.0,145.26188253338458,25098.28,9524.0
286975,2806.7,37009.0,145.26188253338458,45128.56,31433.2
286989,5507.24,11343.0,145.26188253338458,44579.03,0.0
287023,9657.58,0.0,156.91847845441603,28657.51,12124.0
287088,2722.21,17576.0,145.26188253338458,54048.06,9153.0
287097,3218.61,68776.0,25.437699116704948,42169.06,4221.0
287198,2274.65,0.0,145.26188253338458,33770.24,8586.0
287211,15032.9,17150.0,2097.239804303793,5518.77,0.0
287212,5123.48,72096.0,545.1040225417804,6433.0,2349.0
287224,2273.62,0.0,145.26188253338458,0.0,0.0
287254,15167.04,40467.0,554.8917073170738,12047.0,6242.0
287266,15485.8,72026.0,145.26188253338458,52187.67,22471.3
287343,4079.13,0.0,1895.860505093388,1114.0,0.0
287385,4848.9,0.0,850.8887019230781,3403.0,0.0
287414,4660.01,0.0,145.26188253338458,26944.0,3365.0
287591,7627.31,36084.0,145.26188253338458,38837.52,17237.8
287593,5071.65,62258.0,145.26188253338458,29040.63,21646.8
287690,2949.28,78596.0,26.564910211263264,32045.33,3772.0
287750,4109.31,0.0,145.26188253338458,40411.78,22920.9
287799,9366.82,60613.0,65.40583219292954,33581.78,0.0
287927,2595.75,47234.0,36.77793915946383,34881.75,5830.0
287942,7215.82,0.0,145.26188253338458,51303.51,8108.0
287962,9095.05,37937.0,145.26188253338458,0.0,0.0
287979,6411.12,13088.0,83.89863578509585,24116.98,9709.1
288015,14255.23,31027.0,1935.6990141369076,7287.0,3600.0
288112,9012.92,67840.0,4240.23518796997,3279.94,0.0
288164,7434.27,49057.0,145.26188253338458,0.0,0.0
288369,4463.0,0.0,145.26188253338458,30089.45,18684.2
288384,36897.8,0.0,145.26188253338458,34054.83,4856.4
288419,4896.27,0.0,36.14718571376562,32092.77,9000.3
288451,5065.94,43460.0,1813.2859244246893,4320.84,5147.1
288491,6712.29,44891.0,145.26188253338458,46962.56,6632.9
288500,7434.68,28377.0,145.26188253338458,31690.69,11740.1
288530,13552.78,0.0,145.26188253338458,43416.52,4970.0
288612,2907.44,52216.0,439.97330016583777,4385.0,0.0
288636,9029.71,16972.0,413.0820709391717,10019.0,3463.0
288735,8776.36,28360.0,88.91009362741477,31493.96,9275.8
288774,8991.98,17331.0,6216.046780303052,1173.0,3371.0
288776,3362.41,22853.0,145.26188253338458,34900.5,22480.0
289116,3383.45,0.0,243.32574215158297,7821.0,0.0
289133,14230.32,78046.0,145.26188253338458,51471.27,0.0
289134,9343.2,75909.0,145.26188253338458,0.0,0.0
289139,6837.93,51859.0,145.26188253338458,56752.63,0.0
289151,4434.94,58082.0,145.26188253338458,41787.38,9215.0
289177,4525.28,32802.0,145.26188253338458,22180.98,11417.7
289294,5580.96,25180.0,145.26188253338458,33368.92,5925.0
289354,4643.41,12261.0,145.26188253338458,38427.97,16611.9
289472,3386.19,67249.0,60.2132549842398,21203.56,7300.0
289476,2409.76,59665.0,110.18863323172012,14183.0,8280.0
289516,5447.84,55483.0,145.26188253338458,37147.87,2666.0
289665,15727.13,84824.0,145.26188253338458,55025.43,13215.1
289693,6314.6,0.0,2258.9718710183406,6636.24,0.0
289732,10003.25,98192.0,145.26188253338458,43261.04,17900.6
289863,4877.95,20178.0,44.80205911364757,37212.85,0.0
289921,7218.38,45356.0,145.26188253338458,41314.99,16764.4
289968,5394.91,29853.0,144.31447511139774,37316.38,25311.7
290024,4686.47,58089.0,78.82772119815675,29489.48,0.0
290091,6698.97,21114.0,39.09646262919568,42805.66,6276.0
290109,16468.22,0.0,145.26188253338458,0.0,0.0
290184,2241.46,0.0,145.26188253338458,18179.28,27819.8
290200,2656.71,62777.0,32.48638666103843,32889.37,2900.0
290249,4815.85,59438.0,145.26188253338458,41310.06,20220.9
290250,12208.12,21331.0,1881.4766220971208,5614.0,0.0
290356,2150.91,0.0,286.2477455031607,14521.0,6363.0
290362,5279.12,22280.0,39.84348610042764,48900.28,33142.8
290395,5288.17,42621.0,145.26188253338458,38580.19,3037.0
290445,3420.45,0.0,21.78203586302193,28759.46,33343.7
290465,17556.99,36212.0,145.26188253338458,27043.9,9649.0
290507,6218.66,51944.0,432.3449333333338,14677.0,2864.0
290517,4999.35,49414.0,145.26188253338458,0.0,0.0
290554,10208.93,35482.0,145.26188253338458,56304.96,21878.0
290564,14267.93,17157.0,357.8912207357864,21652.01,19603.3
290599,4991.04,54189.0,43.90753785638999,27655.8,0.0
290620,14031.7,58092.0,1684.7271381578978,7178.0,6118.0
290638,8672.19,22547.0,140.9544965384981,19325.99,4641.7
290756,10129.51,0.0,145.26188253338458,33642.02,8122.5
290902,5498.75,60668.0,145.26188253338458,50816.29,2994.0
290964,3444.17,0.0,106.90055755232548,22516.14,0.0
290994,7158.53,36463.0,145.26188253338458,31479.48,2870.0
291148,2748.8,56900.0,20.03498542274052,60003.24,12204.0
291336,8294.97,78189.0,145.26188253338458,36481.14,7037.6
291509,4198.03,39913.0,91.2713066320392,43590.56,3756.0
291510,2915.65,83218.0,19.764952621862665,27099.79,9294.2
291595,2771.05,50071.0,60.15602045974962,18518.91,0.0
291831,21435.88,20668.0,145.26188253338458,0.0,0.0
292021,9095.05,37937.0,145.26188253338458,27479.33,24609.9
292035,6063.2,20676.0,145.26188253338458,0.0,0.0
292049,6126.57,61139.0,145.26188253338458,43889.76,8398.0
292061,16979.8,35095.0,145.26188253338458,41227.91,18551.0
292084,4923.18,61469.0,154.7556495228909,45447.58,23477.6
292096,2727.68,74608.0,13.418049887599262,47554.9,13184.1
292164,6262.66,30110.0,145.26188253338458,38115.97,0.0
292384,24552.87,0.0,125.02629838740056,49642.27,24162.2
292497,3096.51,21604.0,145.26188253338458,43811.96,8787.5
292516,2894.33,52674.0,2176.711092032978,3596.0,0.0
292546,2535.27,86933.0,65.22533363093842,52934.42,15694.5
292617,6832.11,0.0,145.26188253338458,44178.32,19679.0
292618,8596.57,25785.0,55.8022267552081,44078.24,33774.2
292843,7635.42,0.0,43.918374647399055,45514.4,6805.8
292957,3864.78,24204.0,145.26188253338458,42448.54,6767.8
293100,7903.99,35406.0,435.9454719917798,9757.67,5625.9
293137,2589.43,49675.0,1090.548403846154,4652.0,4065.0
293212,5107.16,35625.0,27.6984000095096,59421.87,0.0
293222,5445.37,20282.0,368.8179717943962,10805.0,3104.0
293266,5246.28,28909.0,145.26188253338458,36096.31,5581.0
293343,8110.54,36554.0,10219.840391254336,1369.0,0.0
293496,3567.5,0.0,145.26188253338458,33892.04,8392.3
293531,4784.77,0.0,52.092605076105805,33916.77,3250.0
293663,3122.98,72916.0,145.26188253338458,14395.57,0.0
293676,4330.8,0.0,40.64523594026413,35398.39,11078.1
293685,6906.2,13432.0,88.41432018743774,32008.48,2842.0
293689,2551.23,79751.0,541.1849767531982,8724.0,0.0
294005,7614.83,35045.0,148.57768030876477,23661.57,16643.1
294016,31161.75,30916.0,145.26188253338458,49332.73,24586.1
294027,2872.67,79681.0,145.26188253338458,38660.6,8233.0
294048,13610.11,50144.0,155.97143328100478,34251.78,21504.1
294071,2599.04,53021.0,20.281037814910466,24716.07,6826.7
294172,5749.88,22814.0,79.37497919849929,39814.84,22219.3
294184,7379.46,61584.0,145.26188253338458,0.0,0.0
294273,5565.69,74720.0,432.229117021277,12065.0,3405.0
294278,8661.74,85470.0,145.26188253338458,0.0,0.0
294283,2585.96,83758.0,145.26188253338458,37464.15,19559.4
294289,36897.8,0.0,145.26188253338458,0.0,0.0
294334,2784.97,61807.0,17.170381374827713,54901.02,29891.7
294396,9764.95,0.0,145.26188253338458,19016.02,9240.0
294580,8496.36,88895.0,145.26188253338458,53947.66,0.0
294617,8522.76,0.0,145.26188253338458,44189.52,18418.6
294634,5016.14,49367.0,26.63230540969062,29160.42,12215.0
294642,8672.23,0.0,145.26188253338458,32775.53,8091.5
294728,7516.79,0.0,38.08792807292105,45634.82,18354.0
294738,5358.27,83771.0,145.26188253338458,32683.66,0.0
294753,4463.61,0.0,145.26188253338458,48211.18,10750.3
294849,2395.57,21986.0,51.839048215676165,19459.45,8926.2
294865,2566.87,25049.0,145.26188253338458,34506.61,14881.7
295064,10634.84,0.0,145.26188253338458,41905.57,12102.9
295078,17930.6,21708.0,165.92305547104755,32993.73,13977.8
295138,8681.05,0.0,145.26188253338458,36701.3,6078.1
295147,4048.16,92801.0,48.88888006564496,41086.53,23369.0
295205,2203.44,0.0,27.200141594197348,28286.16,8853.0
295217,4059.57,11621.0,35.23457447230127,27840.58,21573.7
295302,2661.82,29195.0,140.01906669741186,12774.16,8488.3
295327,12731.95,40870.0,145.26188253338458,43909.66,7007.2
295355,42937.35,64937.0,145.26188253338458,35281.36,38211.4
295387,15417.73,84376.0,145.26188253338458,54037.43,0.0
295412,10656.88,72540.0,145.26188253338458,37236.36,21825.3
295423,2127.92,0.0,145.26188253338458,46100.62,0.0
295510,2906.89,45128.0,55.193061169285855,20338.33,4510.0
295533,7091.74,0.0,145.26188253338458,26252.79,6572.1
295561,22337.16,0.0,1891.3694865450072,15530.95,8854.0
295578,2272.31,0.0,17.769461084258886,31220.55,6374.5
295795,7880.34,23129.0,59102.550000001305,1999.0,0.0
295884,3728.87,0.0,23.389048006658506,46036.42,10280.0
295906,4530.39,52957.0,145.26188253338458,59674.03,4773.0
295929,4984.62,86305.0,145.26188253338458,30771.92,24043.5
296088,7605.64,55281.0,145.26188253338458,0.0,0.0
296095,20604.02,0.0,145.26188253338458,0.0,0.0
296097,16407.66,22103.0,145.26188253338458,29391.44,8888.2
296104,13891.68,70725.0,368.0917023593466,20931.38,18829.0
296141,11172.5,14533.0,81559.25,3257.0,0.0
296146,8513.59,59230.0,145.26188253338458,27327.06,5295.3
296217,9047.12,0.0,116.69124267631624,21018.52,0.0
296412,4533.73,91967.0,14143.687606837744,479.0,0.0
296457,5754.85,29460.0,145.26188253338458,0.0,0.0
296566,10978.78,92914.0,619.410363553925,16653.7,9211.3
296567,2574.02,34990.0,45.427689347052464,33542.89,4685.4
296579,7268.1,38179.0,268.66364759577084,24498.49,0.0
296626,3289.12,40097.0,145.26188253338458,52557.37,4309.0
296689,5010.38,64014.0,145.26188253338458,34537.14,15385.7
296690,2308.65,20811.0,145.26188253338458,30957.41,5074.9
296736,4717.63,0.0,38.92070341695399,29145.7,0.0
296887,5632.61,51721.0,145.26188253338458,36356.27,0.0
296915,7564.61,48381.0,145.26188253338458,34796.18,16204.0
296997,8564.77,95697.0,145.26188253338458,42428.3,0.0
297101,5325.72,0.0,145.26188253338458,36941.24,30263.2
297167,8406.39,42540.0,178.43913779266555,38439.9,8731.0
297172,5595.39,74454.0,88.49283761357783,20409.07,7715.0
297218,2886.23,52972.0,145.26188253338458,0.0,0.0
297306,16138.42,79041.0,114.06914997308286,36708.91,3886.0
297327,3895.03,52361.0,23.02698331713638,39612.07,21663.2
297379,3312.32,26285.0,145.26188253338458,37213.34,18264.7
297382,11631.88,0.0,145.26188253338458,51725.38,8874.0
297427,8528.29,91099.0,145.26188253338458,0.0,0.0
297520,8453.68,59888.0,64.86290387000486,41297.56,16011.3
297568,5714.56,74905.0,145.26188253338458,32357.75,0.0
297607,9298.89,22094.0,95.5501680667538,21184.02,13778.0
297621,13466.92,11432.0,145.26188253338458,47123.64,0.0
297684,2885.74,35654.0,72.57780692224478,39256.32,32730.3
297702,7409.08,61160.0,283.65345295368104,45321.4,0.0
297869,5154.76,82730.0,145.26188253338458,33422.88,0.0
297954,2345.13,26304.0,145.26188253338458,0.0,0.0
298063,8204.86,0.0,145.26188253338458,23792.91,21847.9
298098,6285.48,32390.0,20856.365454545456,851.0,5159.0
298156,3238.0,60244.0,7007.1343873517935,617.0,0.0
298160,2142.89,0.0,1481.3538825757605,2706.0,0.0
298181,15638.58,49214.0,145.26188253338458,27129.04,7227.6
298232,3499.99,16711.0,31.646263129211253,35208.88,0.0
298280,9420.97,47048.0,145.26188253338458,34262.02,9513.3
298327,2693.53,63684.0,14.240953270757291,31412.84,0.0
298343,2698.01,95399.0,145.26188253338458,42090.7,21450.9
298344,2393.04,28646.0,145.26188253338458,45157.21,4602.0
298506,5554.83,52984.0,145.26188253338458,27280.71,4125.0
298535,2810.46,26790.0,24.229057197968743,46828.13,2684.0
298539,2425.3,0.0,52.32067922030333,20751.38,0.0
298543,13770.98,59207.0,969.6002507716064,13523.0,0.0
298601,2515.41,39718.0,145.26188253338458,39297.59,0.0
298671,13171.01,21513.0,145.26188253338458,27338.63,0.0
298681,4981.83,33176.0,145.26188253338458,36782.5,17814.3
298712,8717.78,83707.0,189.97331489183875,23485.36,4803.0
298795,7809.86,0.0,145.26188253338458,50747.56,22498.1
298813,7955.44,0.0,330.1450314560756,17069.0,3155.0
298817,5094.52,72006.0,39.28764176934909,33967.72,8250.8
298829,4611.25,0.0,145.26188253338458,41207.45,6750.7
298853,2746.12,96339.0,145.26188253338458,43772.79,17545.6
298865,2612.76,19003.0,145.26188253338458,42141.42,16483.8
298869,5182.39,44820.0,145.26188253338458,51799.86,30796.6
298883,5335.02,0.0,3688.034659090915,4049.0,0.0
298967,5089.69,62474.0,145.26188253338458,0.0,0.0
298999,5498.94,22520.0,117.91750156666144,31975.54,8099.7
299034,10155.3,28754.0,145.26188253338458,23997.51,22203.5
299107,2570.19,69446.0,145.26188253338458,50962.86,19224.0
299113,2426.96,0.0,145.26188253338458,41612.67,2313.0
299165,9198.69,31562.0,307.91653063096106,11837.54,0.0
299204,7805.31,21073.0,579.4450474576272,15338.0,0.0
299210,8197.2,0.0,145.26188253338458,26827.84,7412.2
299278,4673.2,53219.0,145.26188253338458,44159.05,16730.2
299359,8012.84,40635.0,61.733506416751126,41914.24,21378.9
299366,4877.61,0.0,73.49710193988382,27089.55,9984.5
299367,3837.49,36794.0,145.26188253338458,0.0,0.0
299397,4935.64,95765.0,279.3036589147287,13660.0,0.0
299412,8024.51,95191.0,145.26188253338458,47452.68,21384.6
299419,9215.54,71888.0,145.26188253338458,42730.45,18637.3
299448,5479.56,56005.0,145.26188253338458,0.0,0.0
299454,3107.59,0.0,145.26188253338458,27884.47,0.0
299464,15114.4,28513.0,145.26188253338458,43971.04,16410.0
299501,6785.54,0.0,145.26188253338458,35482.93,5928.0
299573,3242.04,72330.0,145.26188253338458,32954.95,0.0
299585,3731.5,0.0,52.47534193796957,30312.61,0.0
299760,5790.57,84551.0,145.26188253338458,33242.74,13826.7
299769,8532.99,30092.0,192.70289994060295,11912.09,0.0
299830,2810.46,26790.0,10.622685841981763,47168.03,13968.8
299919,2306.43,0.0,121.84787234042568,11890.0,7005.0
300008,6005.21,26876.0,145.26188253338458,41316.44,32784.5
300023,35227.3,23031.0,145.26188253338458,37385.34,4569.5
300051,6837.54,90750.0,145.26188253338458,33894.88,0.0
300106,3135.41,55855.0,145.26188253338458,0.0,0.0
300166,2458.45,57564.0,111.98946459772029,43197.6,14116.5
300371,30909.22,57659.0,145.26188253338458,36383.19,12284.0
300376,2417.76,0.0,145.26188253338458,0.0,0.0
300454,3372.42,93489.0,145.26188253338458,0.0,0.0
300460,32725.3,39894.0,5085.029587058339,6571.0,3355.0
300465,2064.7,0.0,145.26188253338458,43519.93,4567.0
300606,10171.48,74243.0,145.26188253338458,30342.06,13542.4
300623,18060.48,57882.0,145.26188253338458,21080.75,6484.7
300676,2114.74,0.0,145.26188253338458,36165.79,10225.7
300678,6481.53,30689.0,145.26188253338458,0.0,0.0
300733,33473.35,33190.0,228.8036695787336,42417.07,18201.5
300806,2631.56,0.0,13.82672960184718,39613.0,5009.0
300818,2393.92,0.0,145.26188253338458,41327.33,14200.6
300836,10963.96,55687.0,145.26188253338458,42853.61,9802.1
300845,2695.35,0.0,145.26188253338458,36720.88,7896.0
300867,5099.51,0.0,2853.3282830863704,1775.0,0.0
300870,5206.11,94392.0,145.26188253338458,43295.24,8879.7
300945,6646.75,95815.0,229.58942017419065,32586.8,6209.2
300960,20864.31,0.0,95.84656880533808,48436.06,7303.6
300964,9035.67,34337.0,145.26188253338458,48178.73,17413.5
301094,7600.44,0.0,103.68923685302325,25716.6,4095.0
301112,2867.31,23376.0,145.26188253338458,44715.9,3397.0
301152,2902.62,23893.0,144.40567469332132,17626.0,0.0
301155,7627.03,0.0,145.26188253338458,37391.22,17524.4
301301,14866.45,24279.0,145.26188253338458,35626.15,3347.0
301323,5926.73,23091.0,460.5286226227651,14457.0,11608.0
301563,4582.65,0.0,28.665335749340077,43599.48,3824.0
301603,13197.93,0.0,145.26188253338458,32539.88,6366.9
301744,5607.25,39507.0,29.760886582747244,30323.22,19323.0
301760,5574.96,54684.0,145.26188253338458,42059.82,34214.8
301784,5551.39,56872.0,145.26188253338458,38688.42,26543.7
301793,6689.02,56980.0,145.26188253338458,42120.78,3787.0
301794,4620.39,0.0,145.26188253338458,33313.37,30415.2
302056,7690.16,55843.0,40.50645642323197,31854.46,20421.5
302057,4118.59,69379.0,135.94550099475506,25513.27,0.0
302066,6158.6,0.0,685.1231331911006,12406.0,0.0
302129,2729.13,66900.0,145.26188253338458,30921.85,0.0
302134,2787.42,38667.0,145.26188253338458,42006.88,16524.1
302158,15083.78,26021.0,145.26188253338458,37545.58,0.0
302186,5201.71,0.0,145.26188253338458,39947.49,9861.0
302188,12919.42,58236.0,6707.806970128055,4824.0,0.0
302198,3571.35,73853.0,145.26188253338458,41893.24,10626.8
302258,14010.53,36523.0,145.26188253338458,31639.18,9735.6
302313,25464.82,13663.0,437.7562369009774,36708.53,0.0
302414,8596.92,53736.0,145.26188253338458,33140.22,3229.0
302467,4904.89,12902.0,54.99802929484701,32201.86,10109.9
302509,4213.92,12160.0,56.72504917387889,20631.53,0.0
302628,55277.45,40740.0,145.26188253338458,43832.43,5895.0
302657,3589.71,79298.0,1171.9536225402517,5603.0,0.0
302669,5597.12,37995.0,471.59482917820907,10252.0,4651.0
302792,4330.77,39660.0,145.26188253338458,0.0,0.0
302804,2748.8,56900.0,27.47482713767372,24140.76,19822.6
302827,38230.21,80321.0,145.26188253338458,0.0,0.0
302839,11895.18,88218.0,145.26188253338458,22472.55,21091.9
302874,10628.06,90874.0,145.26188253338458,49786.15,5728.5
302908,5159.37,0.0,145.26188253338458,31240.51,6015.4
302921,2747.43,83502.0,145.26188253338458,41958.66,21707.1
302957,4869.28,44934.0,145.26188253338458,38953.76,17699.2
302980,7212.52,0.0,145.26188253338458,0.0,0.0
303049,8002.31,0.0,145.26188253338458,0.0,0.0
303207,4974.8,75644.0,76.45160203780895,22786.27,0.0
303246,8262.88,0.0,145.26188253338458,41010.35,11488.3
303396,3090.13,23970.0,145.26188253338458,3450.58,0.0
303445,16953.08,76797.0,7322.928047337279,4894.0,0.0
303573,8697.79,26287.0,145.26188253338458,50990.73,23995.3
303621,2224.09,0.0,145.26188253338458,0.0,0.0
303682,5678.05,0.0,145.26188253338458,49122.23,23840.7
303934,3644.83,82477.0,145.26188253338458,34367.8,2579.0
304080,20498.83,56070.0,7970.958398437518,5501.0,0.0
304117,6418.85,0.0,145.26188253338458,36360.08,8132.0
304131,5260.92,60101.0,145.26188253338458,35808.83,0.0
304445,2300.69,25905.0,51.45286076662912,30528.27,4062.0
304528,2495.46,26689.0,145.26188253338458,0.0,0.0
304600,5553.8,26441.0,145.26188253338458,51728.8,10027.0
304601,4595.52,95550.0,27.87258611980114,23304.82,11385.1
304620,2144.92,0.0,74.50284855098212,17949.2,7482.2
304643,4359.74,0.0,21.38128651880145,43669.2,13986.5
304726,6019.96,0.0,145.26188253338458,49709.72,31784.5
304764,9429.08,75638.0,336.9682706492085,28226.66,9205.5
304770,5059.99,70999.0,145.26188253338458,41856.55,12172.5
304779,15032.9,17150.0,91.43185529560756,43288.89,13286.7
304824,3546.4,0.0,73.09370988446726,28114.48,0.0
304870,13355.49,34495.0,17493.135825359237,1694.0,0.0
304887,4339.87,91761.0,145.26188253338458,0.0,0.0
304944,4703.72,0.0,145.26188253338458,53833.18,8379.0
305100,2824.85,48008.0,145.26188253338458,42365.64,12171.4
305102,3618.43,0.0,41.961675446232846,34276.67,12600.8
305150,6990.92,22568.0,145.26188253338458,42475.37,7729.2
305171,4697.15,0.0,145.26188253338458,39196.6,15467.2
305243,8903.97,15142.0,62.35971019869076,41024.38,26115.5
305287,2799.47,78127.0,145.26188253338458,2833.53,0.0
305380,11281.52,86195.0,145.26188253338458,42585.82,34897.2
305412,5597.12,37995.0,145.26188253338458,36430.11,13070.1
305556,3687.17,0.0,5607.571041666667,2165.0,0.0
305572,7474.61,44186.0,107693.39407894971,1046.0,0.0
305604,12887.43,48767.0,145.26188253338458,11120.51,0.0
305618,9710.29,33190.0,145.26188253338458,0.0,0.0
305687,4956.25,87197.0,145.26188253338458,50402.35,11921.0
305807,7126.6,17483.0,49.721098707852285,52737.82,16326.3
305843,13024.13,0.0,2652.794335937506,3471.0,0.0
305857,2882.35,87798.0,204.4683370044055,13072.0,0.0
305910,4814.35,0.0,242.8521593919156,13291.51,0.0
306051,2682.7,63471.0,145.26188253338458,24915.62,22552.5
306068,5494.87,89205.0,21.505733246503333,52544.24,10620.7
306110,4053.37,44661.0,145.26188253338458,31048.3,19483.0
306112,5816.71,99239.0,145.26188253338458,0.0,0.0
306203,7599.9,52113.0,145.26188253338458,0.0,0.0
306231,6243.09,73945.0,145.26188253338458,39296.98,13778.8
306288,4892.44,21709.0,145.26188253338458,29857.63,0.0
306331,8858.35,0.0,145.26188253338458,30181.74,19878.8
306400,14432.75,24561.0,145.26188253338458,32122.23,8792.9
306402,5011.75,28859.0,145.26188253338458,41921.07,11466.5
306596,4530.39,52957.0,861.2460156250002,7459.0,6981.0
306667,2320.75,19581.0,145.26188253338458,31495.45,9551.3
306676,11619.92,78275.0,145.26188253338458,46583.03,12343.9
306708,13269.6,15616.0,145.26188253338458,39991.15,10539.3
306869,4836.75,0.0,145.26188253338458,46004.56,0.0
306872,8149.77,0.0,145.26188253338458,24152.75,6833.7
306880,2382.67,0.0,145.26188253338458,26690.57,0.0
306965,5586.89,94161.0,145.26188253338458,34579.66,13262.0
307032,13862.1,96950.0,1429.405458089671,4566.96,0.0
307033,11638.9,25370.0,461.19257074618247,38721.44,19542.7
307047,13211.01,74656.0,105.64038264367213,43641.5,6494.2
307049,9007.43,41539.0,145.26188253338458,49144.71,21078.4
307136,3387.78,23156.0,141.07161165196234,37015.06,13025.3
307159,4654.84,0.0,145.26188253338458,0.0,0.0
307166,4617.39,16764.0,145.26188253338458,47309.05,16491.6
307178,9048.98,0.0,121.06509337715578,18940.51,0.0
307233,4965.49,0.0,21.965762497818464,43427.81,10178.3
307256,6503.4,22081.0,145.26188253338458,38702.83,9040.0
307296,6243.14,57734.0,145.26188253338458,27447.16,13739.9
307321,4693.75,26607.0,1969.216954022996,7624.0,2857.0
307619,2727.52,74592.0,411.3821487603314,9057.0,0.0
307622,4708.2,47829.0,40.97907439614141,32579.77,6653.8
307623,14435.67,60880.0,145.26188253338458,51030.78,12417.9
307631,7076.65,0.0,281.2924447138771,26523.89,9614.0
307740,4904.46,27593.0,145.26188253338458,28946.57,2587.0
307785,5926.73,23091.0,43.25007797286545,48874.21,14874.8
307848,7996.6,70061.0,145.26188253338458,43695.79,7840.0
307859,5029.3,40113.0,26.225780689698528,42242.14,17714.8
308144,2772.84,37038.0,112.78657820834768,17345.38,4667.0
308171,2478.18,0.0,145.26188253338458,30136.14,11128.3
308176,5678.05,0.0,35.565927619566274,41148.38,0.0
308197,8432.52,87728.0,145.26188253338458,36423.65,27684.9
308202,12741.85,73054.0,1994.3290094339663,12349.0,3403.0
308214,7516.83,31477.0,40.304067215484416,54978.39,8295.0
308255,2388.35,0.0,83.76068930397025,18032.6,4507.0
308362,15673.14,43267.0,145.26188253338458,55613.07,8525.3
308379,4883.81,58682.0,27.68777518100336,41420.46,4203.0
308480,6689.02,56980.0,7324.476900000001,2348.5,0.0
308591,5781.02,69512.0,145.26188253338458,43703.75,11072.6
308629,5426.14,0.0,42.08341927148998,34866.17,0.0
308704,26197.41,18495.0,156.53507531222527,37696.45,38878.0
308798,2434.68,96045.0,29.105225234667216,36608.75,6011.6
308891,2695.35,0.0,121.9993489583334,18743.0,2991.0
308991,3413.62,18168.0,145.26188253338458,42901.79,9306.2
309041,36695.91,0.0,145.26188253338458,53298.59,6882.0
309108,9487.72,56233.0,145.26188253338458,36504.59,12268.9
309110,5666.7,48156.0,145.26188253338458,33616.05,0.0
309230,5365.93,62808.0,145.26188253338458,63179.81,25834.2
309277,3444.17,0.0,145.26188253338458,36336.86,10024.0
309304,2535.32,0.0,145.26188253338458,55980.73,0.0
309352,7180.27,34161.0,145.26188253338458,42266.69,26379.4
309364,5619.69,0.0,145.26188253338458,55045.94,23334.4
309408,3985.55,75007.0,25.316074067972405,28020.39,3424.0
309456,43290.5,23203.0,229.02071777360032,38363.79,24326.7
309480,3045.06,53441.0,75.22058992724607,42585.19,6254.8
309584,2665.22,14315.0,145.26188253338458,43320.6,9823.0
309602,8688.75,59098.0,145.26188253338458,59690.67,2417.0
309639,10732.51,75728.0,1291.4393901098915,6535.0,5114.0
309727,2931.16,45768.0,145.26188253338458,45170.96,0.0
309861,26413.55,24631.0,145.26188253338458,39173.78,30672.5
309921,4139.53,45281.0,145.26188253338458,43976.58,12608.1
309933,2280.39,0.0,19.73170115923477,41371.32,13723.2
310236,5138.24,72264.0,145.26188253338458,0.0,0.0
310252,4582.67,69085.0,21.54064995106372,48030.31,15122.8
310396,3557.2,39075.0,145.26188253338458,54342.16,11914.9
310534,7531.7,82157.0,145.26188253338458,50864.1,2994.0
310681,7807.22,52162.0,3339.4163671875003,2600.0,3237.0
310700,43217.22,51504.0,145.26188253338458,45973.01,2991.0
310833,19088.34,32775.0,145.26188253338458,0.0,0.0
310853,3439.09,98278.0,145.26188253338458,45275.6,14598.3
310867,5522.77,46971.0,145.26188253338458,0.0,0.0
310911,2396.22,0.0,107.61467065868273,17607.0,4617.0
310965,2705.99,0.0,18.05145109330033,44542.81,15813.0
310983,5015.64,73809.0,145.26188253338458,41081.87,12015.6
311008,6301.1,47622.0,145.26188253338458,0.0,0.0
311346,10552.43,28505.0,46.06266184842059,51038.81,5584.0
311363,5964.35,98078.0,44.4646190767974,43693.12,2439.0
311556,3647.25,20694.0,145.26188253338458,47596.42,0.0
311619,3832.12,15192.0,80.14323203153648,20949.04,4326.0
311636,8621.17,81947.0,145.26188253338458,38970.11,0.0
311684,6307.5,0.0,145.26188253338458,41784.86,9564.6
311692,9048.98,0.0,410.635437215085,9801.0,5155.0
311762,8738.3,91890.0,145.26188253338458,48261.52,12684.0
311795,2858.45,40706.0,56.8277222815312,9875.18,0.0
311841,10682.76,52965.0,633.3995126705664,12121.0,17263.0
311857,10215.78,18150.0,145.26188253338458,0.0,0.0
311907,8343.75,64127.0,145.26188253338458,28509.08,9315.1
311943,4804.51,23604.0,145.26188253338458,46789.75,21665.2
311946,2248.45,24910.0,95.03940267741343,22377.11,3428.0
311952,5450.39,43091.0,372.1272633744858,9201.11,2734.0
312048,15234.75,72988.0,145.26188253338458,38168.92,4560.0
312074,8478.82,0.0,145.26188253338458,32717.1,11479.9
312148,10419.17,80192.0,107.11822870308822,27811.93,25656.0
312180,18745.4,27229.0,145.26188253338458,28784.55,0.0
312226,6369.26,34498.0,198.60690619455943,12404.4,0.0
312248,7280.3,32627.0,145.26188253338458,43138.73,4590.0
312312,7662.43,0.0,61.75990379413271,24801.47,27067.4
312455,7408.17,62810.0,145.26188253338458,41189.13,5299.1
312474,8819.02,99845.0,124.80825943833348,27823.07,6169.3
312490,7319.58,57777.0,145.26188253338458,32286.11,8173.8
312530,8624.92,43610.0,44.21205504898102,43684.89,9753.1
312545,2538.63,18608.0,56.68907575878086,10293.34,0.0
312568,8667.09,31354.0,145.26188253338458,35547.1,13248.7
312607,2467.98,0.0,16.473931577821233,26881.14,3846.0
312630,12866.89,0.0,117.05744305917663,26599.67,4328.0
312744,20239.38,36116.0,6995.619034090936,3707.0,0.0
312774,8793.52,72897.0,145.26188253338458,58513.8,17016.4
312863,6162.37,0.0,32.6821652543358,31236.57,11617.0
312867,5654.59,0.0,145.26188253338458,48806.65,4772.8
312933,10952.13,23748.0,64.31897891606975,30900.18,14860.6
312979,22445.28,0.0,145.26188253338458,42925.07,3621.0
313185,2227.07,27972.0,145.26188253338458,32240.75,15758.1
313254,2945.37,36167.0,145.26188253338458,41979.68,13774.0
313292,5318.9,25134.0,399.6291683820507,12654.0,0.0
313424,2311.21,24400.0,145.26188253338458,47227.72,23534.9
313437,5201.97,94186.0,82.6123873102985,27899.2,17977.9
313461,7858.05,20532.0,145.26188253338458,33604.71,4740.0
313473,12689.43,0.0,145.26188253338458,53833.45,33168.9
313477,7083.21,41449.0,145.26188253338458,32380.7,20443.3
313538,7915.98,31383.0,145.26188253338458,36707.3,13344.9
313544,2267.6,0.0,25.168663011515868,27926.8,9190.3
313571,2393.92,0.0,145.26188253338458,0.0,0.0
313602,9090.27,45310.0,145.26188253338458,46926.95,5622.1
313673,7121.08,0.0,4125.705079365105,5238.0,5449.0
313681,9388.16,75264.0,61.13711795379288,47271.71,8166.0
313688,8010.97,52009.0,54.16989110459001,44191.03,8396.1
313708,6678.9,47137.0,304.72481250000044,18990.0,11767.0
313732,2552.04,75740.0,145.26188253338458,41701.83,17699.6
313763,20496.69,0.0,384.26029910286286,23344.11,0.0
313815,7663.87,0.0,145.26188253338458,33758.52,10288.5
313837,4556.59,0.0,496.7114036834249,6534.0,0.0
313860,8936.82,37520.0,145.26188253338458,38845.37,11456.2
313982,8256.3,62902.0,49.05025391451544,27648.46,40417.3
313996,17250.75,22276.0,1131.816894952546,13165.09,0.0
314014,2434.0,23033.0,39.72571500116261,34194.43,6858.0
314065,6285.15,52210.0,40.0533516890264,39333.28,16275.8
314081,2570.43,44940.0,100.01068997128984,9842.43,0.0
314108,3123.08,0.0,145.26188253338458,34645.25,12963.5
314147,7600.44,0.0,145.26188253338458,40709.82,16390.1
314182,4691.04,0.0,145.26188253338458,0.0,0.0
314189,4626.8,79487.0,5506.897826086957,6124.0,5935.0
314202,8044.73,44320.0,145.26188253338458,44466.54,12081.1
314250,4328.86,24711.0,49.968498383964906,41111.28,9668.0
314258,8126.77,14616.0,145.26188253338458,44280.05,14037.2
314317,11196.02,75457.0,145.26188253338458,36354.73,10904.9
314328,5963.17,87020.0,145.26188253338458,41776.88,7765.0
314372,18975.46,65999.0,145.26188253338458,31085.38,24070.0
314413,4282.95,40864.0,218.08092304115323,7649.0,0.0
314441,6143.9,45032.0,145.26188253338458,0.0,0.0
314558,10722.06,54311.0,145.26188253338458,0.0,0.0
314589,24138.06,53691.0,145.26188253338458,41103.74,10733.1
314705,5319.84,25714.0,504.5231941798029,7382.0,0.0
314713,6860.59,0.0,242.15251972717223,22001.97,6617.0
314718,8467.39,21139.0,145.26188253338458,56806.17,10432.3
314742,4484.25,0.0,37.44800639710073,40337.98,17142.2
314842,9886.66,44817.0,145.26188253338458,40802.63,0.0
314898,10036.54,0.0,54.29155423863956,26058.63,6627.0
314935,4150.84,53787.0,145.26188253338458,47704.73,7926.0
314941,5394.91,29853.0,145.26188253338458,37882.43,4489.0
315014,19731.34,33588.0,1933.925644468317,8928.0,7489.0
315054,8096.31,85483.0,247.30901703596052,21111.78,6669.0
315113,5994.42,0.0,145.26188253338458,43446.72,4658.0
315225,7639.67,34075.0,145.26188253338458,34822.37,17820.4
315235,13561.2,29095.0,95.55450452885262,47288.96,11084.0
315242,7425.87,58042.0,145.26188253338458,0.0,0.0
315337,6104.5,18690.0,14691.049450549544,4388.0,0.0
315361,9206.6,24589.0,145.26188253338458,42482.65,18688.4
315482,7426.46,19634.0,145.26188253338458,45943.2,20749.4
315527,5638.26,56017.0,88.18438621249173,35279.42,22849.4
315736,2867.31,23376.0,145.26188253338458,41000.16,16546.4
315848,4961.57,20951.0,25.919797476205243,50170.76,4176.2
315851,5163.84,88692.0,145.26188253338458,48488.87,12268.3
315869,2300.69,25905.0,145.26188253338458,35803.74,0.0
316082,2897.49,0.0,145.26188253338458,19412.25,0.0
316290,3135.58,0.0,16.229372598771782,40735.92,27240.4
316307,7736.65,68980.0,383.1583785617369,13287.0,4029.0
316308,2175.74,0.0,145.26188253338458,24933.33,3360.0
316323,4151.67,0.0,254.53255228017164,18081.72,0.0
316527,2767.5,0.0,145.26188253338458,45259.92,0.0
316548,27789.69,33806.0,60376.4098214288,2168.0,0.0
316633,2691.6,33104.0,88.95474547726417,17290.18,3634.0
316644,6889.52,33786.0,145.26188253338458,35415.06,19330.6
316666,2691.57,77411.0,495.0065754114886,977.0,4511.0
316752,8564.77,95697.0,50.3842750455442,40282.46,19093.1
316793,34611.38,20090.0,491.6312674148909,22678.82,6580.0
316933,2540.55,37125.0,37.74629918588876,29908.2,21919.9
316970,8428.47,12180.0,5583.287749546305,3532.0,0.0
316982,8653.56,69704.0,58.390949190100535,44975.55,10569.7
317001,4282.95,40864.0,2583.9285123966943,5442.0,11478.0
317060,3272.01,0.0,145.26188253338458,34371.47,16241.7
317094,5568.95,0.0,42.23825512653121,31979.05,9701.4
317100,12280.77,88340.0,145.26188253338458,47008.72,12142.9
317137,4883.12,53305.0,225.4602968460113,17480.0,0.0
317205,3790.19,66169.0,27.554495086973848,38442.87,15843.4
317260,7482.85,0.0,139.52696040868463,19168.45,7614.0
317624,10179.72,14290.0,145.26188253338458,31035.12,22728.7
317664,5923.52,73758.0,145.26188253338458,23263.57,0.0
317683,7444.81,56047.0,49.61195004034896,39634.69,17312.0
317689,2389.98,27615.0,145.26188253338458,0.0,0.0
317726,4060.96,0.0,145.26188253338458,38031.68,14554.0
317774,22523.71,69346.0,178.328548807514,35857.62,11978.0
317776,2534.99,25163.0,145.26188253338458,31060.33,12317.7
317827,2513.97,50450.0,145.26188253338458,50461.4,25316.1
317888,2506.02,61402.0,145.26188253338458,32754.29,0.0
317919,21423.64,0.0,145.26188253338458,26451.68,2993.0
318180,7286.16,0.0,145.26188253338458,33268.62,11205.3
318199,6563.64,32375.0,145.26188253338458,37579.3,11001.3
318264,7942.17,41832.0,145.26188253338458,30820.18,11839.0
318285,12157.33,57449.0,373.8668337686412,19065.6,0.0
318291,2863.31,36706.0,145.26188253338458,0.0,0.0
318537,5764.65,21195.0,145.26188253338458,0.0,0.0
318561,4499.49,16969.0,32.40044685132575,34859.84,0.0
318564,2609.88,30825.0,145.26188253338458,34505.6,0.0
318595,17019.01,89601.0,1533.8120123456815,7195.0,0.0
318654,3372.42,93489.0,14.867397609492462,42225.71,23126.8
318751,4240.93,49746.0,145.26188253338458,20329.63,13186.0
318753,5794.1,88370.0,212.7055800293686,18309.82,2741.0
318755,2543.0,26691.0,145.26188253338458,28829.75,21942.4
318786,2435.69,32931.0,145.26188253338458,30461.85,4594.2
318845,8489.84,0.0,145.26188253338458,0.0,0.0
318902,4774.75,0.0,145.26188253338458,34525.1,7685.5
318945,6846.15,0.0,43.997412049595695,39955.84,13659.1
319012,5534.82,81945.0,83.05483929320256,27277.88,0.0
319052,13104.3,30130.0,62.84119395219778,56733.16,22391.8
319059,6342.47,86687.0,145.26188253338458,39558.88,15039.0
319092,6758.81,0.0,694.0856951269847,11374.84,0.0
319123,8970.65,12829.0,68.11640038278308,36675.36,11765.3
319193,4849.7,36413.0,286.3687176445212,16128.19,5175.6
319304,2659.98,21297.0,35.70114726971871,26414.64,0.0
319378,9501.01,46855.0,41.26057312488103,45513.71,14579.5
319387,10114.99,74001.0,145.26188253338458,33875.85,0.0
319430,6366.23,44368.0,125.79211884439798,45089.27,8776.1
319433,6883.69,84869.0,145.26188253338458,51210.87,13027.9
319464,8560.16,28120.0,145.26188253338458,0.0,0.0
319469,3557.37,17272.0,57.854497130534,33146.15,8928.0
319501,5395.09,86640.0,40.95803786849333,45312.36,8724.1
319504,4755.76,72193.0,60.69569616004143,31969.88,4822.0
319658,7472.67,44385.0,275.67460582171043,17833.82,4210.0
319664,10213.56,39719.0,62.927898638794375,32067.08,13586.2
319671,7607.98,31456.0,170.68526418016864,24998.6,4220.0
319742,29006.67,40252.0,1376.9227682983949,7829.21,5147.0
319766,5578.52,27756.0,145.26188253338458,0.0,0.0
319768,2749.19,0.0,253.8676884803513,10227.0,3430.0
319801,5595.39,74454.0,405.2216964285721,9006.0,5501.0
319822,4241.64,19834.0,145.26188253338458,26619.3,5089.0
319850,4362.93,58842.0,145.26188253338458,32298.74,6219.0
319868,7366.09,30250.0,145.26188253338458,35403.86,4660.0
319901,5595.39,74454.0,13261.800974026002,767.0,5003.0
319947,18939.51,21911.0,145.26188253338458,44497.08,26030.0
320004,32098.32,31503.0,145.26188253338458,39007.44,6432.0
320031,8296.18,0.0,46.62478469380842,35457.01,15829.9
320042,6863.71,0.0,108.87864847715744,20879.19,0.0
320180,8564.77,95697.0,40.84679072299652,39504.7,37536.5
320183,4362.93,58842.0,388.02861842105335,8421.0,12535.0
320191,5450.39,43091.0,145.26188253338458,49177.55,11830.0
320377,16979.8,35095.0,145.26188253338458,0.0,0.0
320414,7185.67,63741.0,301.35230371505173,7335.0,0.0
320576,14024.36,81872.0,145.26188253338458,32757.86,9738.5
320685,4605.04,22571.0,145.26188253338458,43599.0,11364.1
320728,14703.13,0.0,2102.092616529576,8422.0,0.0
320772,2482.2,31093.0,145.26188253338458,40051.86,6624.0
320784,7196.72,0.0,145.26188253338458,24605.11,10520.3
320980,10979.1,94827.0,896.8380828049236,8066.0,0.0
320996,7412.03,52497.0,300.487702702703,14309.0,3039.0
321012,2549.79,72217.0,145.26188253338458,35301.78,12646.9
321027,25626.71,14278.0,145.26188253338458,36629.96,12800.9
321074,14635.45,0.0,94.7566769745634,31088.12,19920.5
321213,15374.18,42570.0,249.70856380020035,30385.31,9796.4
321227,6252.36,92895.0,145.26188253338458,33538.78,11776.1
321388,11360.46,0.0,145.26188253338458,32292.15,0.0
321427,2287.92,69024.0,349.507868303572,9507.0,3710.0
321436,4349.1,90893.0,145.26188253338458,52015.09,24074.7
321457,6997.83,56940.0,42.503637919787714,38663.77,3958.0
321557,4595.52,95550.0,145.26188253338458,0.0,0.0
321656,2840.9,0.0,145.26188253338458,0.0,0.0
321666,5067.21,29095.0,24.892251838791957,47648.33,10879.0
321734,8973.11,69736.0,678.0921635610773,9603.0,0.0
321748,8653.56,69704.0,145.26188253338458,49988.95,0.0
321762,2878.85,0.0,145.26188253338458,28673.45,11632.4
321795,5556.28,97424.0,145.26188253338458,24862.75,11170.1
321954,12819.1,10105.0,145.26188253338458,52104.34,17222.5
322000,13770.98,59207.0,145.26188253338458,33808.95,17020.8
322102,3992.58,0.0,145.26188253338458,0.0,0.0
322169,8481.31,67197.0,57.169205014275335,62385.61,9690.4
322193,2175.62,0.0,12.20914800550418,50058.22,10392.0
322294,7849.13,54431.0,801.0062767940364,10039.0,4855.0
322435,7851.9,25950.0,145.26188253338458,0.0,0.0
322451,5064.13,78735.0,29.35741524279648,47659.63,6767.0
322501,13363.52,86653.0,145.26188253338458,43217.25,10400.6
322606,9175.17,68164.0,96.1566400724323,34633.4,6581.0
322733,5008.28,92864.0,145.26188253338458,41440.84,13152.8
322955,2677.22,56536.0,697.6572822465507,4432.0,0.0
323043,2230.76,0.0,17.715820988182607,44010.93,7060.0
323068,8719.9,59763.0,145.26188253338458,37597.27,7510.0
323099,4726.87,13037.0,175.3450429391738,38585.77,16998.0
323154,6005.85,13528.0,24.32624508955324,51430.19,18723.4
323249,6444.08,46750.0,771.5984253690548,8440.0,0.0
323311,6462.22,0.0,145.26188253338458,38902.68,12631.2
323341,31934.62,56516.0,145.26188253338458,0.0,0.0
323345,7439.98,0.0,145.26188253338458,56497.05,12783.2
323424,10978.78,92914.0,145.26188253338458,36963.73,0.0
323448,3021.94,0.0,145.26188253338458,45191.61,19031.5
323542,10571.54,94137.0,145.26188253338458,39332.95,32097.8
323593,3237.31,0.0,48559.65000000107,2322.0,0.0
323660,37111.66,61552.0,2400.0276222537223,11093.0,0.0
323720,16706.12,63933.0,145.26188253338458,44730.73,10514.6
323735,2805.18,98859.0,145.26188253338458,43249.41,19207.0
323776,7340.5,50165.0,1073.4304887820522,6095.0,0.0
323792,13752.47,0.0,145.26188253338458,0.0,0.0
323821,5297.63,14775.0,23.32387731141767,60070.82,20800.9
324048,19582.47,26463.0,145.26188253338458,43929.28,9737.5
324049,22041.86,0.0,145.26188253338458,0.0,0.0
324066,5058.93,0.0,1085.330789576806,2172.0,0.0
324125,6494.24,15300.0,229.58290717495743,31998.25,16395.7
324139,9165.72,53792.0,145.26188253338458,44360.84,10007.3
324143,6838.77,15871.0,145.26188253338458,29261.58,4196.0
324242,3105.35,97234.0,145.26188253338458,41156.53,0.0
324248,10656.88,72540.0,145.26188253338458,41858.7,26425.1
324295,5531.63,50648.0,69.00012815488857,28287.31,9249.7
324364,4965.49,0.0,145.26188253338458,37469.14,7413.0
324404,23594.68,76358.0,586.3010048472307,13312.86,4093.0
324506,5528.21,36088.0,64.4190099926572,22801.8,12604.6
324557,3914.72,0.0,145.26188253338458,36306.52,10199.2
324662,7098.91,0.0,145.26188253338458,39975.75,13092.0
324707,4572.04,0.0,145.26188253338458,25709.77,11517.0
324713,5580.96,25180.0,145.26188253338458,0.0,0.0
324739,2488.24,48597.0,27.650562170620987,31847.98,7626.6
324773,3692.58,0.0,145.26188253338458,26603.16,23563.5
324801,5420.36,31614.0,145.26188253338458,28807.0,14871.3
324881,4815.01,25398.0,45.62663459566393,41013.4,20614.2
324900,14590.25,46244.0,10228.12019846353,4011.0,2455.0
324997,25464.82,13663.0,145.26188253338458,33648.46,26498.3
325082,5509.38,34236.0,145.26188253338458,39796.63,13953.7
325134,10777.57,53437.0,145.26188253338458,47668.91,9469.6
325190,9840.08,94590.0,145.26188253338458,35584.98,14483.7
325268,4347.59,81412.0,145.26188253338458,47663.33,15853.4
325367,3444.97,0.0,30.509761364601417,46390.47,11267.0
325379,2309.6,22567.0,13.177874406959386,36662.68,8552.9
325382,6656.71,0.0,145.26188253338458,42102.39,11703.1
325490,32725.3,39894.0,301.53115344225216,34277.47,0.0
325498,4846.32,0.0,26.24849089193184,32066.29,4196.0
325593,12556.95,0.0,634.8042590027703,14741.0,3811.0
325599,8712.16,68516.0,145.26188253338458,31591.51,17292.9
325661,2381.79,78185.0,145.26188253338458,41226.32,27895.8
325778,7325.89,52920.0,145.26188253338458,29512.88,17438.7
325802,5879.18,85857.0,42.56700646469215,38999.96,6509.4
325830,5584.96,19724.0,97.81078336193566,45159.34,7024.3
325901,7507.46,60920.0,969.7615547953304,9327.0,4392.0
325935,3561.6,0.0,145.26188253338458,35505.23,0.0
326001,8688.75,59098.0,37.56996848826604,35262.91,12247.4
326028,13869.93,28432.0,3062.01075604839,8231.0,0.0
326069,5639.94,73168.0,145.26188253338458,35488.76,4486.0
326174,4014.45,37384.0,1795.6792279411814,3528.0,0.0
326234,2404.38,62488.0,145.26188253338458,45050.36,6605.0
326240,4938.89,36913.0,145.26188253338458,8683.53,8388.5
326267,4957.4,10194.0,145.26188253338458,32762.63,10400.8
326272,2727.08,29286.0,54.97497348964626,56276.83,0.0
326280,5687.9,99747.0,145.26188253338458,51295.37,0.0
326418,6513.61,50037.0,145.26188253338458,34825.89,21060.9
326561,4554.56,85140.0,145.26188253338458,11859.88,0.0
326564,5335.38,91603.0,145.26188253338458,36814.91,10170.8
326603,11776.0,58881.0,145.26188253338458,40503.71,4286.0
326699,2752.66,81280.0,145.26188253338458,55817.85,7489.8
326703,4985.24,31702.0,1690.0426625387042,6767.0,0.0
326707,4200.82,20263.0,145.26188253338458,55095.73,9729.9
326724,7218.16,95058.0,145.26188253338458,36780.13,13831.3
326803,10418.31,27951.0,145.26188253338458,36655.2,8285.7
326823,6978.72,53808.0,49.72694262890342,31358.41,0.0
326905,4068.09,0.0,35.90197065337585,26849.53,5912.0
326961,7619.48,0.0,145.26188253338458,44823.86,27590.5
326988,6486.11,87210.0,73.21797952619538,36608.69,5747.5
327015,4558.5,0.0,145.26188253338458,37424.78,16304.6
327019,2801.56,33247.0,1386.8481916817393,795.0,0.0
327098,8804.54,48990.0,36.72163425280527,50154.4,30285.2
327163,5004.14,86834.0,145.26188253338458,40756.52,10402.5
327203,3155.91,58213.0,190.48183496858135,10102.0,12161.0
327285,9277.23,71416.0,145.26188253338458,30481.61,21506.5
327320,2456.82,50979.0,145.26188253338458,30678.78,9533.2
327365,7255.71,10710.0,3008.331105641817,3365.0,0.0
327470,4655.39,0.0,145.26188253338458,29353.67,0.0
327474,4194.66,25581.0,93.06206565388464,15122.04,11167.8
327498,7956.15,44818.0,145.26188253338458,0.0,0.0
327530,4566.38,0.0,51.91514162961796,36990.47,17743.6
327555,8007.4,0.0,202.70071018392656,35948.65,3165.0
327565,4219.02,62396.0,145.26188253338458,0.0,0.0
327638,5645.4,50366.0,802.8198701298702,4452.0,6236.0
327653,2471.53,95697.0,145.26188253338458,31688.58,2236.0
327688,5328.84,81064.0,145.26188253338458,37012.39,7398.6
327796,4191.06,0.0,66.93275237185426,28500.09,2932.0
327866,7778.53,63786.0,97.19423406748776,29730.82,0.0
327903,4376.36,63774.0,518.9640675763492,5307.0,3397.0
327910,6847.12,71038.0,145.26188253338458,31174.49,8284.0
327972,2582.41,76731.0,145.26188253338458,42903.58,0.0
328111,16060.07,0.0,76.25090469426408,50464.38,18154.5
328116,13160.34,94125.0,145.26188253338458,37813.37,7624.7
328173,5247.85,0.0,145.26188253338458,34392.26,3357.0
328180,2567.15,40864.0,119.39471839959236,19001.0,7780.0
328181,10014.06,0.0,77.27595152051599,42332.71,0.0
328188,2527.65,80744.0,12.886896489108349,36095.09,13881.6
328198,8223.16,95102.0,145.26188253338458,38062.79,24182.3
328213,3403.92,38460.0,145.26188253338458,44301.41,10676.5
328303,20477.11,58317.0,145.26188253338458,51184.93,21603.7
328323,8927.13,96768.0,141.0234166039108,20868.53,3164.0
328349,3961.59,0.0,802.4308268590477,2888.0,4788.0
328394,13466.92,11432.0,145.26188253338458,0.0,0.0
328446,15695.54,97750.0,145.26188253338458,37151.95,0.0
328543,7199.65,63328.0,43.24548187814319,28337.71,7455.0
328576,5376.89,30039.0,29.370714511621696,43386.9,23976.3
328602,36229.41,22220.0,145.26188253338458,0.0,0.0
328623,17367.53,41418.0,73.90705405849701,69349.45999999999,4423.0
328668,8649.7,94389.0,145.26188253338458,40911.42,20665.9
328754,4866.65,0.0,145.26188253338458,44781.24,8483.0
328936,4005.72,28987.0,145.26188253338458,36080.01,13702.8
329039,3580.26,75333.0,145.26188253338458,47807.15,0.0
329056,2454.59,0.0,28.048153864456022,26423.41,5339.0
329088,27789.69,33806.0,145.26188253338458,31681.39,17029.7
329094,14396.24,0.0,145.26188253338458,57193.66,23569.3
329162,2472.23,76441.0,145.26188253338458,31555.02,14145.5
329214,8382.63,19683.0,145.26188253338458,36775.35,13672.1
329215,4165.4,0.0,145.26188253338458,38597.85,5297.2
329281,5706.96,83073.0,1453.2840000000024,4445.0,0.0
329300,5217.51,39854.0,145.26188253338458,63388.83,13598.3
329302,11009.13,51643.0,145.26188253338458,33980.23,20096.3
329355,3644.83,82477.0,34.18397825498573,56674.79,11965.4
329358,4599.76,79284.0,196.07354406726884,17822.0,2887.0
329364,9618.31,80536.0,145.26188253338458,57896.49,11240.0
329382,3961.59,0.0,145.26188253338458,0.0,0.0
329446,2824.85,48008.0,145.26188253338458,0.0,0.0
329587,5106.11,30110.0,145.26188253338458,30320.32,3191.0
329660,5234.78,0.0,145.26188253338458,34946.21,6895.1
329692,2191.13,0.0,145.26188253338458,41588.4,10678.0
329720,10391.78,81439.0,145.26188253338458,51853.06,0.0
329730,7547.76,0.0,234.3479833953364,13668.66,0.0
329735,13057.17,48804.0,145.26188253338458,26183.4,0.0
329736,17759.39,0.0,145.26188253338458,38564.53,11047.4
329826,9778.73,99364.0,145.26188253338458,55467.73,8958.5
329833,10053.55,16511.0,145.26188253338458,0.0,0.0
329839,22806.47,10337.0,108.88350272066135,41366.68,11512.2
329910,17557.54,68273.0,2664.6578378378417,7357.0,0.0
330040,4110.62,31842.0,18.27142457012032,29237.27,26827.8
330053,12840.43,0.0,145.26188253338458,46115.25,29955.2
330131,19688.32,83879.0,173.48840712664776,43432.73,13091.3
330249,4755.37,21808.0,145.26188253338458,37327.79,12070.5
330278,20725.38,15529.0,145.26188253338458,32364.74,17154.0
330316,5479.85,38210.0,145.26188253338458,36070.48,10114.0
330343,8038.95,71982.0,145.26188253338458,35957.77,27878.7
330365,3413.62,18168.0,145.26188253338458,45636.99,0.0
330433,8614.69,64220.0,145.26188253338458,46373.87,5412.0
330464,5146.9,93752.0,145.26188253338458,32172.69,13865.0
330468,5274.2,10629.0,145.26188253338458,35052.2,13647.2
330515,5416.41,53249.0,145.26188253338458,41278.19,19295.5
330562,14727.51,97785.0,736.039408945687,8189.0,6260.0
330680,14014.72,54193.0,171.01864184653252,37149.26,15155.5
330694,6172.91,99960.0,385.3010574018132,12419.0,4041.0
330741,7462.93,70263.0,145.26188253338458,40224.71,13419.5
330779,3863.31,47199.0,145.26188253338458,38948.18,5283.9
330783,8159.14,40589.0,66.89637426742951,25595.28,15610.4
330858,2996.89,51199.0,145.26188253338458,53293.64,39477.9
330870,12780.28,33514.0,1859.9689792663517,7792.0,6171.0
330947,4303.47,0.0,553.7367391304351,8045.0,0.0
330988,5969.55,97431.0,88.38504271424053,21151.89,3812.0
331078,2722.21,17576.0,145.26188253338458,41672.66,7615.2
331094,10592.59,59590.0,1645.2320638297872,8886.0,3970.0
331184,2821.0,0.0,62.37558685446013,20584.63,0.0
331258,4681.53,14606.0,145.26188253338458,32655.43,18283.7
331301,11320.83,41692.0,145.26188253338458,49633.53,19912.0
331325,3226.79,19948.0,145.26188253338458,40701.21,19985.9
331353,8079.83,13050.0,50.100166483101134,46357.45,2591.0
331560,17019.01,89601.0,145.26188253338458,57476.75,18627.6
331598,8621.0,44988.0,145.26188253338458,37160.07,8694.0
331669,4787.21,0.0,493.6383450574915,6733.05,7923.0
331697,14435.67,60880.0,145.26188253338458,34832.84,3059.0
331698,5096.67,22886.0,145.26188253338458,44132.91,16018.5
331699,13575.68,48534.0,145.26188253338458,29431.75,22408.4
331706,6410.97,61709.0,145.26188253338458,50219.63,5187.0
331857,2827.33,20368.0,145.26188253338458,30465.58,5643.0
331992,6739.66,0.0,145.26188253338458,0.0,0.0
331995,4984.62,86305.0,317.2536618539445,13881.39,0.0
332003,6156.36,78824.0,145.26188253338458,0.0,0.0
332027,15328.46,0.0,145.26188253338458,28517.76,0.0
332077,9424.26,46897.0,256.93951956258707,24532.64,4051.0
332082,5465.6,54422.0,145.26188253338458,28565.25,15514.9
332175,2433.02,0.0,145.26188253338458,38786.5,29780.5
332208,4733.51,0.0,145.26188253338458,37904.61,22012.1
332225,2959.95,28140.0,30.311190135510493,31434.05,17492.1
332276,5360.56,24254.0,53.63087263039023,50035.66,20126.7
332289,2912.6,65436.0,18.575255102040817,34548.63,24342.2
332387,5103.36,39452.0,145.26188253338458,35441.92,20016.5
332430,9747.99,0.0,62.45289462043979,27937.72,0.0
332466,2320.75,19581.0,11.930257729345229,31413.7,0.0
332711,2879.51,42247.0,145.26188253338458,30407.83,4917.2
332716,7250.03,0.0,97.51462759423768,20613.9,11559.4
332780,2748.93,55964.0,18.24428123342678,26625.21,16431.2
332823,15266.48,25852.0,387.6124709003052,30166.46,14191.1
332855,7739.55,64859.0,145.26188253338458,0.0,0.0
332869,3808.12,94903.0,145.26188253338458,42157.81,0.0
332962,22332.44,49078.0,145.26188253338458,49606.08,13966.4
332983,4479.02,94656.0,549.09615987461,6978.0,0.0
333039,14246.15,0.0,145.26188253338458,34534.5,0.0
333051,51426.25,84650.0,11539.29175204918,7100.0,0.0
333064,13891.74,42305.0,145.26188253338458,47621.56,12057.2
333207,2902.15,96137.0,71.18402631555372,20459.27,11627.5
333213,9448.83,85221.0,187.6372640585556,49109.01,8675.4
333295,18544.3,34087.0,114.2169789829822,26768.28,9304.3
333451,5913.31,43676.0,145.26188253338458,39072.12,20525.7
333502,3891.58,0.0,145.26188253338458,33735.33,3206.0
333595,7079.17,24450.0,145.26188253338458,46041.19,3814.0
333621,4692.17,0.0,145.26188253338458,42020.89,20469.6
333644,8717.05,83846.0,61186.98557692442,1905.0,0.0
333680,6291.66,89113.0,145.26188253338458,37471.38,9969.1
333694,2853.37,65099.0,145.26188253338458,53246.45,22634.7
333773,2771.05,50071.0,13.93339791166621,40546.95,3476.0
333799,6656.71,0.0,145.26188253338458,47986.42,18273.3
333825,9671.98,17103.0,145.26188253338458,58810.41,12146.0
334003,4668.04,53252.0,145.26188253338458,40254.34,19955.8
334143,7873.71,22355.0,145.26188253338458,31796.5,28809.3
334192,14635.45,0.0,145.26188253338458,0.0,0.0
334224,8467.37,0.0,145.26188253338458,55922.72,17950.7
334273,5420.34,21881.0,48.18568946620662,31697.4,23911.7
334324,14816.95,0.0,181.8342416886332,44791.32,2649.0
334329,2725.36,36650.0,145.26188253338458,30808.94,3874.0
334437,18767.55,0.0,145.26188253338458,41465.25,18946.5
334454,2419.31,0.0,14.563804843561712,39770.99,28910.3
334574,5403.55,27430.0,145.26188253338458,0.0,0.0
334575,2580.85,46900.0,145.26188253338458,30735.45,5442.0
334997,15673.14,43267.0,145.26188253338458,38031.7,0.0
335137,4932.92,37260.0,145.26188253338458,24277.13,11527.7
335143,21766.83,0.0,132.2139906863738,34846.03,0.0
335162,9124.6,99368.0,145.26188253338458,50942.57,8169.0
335246,5895.11,78352.0,362.445,11051.0,0.0
335306,2978.85,64586.0,103.78772909507448,11530.0,2636.0
335324,8341.93,30344.0,145.26188253338458,38688.58,7742.5
335365,6685.8,31517.0,145.26188253338458,39602.46,9046.2
335371,4899.98,76594.0,19.6751347159094,43843.01,3572.0
335421,8467.27,16370.0,145.26188253338458,45453.74,5295.0
335545,10656.88,72540.0,94.98203288680084,34398.25,9952.6
335554,5313.29,0.0,145.26188253338458,54481.58,2632.0
335671,5061.76,0.0,145.26188253338458,50878.45,12185.6
335755,4268.62,43209.0,145.26188253338458,38591.46,8767.0
335839,4882.49,80604.0,145.26188253338458,46363.07,10300.0
335852,2510.63,0.0,145.26188253338458,49419.14,18396.8
335964,11660.57,21506.0,145.26188253338458,43895.95,17936.4
336025,8161.78,45270.0,145.26188253338458,29839.45,7474.6
336037,3059.43,0.0,40.96353655270911,18924.15,0.0
336076,3179.47,65742.0,9066.457421875031,2466.0,0.0
336127,7150.23,63651.0,145.26188253338458,41697.42,3583.0
336138,2409.37,0.0,16.72870185899818,22848.84,17174.1
336139,3669.83,0.0,145.26188253338458,42903.26,6399.2
336141,5182.39,44820.0,145.26188253338458,51207.36,12099.3
336143,5495.18,25564.0,145.26188253338458,49822.87,3129.0
336238,12269.42,60774.0,1379.988382842354,3305.09,0.0
336247,20237.15,55270.0,145.26188253338458,53276.66,8600.0
336271,2952.58,57248.0,145.26188253338458,45189.02,2961.0
336281,11790.5,25251.0,78.55913933348911,50201.54,14748.3
336341,4709.52,0.0,145.26188253338458,31236.22,11866.2
336357,8274.15,69011.0,172.12988593314816,41324.52,5168.0
336451,6965.42,25411.0,12381.712500000023,1052.0,0.0
336469,10682.76,52965.0,125.75275852282498,31533.08,3692.0
336484,5363.08,36357.0,123.06209922800318,40903.97,9055.5
336539,5096.67,22886.0,42.27919431818182,34374.78,11644.0
336541,2859.41,51790.0,82.01500264559965,16952.52,0.0
336665,25674.15,66550.0,1741.1863154961025,4269.0,4985.0
336722,36860.73,66216.0,145.26188253338458,35646.72,13405.1
336724,14970.29,85297.0,145.26188253338458,37903.24,10272.5
336770,2875.43,84768.0,117.20851760028587,35545.87,9668.0
336809,5557.93,83576.0,145.26188253338458,40028.3,11107.4
336817,8382.48,25998.0,679.1576470588243,12127.0,0.0
336831,2899.7,65247.0,3122.0958702065204,2083.0,0.0
336878,2640.52,97666.0,14456.847000000002,94.0,0.0
336882,2746.12,96339.0,9.168939538083253,105958.2,21585.9
336902,23594.68,76358.0,4072.536979823459,2912.0,0.0
337066,2530.71,89451.0,19.619976550568857,42478.12,15186.9
337148,22332.44,49078.0,145.26188253338458,19900.9,0.0
337235,3095.63,53588.0,145.26188253338458,54042.44,16076.4
337260,7613.19,36247.0,145.26188253338458,32417.72,9986.4
337341,2452.06,30216.0,145.26188253338458,19645.26,7290.3
337453,9011.13,88708.0,145.26188253338458,38979.3,27010.4
337488,4178.59,62113.0,35.02844844745224,32755.97,17100.3
337812,5603.74,95284.0,145.26188253338458,0.0,0.0
337815,4272.59,81132.0,145.26188253338458,49571.41,9450.6
337818,6762.08,40372.0,145.26188253338458,46668.56,18602.5
337842,2441.39,0.0,145.26188253338458,31324.41,14658.5
337857,12846.45,93210.0,145.26188253338458,35091.98,5682.9
337925,7090.47,45254.0,145.26188253338458,26348.35,0.0
337932,25464.82,13663.0,431.117311188898,20746.32,3918.0
337945,5638.93,20920.0,34.210116221668315,38645.96,0.0
337980,9155.24,0.0,145.26188253338458,39416.41,28129.5
337983,8719.13,0.0,145.26188253338458,32350.97,14890.2
338059,16468.22,0.0,145.26188253338458,35514.770000000004,20892.1
338125,9011.76,63885.0,20515.33721413732,1195.0,0.0
338212,4754.65,30886.0,145.26188253338458,36102.94,14362.1
338285,7414.44,62473.0,65.55506947270507,30485.71,21376.2
338291,14895.4,48081.0,3598.954766107686,6487.0,0.0
338295,5692.68,86073.0,145.26188253338458,0.0,0.0
338346,6875.61,0.0,145.26188253338458,50468.22,22769.1
338750,2545.52,29250.0,145.26188253338458,0.0,0.0
338786,2294.48,0.0,145.26188253338458,33603.13,31517.4
338803,5390.27,70705.0,637.3335114998393,7155.0,0.0
338808,5934.74,87747.0,618.9086000000015,11496.0,0.0
338837,4669.23,76157.0,145.26188253338458,0.0,0.0
338838,3136.08,0.0,145.26188253338458,41113.35,8098.0
338872,3589.37,30944.0,26.137214786322925,40658.45,35901.2
339005,2430.48,33775.0,16.540495187712168,41649.57,14011.1
339151,5091.1,20244.0,145.26188253338458,46414.28,22406.8
339220,2816.76,66023.0,145.26188253338458,40599.62,16240.7
339274,8681.05,0.0,145.26188253338458,0.0,0.0
339371,25805.51,86901.0,1937.270907034143,9767.0,0.0
339573,11628.73,97830.0,145.26188253338458,39700.02,2307.0
339800,2946.15,89270.0,224.4728666258456,11647.89,0.0
339819,5333.04,55674.0,145.26188253338458,24838.12,4594.2
339845,4250.28,0.0,98.62128108630428,15971.98,0.0
339880,34243.51,51255.0,162.5655022032849,38306.94,0.0
339927,8002.31,0.0,145.26188253338458,41208.43,7427.1
339941,3309.25,85632.0,145.26188253338458,32492.55,0.0
340156,5206.76,21594.0,145.26188253338458,0.0,0.0
340277,4063.33,46928.0,145.26188253338458,39469.13,33476.7
340307,3157.55,46655.0,145.26188253338458,35492.48,0.0
340467,5439.36,69186.0,145.26188253338458,34167.55,4081.0
340479,5055.9,88989.0,30.922158548233057,48624.98,18764.4
340492,2686.54,26713.0,145.26188253338458,0.0,0.0
340574,2666.05,86321.0,38.549373097670006,26285.19,0.0
340583,9080.28,68073.0,76.57372379137068,50809.54,11191.7
340604,6521.37,72608.0,145.26188253338458,0.0,0.0
340638,8360.15,48521.0,952.5873309053076,12807.0,3309.0
340691,4713.4,0.0,145.26188253338458,34372.74,11141.6
340723,2393.81,58237.0,616.758105882353,10258.0,3180.0
340736,6899.71,37308.0,145.26188253338458,0.0,0.0
340782,5918.33,94846.0,109.8506188722998,29498.7,3719.0
340802,20096.89,92766.0,134.92617321071532,43383.73,27103.5
340874,26305.42,35300.0,1099.0703182234442,13262.0,14382.0
340881,2574.2,43846.0,145.26188253338458,0.0,0.0
340924,8783.17,16994.0,93.8310609490063,30024.24,10440.7
340925,6575.45,84146.0,34.33057779324748,64914.0,8907.2
340927,14566.09,52564.0,181.97516617493037,34140.9,0.0
340931,32677.34,39393.0,371.43825675159457,29392.35,15561.0
340934,4882.29,21236.0,145.26188253338458,0.0,0.0
341169,13021.09,0.0,145.26188253338458,47660.46,0.0
341185,7707.81,0.0,145.26188253338458,41997.27,0.0
341302,10856.18,37233.0,145.26188253338458,26479.51,17200.7
341549,9435.54,0.0,71.92884124844754,38854.51,8609.0
341594,4187.78,52471.0,145.26188253338458,38013.7,0.0
341725,7462.93,70263.0,44.79967298941944,55500.29,7715.0
341728,8628.3,0.0,145.26188253338458,48597.64,5434.0
341867,5274.2,10629.0,145.26188253338458,46283.4,14972.3
341897,8232.76,56021.0,15815.565263157896,1218.0,0.0
341904,2254.4,0.0,9458.114942528944,1978.0,0.0
341907,2605.6,20592.0,145.26188253338458,34447.75,5852.0
341942,14137.23,31794.0,145.26188253338458,34952.2,4764.0
342007,4897.98,30503.0,126.75841800378628,30823.13,6004.0
342044,3308.0,79797.0,145.26188253338458,50586.45,0.0
342156,2650.62,39035.0,145.26188253338458,41994.82,23048.9
342407,7163.8,44527.0,145.26188253338458,36482.28,0.0
342483,23706.11,0.0,392.5921120689655,41121.41,14993.2
342527,2472.25,62006.0,145.26188253338458,43374.57,15659.3
342554,2195.3,0.0,14.055124118285407,35494.16,16992.4
342569,2230.28,0.0,145.26188253338458,0.0,0.0
342570,35022.45,25270.0,145.26188253338458,44456.96,0.0
342583,9175.17,68164.0,145.26188253338458,51901.12,8859.7
342679,4652.89,0.0,145.26188253338458,39620.59,20624.1
342725,2471.53,95697.0,145.26188253338458,35818.1,11967.4
342738,5028.84,0.0,145.26188253338458,0.0,0.0
342836,4909.03,98693.0,208.83402680652688,16614.0,0.0
342929,4145.71,25943.0,145.26188253338458,31448.23,4736.7
342945,3980.84,92539.0,145.26188253338458,6424.99,0.0
342958,5218.97,21371.0,150.52698794419086,21230.24,4354.0
342980,19480.5,50809.0,1911.393145161292,10275.0,0.0
343001,5310.86,0.0,35.53523953965564,39811.27,7059.0
343011,8861.48,58480.0,145.26188253338458,28140.13,0.0
343051,8730.42,43259.0,459.5399653896075,15021.0,3919.0
343103,2526.73,33485.0,145.26188253338458,43963.67,14235.5
343139,41745.01,45431.0,145.26188253338458,37288.73,39430.7
343218,21480.82,15505.0,145.26188253338458,45908.7,9745.0
343247,3351.57,29160.0,522.0439758179239,5504.0,0.0
343377,4920.49,21366.0,145.26188253338458,36908.79,8534.3
343383,2790.68,53882.0,145.26188253338458,47262.31,0.0
343425,5532.75,91212.0,247.75533676849489,10486.91,6148.4
343547,2746.9,0.0,18.396838503105545,42059.5,21401.8
343605,6846.15,0.0,145.26188253338458,44351.89,16628.1
343706,5780.18,51066.0,38.19873332693601,38015.43,9523.5
343879,2514.59,43860.0,154.2045278897852,10457.0,9632.0
343884,12515.18,0.0,145.26188253338458,0.0,0.0
343978,5375.84,69050.0,249.99447056275403,15281.23,9494.3
343994,5479.56,56005.0,145.26188253338458,56357.14,20121.7
344009,4117.47,86101.0,52.705264062321,34377.14,16957.2
344039,13448.81,43720.0,5993.669902319913,2856.0,0.0
344052,2638.14,79699.0,121.62701780977656,17151.0,4534.0
344121,5520.48,94676.0,26.771149689991145,52083.97,36532.5
344180,4502.67,0.0,101.72113988033844,14326.84,5768.4
344199,4563.87,0.0,145.26188253338458,32431.95,13648.3
344232,51426.25,84650.0,145.26188253338458,51258.91,14162.2
344260,2631.88,16976.0,145.26188253338458,32431.48,14004.1
344372,11923.75,24581.0,610.5165178153941,6600.0,16054.0
344413,16265.59,85322.0,145.26188253338458,43015.16,0.0
344464,15025.19,35158.0,90.28629735033488,51102.14,5446.0
344483,12495.74,0.0,145.26188253338458,52961.29,8379.0
344527,31269.27,90289.0,980.4215673641894,35377.49,13215.3
344570,6647.85,0.0,358.8383984028396,14557.0,8045.0
344580,4538.85,82297.0,174.31889047111338,14622.54,4275.0
344627,2703.47,0.0,145.26188253338458,46617.19,8675.4
344669,3331.45,73695.0,1511.158968516988,3214.0,3403.0
344671,10932.21,72462.0,526.9984569667621,6916.0,2820.0
344749,5382.75,77552.0,3508.399553571433,3606.0,6355.0
344768,2903.02,36845.0,145.26188253338458,0.0,0.0
344797,8178.24,29057.0,82.39141931316968,34051.15,0.0
344990,3265.16,25820.0,17.26468344259319,40825.08,16449.4
344998,3420.45,0.0,32.672246245266514,26894.94,11815.0
345014,5009.6,0.0,173.7422520088558,41970.28,7123.1
345090,7783.78,48689.0,17756.748125000002,2369.0,0.0
345099,7019.18,26806.0,145.26188253338458,50353.19,14460.0
345238,8408.32,82800.0,64.32129102118522,39825.76,19790.7
345244,7756.44,97592.0,145.26188253338458,32475.33,15789.1
345518,1898.68,0.0,9.369483236321091,38861.2,2939.0
345572,14718.12,56263.0,145.26188253338458,36739.29,27081.7
345597,2470.44,18661.0,145.26188253338458,34657.82,3802.0
345608,5090.78,93018.0,145.26188253338458,44794.77,32068.5
345615,4655.39,0.0,51.51391364716724,25342.31,23562.8
345657,5581.76,62739.0,95.19401925053737,46484.6,0.0
345682,7917.12,0.0,53.688586560708686,38608.82,20787.3
345765,41745.01,45431.0,248.98745905885343,45399.92,20683.7
345802,4484.25,0.0,145.26188253338458,43394.84,8699.7
345840,6860.59,0.0,465.9975218658897,12801.0,4264.0
345841,5029.67,62271.0,35.21040715014083,29730.89,16372.6
345908,5652.72,16171.0,92.55488715733377,23823.97,8487.7
345931,7291.6,84629.0,145.26188253338458,28830.5,10273.0
345959,7507.46,60920.0,24986.83495440745,2059.0,0.0
345978,5213.37,65167.0,704.5094594594605,9377.0,4078.0
346090,7247.5,0.0,145.26188253338458,46954.19,10539.0
346103,4633.34,27132.0,27.51974573494729,33066.29,4076.0
346163,3126.27,34510.0,145.26188253338458,34784.5,13607.2
346205,2754.46,79507.0,145.26188253338458,43415.0,14156.9
346225,4072.85,96443.0,145.26188253338458,30092.71,2590.0
346274,5923.52,73758.0,145.26188253338458,34724.98,27321.0
346295,12282.84,36328.0,383.5541493184286,18669.0,12250.0
346346,2636.98,31911.0,132.22333089110728,12053.0,4751.0
346384,5528.66,16042.0,145.26188253338458,51063.15,6764.0
346390,2674.73,56342.0,254.8581056387059,8089.0,0.0
346456,13235.54,39778.0,145.26188253338458,47170.6,2521.0
346499,9816.53,37256.0,1492.9306041666669,6503.0,0.0
346529,6297.0,0.0,145.26188253338458,51617.25,4841.2
346532,7205.02,0.0,145.26188253338458,1782.65,0.0
346554,3808.12,94903.0,145.26188253338458,0.0,0.0
346560,22837.14,89384.0,873.1226165744314,15131.04,11071.3
346598,5320.08,88669.0,195.5124043495773,13596.0,0.0
346633,5504.14,0.0,85.29528819373691,25610.62,4038.0
346678,2691.57,77411.0,145.26188253338458,54853.41,0.0
346704,2913.48,76638.0,145.26188253338458,35607.59,3769.0
346766,27542.37,50494.0,4986.589806547622,2781.0,3552.0
346809,4860.62,25854.0,54.11709996919145,31254.71,0.0
346828,2814.44,30703.0,145.26188253338458,29760.93,0.0
346925,5264.36,14306.0,145.26188253338458,49350.88,4081.0
347001,9581.28,75606.0,145.26188253338458,29165.86,0.0
347013,6446.71,55037.0,108.128168032473,28731.19,19378.2
347142,7914.82,77153.0,57.9978819769286,34211.38,9849.0
347212,2937.17,0.0,1880.8193859649125,3194.0,0.0
347227,2386.2,70911.0,83.09394180314835,11835.0,3874.0
347231,13080.79,0.0,65.16993339897283,42003.88,13314.4
347276,3508.57,20978.0,145.26188253338458,4213.469999999999,0.0
347423,8625.84,50446.0,290.87505543237273,17244.6,18811.8
347431,4932.92,37260.0,43.57527408255957,43732.72,9948.1
347466,3427.15,58840.0,145.26188253338458,34145.46,12689.3
347515,5451.8,55898.0,218.4838270493426,22037.16,10243.0
347629,6912.04,0.0,77.1052664822067,34615.81,0.0
347634,2903.24,20510.0,145.26188253338458,26808.71,11173.0
347733,2141.75,0.0,145.26188253338458,0.0,0.0
347850,3055.7,42406.0,145.26188253338458,44082.05,20219.8
347861,4735.18,0.0,22.5446819778537,35423.84,3199.0
347914,23536.75,33747.0,2837.78256441313,10396.0,0.0
347932,4425.75,63597.0,145.26188253338458,35785.34,19846.7
347955,5453.71,69468.0,46.888936391731214,33920.32,0.0
347982,5577.54,97868.0,486.8010760401724,10603.0,0.0
347987,8742.06,71592.0,1431.9455048616303,8605.0,0.0
347997,4909.84,61402.0,2375.7290322580666,1025.0,0.0
348047,2758.5,65794.0,145.26188253338458,34142.270000000004,15581.9
348056,10209.93,43736.0,115.5411100546708,42469.24,11608.0
348065,3499.99,16711.0,145.26188253338458,30762.84,18492.7
348085,4017.06,0.0,145.26188253338458,45938.93,0.0
348143,4950.25,27400.0,487.67645074224026,3496.0,0.0
348173,6699.28,30852.0,145.26188253338458,0.0,0.0
348202,5087.02,0.0,145.26188253338458,37872.82,3477.0
348215,2523.65,43204.0,13.765967076016288,39613.51,0.0
348238,9575.36,0.0,1348.3820987654342,3981.0,3965.0
348245,2419.31,0.0,265.8982685937972,9451.0,0.0
348299,4827.78,0.0,145.26188253338458,0.0,0.0
348350,23594.68,76358.0,145.26188253338458,0.0,0.0
348400,2551.23,79751.0,145.26188253338458,30696.72,6518.0
348448,6047.03,20396.0,145.26188253338458,41648.64,11818.0
348463,3136.43,49532.0,145.26188253338458,39915.96,4566.0
348471,9191.67,77603.0,145.26188253338458,36394.6,16034.8
348475,3211.07,16269.0,145.26188253338458,32496.34,22888.5
348600,22895.35,0.0,684.3294185887812,18938.39,4637.0
348672,3161.17,0.0,145.26188253338458,50630.58,10870.7
348681,35944.71,0.0,145.26188253338458,43859.54,6612.0
348718,2413.89,0.0,145.26188253338458,0.0,0.0
348723,2753.31,28887.0,145.26188253338458,32551.65,2751.0
348732,4770.55,12964.0,132.62462075531593,26086.68,13876.6
348740,5220.69,68867.0,145.26188253338458,36556.88,6499.9
348751,8012.12,0.0,145.26188253338458,26627.62,12272.0
348774,8767.63,45484.0,145.26188253338458,52560.91,30795.9
348835,25464.82,13663.0,116.19311766500157,53694.29,4314.0
348920,4515.18,87517.0,145.26188253338458,35901.75,8684.2
348994,25390.55,19359.0,132.4920047749757,46656.0,11500.6
349001,3436.13,30817.0,145.26188253338458,51304.33,17211.2
349046,5639.94,73168.0,46.81068975972108,37409.11,0.0
349108,7507.46,60920.0,145.26188253338458,24957.3,0.0
349115,2736.35,17533.0,145.26188253338458,33282.72,20571.3
349132,2457.44,29486.0,27.21461534493902,39586.04,9020.0
349153,3402.39,0.0,145.26188253338458,47556.65,15201.2
349220,7408.17,62810.0,145.26188253338458,27175.1,5067.3
349278,7455.36,74089.0,167.71343577943966,19223.02,2714.0
349342,5271.98,32653.0,145.26188253338458,31373.25,7821.0
349447,2864.09,0.0,145.26188253338458,0.0,0.0
349470,9587.59,84539.0,746.4740507679192,10633.0,0.0
349490,10083.49,11828.0,145.26188253338458,29680.32,15534.6
349539,5297.67,33832.0,145.26188253338458,33555.48,13558.1
349577,7381.62,64311.0,40.96983857135037,30125.98,34357.9
349638,3707.28,16476.0,145.26188253338458,29895.6,2546.0
349670,5799.83,60689.0,145.26188253338458,35685.2,7957.2
349695,3223.33,70277.0,145.26188253338458,0.0,0.0
349730,6232.69,28334.0,145.26188253338458,46285.19,18263.2
349767,5382.76,74888.0,63.74939242486025,30733.41,0.0
349838,8714.92,0.0,145.26188253338458,34711.77,0.0
350001,4788.93,0.0,145.26188253338458,36096.96,4442.0
350059,7076.65,0.0,529.2624649955605,11185.07,0.0
350238,2422.19,25036.0,145.26188253338458,35136.31,9579.9
350269,8609.16,79090.0,145.26188253338458,0.0,0.0
350271,8311.14,0.0,238.68555459972103,22855.91,8719.1
350486,32861.26,49889.0,145.26188253338458,0.0,0.0
350587,10972.07,24164.0,145.26188253338458,40701.09,0.0
350631,22325.83,99241.0,145.26188253338458,47316.22,21544.8
350675,4815.85,59438.0,145.26188253338458,51678.36,0.0
350692,15727.13,84824.0,115.39054044818246,39465.18,10261.9
350863,5181.62,97131.0,42.6043913383663,53330.41,18545.2
350901,13561.43,0.0,382.6588600451468,20362.97,0.0
350910,2693.61,0.0,145.26188253338458,0.0,0.0
350979,17223.07,22346.0,145.26188253338458,46828.29,4239.0
351029,5317.81,74092.0,38.155096845636734,38958.32,20734.1
351138,2836.68,61029.0,145.26188253338458,35975.03,0.0
351145,9816.53,37256.0,145.26188253338458,39926.0,12771.6
351238,6176.7,49529.0,145.26188253338458,35515.51,13454.2
351292,2582.41,76731.0,453.81783822821416,7547.0,0.0
351296,39365.3,99875.0,405.4270457110611,25702.42,9866.0
351367,5079.83,0.0,145.26188253338458,27264.44,0.0
351389,4436.81,77609.0,145.26188253338458,48133.8,2924.0
351461,5640.73,67523.0,492.1985297633282,6146.0,9300.0
351500,2572.45,72685.0,145.26188253338458,31493.77,18186.8
351513,5096.67,22886.0,145.26188253338458,0.0,0.0
351551,4034.93,0.0,239.80939806773785,14542.0,4530.0
351615,8689.82,0.0,145.26188253338458,73648.72,7187.0
351753,6005.85,13528.0,298.9003613307884,13409.0,5590.0
351889,8707.62,57107.0,145.26188253338458,37378.38,0.0
351897,11315.2,11885.0,106.81821630308087,37184.7,36772.0
351937,27929.96,88105.0,759.833694409938,23010.2,13510.0
351966,5761.11,28919.0,868.9277479338842,9886.0,8209.0
352005,4196.26,18052.0,25.60570135721392,37938.17,9176.0
352026,4465.34,61846.0,215.24305347678333,16418.98,6832.4
352034,12379.57,39886.0,145.26188253338458,0.0,0.0
352053,22837.14,89384.0,145.26188253338458,44031.88,15591.6
352068,2951.29,69600.0,145.26188253338458,52591.73,4781.0
352078,5412.46,55992.0,145.26188253338458,34253.68,2940.0
352092,8096.31,85483.0,73.06723444341974,34484.12,16728.6
352101,5015.01,48567.0,145.26188253338458,52103.62,22290.6
352170,2030.78,0.0,15.904549277763,34824.67,5397.9
352216,2555.85,22881.0,1482.3388506355952,4565.0,0.0
352242,7462.93,70263.0,145.26188253338458,42860.34,23471.1
352280,7437.69,86863.0,133.49271747985145,31904.11,7554.4
352306,14439.8,58452.0,406.1124210201882,23640.65,4003.0
352337,5536.39,52220.0,145.26188253338458,34531.49,12237.6
352377,7805.31,21073.0,145.26188253338458,41005.0,0.0
352424,6273.17,20836.0,145.26188253338458,46911.22,18733.8
352490,2554.44,12459.0,12.4921030912365,50232.99,20528.9
352501,17367.27,66245.0,145.26188253338458,41430.37,16734.8
352581,4720.61,26277.0,301.3471509689155,13026.57,13801.6
352582,5469.54,67099.0,83.92191627070149,58653.79,24719.5
352617,3886.65,78108.0,145.26188253338458,28885.56,0.0
352653,13778.37,91474.0,96.94199376222431,48473.3,7974.0
352702,12663.6,27739.0,145.26188253338458,34255.41,9717.0
352734,6005.21,26876.0,145.26188253338458,0.0,0.0
352747,16504.96,42148.0,888.1047272727272,11989.0,0.0
352809,7098.02,37511.0,239.87790267027148,20178.58,0.0
352834,4582.69,19065.0,64.91524161885604,22285.79,2276.0
352916,4294.0,16701.0,145.26188253338458,34485.26,0.0
353032,2393.92,0.0,145.26188253338458,45137.18,0.0
353076,19964.4,0.0,2304.555977229603,7333.0,0.0
353096,2538.63,18608.0,145.26188253338458,27594.85,0.0
353128,4670.06,69921.0,145.26188253338458,41994.92,20432.0
353308,5500.58,44019.0,6121.072256097696,3297.0,0.0
353369,43217.22,51504.0,17245.938739067096,5770.0,0.0
353396,9971.02,57483.0,74.100016288303,44036.72,9805.9
353455,46611.87,22022.0,145.26188253338458,35195.11,18534.6
353486,6140.24,34112.0,145.26188253338458,37575.26,23149.4
353535,4416.21,61953.0,145.26188253338458,0.0,0.0
353614,15306.22,46338.0,145.26188253338458,0.0,0.0
353648,6857.52,0.0,285.04125875453155,9927.76,8023.7
353786,2656.52,0.0,110.46135794030536,6821.0,3998.0
354002,6005.21,26876.0,56.96920743751819,32119.61,14172.1
354084,2558.18,0.0,145.26188253338458,37906.58,0.0
354150,5583.07,57925.0,123.46461742591774,22720.39,0.0
354176,2886.45,10312.0,145.26188253338458,16096.43,0.0
354206,2479.92,31678.0,13577.562000000002,1144.0,3076.0
354295,7100.33,31670.0,145.26188253338458,30117.55,9450.6
354438,4167.09,0.0,950.61740625,7491.0,2453.0
354442,6880.47,63935.0,76.71855137132071,40829.0,17447.1
354461,2551.23,79751.0,145.26188253338458,52102.77,0.0
354464,3600.93,25147.0,145.26188253338458,34512.2,0.0
354477,2504.44,0.0,13.555259310226198,37417.88,8873.0
354483,14131.12,28327.0,145.26188253338458,26712.18,14283.4
354547,12362.09,0.0,145.26188253338458,39863.96,19739.0
354730,3885.46,0.0,145.26188253338458,29703.54,0.0
355039,8092.88,50825.0,197.1896662216291,21012.16,0.0
355102,2279.75,0.0,199.02146615642215,12750.0,0.0
355126,8378.36,40994.0,45.02151480056533,39366.22,3053.0
355184,4629.97,0.0,145.26188253338458,43194.49,8700.1
355298,5979.72,57693.0,145.26188253338458,41182.13,9838.4
355331,4145.02,0.0,145.26188253338458,32883.06,34855.7
355491,2736.53,39492.0,66.15083116252374,40706.65,4482.0
355512,9031.21,0.0,4383.499534574485,4633.0,3090.0
355515,11250.1,29505.0,145.26188253338458,55493.67,14854.2
355578,29676.81,33992.0,1493.250020678248,10195.0,6907.0
355628,2396.67,26222.0,145.26188253338458,0.0,0.0
355669,6334.47,0.0,42.40976717027508,43124.91,17569.5
355707,7380.09,21841.0,415.8920565076426,8425.0,3514.0
355724,2894.33,52674.0,1640.419953416151,3506.0,3653.0
355750,2839.01,0.0,17.286047956067524,30631.2,5090.0
355775,5067.0,89703.0,145.26188253338458,34192.26,28822.3
355781,8078.53,0.0,145.26188253338458,0.0,0.0
355795,27789.69,33806.0,193.10544526998223,42822.82,13414.0
355839,5618.49,24518.0,19165.87710280416,1737.0,0.0
355906,11472.24,62134.0,145.26188253338458,31307.06,24011.1
355908,3660.77,64495.0,145.26188253338458,41018.62,0.0
355994,8432.82,21052.0,145.26188253338458,41800.69,12765.0
355995,5010.92,45867.0,145.26188253338458,29286.06,16835.9
356237,2659.71,0.0,56.39954859174568,42029.82,0.0
356240,26900.27,63009.0,1291.0148864831708,13819.0,0.0
356460,4458.11,17622.0,86.59426486866195,38111.45,17548.5
356507,2514.28,24744.0,13.141338030185874,37461.38,2731.0
356558,2676.95,0.0,145.26188253338458,31688.91,18325.5
356561,7180.27,34161.0,57.46554506564499,24815.37,22004.5
356578,2759.98,92296.0,56.036929906048215,43837.74,15027.3
356613,15272.8,40571.0,110.03812974113228,38907.95,12887.7
356618,6612.62,28792.0,145.26188253338458,38687.05,16097.7
356708,6273.91,18577.0,146.72380729653884,17706.02,0.0
356712,4716.26,25746.0,145.26188253338458,33116.64,8848.3
356812,6763.18,0.0,145.26188253338458,56252.85,6519.0
356828,12168.74,14973.0,63.94205765969473,38002.28,27021.800000000003
356955,13583.62,58544.0,145.26188253338458,40945.56,12801.6
356980,4510.19,44230.0,145.26188253338458,39691.68,0.0
357059,5780.18,51066.0,98.64987562189056,48492.71,20143.9
357138,8797.83,80780.0,145.26188253338458,57353.06,27714.9
357149,4526.13,0.0,32.63264513988067,37957.75,9556.3
357161,6418.85,0.0,145.26188253338458,38444.4,17065.8
357166,5386.33,33716.0,145.26188253338458,0.0,0.0
357173,6307.5,0.0,145.26188253338458,56857.08,6429.6
357199,5912.78,72208.0,76.93077590304185,26448.58,14727.0
357298,20885.56,16113.0,145.26188253338458,37487.72,5684.8
357375,4865.37,27228.0,25.66624103019924,33604.26,15909.1
357381,8007.4,0.0,145.26188253338458,51795.54,13837.7
357466,3651.69,0.0,145.26188253338458,38580.72,10611.2
357549,3964.73,60817.0,145.26188253338458,0.0,0.0
357567,11196.46,0.0,145.26188253338458,41961.39,18908.3
357574,2602.65,41958.0,145.26188253338458,46993.65,0.0
357589,8656.4,83365.0,145.26188253338458,57614.47,7330.2
357901,7218.16,95058.0,402.1105616605621,11185.0,4561.0
357903,2762.8,72335.0,3601.507142857143,169.0,0.0
357971,5015.64,73809.0,145.26188253338458,39900.98,20465.8
357988,9052.95,10211.0,199.39455882885383,45671.07,9536.1
358012,9268.67,57052.0,714.3295080236496,6191.0,0.0
358020,2435.62,25703.0,145.26188253338458,30105.84,11360.1
358039,6358.25,0.0,836.3103603603604,10112.0,4846.0
358054,10461.58,0.0,686.3813452689103,18913.4,0.0
358151,2562.84,0.0,92.20939012489288,17132.94,8937.0
358201,3123.08,0.0,23.621455509967262,40939.86,18359.0
358255,7590.96,52823.0,145.26188253338458,0.0,0.0
358375,8382.63,19683.0,145.26188253338458,0.0,0.0
358384,6943.74,0.0,145.26188253338458,49046.29,12284.9
358513,6701.57,56398.0,145.26188253338458,44783.76,6325.0
358586,7725.54,96748.0,145.26188253338458,0.0,0.0
358792,8714.92,0.0,145.26188253338458,51367.36,10507.0
358794,3342.18,0.0,145.26188253338458,35496.02,8648.8
358900,5318.9,25134.0,38.63556488686344,31111.46,0.0
358948,12743.35,99583.0,145.26188253338458,0.0,0.0
358968,5003.34,0.0,139.36348443223457,13152.68,14668.0
358979,2867.31,23376.0,145.26188253338458,17742.44,12418.1
358997,13406.92,25048.0,4993.393673469388,4477.0,0.0
359011,14014.1,39018.0,77.89468300893799,38339.1,6010.0
359029,7343.53,0.0,422.6186655804914,16835.0,0.0
359091,5555.83,74015.0,39.91215287983122,47918.78,11561.2
359133,5638.54,74286.0,96.57390149595513,34255.89,11989.9
359138,7596.29,59847.0,145.26188253338458,0.0,0.0
359188,5218.34,85721.0,917.7332123411989,5562.92,0.0
359275,11009.13,51643.0,145.26188253338458,44400.32,0.0
359360,3600.93,25147.0,145.26188253338458,42956.84,19934.8
359446,5504.14,0.0,145.26188253338458,41324.17,3057.0
359466,5165.2,12904.0,45.2647509351636,41380.1,23913.4
359575,14687.08,0.0,70.29670047233523,38553.03,11724.0
359693,5253.49,12811.0,145.26188253338458,37464.76,8913.7
359816,5828.18,31364.0,145.26188253338458,31819.35,10167.8
360017,8639.5,92374.0,145.26188253338458,35192.89,0.0
360031,2357.5,0.0,863.365384615389,3408.0,0.0
360240,3095.8,33415.0,159.19512538743328,7428.0,0.0
360256,6689.02,56980.0,99.07179532266578,22259.39,5379.0
360435,5343.12,64460.0,40.05312653389826,33874.74,3966.0
360446,6314.49,66947.0,145.26188253338458,31609.63,22478.4
360472,4772.94,20993.0,145.26188253338458,51608.95,9295.0
360485,6388.21,26436.0,145.26188253338458,0.0,0.0
360537,3694.15,87485.0,145.26188253338458,38823.57,8064.1
360730,11280.73,45743.0,70.57529892974922,35841.02,4470.0
360732,4930.95,70412.0,7691.439102564132,2466.0,2895.0
360744,13869.93,28432.0,145.26188253338458,0.0,0.0
360805,6503.4,22081.0,145.26188253338458,45460.62,3868.0
360868,4122.57,75272.0,383.47045107033705,9203.0,0.0
360902,7582.11,64801.0,44.36498711117097,39417.21,14110.0
360942,2227.07,27972.0,145.26188253338458,37968.75,5007.0
360981,22425.26,22537.0,2407.4176176470587,12634.0,5082.0
361109,9100.73,59183.0,145.26188253338458,33252.4,25328.0
361237,5768.09,35091.0,22.782245271176908,75411.48,24308.7
361266,2652.06,0.0,19.74482515257335,44837.14,21966.1
361434,5270.01,78115.0,31.187434740876697,40859.89,4470.0
361439,6520.82,93721.0,145.26188253338458,36189.41,0.0
361680,6135.08,43579.0,145.26188253338458,0.0,0.0
361707,6829.41,0.0,145.26188253338458,41406.62,2403.0
361710,8087.22,0.0,145.26188253338458,0.0,0.0
361816,4605.04,22571.0,145.26188253338458,43012.3,4082.0
361827,7870.36,75740.0,53.37598724631364,41590.94,9798.3
361892,4743.62,70082.0,145.26188253338458,45490.51,7943.9
361944,26113.36,80409.0,1153.2680971202712,25093.13,20945.6
362055,6781.27,0.0,145.26188253338458,45565.29,20789.8
362134,8113.96,41701.0,1884.3661081654352,5099.0,0.0
362165,8388.72,87123.0,60.44796380090499,43013.79,14667.0
362167,7858.11,28937.0,145.26188253338458,48403.73,13450.1
362201,15860.04,0.0,145.26188253338458,26250.74,0.0
362293,11003.02,22926.0,145.26188253338458,28647.12,9040.4
362471,13009.24,57591.0,145.26188253338458,49391.89,0.0
362541,9657.58,0.0,145.26188253338458,47731.69,0.0
362586,2949.28,78596.0,145.26188253338458,38107.44,13202.2
362642,8730.42,43259.0,145.26188253338458,36502.64,6900.8
362680,3054.54,0.0,145.26188253338458,48056.91,3007.0
362736,6113.87,0.0,145.26188253338458,32923.7,16088.2
362742,16007.95,45302.0,647.9154746063435,20117.53,0.0
362823,8478.3,13870.0,145.26188253338458,0.0,0.0
362841,9050.76,63800.0,72.54133149075027,29567.85,14015.7
362855,5457.34,94731.0,34.07943082587392,34797.69,4690.0
362925,7688.02,56680.0,162.08209437994572,52514.82,11428.4
363178,3359.29,16891.0,274.72851829445926,11465.68,4997.0
363199,4428.03,58577.0,109.70886166168894,28891.09,7934.4
363314,5157.64,93303.0,145.26188253338458,34530.5,9536.2
363483,5508.32,96021.0,145.26188253338458,0.0,0.0
363513,2959.82,69746.0,145.26188253338458,0.0,0.0
363743,14024.36,81872.0,145.26188253338458,30998.35,16517.3
363774,2613.02,57099.0,145.26188253338458,35718.2,8641.0
363780,13419.4,0.0,1817.6945818901563,4355.0,5586.0
363864,4987.64,19589.0,81.57090582134497,21565.0,0.0
363866,3873.65,28142.0,333.59917183125214,9004.630000000001,0.0
363925,4853.53,0.0,158.02727691713002,17931.56,4657.0
363967,5568.95,0.0,369.9793866035678,11510.0,12222.0
363983,18361.56,0.0,24282.4978260872,432.0,0.0
364049,13367.87,57335.0,145.26188253338458,41930.63,11391.2
364067,8535.11,55790.0,145.26188253338458,58238.69,4809.0
364137,8427.17,46503.0,145.26188253338458,43337.59,3411.0
364153,13037.03,28582.0,145.26188253338458,47985.75,10548.3
364247,2734.44,54010.0,145.26188253338458,0.0,0.0
364264,12157.33,57449.0,65.2837141797874,36743.67,3282.0
364356,2592.44,72421.0,39.84909204231521,49670.81,10991.5
364372,9406.38,99189.0,145.26188253338458,0.0,0.0
364596,16710.84,73049.0,2999.732754098361,5859.0,0.0
364710,51016.07,25167.0,3183.05394017094,7500.0,13697.0
364895,13864.38,0.0,145.26188253338458,38595.81,0.0
364908,5011.75,28859.0,145.26188253338458,50438.52,3178.0
364931,4804.36,51962.0,67.37413009233768,25078.76,12323.5
365138,7724.05,46988.0,249.2730548187445,41022.88,3639.0
365156,7821.19,0.0,1939.3575747282664,8327.0,0.0
365208,18211.14,53690.0,39565.86964285747,2110.0,0.0
365346,1898.01,0.0,145.26188253338458,35794.97,6808.0
365404,9657.58,0.0,145.26188253338458,31996.63,4136.0
365413,7854.96,25378.0,168.9547302792086,17819.93,0.0
365421,2783.58,42297.0,49.82965335268961,37995.77,3823.0
365451,15063.5,19132.0,145.26188253338458,32756.3,30500.4
365468,8104.5,0.0,61.32695560954982,32580.43,14480.2
365515,8041.2,44986.0,145.26188253338458,35049.67,5582.2
365557,25581.61,27961.0,145.26188253338458,35108.5,4601.0
365596,10442.45,0.0,213.13903127796004,31099.91,13401.8
365619,12298.69,17101.0,145.26188253338458,38971.84,8213.7
365635,3275.16,69263.0,145.26188253338458,53331.68,10603.9
365642,2637.94,63422.0,145.26188253338458,25331.18,15033.1
365761,12234.36,0.0,55.19255602632114,42793.74,18433.0
365816,4636.55,26802.0,28.331597377232143,35228.39,12473.3
365863,13223.04,37534.0,145.26188253338458,37586.73,10735.8
365887,18948.35,0.0,3158.058333333333,10222.0,0.0
366049,3220.78,19098.0,366.6064553014558,5922.0,0.0
366116,9448.83,85221.0,63.11901445827236,43568.06,18753.3
366133,3992.58,0.0,28.62587363135998,45396.63,26752.0
366161,4674.71,35830.0,176.26747417355386,12431.0,3842.0
366250,4162.18,0.0,394.5962857142858,7803.0,5032.0
366263,9501.01,46855.0,62.00890443209994,33144.58,12699.6
366467,5824.82,40964.0,145.26188253338458,40993.0,16754.9
366487,2121.31,0.0,145.26188253338458,34761.12,7432.8
366500,15771.39,21921.0,119.818943339203,33235.54,7831.0
366537,2652.29,0.0,15.121970211735675,37288.96,27109.0
366540,7288.88,79494.0,148.1410930554138,40820.01,19782.7
366576,5293.72,0.0,145.26188253338458,0.0,0.0
366599,6915.73,96610.0,127.24787016312789,45924.79,0.0
366654,8558.93,0.0,145.26188253338458,44922.53,28771.7
366687,46611.87,22022.0,1642.705109637054,37637.15,19756.9
366719,4873.35,47824.0,100.13131600279212,14266.26,9702.3
366727,7506.78,49561.0,462.7032986208843,9166.41,0.0
366744,7995.41,25239.0,145.26188253338458,50566.11,14199.0
366894,5228.92,92472.0,145.26188253338458,43362.76,24373.7
366911,4786.05,0.0,145.26188253338458,41879.13,14157.3
366932,5049.77,10180.0,128.3232030800364,12203.28,0.0
366977,19357.37,0.0,1580.6353579418344,12815.0,0.0
367006,17288.55,0.0,145.26188253338458,0.0,0.0
367338,8696.71,56550.0,145.26188253338458,51467.76,0.0
367492,3885.46,0.0,80.14200384267636,25050.74,3788.0
367511,7074.4,94508.0,32.68510525183227,42275.38,0.0
367547,2454.59,0.0,18.31203258014737,35880.93,16457.9
367562,2647.52,37876.0,145.26188253338458,44272.8,17555.9
367617,2397.04,22283.0,525.6666666666711,3841.89,0.0
367680,13569.24,20978.0,145.26188253338458,42159.64,6521.0
367685,6861.28,0.0,2144.762089637455,4953.0,0.0
367697,5860.17,94527.0,145.26188253338458,28682.0,6927.4
367751,4260.71,0.0,145.26188253338458,25988.43,0.0
367774,5535.96,84863.0,145.26188253338458,47010.49,5267.0
367782,5565.89,90607.0,513.9694341372922,5958.0,0.0
367811,2491.32,36631.0,234.2029017857144,5327.0,0.0
367961,4670.95,0.0,145.26188253338458,44270.15,18983.3
368027,15096.27,14909.0,145.26188253338458,40500.42,12974.1
368045,7281.72,47482.0,145.26188253338458,43773.68,4877.3
368062,8488.56,80213.0,575.2017822333614,9503.61,0.0
368073,3336.22,19447.0,16.883899532974844,76955.56,33411.3
368118,8548.3,53055.0,539.7214149801079,17168.0,3726.0
368122,8555.89,0.0,417.137494156148,36437.85,8635.0
368292,4770.26,0.0,3735.293692791786,6455.29,0.0
368330,5770.68,0.0,145.26188253338458,44313.73,0.0
368391,7651.1,53330.0,387.9221419641624,15477.0,0.0
368435,8707.62,57107.0,1149.330267598846,10530.0,0.0
368523,4874.22,92783.0,116.98128,9950.0,0.0
368549,2326.86,0.0,145.26188253338458,50666.39,16724.3
368566,14616.37,25358.0,145.26188253338458,41987.84,0.0
368591,8509.85,26057.0,145.26188253338458,35593.61,4326.0
368669,2776.58,50985.0,16890.861666666668,463.0,0.0
368675,6512.98,0.0,1769.655856079406,6798.0,3857.0
368713,2730.2,46135.0,27681.19444444505,1217.0,0.0
368772,4209.68,57933.0,414.71881241565455,7434.0,0.0
368830,4974.24,0.0,145.26188253338458,0.0,0.0
368878,5439.36,69186.0,145.26188253338458,0.0,0.0
368981,33718.84,27500.0,145.26188253338458,25381.37,19038.1
369000,3618.69,50755.0,145.26188253338458,48273.36,0.0
369035,12036.62,44428.0,145.26188253338458,37533.86,13814.9
369084,11039.32,0.0,272.843431744312,36953.97,12572.0
369091,8826.96,28463.0,145.26188253338458,37465.91,9470.0
369121,3265.16,25820.0,145.26188253338458,41653.18,13798.5
369141,6006.44,39482.0,145.26188253338458,30066.71,0.0
369188,7334.92,30969.0,145.26188253338458,0.0,0.0
369229,15435.69,84581.0,145.26188253338458,46657.74,11878.8
369242,10083.49,11828.0,62.76601947542549,33890.41,0.0
369361,7559.21,0.0,145.26188253338458,30173.95,8902.0
369388,2810.46,26790.0,145.26188253338458,0.0,0.0
369392,9594.78,31421.0,52.559434678683765,47293.7,8620.0
369416,2880.35,81565.0,106.65762349050271,23836.63,3055.0
369458,5087.02,22726.0,33.08651529623083,37866.39,6135.0
369569,5098.85,0.0,145.26188253338458,45895.27,12262.3
369603,7529.86,52774.0,145.26188253338458,28540.73,6072.0
369638,5358.16,40833.0,145.26188253338458,0.0,0.0
369646,12168.74,14973.0,173.09932110120354,33658.84,2833.0
369658,7189.11,75838.0,145.26188253338458,45409.89,18122.2
369682,2497.53,0.0,145.26188253338458,28593.64,24918.5
369715,5218.34,85721.0,352.7211296296297,11961.0,2764.0
369739,3339.85,51032.0,145.26188253338458,39763.68,14084.7
369795,2486.06,36635.0,98.13394736842116,16485.0,0.0
369841,8026.28,87421.0,145.26188253338458,43347.37,13444.4
369853,3133.02,0.0,106.04157084569736,16385.0,14054.0
369867,2851.16,55274.0,706.0199457259173,6906.0,4600.0
369943,2783.58,42297.0,145.26188253338458,48739.87,2970.0
370014,9661.1,0.0,145.26188253338458,34375.58,20434.5
370066,6611.12,0.0,37.39074050353084,40228.24,6163.6
370090,2758.7,44619.0,145.26188253338458,40971.25,9851.5
370093,2691.22,82108.0,145.26188253338458,31902.99,3400.0
370300,12280.77,88340.0,145.26188253338458,50516.34,7909.0
370405,5669.97,43416.0,145.26188253338458,7283.87,8493.0
370443,2009.77,0.0,145.26188253338458,46012.76,16867.9
370450,3934.1,20920.0,145.26188253338458,50533.41,20941.8
370486,4657.16,18024.0,71.48240059993972,27227.19,15363.4
370517,7432.3,0.0,145.26188253338458,51549.16,3726.0
370539,10937.18,21450.0,145.26188253338458,39329.88,32318.4
370660,2499.5,28082.0,232.7340561224493,10375.0,3707.0
370744,5526.44,94230.0,51.61196939845972,23263.32,7638.0
370842,8188.98,89061.0,145.26188253338458,37284.36,18069.5
370877,6727.62,39428.0,145.26188253338458,49044.08,5027.4
370959,2816.57,41228.0,1596.3479037267184,3971.0,0.0
370979,3337.59,43510.0,145.26188253338458,0.0,0.0
370990,4349.31,75648.0,145.26188253338458,31937.38,5132.0
371065,2393.92,0.0,145.26188253338458,34028.55,0.0
371079,2599.97,45181.0,145.26188253338458,40403.77,12908.0
371148,29297.33,0.0,147836.75737327282,925.0,0.0
371152,5493.02,24976.0,145.26188253338458,52927.12,30125.9
371159,6559.35,0.0,145.26188253338458,39079.7,3206.0
371164,4670.06,69921.0,145.26188253338458,33245.15,0.0
371191,4636.55,26802.0,35.35942028077082,26872.9,3206.0
371368,2821.1,70047.0,134.33517427322747,15188.92,6105.0
371402,3479.76,35033.0,295.5124243834345,7611.0,3085.0
371422,4312.64,25404.0,145.26188253338458,24798.15,3429.0
371511,8028.48,0.0,149.66496933048003,43287.98,2323.0
371532,2354.5,0.0,27.97501627604167,32015.84,0.0
371580,4762.56,16656.0,145.26188253338458,39758.69,20524.5
371606,5708.02,70279.0,145.26188253338458,25148.91,20146.0
371672,8207.86,0.0,145.26188253338458,34872.84,8926.4
371675,4502.68,68798.0,34.784668721109405,27450.18,31853.3
371737,3012.04,42987.0,275.8601371696224,9642.0,0.0
371739,5575.75,91416.0,37.37784216132825,45559.26,4259.0
371875,3771.62,0.0,145.26188253338458,43875.27,0.0
371969,22658.54,23665.0,132.18811595808958,28284.1,4966.6
372069,4756.13,56146.0,124.63951326099338,34467.05,12723.9
372111,12255.12,0.0,75.191104387292,36267.7,7313.0
372169,11619.92,78275.0,145.26188253338458,0.0,0.0
372175,5348.07,25545.0,145.26188253338458,6626.2,0.0
372183,4745.68,0.0,145.26188253338458,30964.33,27580.9
372237,6624.61,0.0,145.26188253338458,44868.72,9668.0
372261,4983.18,21497.0,43.29905936162921,37147.65,10596.0
372290,5418.73,39133.0,145.26188253338458,28578.94,3864.0
372353,9259.73,17109.0,145.26188253338458,23727.5,10451.9
372522,2810.67,73858.0,22.981045409030745,33983.21,16261.1
372622,7540.91,61726.0,145.26188253338458,36355.38,12779.1
372647,32227.08,45331.0,145.26188253338458,44208.03,14520.1
372652,2566.78,21375.0,145.26188253338458,39990.98,0.0
372663,13081.31,89948.0,6443.560256410289,5367.0,0.0
372737,5498.94,22520.0,2015.1737951807304,6841.0,0.0
372755,11665.1,84978.0,438.7273823262716,31922.15,24581.3
372824,6013.74,25646.0,38.39184069682023,43188.43,4032.0
372865,13575.68,48534.0,641.3015358067299,22791.48,0.0
372961,5659.24,69387.0,300.82174584219297,13331.93,8569.0
373044,7472.67,44385.0,102.34664901387876,30694.52,11740.0
373118,7516.79,0.0,145.26188253338458,0.0,0.0
373144,2746.9,0.0,145.26188253338458,38910.81,21832.9
373204,2749.41,71445.0,3716.795,438.0,0.0
373242,13419.4,0.0,465.6118064577459,10821.68,0.0
373321,13466.92,11432.0,145.26188253338458,0.0,0.0
373374,5081.74,0.0,145.26188253338458,29304.16,0.0
373429,2300.69,25905.0,145.26188253338458,0.0,0.0
373501,4428.63,18263.0,66.70981398535217,28303.27,3861.0
373554,2635.15,93884.0,2252.528688524593,2847.0,0.0
373638,11073.11,82807.0,145.26188253338458,7980.1,0.0
373665,3861.49,93272.0,145.26188253338458,0.0,0.0
373737,8888.88,21509.0,75.97778116035362,25548.65,7596.2
373771,4928.65,52507.0,404.92735219087706,12561.0,8878.0
373886,2912.89,81097.0,30.900320859655874,25040.4,21423.7
373888,2695.46,0.0,313.82548644338124,3001.0,5020.0
373898,5666.87,53907.0,145.26188253338458,46523.91,0.0
373950,2751.37,42585.0,145.26188253338458,31976.88,7144.0
374107,4931.5,33580.0,38.51756046552103,37734.6,15338.7
374113,5216.91,60861.0,145.26188253338458,0.0,0.0
374117,2451.99,65828.0,145.26188253338458,38912.29,15227.0
374266,5488.93,33881.0,145.26188253338458,52442.97,0.0
374275,9824.75,23923.0,145.26188253338458,51939.56,15113.0
374293,9032.37,0.0,5108.701007231413,3634.0,0.0
374344,8923.15,98044.0,240.45402362495392,14154.77,5310.0
374345,4349.31,75648.0,145.26188253338458,44272.0,24750.9
374401,8323.53,59886.0,145.26188253338458,30264.07,4261.0
374421,7281.72,47482.0,17147.27612903226,2790.0,0.0
374440,5439.8,61546.0,145.26188253338458,48837.73,7980.0
374585,5224.33,83389.0,145.26188253338458,34212.77,11951.9
374639,4102.2,0.0,145.26188253338458,45638.6,2229.0
374679,2866.78,81763.0,145.26188253338458,28800.66,7341.0
374721,14722.22,43982.0,153.7636863611392,23684.25,10902.2
374736,4861.37,36305.0,145.26188253338458,21402.54,4071.0
374850,9368.27,44980.0,145.26188253338458,39601.16,11256.9
374881,3721.39,0.0,145.26188253338458,46779.95,4816.5
374931,2541.52,63546.0,145.26188253338458,41668.91,6526.5
374941,9713.16,0.0,240.6532310616347,21032.0,0.0
374967,41787.9,46587.0,262.79132160209514,35814.26,17720.1
374984,4911.0,32903.0,145.26188253338458,34841.51,17414.7
375056,6411.12,13088.0,671.8515073212759,13612.0,0.0
375105,5324.39,31561.0,145.26188253338458,40138.27,18046.4
375115,12851.42,0.0,145.26188253338458,0.0,0.0
375162,5364.47,53562.0,145.26188253338458,0.0,0.0
375203,2592.44,72421.0,762.2776047261057,3186.48,0.0
375265,5875.04,55836.0,56.61754719471949,25981.2,14540.7
375297,11009.13,51643.0,145.26188253338458,36464.63,19885.7
375371,21886.2,43000.0,145.26188253338458,0.0,0.0
375399,2649.21,36283.0,104.14982048612362,35882.42,8307.7
375430,2582.41,76731.0,17.201111910010656,38199.84,4166.0
375451,5294.28,61687.0,620.1579589216948,12577.0,2874.0
375467,27382.82,45473.0,145.26188253338458,0.0,0.0
375511,4070.05,37435.0,145.26188253338458,55829.54,19489.9
375540,13736.13,16181.0,145.26188253338458,41605.06,25982.0
375597,3915.8,0.0,31.40109733180813,28722.06,12283.6
375683,2889.09,72075.0,21.17168449738262,40840.0,26865.5
375694,2906.89,45128.0,145.26188253338458,37056.0,0.0
375722,3238.0,60244.0,145.26188253338458,25777.61,28351.5
375757,3199.75,0.0,145.26188253338458,47505.11,27289.1
375768,3199.75,0.0,145.26188253338458,34273.17,18408.0
375792,2674.73,56342.0,107.03064382920876,15449.26,6023.0
375814,9955.49,0.0,145.26188253338458,25392.62,4192.0
375890,3531.04,26884.0,145.26188253338458,27641.42,20322.1
375909,23594.68,76358.0,145.26188253338458,36177.8,25591.7
375987,9227.95,0.0,145.26188253338458,38026.63,11506.7
376072,9122.93,90804.0,145.26188253338458,44386.72,14201.9
376144,17002.02,97268.0,493.5764972560249,17334.06,0.0
376299,35013.54,0.0,145.26188253338458,30494.53,3429.0
376367,5994.23,41859.0,859.1206609947643,9231.0,0.0
376424,2513.12,22475.0,35.25538849429636,32761.93,0.0
376484,19338.53,22784.0,145.26188253338458,26177.05,5933.0
376572,9624.94,0.0,145.26188253338458,26879.95,3660.0
376618,2854.11,71126.0,145.26188253338458,38627.64,11243.0
376630,12948.4,30763.0,145.26188253338458,21306.77,0.0
376725,25401.52,36800.0,145.26188253338458,32323.98,2754.0
376862,3300.61,59592.0,145.26188253338458,40753.22,40764.8
376863,5614.59,40417.0,145.26188253338458,43423.2,3922.0
376929,9753.31,17514.0,28555.81403743321,638.0,0.0
376969,9246.22,40032.0,108.1654530303516,31540.45,8513.0
376983,3176.36,64706.0,3513.246666666674,3420.0,6124.0
377029,4428.03,58577.0,145.26188253338458,36611.26,8715.3
377050,8295.84,85478.0,145.26188253338458,41707.95,6838.1
377114,2857.11,91811.0,145.26188253338458,45561.53,0.0
377173,2814.21,94304.0,145.26188253338458,43680.7,8101.6
377247,2860.86,50332.0,145.26188253338458,41571.41,9306.0
377288,5157.64,93303.0,145.26188253338458,35616.49,16259.2
377289,4991.47,12608.0,145.26188253338458,51637.47,5447.3
377302,4803.78,23634.0,205.4541197148716,19649.25,0.0
377322,4023.81,41833.0,17.640086261255583,43499.57,27489.1
377364,2686.54,26713.0,145.26188253338458,0.0,0.0
377375,9657.58,0.0,445.6593240338828,14325.0,0.0
377444,13995.69,48245.0,145.26188253338458,7485.72,5426.4
377464,14980.05,0.0,104.73218458689828,29177.59,19572.8
377471,4270.03,0.0,93.23432695643852,46095.96,8681.0
377489,7897.02,0.0,145.26188253338458,22978.33,11851.8
377642,5329.08,43671.0,145.26188253338458,0.0,0.0
377674,2605.6,20592.0,145.26188253338458,52486.57,5879.0
377724,14050.17,0.0,145.26188253338458,35496.6,3710.0
377742,8009.03,0.0,1159.4246232152311,5994.0,0.0
377796,4013.85,15413.0,145.26188253338458,0.0,0.0
377858,5142.05,0.0,145.26188253338458,0.0,0.0
377928,13156.75,72517.0,5081.707671957681,1018.0,0.0
377968,12168.74,14973.0,145.26188253338458,34233.03,13997.3
378014,2360.6,0.0,21.941641342546227,33940.38,14647.6
378153,6172.39,0.0,647.3914798850576,11130.0,4083.0
378181,5278.2,62074.0,145.26188253338458,26378.27,6724.1
378267,4135.78,0.0,145.26188253338458,44703.82,14468.5
378454,9640.53,30431.0,145.26188253338458,49010.41,8661.4
378498,2600.64,0.0,145.26188253338458,0.0,0.0
378793,2444.33,83800.0,145.26188253338458,35426.45,7210.0
378827,5204.65,29406.0,145.26188253338458,49728.82,24633.5
378857,6503.4,22081.0,145.26188253338458,41291.94,9930.8
378920,6446.92,43478.0,145.26188253338458,41978.77,27460.4
378968,10622.52,25634.0,145.26188253338458,32031.4,4122.0
379038,7609.09,16233.0,2204.2205158730185,9048.0,3806.0
379041,7081.69,93854.0,1694.5914663461572,5366.0,0.0
379110,12827.43,0.0,84.760911898601,35141.93,26206.4
379117,8663.5,0.0,435.3777330053422,10523.91,17915.1
379120,2742.8,32437.0,16.40378655719762,44482.7,5726.6
379238,10484.92,61108.0,145.26188253338458,42852.2,8873.0
379281,5498.75,60668.0,169.27078940710138,23700.63,0.0
379351,3007.39,0.0,21.69476685200802,37148.48,16552.8
379384,9901.28,0.0,58.69574086585938,36179.67,7664.0
379414,7484.38,51692.0,146.2257227073379,44613.9,15643.8
379446,9150.14,32370.0,191.6848089351103,15977.05,10662.8
379506,3088.0,18558.0,145.26188253338458,40515.16,2828.0
379562,41491.74,37748.0,145.26188253338458,48961.05,11255.0
379572,5632.61,51721.0,20.157884596529072,53776.12,13471.0
379629,5100.74,41186.0,145.26188253338458,39773.44,13443.4
379716,4529.11,0.0,145.26188253338458,42489.74,21011.6
379752,7553.23,69959.0,145.26188253338458,37661.69,22831.3
379836,16313.68,0.0,103.70086328955644,28820.19,18843.5
379962,8071.33,72149.0,145.26188253338458,27225.0,11044.7
380001,36057.54,90330.0,145.26188253338458,29563.97,0.0
380031,5396.31,62039.0,145.26188253338458,43275.39,15345.3
380059,6806.49,37839.0,145.26188253338458,34978.68,13324.0
380099,5296.84,0.0,145.26188253338458,32205.06,12564.0
380110,2458.45,57564.0,145.26188253338458,48594.03,0.0
380183,4735.18,0.0,26.072419671141965,29919.63,3182.0
380247,8658.86,62464.0,145.26188253338458,44983.53,6292.8
380255,6274.45,13662.0,39.96960185277297,34133.84,0.0
380262,22217.97,37553.0,145.26188253338458,31742.46,0.0
380294,5532.63,27722.0,145.26188253338458,25266.72,3129.0
380526,5437.91,23339.0,145.26188253338458,28705.43,19616.6
380627,6162.2,80590.0,42.497931034482754,34060.770000000004,0.0
380709,12682.25,75203.0,1491.3083923969093,11719.0,4880.0
380788,18938.54,91535.0,280.06246463380563,31033.33,24977.4
380795,12275.34,52135.0,145.26188253338458,39531.34,16163.8
380843,15531.79,95340.0,145.26188253338458,30639.66,3578.0
380928,9928.99,75716.0,145.26188253338458,46087.62,23310.6
380954,18938.54,91535.0,4628.9511830357205,1465.0,3353.0
381065,4669.23,76157.0,145.26188253338458,1895.11,0.0
381176,2616.61,72302.0,145.26188253338458,0.0,0.0
381189,2537.97,37612.0,145.26188253338458,42842.56,11992.9
381234,2319.74,0.0,145.26188253338458,38030.3,0.0
381284,9476.9,0.0,267.15285876474184,33352.1,25559.0
381307,3776.32,20101.0,145.26188253338458,28378.14,3438.0
381308,6039.02,0.0,8996.907346938777,1841.0,6205.0
381316,5631.45,17291.0,145.26188253338458,34271.28,14693.9
381395,5878.2,22061.0,31.88056654294095,61021.08,14668.6
381459,5932.56,48278.0,145.26188253338458,37433.35,24400.0
381471,10339.6,67134.0,145.26188253338458,0.0,0.0
381472,8237.25,48866.0,145.26188253338458,41943.0,3504.0
381496,2610.37,54737.0,145.26188253338458,19749.57,4614.0
381539,7416.47,0.0,552.5641049193715,7481.0,0.0
381651,5316.61,21299.0,145.26188253338458,36265.68,15820.5
381717,4984.62,86305.0,929.2064862104206,4720.0,0.0
381748,9880.1,62326.0,145.26188253338458,37856.73,6915.0
381786,4766.94,29177.0,2710.176168224309,2829.0,0.0
381901,7463.14,24599.0,145.26188253338458,30091.87,0.0
382045,5217.51,39854.0,145.26188253338458,0.0,0.0
382149,6532.01,24919.0,145.26188253338458,37480.88,15957.2
382197,4100.47,51193.0,388.998453541261,6104.73,3683.0
382243,6361.85,0.0,145.26188253338458,37813.63,37019.1
382252,17497.52,0.0,88.09711943087518,36236.49,3281.0
382271,11211.59,41121.0,60.59035776207335,48259.53,27963.7
382464,4463.0,0.0,145.26188253338458,52884.17,32365.1
382671,5380.9,55350.0,39.427872531778746,32852.79,2130.0
382678,9095.05,37937.0,145.26188253338458,0.0,0.0
382738,4254.62,11904.0,37.59341366071098,38974.15,12489.7
382739,7286.16,0.0,519.9312609970674,12269.0,0.0
382748,8291.66,85132.0,134.77570751040955,30300.1,19533.1
382889,2616.61,72302.0,185.41305571733653,12567.0,0.0
382953,4758.56,0.0,145.26188253338458,39811.32,0.0
382971,19190.32,39034.0,145.26188253338458,0.0,0.0
382980,8457.46,26023.0,145.26188253338458,28255.34,8361.0
382983,2701.49,76310.0,145.26188253338458,0.0,0.0
383108,4247.68,44537.0,145.26188253338458,32138.52,2726.0
383147,6945.02,15850.0,145.26188253338458,46758.78,14405.4
383190,2944.78,87274.0,145.26188253338458,41099.14,14546.4
383202,5528.21,36088.0,145.26188253338458,38808.4,0.0
383367,2520.82,39377.0,179.24012337662342,11803.0,3240.0
383391,2550.0,31213.0,2644.1761363636465,2485.0,0.0
383399,6540.2,21156.0,145.26188253338458,28835.54,0.0
383421,8012.92,0.0,145.26188253338458,37599.96,13930.8
383627,2722.21,17576.0,145.26188253338458,34536.57,18291.5
383656,9103.9,65733.0,101.0437116098036,36086.51,5418.8
383701,3055.7,42406.0,70.56686681050033,17821.15,3825.0
383787,8169.51,40803.0,145.26188253338458,43660.41,3461.0
383808,4496.98,0.0,145.26188253338458,41191.58,15081.5
383826,9407.45,31485.0,145.26188253338458,35563.45,9997.8
383842,3238.93,68745.0,81.8528882303661,24235.33,0.0
383891,3436.13,30817.0,145.26188253338458,51363.35,14224.6
383898,4481.39,0.0,506.14977307890666,15057.0,6692.0
383912,8059.89,72309.0,145.26188253338458,45898.28,0.0
383954,4980.83,53265.0,145.26188253338458,28565.41,0.0
383962,5097.53,21665.0,200.4955226293104,10228.0,8259.0
383969,7920.28,59648.0,241.40473751600516,18202.85,0.0
384010,9555.17,96269.0,651.2455589443554,10614.0,10780.0
384090,3653.13,0.0,145.26188253338458,27145.02,3290.0
384146,2790.23,22974.0,305.4080217912837,6714.0,0.0
384269,4745.18,50549.0,145.26188253338458,41076.08,7324.0
384286,2258.79,0.0,24.09492183732696,32343.85,10851.1
384296,2842.27,69417.0,145.26188253338458,0.0,0.0
384328,6165.56,0.0,76.67875347544023,34747.02,5533.0
384336,7942.17,41832.0,145.26188253338458,50558.72,28304.7
384356,2452.98,79898.0,278.66097105508885,11389.0,0.0
384409,15096.27,14909.0,2623.8755,8539.0,7157.0
384412,7519.13,96306.0,571.9260454292868,12633.0,8568.0
384543,4506.58,14985.0,145.26188253338458,44876.9,17536.2
384548,8189.97,72191.0,1776.1967023172936,4766.0,0.0
384599,19337.9,26488.0,145.26188253338458,35721.57,11686.9
384602,6941.9,0.0,145.26188253338458,9437.2,10396.8
384686,10014.06,0.0,145.26188253338458,36857.9,6378.0
384737,6930.63,29318.0,145.26188253338458,0.0,0.0
384744,3124.93,81285.0,145.26188253338458,45689.01,3182.0
384750,8870.67,91580.0,145.26188253338458,33846.32,0.0
384818,7048.38,24030.0,145.26188253338458,0.0,0.0
384825,4349.31,75648.0,145.26188253338458,37369.42,13788.1
384905,5264.64,0.0,145.26188253338458,0.0,0.0
384907,2616.61,72302.0,145.26188253338458,0.0,0.0
384920,5126.84,85522.0,145.26188253338458,36791.89,22470.6
384928,7710.91,77642.0,145.26188253338458,31623.87,0.0
384986,2443.67,92834.0,145.26188253338458,38112.93,11582.1
385092,7095.13,74298.0,218.26569321533935,13332.0,3282.0
385131,5504.14,0.0,145.26188253338458,42209.32,16949.4
385190,6005.85,13528.0,145.26188253338458,27653.96,13076.2
385235,4260.71,0.0,145.26188253338458,41716.58,31729.5
385358,15182.28,53863.0,145.26188253338458,34329.19,6750.0
385593,6729.87,0.0,145.26188253338458,48538.42,0.0
385638,3241.59,89196.0,452.2342047930295,6519.16,0.0
385718,5323.87,64706.0,145.26188253338458,60989.69,37408.3
385747,9337.9,76381.0,145.26188253338458,0.0,0.0
385861,6672.06,50537.0,3769.817182662549,6295.0,0.0
385864,3857.77,0.0,145.26188253338458,48269.7,15760.5
385912,15119.56,47725.0,145.26188253338458,29903.72,0.0
386037,2655.86,83460.0,14.084086572455282,48284.11,22307.7
386082,5391.97,41662.0,587.7757242409162,9802.0,0.0
386298,2647.52,37876.0,258.8423571428572,10456.0,0.0
386342,15865.17,43946.0,145.26188253338458,32901.72,11018.1
386363,4961.41,55702.0,145.26188253338458,45809.74,11798.4
386446,5551.59,46043.0,2321.9981092437024,6977.0,3630.0
386607,5580.82,57883.0,145.26188253338458,38339.17,4366.0
386649,8436.35,49182.0,145.26188253338458,28818.97,10145.0
386790,3554.85,58557.0,145.26188253338458,19953.84,14801.2
386825,3697.04,0.0,33.29836570421789,33193.33,0.0
386926,14002.76,61225.0,145.26188253338458,35373.86,12750.9
386936,7857.36,85067.0,2691.2133875508366,3379.0,0.0
386979,8555.89,0.0,664.7296402724571,17368.0,3319.0
386986,5318.9,25134.0,145.26188253338458,45960.33,22578.1
387121,4450.22,26848.0,145.26188253338458,36976.98,11430.4
387129,4776.19,0.0,145.26188253338458,52240.7,11440.9
387203,4506.58,14985.0,145.26188253338458,0.0,0.0
387214,4362.93,58842.0,176.26211444805213,16780.0,0.0
387307,5395.35,0.0,247.50348764139105,16400.0,0.0
387455,2519.57,41372.0,145.26188253338458,21561.9,2498.0
387506,4448.56,0.0,25.736582159703797,47082.68,7711.0
387523,4964.67,98451.0,145.26188253338458,35367.59,3144.0
387553,2808.08,55005.0,137.26998214285734,9739.0,15257.0
387568,6186.27,37138.0,145.26188253338458,28483.2,0.0
387570,5015.01,48567.0,145.26188253338458,39477.34,13460.0
387584,6158.85,0.0,145.26188253338458,51121.11,13627.0
387648,2794.91,39783.0,145.26188253338458,44892.56,4339.0
387650,4354.4,0.0,23.70743611314969,29446.61,15333.7
387695,8818.05,0.0,145.26188253338458,37085.21,15070.8
387705,3985.32,17220.0,145.26188253338458,45104.91,16678.9
387721,13104.15,0.0,145.26188253338458,36184.29,0.0
387834,8395.27,62989.0,283.49803400932586,44906.87,11913.9
387880,7777.2,46182.0,145.26188253338458,47110.4,14043.7
387971,4397.78,91653.0,145.26188253338458,40243.42,11952.0
388046,9002.41,76184.0,103.61367176660526,29176.38,4511.0
388140,13561.43,0.0,145.26188253338458,41757.51,7727.3
388156,2750.71,51789.0,145.26188253338458,34569.18,15464.1
388292,8025.23,0.0,145.26188253338458,34891.01,16071.0
388448,6236.02,57760.0,145.26188253338458,49958.54,8772.3
388478,2744.08,79192.0,132.93902471397126,15253.35,10179.1
388624,7057.89,37840.0,65.0853406196944,34371.6,16269.5
388639,4881.75,0.0,145.26188253338458,33026.65,8724.3
388777,2702.38,46370.0,15.621369837847658,50746.46,20977.9
388985,7796.0,32169.0,39.43754758402508,47620.74,12946.6
389081,14970.29,85297.0,145.26188253338458,0.0,0.0
389146,4305.79,31071.0,145.26188253338458,31895.42,6921.7
389225,15428.01,33879.0,145.26188253338458,50314.41,13622.0
389387,6005.21,26876.0,319.7677956623229,9468.0,0.0
389429,2719.51,14030.0,17.862600729173042,31547.02,10300.0
389430,7619.48,0.0,145.26188253338458,0.0,0.0
389488,11236.31,21636.0,169.3111890132725,28262.13,3173.0
389551,5728.58,29730.0,145.26188253338458,35418.44,18593.4
389565,5389.5,66429.0,145.26188253338458,43103.57,35522.5
389583,5283.36,80928.0,139.48632931169172,34701.27,7123.0
389706,29577.28,0.0,145.26188253338458,33968.36,3902.0
389741,8256.3,62902.0,220.28870614035085,22936.99,6500.0
389804,5619.69,0.0,145.26188253338458,51079.18,8428.0
389812,2627.76,20943.0,79.78585847382438,18677.0,6708.0
389928,13024.13,0.0,145.26188253338458,34852.97,0.0
389995,4522.88,0.0,145.26188253338458,30836.15,20218.4
389996,5849.49,67511.0,145.26188253338458,16727.77,0.0
390022,8838.09,82664.0,918.6244470811596,7709.0,3244.0
390117,8123.02,0.0,145.26188253338458,34989.88,19441.7
390190,7519.13,96306.0,72.06619392481646,42272.11,4128.0
390203,8215.39,0.0,145.26188253338458,32308.76,14227.1
390209,2805.29,50180.0,145.26188253338458,39411.54,11218.0
390297,13749.37,82753.0,1944.1580772210789,9595.0,4595.0
390343,7462.93,70263.0,42.200199900643554,41658.44,23660.8
390350,3569.86,0.0,145.26188253338458,28951.85,0.0
390377,16727.56,0.0,145.26188253338458,12534.29,0.0
390434,5995.41,28804.0,28.828111538228463,53643.43,11279.4
390435,7484.31,46998.0,113.2632282700632,33148.48,20550.1
390480,19597.06,64559.0,2767.0897098646096,11140.0,0.0
390546,5794.68,52979.0,54.02778714403948,39488.15,12749.0
390562,6222.21,74270.0,145.26188253338458,0.0,0.0
390651,5764.65,21195.0,145.26188253338458,0.0,0.0
390719,4598.24,51523.0,145.26188253338458,0.0,0.0
390874,3982.18,38500.0,135.38774008457688,29507.14,9340.0
390880,19174.63,74028.0,145.26188253338458,36934.79,0.0
390911,4236.3,25866.0,27.160221204740274,46746.82,16777.0
390924,7130.29,12062.0,512.445281272767,13390.1,0.0
390974,4434.03,83220.0,145.26188253338458,51075.26,9822.0
390980,8382.48,25998.0,145.26188253338458,22356.64,23010.9
391034,3012.04,42987.0,145.26188253338458,33279.94,3599.0
391091,10196.11,0.0,145.26188253338458,0.0,0.0
391106,6278.76,47669.0,145.26188253338458,35737.55,5033.0
391313,5528.21,36088.0,214.1125477504245,14161.0,11346.0
391357,5246.28,28909.0,225.45826530612263,14224.54,0.0
391397,2487.73,67282.0,145.26188253338458,28464.62,9415.6
391402,5598.01,51737.0,68.72073621901596,19046.89,0.0
391509,4177.67,29133.0,35.719629463051724,22324.37,21298.6
391542,5583.07,57925.0,145.26188253338458,43924.42,12967.5
391557,4330.39,60475.0,578.2654939024392,13505.0,3487.0
391564,2680.9,41968.0,145.26188253338458,48244.07,4350.0
391611,22103.51,0.0,184.41822905237365,33689.72,13175.0
391673,9035.67,34337.0,145.26188253338458,40741.41,13722.7
391761,6102.95,0.0,54.62781815060657,41869.6,33569.2
391861,2411.26,54483.0,21.611931734468367,44531.63,11911.1
391900,9031.21,0.0,200.5820193337444,18466.54,0.0
391927,8791.44,54094.0,45.41992911442096,47361.75,32409.1
391939,7890.6,0.0,145.26188253338458,40715.66,18707.3
392098,6964.05,0.0,63.48125315298668,38221.66,14116.7
392206,6869.19,0.0,145.26188253338458,46778.32,4399.0
392235,4542.41,29875.0,145.26188253338458,48453.94,33497.0
392335,10171.48,74243.0,145.26188253338458,28552.95,0.0
392402,5143.88,61417.0,145.26188253338458,39375.39,15725.9
392430,5532.46,29084.0,145.26188253338458,35495.62,2878.0
392558,2725.68,39161.0,145.26188253338458,0.0,0.0
392575,14002.38,67627.0,145.26188253338458,26305.94,13315.2
392582,6112.76,63243.0,145.26188253338458,34258.28,6720.3
392619,6993.84,0.0,145.26188253338458,31283.05,16068.4
392682,2356.07,0.0,112.13626623433092,10030.85,0.0
392713,2860.86,50332.0,1959.1255159474767,813.0,0.0
392774,5357.19,0.0,145.26188253338458,40665.14,2682.0
392781,2452.36,0.0,145.26188253338458,0.0,0.0
392785,8678.51,62366.0,145.26188253338458,40974.13,0.0
392802,2855.69,99612.0,145.26188253338458,49951.69,30528.4
392953,2510.05,0.0,77.49426935309252,15851.15,22372.0
392989,5443.76,41449.0,2426.095726495731,5137.0,0.0
393101,2521.16,19637.0,1016.072948104532,1577.0,0.0
393130,8277.75,45257.0,13987.86458333347,4482.0,0.0
393206,8019.86,54702.0,145.26188253338458,29258.38,2579.0
393309,8343.41,63354.0,145.26188253338458,50960.18,12381.9
393329,12357.12,0.0,6928.339170506921,3492.0,3079.0
393380,9320.24,18643.0,145.26188253338458,39366.97,4248.0
393403,2236.09,0.0,145.26188253338458,29694.08,9889.5
393565,3344.81,33243.0,145.26188253338458,42975.83,7448.0
393604,5345.68,54668.0,216.07676633444075,14257.0,9474.0
393806,7556.51,0.0,145.26188253338458,35950.0,11168.2
393853,8145.99,62534.0,145.26188253338458,40585.51,22550.2
393888,5108.04,26784.0,145.26188253338458,37837.77,12403.2
393975,5509.9,78879.0,145.26188253338458,0.0,0.0
394078,5004.58,33566.0,46.10164627852217,26282.61,0.0
394167,5439.34,0.0,145.26188253338458,35653.23,17952.8
394195,12944.19,0.0,145.26188253338458,2867.19,0.0
394196,5068.26,31475.0,647.7293067226894,8413.0,0.0
394200,8722.9,25680.0,145.26188253338458,0.0,0.0
394213,5278.53,32365.0,120.56038458409732,29761.23,10945.9
394248,7107.66,0.0,145.26188253338458,32768.36,10700.9
394321,7371.59,0.0,145.26188253338458,46423.92,11992.0
394363,3268.32,0.0,1127.184377952756,3093.0,0.0
394454,3808.12,94903.0,145.26188253338458,42580.07,12484.6
394569,8427.17,46503.0,1982.3310741138653,3726.17,0.0
394715,12807.09,0.0,145.26188253338458,43707.98,3443.0
394806,3891.58,0.0,145.26188253338458,42461.51,17195.0
394812,2403.54,24248.0,145.26188253338458,40952.31,17705.6
394927,9115.57,69588.0,383.0071428571432,10653.0,20993.0
394941,12780.28,33514.0,77.1046783780389,35633.18,11672.4
394946,4778.68,0.0,354.1703622482134,7487.53,8897.7
394979,8888.89,77104.0,145.26188253338458,24458.34,11147.3
395026,4624.62,0.0,145.26188253338458,47898.15,28456.2
395121,5094.52,72006.0,145.26188253338458,33902.48,5812.1
395168,3432.96,0.0,62.217758526804005,20413.73,0.0
395189,5279.48,92589.0,145.26188253338458,0.0,0.0
395300,10193.77,21119.0,145.26188253338458,0.0,0.0
395324,13379.81,0.0,145.26188253338458,30765.33,25570.2
395384,5989.77,66839.0,74.85845222333825,41829.55,0.0
395446,8973.11,69736.0,1319.220656552097,7472.0,7237.0
395460,4330.8,0.0,145.26188253338458,43499.74,16655.4
395511,4964.63,52679.0,86.26220202061877,25886.26,3059.0
395512,4091.93,38692.0,145.26188253338458,0.0,0.0
395525,4398.05,0.0,145.26188253338458,36115.72,14563.6
395622,21112.54,0.0,145.26188253338458,46478.0,16807.1
395639,7188.29,13542.0,145.26188253338458,42027.02,24137.8
395871,2398.74,24182.0,68.78850565681962,20557.0,0.0
395887,6045.63,82399.0,145.26188253338458,42191.11,23544.7
395912,3891.54,31409.0,145.26188253338458,41330.66,23579.3
395962,2510.59,0.0,347.4151459623407,6286.0,0.0
396018,9354.13,0.0,145.26188253338458,39380.29,14628.8
396048,7517.08,0.0,4019.141894531256,2483.0,2790.0
396155,20090.44,0.0,145.26188253338458,47662.86,4472.0
396267,8845.71,77077.0,145.26188253338458,43944.29,16938.5
396446,16045.11,0.0,145.26188253338458,33638.8,7375.8
396471,17476.64,45106.0,145.26188253338458,41615.68,11506.9
396726,6179.7,0.0,84.8005671942183,38815.49,7509.0
396863,8861.9,41854.0,109.85378723384991,29754.46,0.0
396867,14827.91,0.0,6367.279000000017,4283.0,0.0
396920,18892.2,0.0,105.98457182906364,31404.1,34050.9
396984,5290.67,36791.0,145.26188253338458,24809.74,14048.3
396996,2837.01,41408.0,145.26188253338458,46215.12,4683.0
396997,3579.02,28304.0,145.26188253338458,49640.69,16372.6
396998,24967.76,66825.0,342.68431330768004,19628.26,5504.3
397053,5185.8,99428.0,145.26188253338458,40836.06,15568.6
397065,11981.98,21514.0,232.19412058273872,20785.86,11876.3
397099,14084.49,0.0,10080.076176470617,3522.0,0.0
397104,4889.25,42536.0,145.26188253338458,32371.22,8035.1
397141,2160.92,0.0,145.26188253338458,47615.34,5612.6
397242,8789.88,22849.0,145.26188253338458,19933.88,6100.9
397248,5210.35,89781.0,145.26188253338458,42620.5,0.0
397272,2916.42,85210.0,145.26188253338458,0.0,0.0
397376,2374.81,0.0,145.26188253338458,0.0,0.0
397377,9486.6,42240.0,61.632730918929205,45658.26,27367.7
397480,30313.31,67117.0,145.26188253338458,42635.51,18338.8
397518,4235.18,60334.0,342.2020439787487,9738.0,0.0
397533,6234.31,0.0,145.26188253338458,45798.67,14896.0
397706,4002.86,0.0,145.26188253338458,50948.55,12241.3
397787,5169.56,56334.0,495.6368268978204,12631.0,0.0
397817,9816.53,37256.0,145.26188253338458,41627.17,4695.0
397820,4574.55,0.0,29.384313977389528,35629.02,0.0
397848,7850.59,0.0,145.26188253338458,0.0,0.0
397891,2759.98,92296.0,145.26188253338458,0.0,0.0
397934,14024.36,81872.0,349.1121219974633,16361.29,3921.0
397947,8935.27,63326.0,145.26188253338458,29695.54,12532.2
397962,2652.7,82655.0,145.26188253338458,0.0,0.0
398074,7609.09,16233.0,145.26188253338458,0.0,0.0
398086,8598.19,38113.0,145.26188253338458,31499.64,4885.0
398305,5009.6,0.0,260.10014224751103,10401.0,7883.0
398351,21991.62,80807.0,92.52126379414878,44943.03,8528.5
398506,20842.6,0.0,145.26188253338458,46546.2,18514.2
398535,4250.28,0.0,578.0000745156494,6271.0,6105.0
398586,26770.45,26335.0,145.26188253338458,34602.25,0.0
398603,2944.18,73601.0,18.56438990851047,47268.61,14397.6
398611,3870.36,0.0,145.26188253338458,46531.62,8063.6
398655,2647.52,37876.0,393.3027269027276,6017.0,0.0
398819,8826.61,26320.0,54.03276552686087,45367.4,7866.7
398839,30286.69,27587.0,145.26188253338458,37519.41,5175.0
398846,13727.8,0.0,286.4372606185332,26364.83,26214.4
398924,35900.08,25285.0,145.26188253338458,40547.0,29822.6
398965,24127.5,14072.0,177.0552142922245,33295.26,3307.0
399065,6057.07,27681.0,145.26188253338458,42371.5,21029.4
399101,5979.72,57693.0,145.26188253338458,13929.07,10351.2
399214,7218.09,0.0,34.36943581274117,37060.82,21210.3
399251,8276.44,0.0,145.26188253338458,47893.83,6561.0
399372,14700.5,29695.0,145.26188253338458,45722.53,13541.9
399379,2004.35,0.0,145.26188253338458,30594.99,22665.1
399397,7799.44,0.0,145.26188253338458,29907.98,21420.3
399417,8500.91,79153.0,145.26188253338458,50306.2,12541.4
399418,5109.5,21277.0,145.26188253338458,37578.36,3461.0
399514,3214.98,53984.0,179.83719956067551,20757.24,7425.2
399555,6712.29,44891.0,900.7300919117648,6383.0,6808.0
399575,5033.39,68331.0,23.30120447036493,43147.5,8937.6
399666,7086.18,0.0,159.33777229267983,10151.04,0.0
399670,2810.46,26790.0,145.26188253338458,41343.24,20676.0
399678,8139.0,24992.0,145.26188253338458,36663.81,24080.2
399704,11315.2,11885.0,139.8917686110908,25275.4,3877.0
399917,3554.85,58557.0,145.26188253338458,0.0,0.0
399943,25900.2,53105.0,145.26188253338458,47491.46,3543.0
399973,7031.79,26255.0,145.26188253338458,40727.65,9313.8
399982,4529.98,0.0,145.26188253338458,28070.52,5781.0
400030,7380.57,53957.0,145.26188253338458,33422.85,9316.0
400079,3919.37,66676.0,40.1669507182246,41653.13,47448.9
400181,2915.61,86599.0,85.98557881355481,55123.57,15849.0
400224,12819.1,10105.0,145.26188253338458,43424.46,0.0
400265,6553.94,0.0,66.62090985718851,38583.96,0.0
400272,9095.05,37937.0,245.00846907220307,19681.79,0.0
400313,2912.6,65436.0,145.26188253338458,30948.5,7619.7
400392,7787.43,24664.0,43.558086143221296,52184.53,0.0
400404,6846.15,0.0,76.7093290970208,16576.67,18773.9
400470,3107.57,0.0,145.26188253338458,36645.22,17674.4
400478,5187.65,80521.0,626.776646805694,9437.11,0.0
400486,6005.21,26876.0,145.26188253338458,43125.41,4093.0
400513,9688.33,20009.0,145.26188253338458,0.0,0.0
400600,5316.64,45856.0,318.2659523288873,14711.0,0.0
400702,5116.73,95427.0,43.97789770550891,35777.49,22671.8
400802,19776.57,70699.0,145.26188253338458,27280.12,11109.3
400844,27287.5,0.0,145.26188253338458,0.0,0.0
400873,2590.1,22398.0,145.26188253338458,0.0,0.0
400958,2843.15,0.0,145.26188253338458,37055.15,11285.9
400979,9553.42,0.0,46.99623302164229,38295.55,18313.9
400985,2230.76,0.0,145.26188253338458,46301.93,9006.0
401007,4864.38,88079.0,145.26188253338458,35582.11,28673.2
401036,5285.08,85753.0,145.26188253338458,37358.79,21515.6
401055,6438.97,90035.0,145.26188253338458,30247.38,3747.0
401060,4867.38,20123.0,145.26188253338458,38760.34,14222.7
401062,8662.05,0.0,317.5068204946241,12164.98,10640.0
401101,8056.9,64304.0,145.26188253338458,26916.75,15739.7
401336,4936.89,0.0,145.26188253338458,32513.35,6568.3
401350,2527.65,80744.0,1432.596661490685,4967.0,3677.0
401422,4836.22,16450.0,445.7627020202029,8447.0,4328.0
401424,4491.91,0.0,145.26188253338458,18518.56,7791.9
401454,2302.82,0.0,145.26188253338458,48200.34,9008.2
401645,9244.35,12081.0,145.26188253338458,43836.74,0.0
401710,32306.29,36301.0,145.26188253338458,28459.27,0.0
401722,4389.95,0.0,145.26188253338458,34572.09,11643.0
401760,3317.9,74142.0,17.577891175881458,44400.5,20047.5
401766,2538.63,18608.0,145.26188253338458,45486.44,11399.0
401769,7615.38,34095.0,34.391795550716395,49095.68,25617.7
401824,35062.65,84811.0,145.26188253338458,31506.56,9091.7
401834,2953.62,76474.0,14.42766636555255,33096.82,15903.8
401857,11003.02,22926.0,92.89859599315616,44076.61,15694.0
401858,4644.7,0.0,365.9059613226282,14099.54,5095.8
401859,4307.46,0.0,145.26188253338458,31188.73,7266.0
401943,7648.26,91071.0,145.26188253338458,0.0,0.0
401956,2004.35,0.0,21.188020767465595,29662.94,4183.0
402034,2322.57,0.0,22.399279108684173,40940.15,9796.5
402052,7222.85,0.0,145.26188253338458,38241.65,27429.9
402082,3815.32,23540.0,145.26188253338458,41050.65,0.0
402136,25805.51,86901.0,145.26188253338458,0.0,0.0
402177,4638.95,0.0,5209.897692307692,3075.0,0.0
402251,8622.84,97361.0,219.6822683880756,24205.08,2887.0
402332,5018.89,54500.0,145.26188253338458,34922.63,0.0
402390,3873.65,28142.0,7363.970052083395,595.0,0.0
402624,5637.74,0.0,145.26188253338458,0.0,0.0
402638,6086.43,13688.0,157.30624443851744,20934.37,0.0
402697,3514.21,73643.0,51.66915005035248,42455.31,15870.0
402706,6744.19,0.0,145.26188253338458,32907.82,0.0
402918,2759.98,92296.0,453.8895380271538,17675.18,5464.0
402964,8260.64,33321.0,145.26188253338458,39627.8,10740.7
402966,35537.85,0.0,1569.4904311527011,15384.22,0.0
403052,2863.31,36706.0,303.2228675048359,14652.0,9579.0
403118,10777.57,53437.0,145.26188253338458,43445.79,0.0
403185,5626.53,46897.0,86.2892205882353,22263.78,0.0
403258,4157.7,0.0,145.26188253338458,0.0,0.0
403282,4772.93,15323.0,105.98918177338206,17459.34,0.0
403361,3895.03,52361.0,126.73708725574102,18369.92,0.0
403463,5979.72,57693.0,12813.685714285795,2472.0,0.0
403473,7908.67,43630.0,145.26188253338458,31481.61,10462.0
403500,19237.7,0.0,145.26188253338458,42300.84,14349.0
403507,5737.23,56455.0,145.26188253338458,37425.84,14108.0
403529,4413.29,37697.0,145.26188253338458,0.0,0.0
403675,38410.6,71644.0,145.26188253338458,37432.49,0.0
403764,26900.27,63009.0,8638.063240469226,6185.0,0.0
403856,2821.45,0.0,204.16916137985743,9493.0,0.0
403893,2189.64,0.0,145.26188253338458,37080.39,14159.5
404011,5365.98,51240.0,145.26188253338458,26210.4,3660.0
404012,3193.82,93405.0,1106.369155330595,3479.0,0.0
404106,16874.33,55390.0,82.3828012769354,46887.03,16366.5
404233,5528.66,16042.0,145.26188253338458,38610.33,14925.9
404314,2491.26,25965.0,12.818447480602671,52896.94,13328.5
404339,29589.94,0.0,649.2962023337882,19226.66,3012.0
404417,5181.05,0.0,145.26188253338458,33173.63,0.0
404426,4223.27,14170.0,145.26188253338458,40538.27,15263.1
404431,7583.56,81568.0,145.26188253338458,38427.55,22444.7
404434,4767.69,0.0,145.26188253338458,51915.2,17906.5
404475,21776.58,56044.0,145.26188253338458,36246.06,12962.5
404720,2265.32,0.0,12.880760842472585,49603.27,12855.9
404742,26197.41,18495.0,165.12170187316454,34818.46,0.0
404801,9090.27,45310.0,1402.9380761099387,7305.0,3144.0
404805,21151.23,48642.0,2376.908543719213,11472.0,5033.0
404846,7425.85,84302.0,145.26188253338458,36448.2,10579.7
404920,6803.62,0.0,75.593476606496,28685.55,12048.8
405030,3362.67,0.0,145.26188253338458,0.0,0.0
405201,7661.39,66726.0,63.26556013311889,36779.56,5855.8
405318,10506.88,37934.0,145.26188253338458,32297.41,18473.7
405339,2759.98,92296.0,23.746492452171942,24750.58,15926.2
405351,18532.41,0.0,145.26188253338458,44800.11,0.0
405418,5528.21,36088.0,145.26188253338458,30558.63,8069.3
405442,2693.53,63684.0,145.26188253338458,39886.89,16872.4
405465,4783.92,49793.0,145.26188253338458,0.0,0.0
405500,7507.46,60920.0,145.26188253338458,39591.45,5633.0
405597,4858.12,21685.0,145.26188253338458,42792.22,18574.4
405602,4831.42,23228.0,92.65676710428605,30185.38,0.0
405698,5457.26,50044.0,217.64640515734297,10347.0,14628.0
405699,13778.37,91474.0,145.26188253338458,36379.94,7867.9
405735,6997.01,55873.0,1026.4906149517683,35109.68,15531.3
405739,5447.81,0.0,145.26188253338458,32137.48,42831.7
405740,5638.15,85896.0,145.26188253338458,0.0,0.0
405768,3816.41,82414.0,136.02086222048638,26498.93,0.0
405804,2397.04,22283.0,145.26188253338458,45290.41,2757.0
405928,11855.14,0.0,145.26188253338458,41832.2,0.0
406047,4463.0,0.0,37.60520949559464,50595.47,5901.4
406099,2953.8,0.0,1413.6411713286727,1600.0,0.0
406176,2514.59,43860.0,145.26188253338458,27177.36,5330.0
406252,14024.36,81872.0,1069.6297415894703,10990.0,5516.0
406254,5332.46,68931.0,145.26188253338458,39264.82,11598.2
406287,8668.61,21474.0,562.0468336441966,10425.24,0.0
406294,8509.45,0.0,145.26188253338458,42513.3,45355.8
406367,4416.35,25480.0,867.1155190962901,3207.0,2877.0
406369,2764.02,54183.0,333.3996364838079,9938.0,0.0
406373,4540.99,0.0,33.348719037281015,39795.05,17804.3
406411,20708.26,92079.0,145.26188253338458,42877.22,21062.7
406564,8217.43,84815.0,145.26188253338458,42572.22,7514.5
406574,4772.94,20993.0,145.26188253338458,46358.68,5118.0
406810,15797.99,35754.0,74.40343677419357,31774.21,22749.3
406988,14040.96,0.0,145.26188253338458,0.0,0.0
407008,8819.02,99845.0,25147.986718750097,3898.0,0.0
407032,6187.35,0.0,145.26188253338458,39128.42,21491.1
407119,2337.35,28806.0,14.67803248622321,28325.86,12585.6
407173,4692.66,0.0,145.26188253338458,30336.37,15500.2
407233,11718.42,73903.0,145.26188253338458,0.0,0.0
407238,4874.07,0.0,145.26188253338458,41424.9,16476.8
407305,4362.93,58842.0,145.26188253338458,45319.61,13535.6
407340,5764.86,40238.0,145.26188253338458,49513.01,6080.0
407377,9388.16,75264.0,145.26188253338458,41562.6,20514.4
407404,7519.13,96306.0,145.26188253338458,0.0,0.0
407411,5252.51,0.0,145.26188253338458,32182.18,0.0
407433,8875.97,69205.0,145.26188253338458,41542.67,16929.0
407468,2853.51,38798.0,145.26188253338458,28448.2,2850.0
407478,5408.89,20472.0,145.26188253338458,17796.48,0.0
407641,7714.65,0.0,145.26188253338458,0.0,0.0
407648,4528.5,70340.0,145.26188253338458,0.0,0.0
407768,7668.81,92456.0,145.26188253338458,40847.76,20516.2
407798,6042.91,25899.0,145.26188253338458,43461.44,7413.0
407924,6979.54,0.0,145.26188253338458,0.0,0.0
407933,18680.99,74640.0,145.26188253338458,40141.12,3538.0
407945,4236.47,59038.0,145.26188253338458,54615.29,12499.0
407999,13277.08,96402.0,145.26188253338458,26706.8,20105.8
408047,11960.48,52436.0,145.26188253338458,35628.7,9940.8
408091,5657.03,0.0,222.6936960742021,13520.2,6952.1
408134,5759.01,30968.0,553.1680657894738,17136.0,0.0
408170,14503.02,29790.0,145.26188253338458,0.0,0.0
408259,3189.67,0.0,30.12512269340707,37125.63,8987.0
408309,9800.34,32245.0,100.3164499809302,35747.270000000004,5225.0
408347,6005.85,13528.0,964.2823680351928,11236.0,0.0
408378,10963.96,55687.0,2713.728797468361,8544.0,0.0
408468,4297.19,66331.0,486.0974225206612,14667.0,0.0
408493,7849.13,54431.0,164.40373977114925,21677.34,4454.0
408500,2925.73,30752.0,145.26188253338458,35827.07,0.0
408561,4791.08,29111.0,23.999003669223672,49368.34,16328.3
408651,8173.5,68144.0,43.00490256847885,29649.27,5192.0
408838,7680.15,68229.0,145.26188253338458,33497.88,11308.9
408863,5802.84,0.0,51.964626391097,38834.5,0.0
408886,9002.12,61374.0,145.26188253338458,38578.64,12166.4
408915,17476.64,45106.0,29948.23286385006,2175.0,0.0
408931,4668.04,53252.0,414.255920252857,51729.05,18902.3
408990,6852.0,0.0,145.26188253338458,43632.04,10216.3
409051,20534.39,0.0,145.26188253338458,48921.44,15937.5
409102,2915.61,86599.0,145.26188253338458,43478.79,13211.3
409156,10979.1,94827.0,145.26188253338458,35018.33,12775.6
409174,4428.04,0.0,647.5298878205143,8854.0,0.0
409454,7920.28,59648.0,145.26188253338458,49825.72,13615.4
409512,7427.85,78294.0,145.26188253338458,41616.68,15718.7
409603,5248.98,0.0,64.68247632209159,27113.81,8515.8
409684,13869.93,28432.0,125.63030622627,31869.55,0.0
409741,11681.37,70930.0,145.26188253338458,47079.34,0.0
409768,6005.21,26876.0,3170.542405978794,2027.0,0.0
409798,5773.9,52278.0,145.26188253338458,35345.67,24318.1
409908,2912.91,68899.0,145.26188253338458,48788.3,8828.6
409914,2734.33,30916.0,15.738255409268888,37753.07,6270.0
409951,5625.91,0.0,26.563080277757177,32856.64,6532.2
409984,7452.23,0.0,880.0897163503034,12781.0,0.0
409989,2499.41,0.0,522.4000668066429,2192.0,3571.0
410202,24127.5,14072.0,177.46171284634767,34292.2,10309.4
410209,7553.94,38008.0,39.71377067834328,38392.2,20669.2
410218,6745.89,53058.0,145.26188253338458,30873.86,29214.4
410341,2795.41,40516.0,12.632986738346377,44228.86,7987.6
410343,17085.41,20053.0,897.3128348401646,12936.78,0.0
410347,4942.63,23285.0,145.26188253338458,50826.16,22395.9
410373,6880.63,0.0,145.26188253338458,0.0,0.0
410384,4492.52,0.0,145.26188253338458,33550.89,17351.1
410460,5048.05,34452.0,202.0888386393883,21031.63,8418.9
410544,2154.07,0.0,145.26188253338458,33325.6,8791.3
410552,2452.74,52785.0,17.8416166831304,31925.87,3632.0
410558,5720.77,41770.0,35.90750136138261,36244.24,27294.6
410702,3571.35,0.0,145.26188253338458,38728.87,2712.0
410790,2884.64,63438.0,145.26188253338458,43552.04,21354.1
410921,4755.72,23975.0,27.85103119414432,45290.25,7453.7
410938,13197.93,0.0,145.26188253338458,36326.67,8587.0
410958,6615.82,90414.0,1983.6590635268387,4204.0,0.0
410963,8453.68,59888.0,85.05411544186565,32107.84,0.0
410982,4237.37,29465.0,31.42202091767425,38379.84,23256.9
411030,6503.14,0.0,763.2302572347268,8636.0,0.0
411094,3540.21,62863.0,145.26188253338458,37198.21,23371.9
411116,5592.16,71811.0,145.26188253338458,17606.28,6152.2
411204,6907.55,42790.0,145.26188253338458,43624.58,8847.0
411242,4670.05,0.0,145.26188253338458,0.0,0.0
411272,7055.96,0.0,6200.863723916572,3432.0,0.0
411296,2690.48,60060.0,207.1200506186728,10164.0,0.0
411298,7627.31,36084.0,39.46942714801772,35448.8,24964.0
411365,4488.13,0.0,6399.0916015625535,106.0,0.0
411420,22693.29,71879.0,98.734849743082,36388.29,14628.8
411523,4747.73,42165.0,17.224626567482247,66419.27,29142.9
411533,8593.87,91276.0,145.26188253338458,38193.47,8242.2
411583,9112.27,0.0,145.26188253338458,37849.86,15731.4
411586,18321.24,76726.0,86.50971143820362,31047.13,8387.7
411651,27069.5,22955.0,145.26188253338458,0.0,0.0
411686,10517.16,46707.0,145.26188253338458,33026.8,0.0
411690,2722.21,17576.0,145.26188253338458,40783.61,20178.0
411715,3238.0,60244.0,533.8166214995487,6560.0,0.0
411734,4774.38,0.0,145.26188253338458,27055.12,0.0
411744,17109.39,87139.0,145.26188253338458,24443.95,8614.7
411876,3853.47,0.0,26.53674631055836,45026.53,14204.8
411897,6782.56,26116.0,145.26188253338458,32391.68,23981.8
412024,5790.46,52443.0,42.96096991165315,44699.36,11187.4
412133,2732.65,86650.0,14.266698786288345,43278.67,7970.0
412186,23747.47,0.0,145.26188253338458,50893.24,8065.5
412203,3652.67,0.0,145.26188253338458,27073.28,0.0
412284,4997.78,54827.0,145.26188253338458,26417.57,3528.0
412362,3894.62,59578.0,145.26188253338458,0.0,0.0
412394,15531.79,95340.0,145.26188253338458,43070.61,15311.0
412402,8876.67,30525.0,145.26188253338458,43128.16,13243.5
412429,12427.39,15818.0,145.26188253338458,26985.95,9070.6
412480,5270.01,78115.0,3730.226858435692,2676.0,0.0
412487,7240.66,32818.0,145.26188253338458,40170.0,0.0
412743,7610.54,51878.0,1147.870702479339,4039.0,4694.0
412793,10963.96,55687.0,145.26188253338458,42115.16,18596.8
412803,8044.87,71391.0,145.26188253338458,50129.83,14671.8
412817,30104.52,0.0,145.26188253338458,30856.91,0.0
412854,4692.1,0.0,44.68013806201835,27291.36,0.0
412880,20998.26,71663.0,145.26188253338458,49826.63,13235.5
412902,4904.89,12902.0,21.290509154651534,52423.81,14992.4
412944,6167.85,27289.0,145.26188253338458,37981.7,10795.7
412995,7255.14,67352.0,85.02881573257869,32378.26,0.0
413050,2441.39,0.0,11.49899024961804,41579.85,21428.2
413052,15923.96,64429.0,145.26188253338458,33338.54,3532.0
413088,3033.41,27369.0,145.26188253338458,45928.84,15478.6
413101,10298.39,64825.0,145.26188253338458,37515.95,11813.0
413115,3136.08,0.0,145.26188253338458,35547.35,15780.0
413185,4792.51,20181.0,32.647744494214265,36703.22,6783.0
413243,7405.27,58779.0,145.26188253338458,38066.91,3476.0
413266,9333.08,0.0,57.464049413676506,41577.72,17358.4
413282,4835.78,36655.0,28.53198141038593,30898.06,23533.5
413305,4362.93,58842.0,145.26188253338458,0.0,0.0
413330,5996.07,0.0,74.12534208066332,25456.01,0.0
413345,7341.79,27649.0,145.26188253338458,39919.94,6400.0
413347,5515.41,0.0,40.7816157811502,30015.43,3780.0
413426,4165.99,0.0,145.26188253338458,45110.89,0.0
413445,4582.16,49558.0,304.09432898779994,13262.46,9155.0
413459,13840.16,29658.0,145.26188253338458,46903.46,23228.7
413620,2453.57,29735.0,25.49355937896757,38584.9,4019.0
413659,18726.15,0.0,901.3245824175824,8175.0,4253.0
413741,3885.46,0.0,145.26188253338458,28970.01,25986.4
413798,8341.62,0.0,145.26188253338458,45341.94,0.0
413815,3465.53,48744.0,145.26188253338458,40144.65,24030.9
413853,25807.06,71210.0,722.175586506517,16020.79,11873.0
413994,19643.54,84488.0,109.69628970048026,30204.99,17202.7
414033,10876.48,71255.0,141.94440094250234,31236.03,6225.0
414157,5406.69,21855.0,145.26188253338458,40795.79,0.0
414164,5780.18,51066.0,100.3112227917194,32461.33,4617.0
414207,4170.69,29462.0,145.26188253338458,31185.9,2683.0
414211,28622.31,35442.0,145.26188253338458,48345.41,8474.0
414239,16870.39,61063.0,229.44501502881567,28995.05,0.0
414305,2725.36,36650.0,15.087153820487154,41711.17,31829.4
414318,2821.35,73339.0,145.26188253338458,35366.66,15933.4
414382,3776.67,68727.0,8990.116630434783,5034.0,0.0
414433,21892.35,78337.0,145.26188253338458,47737.65,5016.0
414584,10049.29,58194.0,145.26188253338458,61019.56,10932.6
414661,10839.51,26367.0,145.26188253338458,0.0,0.0
414727,7519.13,96306.0,145.26188253338458,49991.64,23048.3
414741,9152.49,60423.0,145.26188253338458,43434.84,22246.5
414757,6645.93,21144.0,145.26188253338458,33502.83,10966.6
415067,3482.04,0.0,145.26188253338458,51563.78,11574.3
415077,4505.4,81079.0,145.26188253338458,32685.59,11601.4
415088,5741.7,45820.0,290.85684215396014,13425.0,4238.0
415090,5150.42,65629.0,131.36623015429342,16958.42,11308.3
415148,7850.13,67186.0,145.26188253338458,46942.84,8812.0
415201,10662.63,62409.0,1101.262011884551,11606.0,8156.0
415292,5827.41,30228.0,145.26188253338458,0.0,0.0
415327,4739.3,0.0,72.84087400062883,27354.89,2710.0
415332,31920.77,58542.0,208.6791931222855,29852.33,6987.0
415341,8628.3,0.0,145.26188253338458,31779.18,10242.9
415372,2595.56,27734.0,145.26188253338458,38484.51,9832.3
415381,21850.84,51056.0,145.26188253338458,36821.04,5354.2
415402,4690.79,43367.0,92.23491876225572,22536.77,3969.0
415441,5807.99,70717.0,710.6658900435806,33307.6,2490.0
415446,19185.07,35322.0,7410.10640211641,3758.0,2882.0
415640,7995.44,66685.0,145.26188253338458,0.0,0.0
415862,2896.92,33746.0,31.468113030668285,36588.03,9058.0
415896,4916.3,71153.0,39.93647151511375,26690.99,0.0
415915,3107.57,0.0,71.21412964997648,32170.36,3559.0
415916,2248.45,24910.0,26.582071737665835,27629.88,19441.3
416091,2319.74,0.0,203.6327801827805,7282.0,0.0
416105,8433.23,57961.0,42950.63651162791,2221.0,0.0
416124,5119.41,40169.0,145.26188253338458,42187.77,30849.2
416127,8828.93,86721.0,145.26188253338458,41121.4,11123.5
416216,2709.54,58828.0,145.26188253338458,29785.81,12919.0
416575,8838.09,82664.0,145.26188253338458,42441.31,13985.4
416620,4862.91,36839.0,4482.227651515161,769.0,0.0
416768,4879.71,0.0,41.73014720755492,40278.78,12665.4
416783,8254.7,0.0,145.26188253338458,32641.45,13567.9
416940,8733.53,83210.0,145.26188253338458,15927.06,0.0
416973,11700.64,0.0,77.38191349934472,42476.83,15684.5
417001,2504.87,66081.0,3386.213148148161,4315.0,0.0
417082,5227.57,70988.0,145.26188253338458,35331.86,0.0
417118,7596.14,56225.0,145.26188253338458,50429.42,12453.0
417274,2471.44,0.0,51.05211746662366,37203.28,20825.9
417507,2649.21,36283.0,21.332357859531783,39596.84,20466.8
417553,8161.78,45270.0,145.26188253338458,0.0,0.0
417564,6185.97,28001.0,145.26188253338458,43770.01,3909.0
417584,4014.45,37384.0,145.26188253338458,37663.61,9549.4
417721,2272.45,0.0,145.26188253338458,0.0,0.0
417825,8932.32,60909.0,59.49070375110092,28072.76,8619.0
417838,7840.17,58414.0,145.26188253338458,35830.26,3682.0
417841,2860.75,27907.0,145.26188253338458,0.0,0.0
417886,4425.91,80892.0,145.26188253338458,36845.97,21762.6
417904,2912.24,0.0,33.95422588074454,20633.99,8175.0
417929,10529.85,37518.0,145.26188253338458,40549.27,11488.8
418090,4834.71,38713.0,29.312142596119777,41520.27,20566.5
418166,2806.7,37009.0,24.371713985278653,49373.19,15319.7
418233,3260.74,0.0,145.26188253338458,0.0,0.0
418281,5181.62,97131.0,145.26188253338458,29796.34,2907.0
418327,15122.99,0.0,107.5272089451932,31954.27,0.0
418470,7244.5,0.0,226.4914602391477,13969.15,3969.0
418626,5709.23,0.0,145.26188253338458,0.0,0.0
418636,2378.09,0.0,435.7444026104421,11576.0,0.0
418718,2952.36,52198.0,133.10417490118584,14131.0,3397.0
418753,7859.41,0.0,128.89952235881952,28360.28,0.0
418779,2491.32,36631.0,11.520858998046776,54065.98,7818.5
418784,24442.3,36261.0,27879.49843750023,2715.0,0.0
418793,13024.22,26312.0,145.26188253338458,46068.46,25815.4
418910,5173.49,0.0,30.74696531627199,41431.96,8130.1
418930,5789.85,77221.0,43.56546275395035,33822.87,4894.4
418938,11236.31,21636.0,304.8805493606899,18529.35,0.0
418958,6328.18,0.0,145.26188253338458,45644.71,2992.0
418990,5216.91,60861.0,145.26188253338458,33242.31,16167.4
419182,2827.44,13610.0,145.26188253338458,43003.62,4164.8
419237,4339.87,91761.0,176.0123578651061,19098.25,0.0
419275,10016.29,62900.0,72.48611323148911,45071.05,0.0
419377,14635.45,0.0,145.26188253338458,43197.96,13219.0
419491,5073.28,57709.0,145.26188253338458,0.0,0.0
419493,14318.45,22697.0,145.26188253338458,40904.55,6771.0
419522,20930.05,30535.0,145.26188253338458,34689.03,4061.0
419540,2628.17,0.0,145.26188253338458,43952.49,27302.7
419570,5041.3,36234.0,24.246216952690173,43685.87,9960.0
419626,3896.57,10853.0,150.07365727550916,14063.0,16036.0
419648,6289.01,50269.0,161.01008992200212,16654.89,0.0
419661,4846.32,0.0,1355.484137931037,3566.0,0.0
419732,2627.61,94962.0,322.2707157258069,6707.0,0.0
419748,12731.95,40870.0,145.26188253338458,39614.8,2756.0
419749,2495.46,26689.0,145.26188253338458,46943.01,0.0
419758,2728.84,40516.0,145.26188253338458,36125.44,9361.3
419776,7914.82,77153.0,145.26188253338458,33456.81,24797.3
419818,2464.51,40982.0,24.771673069244237,35367.68,4868.0
419893,8026.38,0.0,55.73705328604915,28247.43,13363.2
419953,7486.17,38725.0,145.26188253338458,42176.87,13433.0
419973,38320.82,45277.0,145.26188253338458,39985.37,13864.0
420008,6583.21,0.0,145.26188253338458,49920.55,13302.9
420010,4861.49,12153.0,937.2062588028168,6413.0,2644.0
420126,3515.83,15144.0,369.6077044930881,6967.0,0.0
420148,5389.5,66429.0,600.8085944658237,43339.15,9131.4
420202,19339.2,22582.0,1187.998182358784,16259.86,15251.6
420204,3038.83,75180.0,72.1547833308758,17615.37,12882.0
420222,4729.97,0.0,145.26188253338458,50103.95,24154.4
420243,2388.35,0.0,1845.6197953422816,4202.0,4174.0
420339,10369.39,0.0,49.87773598780213,49326.97,3441.0
420394,2468.44,65876.0,46.02028818208289,22534.69,5296.0
420434,3527.85,59496.0,145.26188253338458,39617.79,21129.4
420439,9215.54,71888.0,145.26188253338458,43369.75,9184.8
420457,2502.21,0.0,145.26188253338458,50806.9,4841.0
420464,5126.54,33169.0,145.26188253338458,0.0,0.0
420481,3349.64,78092.0,145.26188253338458,46204.92,12477.6
420488,4386.28,10621.0,145.26188253338458,37052.91,0.0
420490,4177.67,29133.0,49.90376786076621,29678.7,20112.4
420508,5066.83,40215.0,145.26188253338458,44271.4,10777.0
420515,5448.56,85296.0,145.26188253338458,54751.38,6919.8
420590,20315.0,63209.0,736.1603375527435,21827.13,11507.0
420627,7506.96,0.0,69.71261525309887,36465.24,2532.0
420738,3452.41,65773.0,145.26188253338458,42962.37,16627.6
420786,5113.9,92427.0,145.26188253338458,25110.43,19825.7
420856,8548.3,53055.0,1818.257284382288,5137.0,0.0
420890,4525.37,10269.0,356.4949748201439,8664.0,4424.0
421001,3993.88,17672.0,145.26188253338458,39956.47,4163.0
421191,4089.46,60759.0,145.26188253338458,47676.36,2603.0
421252,9264.57,55837.0,10979.117045454568,1346.0,4159.0
421310,2398.33,0.0,145.26188253338458,258.85,0.0
421432,4647.42,28314.0,145.26188253338458,0.0,0.0
421458,9613.61,34398.0,145.26188253338458,32796.78,2220.0
421497,4921.33,43640.0,145.26188253338458,35276.88,0.0
421580,8491.86,27781.0,145.26188253338458,29325.26,19904.5
421691,2623.32,80210.0,145.26188253338458,42027.57,0.0
421744,2522.26,0.0,145.26188253338458,30702.36,0.0
421748,9403.96,79440.0,34.72274705724464,47765.14,0.0
421752,2903.75,0.0,6882.264610389625,2124.0,0.0
421822,8265.38,0.0,3955.677928321698,6326.0,0.0
421855,5107.16,35625.0,145.26188253338458,0.0,0.0
421923,2798.83,48675.0,145.26188253338458,34682.81,15442.1
421930,5032.39,30735.0,97.2790144052537,39984.67,11639.4
422121,3233.26,0.0,16.15804390359447,45205.72,14195.6
422152,5130.82,12940.0,21.59525671007053,42219.38,13662.9
422164,24337.38,0.0,4729.269050576752,4435.0,6534.0
422204,9267.92,55808.0,145.26188253338458,50303.55,15772.7
422245,4601.63,84394.0,10199.969331983855,842.0,0.0
422276,7556.24,35257.0,145.26188253338458,44364.84,20830.4
422320,3382.22,0.0,71.90484409583351,29543.3,7368.0
422349,6689.02,56980.0,145.26188253338458,45638.54,14361.0
422358,5528.21,36088.0,29.456742059649347,35543.11,4817.0
422398,2616.61,72302.0,145.26188253338458,44952.71,24447.9
422436,3728.83,0.0,539.5175541754766,9935.0,0.0
422496,2514.43,23504.0,145.26188253338458,50653.41,25456.1
422750,5727.33,99934.0,145.26188253338458,31863.15,20804.3
422787,10179.72,14290.0,54.43631414344849,33423.64,7896.4
422803,3933.81,25927.0,27.404956025051472,47593.29,42232.9
422805,4686.47,58089.0,145.26188253338458,33558.8,35666.8
422989,2769.73,39646.0,148.6809921366382,22262.02,7402.4
423035,2150.18,0.0,145.26188253338458,60014.32,24899.7
423096,5700.76,26811.0,40.6569916599636,54114.33,16865.6
423119,9035.67,34337.0,145.26188253338458,24807.07,0.0
423153,4483.84,32983.0,149.8719413919414,14846.0,0.0
423201,5284.04,61542.0,145.26188253338458,35295.27,10473.6
423228,11638.67,61486.0,145.26188253338458,37580.24,0.0
423254,11315.2,11885.0,145.26188253338458,44769.62,4343.4
423272,2631.88,16976.0,145.26188253338458,39782.68,2669.0
423313,25464.82,13663.0,145.26188253338458,0.0,0.0
423324,4200.37,51510.0,341.3287680890538,4035.0,0.0
423336,14040.96,0.0,270.76027049873204,28317.82,0.0
423409,5556.91,29120.0,399.6332884539606,10160.0,9400.0
423432,3430.32,54339.0,17.316877337953382,34704.13,9756.5
423473,3052.63,0.0,370.2514233495796,10539.0,0.0
423598,21776.58,56044.0,86.93178954690418,48949.49,4924.8
423609,3816.41,82414.0,145.26188253338458,28686.33,3303.0
423686,11510.36,0.0,99.65608736698788,30581.24,6370.7
423711,5623.61,31504.0,145.26188253338458,0.0,0.0
423821,5615.07,19949.0,145.26188253338458,36436.83,10231.5
423844,11072.03,58971.0,145.26188253338458,0.0,0.0
423941,3090.03,0.0,145.26188253338458,48513.35,11507.0
423978,7857.3,0.0,145.26188253338458,38984.95,7486.0
424012,4148.57,61896.0,62.63214122234236,21042.57,9034.5
424027,2860.44,45587.0,145.26188253338458,0.0,0.0
424098,24337.38,0.0,132.19593343730656,39218.67,10048.9
424100,9422.57,47272.0,138.52999664339427,24312.6,20325.2
424126,10593.59,94042.0,76.5960466470686,49954.47,5882.4
424139,2810.46,26790.0,33.52842795882614,37529.79,3031.0
424208,8646.5,64125.0,145.26188253338458,34056.26,7193.4
424216,18205.67,0.0,124.9308056025569,38254.76,5914.7
424270,13523.13,10563.0,735.2446549155917,15101.0,3787.0
424317,14181.64,0.0,145.26188253338458,0.0,0.0
424337,64618.76,0.0,878.0518162877075,28213.28,0.0
424403,5981.38,88723.0,43.20574743124932,35769.01,3273.0
424451,4529.98,0.0,16534.427,504.0,0.0
424526,13045.37,0.0,181.61877828917264,33420.09,11751.7
424540,4787.21,0.0,145.26188253338458,36896.02,9645.0
424585,6006.96,0.0,145.26188253338458,8659.11,0.0
424688,6386.28,23751.0,53.93006420267225,22490.62,13582.0
424793,16727.56,0.0,129.05067284794347,21212.73,0.0
424812,39365.3,99875.0,145.26188253338458,30438.17,20595.8
424837,2004.35,0.0,145.26188253338458,28596.48,17937.9
424917,6743.12,0.0,145.26188253338458,30579.41,4556.0
424983,7432.2,0.0,145.26188253338458,33286.64,22306.5
425294,10901.23,72257.0,145.26188253338458,38412.18,11388.2
425411,7504.69,97849.0,145.26188253338458,33538.24,2815.0
425436,7974.95,26118.0,37.43133821154869,50687.13,0.0
425445,5041.45,61972.0,145.26188253338458,27392.68,4019.0
425472,8382.48,25998.0,145.26188253338458,48179.92,12489.0
425477,15277.48,38183.0,145.26188253338458,0.0,0.0
425567,5345.99,0.0,145.26188253338458,24005.5,14214.4
425620,7431.66,27688.0,3031.91792101342,3772.0,0.0
425687,5880.26,0.0,310.0238191535468,12232.69,0.0
425717,4648.54,0.0,145.26188253338458,32784.88,6437.2
425720,8257.67,23815.0,145.26188253338458,26011.93,0.0
425779,2117.99,0.0,149.27615004859592,3951.9,9017.4
425826,8709.85,41546.0,16164.891101694917,2204.0,0.0
425854,4016.13,10074.0,28.70821615460543,35638.21,9946.5
425940,8513.7,34505.0,145.26188253338458,33044.43,12700.5
426022,8111.65,30622.0,145.26188253338458,0.0,0.0
426027,10575.95,0.0,77.67358344400182,22184.92,3963.0
426124,4792.51,20181.0,63.298327137546494,32203.84,16886.3
426141,3605.86,21585.0,145.26188253338458,0.0,0.0
426185,4731.75,69833.0,145.26188253338458,31006.4,15335.2
426223,13897.39,24378.0,125.16978721129176,43507.36,7024.3
426302,3020.42,78561.0,75.15019086571235,16029.75,0.0
426317,4767.69,0.0,145.26188253338458,35942.53,11261.5
426351,5283.36,80928.0,30.353639296543104,28707.78,10762.8
426384,8876.67,30525.0,54.59019612688575,40586.68,14039.6
426414,16301.97,19614.0,132.42484443435535,41021.13,0.0
426429,13561.2,29095.0,65.86838666407623,44519.72,0.0
426439,8652.65,65605.0,145.26188253338458,40315.94,11798.4
426530,2450.63,61883.0,145.26188253338458,47791.32,14517.5
426533,3443.3,16208.0,34.68545946294031,42378.8,4917.0
426536,2758.33,22158.0,145.26188253338458,37604.39,16185.5
426698,2489.34,46051.0,145.26188253338458,32753.53,13710.4
426720,7891.58,28422.0,46.21895177681265,41152.31,11972.8
426791,4935.64,95765.0,145.26188253338458,34649.020000000004,4350.0
426958,2895.21,72014.0,145.26188253338458,38667.99,0.0
426981,8573.46,46703.0,145.26188253338458,40853.79,12115.0
426990,8595.67,34621.0,62.51201224436663,38802.33,0.0
426994,6245.58,39608.0,34.12812011419772,40479.22,13870.0
427036,8717.05,83846.0,145.26188253338458,45321.42,11286.0
427140,2574.02,34990.0,145.26188253338458,39237.3,2472.0
427163,7780.9,0.0,145.26188253338458,38800.89,6868.5
427177,41787.9,46587.0,255.9496135955305,31876.97,15923.9
427329,5681.31,67132.0,51.11576905758853,45178.35,2343.0
427354,2429.28,26736.0,100.0023157894737,11724.0,0.0
427358,13027.42,76456.0,145.26188253338458,30600.62,22084.0
427388,6677.42,0.0,309.5848463036667,14516.44,0.0
427444,5552.6,50470.0,346.56275649794827,17550.0,0.0
427733,4013.96,93284.0,145.26188253338458,41893.21,10596.3
427804,8840.19,47297.0,145.26188253338458,0.0,0.0
427919,9553.42,0.0,145.26188253338458,28449.7,0.0
427976,2871.44,23803.0,145.26188253338458,50246.38,21751.3
427980,6044.02,93715.0,145.26188253338458,36625.43,10235.3
428020,5321.11,67431.0,31.780105824319197,45550.53,7499.3
428114,22658.54,23665.0,2052.200272952853,41875.36,10012.4
428129,16501.07,83547.0,145.26188253338458,44569.97,12528.5
428130,6376.75,27835.0,145.26188253338458,32000.53,3700.0
428152,6612.22,0.0,490.34138561560417,13228.0,3730.0
428162,8368.88,23879.0,145.26188253338458,41266.14,0.0
428249,5292.63,0.0,145.26188253338458,49956.27,0.0
428305,5677.47,45345.0,145.26188253338458,49617.33,12864.9
428345,4362.93,58842.0,163.3302000000002,14872.0,0.0
428376,4978.95,28695.0,47.50037246138164,40389.44,13923.2
428383,6826.8,0.0,145.26188253338458,3780.54,0.0
428402,13478.8,0.0,145.26188253338458,43353.26,3881.0
428452,5106.78,29894.0,3963.092912827792,611.0,0.0
428520,8858.35,0.0,275.1461765606919,19452.44,0.0
428523,5680.28,82255.0,48.00032875316889,37548.93,6351.7
428526,7374.08,0.0,1533.1164274322175,20059.48,10757.8
428536,5479.56,56005.0,145.26188253338458,40337.9,17605.4
428565,5780.18,51066.0,93.68436703483437,25308.78,5973.0
428590,5012.18,20976.0,145.26188253338458,0.0,0.0
428604,4458.11,17622.0,192.05407388464877,13587.0,7368.0
428649,5388.02,48895.0,145.26188253338458,35801.8,0.0
428710,17530.04,0.0,105.6817214838632,38642.62,22039.5
428757,14641.52,0.0,145.26188253338458,34585.11,21540.8
428765,17497.52,0.0,458.37572399537794,13859.79,12002.8
428778,2448.77,40658.0,168.79032796172748,10472.0,3031.0
428826,4645.57,42532.0,400.85887706855857,6464.0,7957.0
428843,5214.34,69991.0,145.26188253338458,38057.79,9939.1
428853,4940.94,0.0,71.86034307572771,40526.28,14178.0
428872,5320.61,32116.0,145.26188253338458,0.0,0.0
428903,11315.2,11885.0,145.26188253338458,46215.27,2669.0
428919,4139.9,35945.0,145.26188253338458,34771.73,0.0
428922,7031.46,16224.0,145.26188253338458,32017.81,10030.8
429054,2275.4,0.0,145.26188253338458,41604.21,7026.0
429238,8332.73,0.0,145.26188253338458,50537.4,38321.6
429244,11763.94,28806.0,145.26188253338458,39514.51,23378.0
429292,9283.74,24314.0,145.26188253338458,25905.13,3812.0
429308,2678.06,72450.0,145.26188253338458,37967.15,4863.0
429354,3109.01,77485.0,18.244718496676764,35666.38,10282.8
429448,4900.34,0.0,145.26188253338458,0.0,0.0
429460,3839.75,0.0,145.26188253338458,23832.41,5479.6
429471,2859.8,98879.0,23.5461029703685,36961.04,0.0
429557,4115.58,52405.0,145.26188253338458,38039.46,3324.0
429689,2476.05,54831.0,145.26188253338458,0.0,0.0
429692,14558.42,40260.0,873.3855581427215,13723.24,6574.0
429829,2867.31,23376.0,145.26188253338458,52828.14,12905.6
429849,7465.98,0.0,145.26188253338458,37539.76,4951.4
429894,5799.06,65538.0,59.87284928189967,26976.88,0.0
429921,8099.57,25452.0,145.26188253338458,42780.85,18266.1
429933,4686.47,58089.0,32.62247306509895,44123.32,0.0
430048,2159.25,0.0,145.26188253338458,52692.41,32970.3
430059,10110.78,15752.0,46.80647527454874,53870.78,19611.0
430097,20631.15,28935.0,145.26188253338458,42097.4,11600.0
430107,2497.53,0.0,145.26188253338458,30131.55,9205.5
430197,18634.73,0.0,145.26188253338458,43943.14,5396.0
430221,4626.8,79487.0,11567.000000000044,5290.0,0.0
430228,4995.21,82413.0,145.26188253338458,48047.06,20757.5
430265,5736.46,96917.0,136.6884861699558,22840.0,0.0
430323,7172.07,73836.0,145.26188253338458,46330.73,27411.3
430398,49423.8,85058.0,2847.172821969701,11613.0,7878.0
430413,5176.73,41533.0,145.26188253338458,32752.49,0.0
430475,14158.61,83235.0,165.68998262270978,31187.43,7733.0
430500,7771.58,28054.0,145.26188253338458,51198.19,0.0
430503,5325.72,0.0,40.22669103952542,47338.78,3949.0
430519,5671.93,34974.0,145.26188253338458,0.0,0.0
430521,4515.45,21500.0,145.26188253338458,0.0,0.0
430555,5097.76,0.0,145.26188253338458,39711.51,7613.3
430559,2562.84,0.0,145.26188253338458,0.0,0.0
430569,4277.56,75921.0,18.904766786511708,51269.3,21974.7
430618,8915.17,31991.0,145.26188253338458,39720.82,6885.6
430670,14476.12,27572.0,145.26188253338458,0.0,0.0
430712,5233.95,69231.0,518.217557010326,11014.6,4052.0
430813,3531.35,0.0,145.26188253338458,36697.33,24897.9
430817,5447.2,68815.0,52.60488682515116,33905.99,0.0
430880,5272.19,96668.0,99.75528881792782,31183.75,9228.0
431020,7304.16,0.0,145.26188253338458,43124.99,18515.5
431021,2132.77,0.0,145.26188253338458,34882.25,8675.0
431034,12298.69,17101.0,145.26188253338458,35572.95,21026.1
431187,2359.42,19864.0,1708.706944444451,3542.0,0.0
431201,5562.46,59649.0,200.20424081463625,18003.89,0.0
431277,5192.36,23059.0,71.33364866356858,28813.77,14183.5
431286,9043.68,97745.0,145.26188253338458,0.0,0.0
431392,6896.09,0.0,20975.607083333507,862.0,0.0
431514,4078.02,0.0,488.3989828283936,9305.0,2605.0
431521,5201.36,67001.0,145.26188253338458,45597.49,29107.800000000003
431533,7540.58,29697.0,145.26188253338458,47991.37,15885.9
431586,4334.06,23904.0,145.26188253338458,29568.97,12010.4
431640,2554.19,0.0,16.600376364253652,52694.19,35786.5
431829,2461.8,12222.0,20.80921120684997,34518.09,18640.9
431899,4671.42,0.0,145.26188253338458,22237.12,13936.0
432031,4529.07,94757.0,19.453325731392606,47524.87,5779.0
432059,2588.44,0.0,145.26188253338458,28096.15,29550.7
432145,10382.5,11721.0,145.26188253338458,48528.81,26900.2
432200,10477.78,61427.0,145.26188253338458,32763.13,5634.0
432215,5414.9,57452.0,145.26188253338458,46010.44,19739.3
432255,5837.53,83308.0,145.26188253338458,47308.93,26499.3
432298,5323.87,64706.0,33.95621909238647,49229.64,13161.4
432302,5642.75,68654.0,120.985205831904,28851.58,0.0
432366,20631.15,28935.0,145.26188253338458,37570.03,12594.0
432370,2609.53,60798.0,145.26188253338458,37026.78,8455.0
432392,8288.16,33816.0,811.5910001430819,35592.75,6726.0
432451,4766.37,0.0,30.225284318937568,36996.92,0.0
432493,2839.01,0.0,145.26188253338458,38702.14,10502.4
432564,4014.45,37384.0,373.7563131313133,13848.26,3206.0
432579,12168.74,14973.0,7765.017657342673,3312.0,0.0
432592,2215.91,0.0,145.26188253338458,36194.52,14693.0
432598,4576.76,48569.0,145.26188253338458,44582.41,0.0
432655,17029.89,54613.0,427.98685243328094,44655.99,0.0
432716,4717.63,20355.0,145.26188253338458,29060.13,6425.8
432718,2491.32,36631.0,145.26188253338458,42635.61,21339.6
432729,2476.48,47918.0,145.26188253338458,0.0,0.0
432843,13411.31,26140.0,142.76893960016022,28669.31,16389.4
432920,5111.3,76448.0,145.26188253338458,33266.79,10157.4
432938,4128.09,32114.0,145.26188253338458,29134.96,7666.5
432941,12280.77,88340.0,145.26188253338458,6904.59,8605.1
432961,2410.5,41842.0,166.31994328922505,7747.0,7835.0
433017,7853.96,42582.0,153.70911021190207,24775.22,14553.7
433020,2712.83,39618.0,484.9875673469388,9858.0,0.0
433116,7714.6,13154.0,145.26188253338458,0.0,0.0
433172,2738.0,0.0,145.26188253338458,41777.67,15650.7
433300,7519.13,96306.0,20635.20639097762,1765.37,0.0
433307,22758.91,80540.0,6432.887570986068,4507.0,0.0
433353,2433.91,0.0,145.26188253338458,44205.43,21649.4
433477,2555.54,18241.0,2391.723333333334,3927.0,3942.0
433496,2938.73,0.0,145.26188253338458,43671.29,16959.4
433510,6259.51,37813.0,145.26188253338458,34934.91,23981.7
433678,7805.31,21073.0,145.26188253338458,50353.91,19579.8
433752,5943.07,62120.0,179.15498896052767,18861.47,3885.0
433812,4814.35,0.0,145.26188253338458,36686.38,5080.0
433815,15277.48,38183.0,145.26188253338458,46179.41,9167.5
433857,36707.43,24804.0,672.2297902764539,42239.1,11191.0
433881,5205.75,25237.0,145.26188253338458,0.0,0.0
433946,4349.31,75648.0,145.26188253338458,38523.51,9733.0
434081,8170.62,95241.0,61.26743847630372,32640.89,0.0
434098,9006.6,0.0,55.384238262428326,42174.11,23476.4
434113,2413.14,27501.0,145.26188253338458,35187.62,3322.0
434136,3509.97,51800.0,145.26188253338458,46929.68,23398.5
434215,2224.56,0.0,30.43344827586207,25241.62,10418.0
434385,33473.35,33190.0,214.0433493437669,35157.3,4029.0
434430,4727.83,0.0,145.26188253338458,0.0,0.0
434470,8002.31,0.0,145.26188253338458,40542.18,28034.7
434477,2491.26,25965.0,145.26188253338458,48475.97,15031.5
434489,2372.16,19030.0,53.70672886065901,38768.04,7347.3
434568,9031.21,0.0,145.26188253338458,40671.1,9823.0
434620,5817.83,86824.0,507.85426100127575,7792.0,0.0
434621,5015.01,48567.0,68.89130252058673,21946.49,6798.0
434657,7163.8,44527.0,76.66917853205419,28745.95,7320.7
434658,6385.62,0.0,145.26188253338458,33080.01,8808.4
434679,25360.1,21442.0,145.26188253338458,41465.02,11322.0
434693,9775.82,55632.0,426.1676997862101,17591.34,0.0
434751,2971.92,83873.0,145.26188253338458,42708.67,17160.8
434760,2276.39,0.0,145.26188253338458,43206.52,11097.6
434802,2852.53,26841.0,17.993146980039757,31374.67,21878.5
434807,19668.87,0.0,145.26188253338458,67997.53,9756.5
434888,6188.38,40352.0,145.26188253338458,36031.13,33025.2
434922,2746.92,62302.0,145.26188253338458,43030.26,2523.0
434965,8414.08,59828.0,145.26188253338458,0.0,0.0
435049,3788.65,48887.0,145.26188253338458,26683.5,12229.0
435097,9035.67,34337.0,145.26188253338458,43005.76,16712.3
435129,2389.77,58652.0,22.52652386428983,37762.97,0.0
435156,8365.96,27042.0,145.26188253338458,46761.48,23628.4
435223,33718.84,27500.0,529.5773063683305,29726.05,11688.8
435249,27776.29,88220.0,327.3440078308469,22748.93,0.0
435358,3876.77,0.0,3401.492908653864,1875.0,0.0
435378,2451.75,26840.0,145.26188253338458,34114.18,12550.0
435557,6274.12,68964.0,145.26188253338458,25472.76,0.0
435613,2616.61,72302.0,145.26188253338458,35191.83,17778.6
435657,2497.54,15520.0,145.26188253338458,31584.57,18904.1
435777,7432.3,0.0,145.26188253338458,0.0,0.0
435789,4236.81,0.0,145.26188253338458,34254.72,17977.8
435883,2776.75,30893.0,145.26188253338458,0.0,0.0
436010,13727.8,0.0,70.56272018664083,40598.42,2788.0
436041,12231.88,43244.0,896.2433403593301,6124.93,12376.2
436081,5189.29,82166.0,145.26188253338458,25441.9,14096.9
436087,4786.89,45515.0,789.1665989159906,11548.0,6075.0
436226,3731.5,0.0,145.26188253338458,43902.79,17854.6
436235,8083.92,31506.0,145.26188253338458,23033.53,19600.7
436247,5325.72,0.0,148.1621798780489,13560.37,4563.0
436266,5645.51,44162.0,117.49452520061284,21546.27,7086.0
436282,24186.88,32989.0,145.26188253338458,0.0,0.0
436318,8375.35,17780.0,145.26188253338458,0.0,0.0
436419,17223.89,85378.0,852.7834848073795,8470.0,11071.0
436475,7031.46,16224.0,145.26188253338458,40450.65,17067.7
436498,4272.81,0.0,145.26188253338458,0.0,0.0
436569,2665.74,81538.0,18.49505212095407,34729.91,5707.0
436705,2416.48,0.0,145.26188253338458,21000.07,0.0
436719,3324.55,0.0,34.13449312787278,25427.97,17043.0
436805,17019.19,98623.0,696.9990855539979,12245.7,13679.4
436827,14057.42,36261.0,92.27086541579772,31131.63,8143.4
436874,8231.22,0.0,145.26188253338458,36481.79,11351.0
436901,8852.73,0.0,145.26188253338458,27729.32,5226.9
436969,4626.8,79487.0,145.26188253338458,35427.2,27071.2
436971,5004.31,25486.0,111.71974543719736,24461.0,6444.0
436975,4550.86,17913.0,145.26188253338458,25739.97,14510.3
436990,4411.66,0.0,840.0750730383978,37735.34,20582.7
437022,4984.62,86305.0,31.3875618474533,30348.94,4727.2
437074,8343.75,64127.0,145.26188253338458,32635.43,5240.0
437086,8509.85,26057.0,145.26188253338458,44500.14,8876.8
437158,11318.09,38923.0,145.26188253338458,42862.02,8756.0
437197,5254.73,34476.0,145.26188253338458,38656.66,12414.6
437251,9732.58,38279.0,792.685065901045,14876.36,0.0
437262,2775.08,29051.0,145.26188253338458,0.0,0.0
437269,4654.84,0.0,67.27712837570289,17851.39,8094.0
437288,9449.75,0.0,145.26188253338458,30348.75,4820.3
437357,10611.56,0.0,145.26188253338458,37971.98,10995.7
437403,10388.99,33432.0,424.814741995474,12816.39,5555.6
437407,4549.08,0.0,43.95219229669683,43808.37,8683.0
437440,8717.85,36645.0,127.95141662690268,45019.81,5099.0
437545,3837.62,0.0,145.26188253338458,30985.31,5455.0
437598,9410.67,96060.0,145.26188253338458,51271.11,30236.8
437737,5170.81,0.0,43.37146977153911,44328.62,29050.9
437810,5154.05,55645.0,145.26188253338458,44069.3,38514.0
438023,4228.73,0.0,145.26188253338458,33461.18,0.0
438120,5229.45,69545.0,535.1633411214954,11347.0,13237.0
438199,5366.78,0.0,70.21559610007886,15309.71,13022.6
438263,4717.63,0.0,145.26188253338458,33429.63,0.0
438299,6308.92,21368.0,106.29019423211848,25657.84,0.0
438383,6913.57,26714.0,137.37438914848258,28253.28,0.0
438511,7853.96,42582.0,145.26188253338458,0.0,0.0
438525,7457.24,0.0,376.300250231568,22901.23,4404.2
438526,3164.38,0.0,145.26188253338458,46444.75,9525.9
438593,16793.97,0.0,4668.544592536188,3602.0,0.0
438641,7403.45,19064.0,48.871339221123705,30710.74,8235.3
438698,10541.11,59965.0,145.26188253338458,0.0,0.0
438707,2448.81,87802.0,145.26188253338458,46755.07,52138.6
438746,9275.68,52494.0,145.26188253338458,42043.33,14740.2
438822,5093.01,29638.0,30.984629210361835,45842.83,8752.8
438869,6610.05,23616.0,145.26188253338458,35601.270000000004,8092.1
438875,3832.9,97729.0,253.31966248393,12466.91,0.0
438936,3878.77,84981.0,145.26188253338458,46205.88,4030.0
439013,7381.91,54878.0,335.37430296241007,8380.0,6323.0
439068,9061.95,42743.0,28189.87286931824,2768.0,6122.0
439092,4254.62,11904.0,522.4637097678599,9848.0,0.0
439251,7692.46,0.0,145.26188253338458,37836.7,26608.3
439252,2549.45,0.0,2007.224439171736,1522.17,0.0
439296,5133.64,38795.0,145.26188253338458,45163.31,12095.0
439350,7912.13,0.0,145.26188253338458,40328.55,21369.8
439361,12989.82,0.0,75.40925957244673,44123.82,13391.7
439566,8613.46,37277.0,50.27112996982156,28671.32,0.0
439572,5158.58,25963.0,235.10551485890295,15008.0,8142.0
439574,7809.52,69161.0,145.26188253338458,46168.83,15199.5
439675,3457.15,0.0,145.26188253338458,35369.68,12043.3
439696,4923.95,31093.0,61.37603674098496,36076.44,7691.2
439819,9416.47,0.0,145.26188253338458,47260.92,5776.0
439900,2202.34,0.0,16.060122510628783,37105.15,8360.3
440112,2464.51,40982.0,14.467351353379836,30448.34,9109.2
440198,10382.5,11721.0,145.26188253338458,46886.49,12291.1
440209,5291.4,57338.0,145.26188253338458,38574.07,0.0
440213,2397.04,22283.0,25.34412078235076,34769.41,4183.0
440320,14244.73,31189.0,66.86620247222658,42907.98,19195.4
440511,3728.87,0.0,86.72527452687925,18502.02,14136.5
440595,37243.63,53602.0,145.26188253338458,40733.26,0.0
440618,3730.14,75132.0,145.26188253338458,52903.57,5270.0
440642,15512.25,54833.0,145.26188253338458,35874.47,6657.6
440671,8002.31,0.0,145.26188253338458,0.0,0.0
440699,8819.02,99845.0,6605.216757865955,2338.0,0.0
440758,2124.17,0.0,145.26188253338458,0.0,0.0
440785,4522.88,0.0,145.26188253338458,49860.59,26780.4
440885,3459.04,97162.0,19.6890054674805,46979.14,10078.4
440928,7769.84,74365.0,145.26188253338458,40929.73,11778.1
440939,4419.12,24046.0,36.2786180506303,40786.56,0.0
440967,4766.94,29177.0,145.26188253338458,33467.35,23591.8
441113,6798.27,32517.0,145.26188253338458,24025.59,0.0
441128,9336.34,70177.0,145.26188253338458,46972.89,12927.6
441135,6673.74,85019.0,38.86604468899966,35482.06,22586.1
441155,5475.34,88251.0,145.26188253338458,22897.84,19411.8
441304,2353.18,0.0,145.26188253338458,41779.39,0.0
441313,14510.75,60120.0,145.26188253338458,26434.32,0.0
441340,4834.71,38713.0,145.26188253338458,36668.91,21489.2
441345,9402.73,0.0,1400.8148775510206,5592.0,0.0
441356,5885.34,0.0,109.57484544285984,21792.35,3016.0
441359,4838.21,73769.0,145.26188253338458,37363.68,13349.0
441389,2402.82,21629.0,14.764471616798732,34031.71,9343.4
441419,2647.52,37876.0,207.59286788399584,15087.98,0.0
441423,4413.29,37697.0,145.26188253338458,24636.03,20856.3
441439,4904.89,12902.0,145.26188253338458,28736.28,0.0
441440,4637.16,25816.0,45.87845893907499,39274.19,0.0
441442,5552.33,35011.0,145.26188253338458,36253.52,18370.5
441509,5550.15,62219.0,145.26188253338458,42383.11,17920.8
441623,5674.14,65775.0,145.26188253338458,36684.98,5732.3
441631,15950.02,0.0,1288.569566179728,8981.0,0.0
441670,3554.85,58557.0,145.26188253338458,25903.05,0.0
441719,4099.66,18606.0,145.26188253338458,0.0,0.0
441724,4502.68,68798.0,145.26188253338458,41443.15,27904.8
441741,3933.81,25927.0,145.26188253338458,25729.95,2653.0
441782,4916.3,71153.0,145.26188253338458,41110.65,20045.6
441964,6033.22,0.0,111.08791184769414,26186.03,14057.0
442014,5872.96,77156.0,32.213551760705016,47431.57,23057.3
442018,4770.55,12964.0,74.14310197998728,29661.76,11838.9
442103,22332.44,49078.0,145.26188253338458,37707.13,4677.8
442192,10507.69,20043.0,145.26188253338458,41056.33,21404.1
442249,10115.45,63528.0,71.4912933782041,28463.84,10349.6
442251,6948.42,0.0,492.8436261173732,9801.0,0.0
442252,7815.47,0.0,145.26188253338458,31128.5,9873.0
442282,2682.42,24823.0,145.26188253338458,32174.78,8075.0
442304,2761.69,0.0,145.26188253338458,42847.78,15759.4
442306,4105.58,39492.0,145.26188253338458,25581.22,5707.6
442418,10598.54,20179.0,303.36635612227326,19244.61,6384.0
442458,4170.69,29462.0,145.26188253338458,35563.34,11147.3
442479,2896.92,33746.0,145.26188253338458,45066.42,6066.7
442525,5597.12,37995.0,145.26188253338458,31078.58,3729.0
442609,7060.21,85412.0,145.26188253338458,37954.77,0.0
442695,23228.24,53243.0,10352.023931623944,3269.0,4022.0
442792,7602.66,0.0,145.26188253338458,44848.04,8360.0
442831,8023.08,34335.0,145.26188253338458,22909.64,7989.5
442838,3059.28,65083.0,145.26188253338458,39670.73,9501.9
442868,4558.59,0.0,145.26188253338458,35374.78,0.0
442879,7984.09,0.0,145.26188253338458,40143.9,16210.8
442956,6285.02,0.0,145.26188253338458,41695.12,0.0
442980,6912.04,0.0,47.8969688033358,40878.55,23681.9
443130,2781.59,0.0,145.26188253338458,33862.77,21621.6
443198,2771.05,50071.0,110.39357022796902,20544.27,2581.0
443199,7776.84,63568.0,40.541399108775146,44639.91,3325.0
443231,8288.16,33816.0,66.90089962581938,38410.18,7272.0
443232,2577.51,49467.0,145.26188253338458,42970.38,5380.0
443243,2619.34,78618.0,145.26188253338458,43286.64,15023.7
443557,7462.93,70263.0,60087.56139706015,2326.0,0.0
443595,8169.75,32799.0,65.28692966195705,45201.15,13907.0
443770,2600.27,51978.0,145.26188253338458,0.0,0.0
443865,11030.66,35773.0,145.26188253338458,40933.77,6022.0
443896,8181.72,0.0,145.26188253338458,27519.4,15602.1
443967,3086.87,19464.0,200.04276794697293,5935.0,0.0
443970,4892.62,43199.0,850.383952380953,8564.0,4129.0
443985,8888.14,58789.0,90.7409683374357,30394.23,2961.0
444022,3766.37,22439.0,145.26188253338458,44374.56,24881.5
444050,5876.37,97026.0,145.26188253338458,0.0,0.0
444060,6292.74,26577.0,148.72119269619276,16921.94,0.0
444085,8426.06,0.0,145.26188253338458,29151.04,16765.4
444092,4558.5,0.0,13.028997570941508,93011.81,10462.4
444154,11124.21,42596.0,145.26188253338458,41609.42,12760.4
444202,6134.39,43875.0,3763.113193277321,2786.0,0.0
444218,7304.4,41025.0,145.26188253338458,0.0,0.0
444237,9202.64,0.0,145.26188253338458,36867.63,2854.0
444259,4992.06,0.0,145.26188253338458,49438.45,27115.1
444300,8176.58,67137.0,209.0127811860941,23177.04,3872.0
444365,2567.15,40864.0,16.893651334530485,37802.85,12209.4
444366,13024.13,0.0,101.4906995114557,31134.08,6570.0
444371,2840.3,79181.0,145.26188253338458,24608.34,21335.6
444524,2685.43,75329.0,145.26188253338458,33413.09,16017.0
444646,8542.22,50117.0,90.0375494527708,17315.41,8405.6
444652,12067.46,0.0,288.5124170305679,20002.66,3279.0
444661,6701.77,18400.0,145.26188253338458,2634.3,0.0
444684,4974.8,75644.0,29.578139762176253,37238.74,19519.7
444686,5220.28,0.0,145.26188253338458,39320.04,12996.9
444748,2834.65,24506.0,145.26188253338458,50024.76,18749.6
444778,4899.23,0.0,31.581234013369173,32871.55,0.0
444786,9877.3,67752.0,145.26188253338458,32762.28,0.0
444894,8598.19,38113.0,145.26188253338458,27017.47,23715.3
444904,6057.07,27681.0,145.26188253338458,0.0,0.0
444931,5452.63,17723.0,145.26188253338458,47700.81,9565.0
444997,2128.62,0.0,145.26188253338458,47071.64,0.0
445008,5960.58,47945.0,145.26188253338458,0.0,0.0
445024,7437.51,88360.0,154.74497805392468,26649.56,26012.5
445073,7488.79,39602.0,145.26188253338458,31015.28,15526.8
445137,12128.45,29431.0,145.26188253338458,38224.41,14783.5
445145,5971.0,64008.0,145.26188253338458,32320.42,21314.2
445146,5953.35,20283.0,1341.3412037037035,2596.0,9583.0
445169,2926.89,92381.0,145.26188253338458,39712.71,4673.0
445176,10442.43,30786.0,145.26188253338458,38486.9,7451.8
445177,4434.94,58082.0,59.6000444276443,26627.72,12472.8
445247,7993.0,39448.0,145.26188253338458,0.0,0.0
445251,15002.6,19245.0,145.26188253338458,38101.32,17257.7
445282,8509.02,56481.0,145.26188253338458,0.0,0.0
445338,5733.21,79955.0,145.26188253338458,35192.29,7522.0
445370,5259.44,61146.0,145.26188253338458,39969.21,2820.0
445418,3649.66,19013.0,145.26188253338458,0.0,0.0
445427,9628.7,71269.0,2404.9786724452592,1823.0,0.0
445432,6686.13,22244.0,145.26188253338458,42707.43,21756.4
445451,5308.25,0.0,145.26188253338458,54502.95,3987.0
445496,13046.65,71024.0,95.49928439451956,40908.26,19284.2
445549,9393.97,39770.0,62.86929333144274,43019.81,16378.0
445599,15487.44,69161.0,145.26188253338458,0.0,0.0
445632,6271.32,94880.0,145.26188253338458,46836.01,12238.0
445673,6947.52,0.0,145.26188253338458,30430.63,7444.2
445675,8382.48,25998.0,42.42875210091026,37849.4,2522.0
445679,2521.56,53703.0,145.26188253338458,0.0,0.0
445704,15320.37,81955.0,145.26188253338458,39860.77,16125.2
445746,2764.02,54183.0,145.26188253338458,24225.37,14146.2
445783,14536.79,25805.0,145.26188253338458,0.0,0.0
445839,3755.81,56178.0,145.26188253338458,28432.77,39473.0
445867,4836.39,0.0,145.26188253338458,42954.65,7997.1
445879,12101.21,0.0,145.26188253338458,44371.45,9401.5
445915,10484.92,61108.0,4665.171637545726,4146.0,0.0
446096,9575.76,0.0,9726.769202226364,1468.0,0.0
446135,3299.34,66114.0,12123.413758389528,129.0,0.0
446171,2683.47,48269.0,21.26622994077676,46472.89,14945.2
446302,6514.95,0.0,145.26188253338458,31287.12,15782.9
446315,5013.14,65165.0,145.26188253338458,21893.73,9587.2
446352,2538.63,18608.0,145.26188253338458,27437.29,11462.1
446403,3196.58,62815.0,145.26188253338458,44442.97,11951.1
446662,7046.48,0.0,145.26188253338458,0.0,0.0
446712,2647.2,26441.0,145.26188253338458,42485.01,12837.9
446886,5670.13,83086.0,181.7934690949552,25285.41,16454.0
446968,4623.62,97065.0,145.26188253338458,0.0,0.0
446988,2537.81,56621.0,145.26188253338458,35232.43,12857.0
446991,7933.82,76505.0,145.26188253338458,26378.02,0.0
447092,6715.34,0.0,38.74667402259896,36342.37,14549.0
447275,5116.62,26173.0,779.451711185309,47775.54,0.0
447387,18677.85,0.0,106.50907701401132,47829.8,21867.5
447401,7505.77,44485.0,93.03251682353542,21148.81,2976.0
447439,12947.68,15083.0,419.6388865045657,15666.67,0.0
447470,4103.85,82427.0,145.26188253338458,28763.75,11128.3
447544,5476.53,52218.0,145.26188253338458,39027.72,14783.1
447647,5981.38,88723.0,145.26188253338458,42233.89,12293.0
447675,18704.85,64929.0,145.26188253338458,37340.14,23911.9
447771,39769.56,16645.0,594.8769296969449,31924.73,4095.0
447796,2530.81,37811.0,145.26188253338458,30851.13,6731.0
447804,4177.7,0.0,145.26188253338458,30454.65,20433.4
447925,3061.05,56869.0,145.26188253338458,38706.38,16969.1
447943,6342.47,86687.0,88.19859911001392,45483.55,0.0
447962,5285.92,0.0,145.26188253338458,43586.04,0.0
448136,6503.4,22081.0,145.26188253338458,56845.45,7258.0
448142,5780.18,51066.0,145.26188253338458,32011.14,4295.0
448147,5426.14,0.0,145.26188253338458,24119.83,11590.0
448273,17738.2,65348.0,145.26188253338458,41909.54,4896.0
448354,2521.68,41247.0,145.26188253338458,50322.47,5622.1
448483,4823.56,58946.0,145.26188253338458,0.0,0.0
448577,4210.1,21885.0,93.314242281939,22743.52,13170.0
448654,3427.15,58840.0,30.89968159421913,31780.16,13516.0
448751,24980.23,88440.0,145.26188253338458,0.0,0.0
448774,4127.5,0.0,145.26188253338458,36253.55,0.0
448812,24143.88,0.0,145.26188253338458,49538.54,7503.1
448823,7901.7,62291.0,395.47324999428673,21092.7,5236.4
448896,5838.9,81082.0,58.21674224213288,34211.88,19422.2
448912,2593.4,0.0,20.653495374410895,48945.2,4609.4
449046,2616.61,72302.0,145.26188253338458,49906.36,20634.4
449084,6897.51,65337.0,145.26188253338458,37988.6,11540.6
449223,8176.58,67137.0,685.7655560661768,9488.0,3796.0
449417,3683.47,12454.0,145.26188253338458,32637.78,0.0
449441,7142.55,24417.0,263.3364393939394,15163.0,4811.0
449530,2275.36,0.0,56.25657224787477,19959.11,9528.5
449555,19160.99,22705.0,180.0931487248332,47158.07,0.0
449654,4927.07,0.0,145.26188253338458,45985.05,11588.1
449843,11814.53,41004.0,145.26188253338458,46826.21,21264.8
449858,7350.93,69241.0,145.26188253338458,54309.73,20168.5
450125,17429.88,41775.0,145.26188253338458,0.0,0.0
450150,4078.02,0.0,110.98762974230496,13154.18,6648.0
450205,3872.22,0.0,79.12990306771829,22224.78,3778.0
450323,3059.06,0.0,145.26188253338458,34928.8,15048.0
450417,2478.24,24186.0,405.2072271166199,2461.0,0.0
450621,4296.6,61737.0,145.26188253338458,32452.88,6047.7
450665,26843.12,36068.0,145.26188253338458,35567.85,7880.7
450698,5131.36,50994.0,84.4411262144677,43345.86,0.0
450735,5450.57,76389.0,524.7383638122038,8867.0,5296.0
450802,5595.39,74454.0,2480.5473886639797,5275.0,0.0
450865,2565.12,68321.0,145.26188253338458,48478.3,21710.8
450888,6158.85,0.0,53.14818062028823,31293.92,5909.0
450896,2613.02,57099.0,145.26188253338458,45201.74,5715.2
450979,4541.26,0.0,995.5314714714716,40097.13,2235.0
450987,6005.21,26876.0,2575.0724271616605,3242.57,0.0
450995,7164.01,0.0,141.49490898399736,39257.77,7925.3
451042,4711.04,24843.0,145.26188253338458,0.0,0.0
451080,2241.11,0.0,1175.2947557471307,6888.0,3126.0
451183,6766.56,20046.0,456.6364600024655,18218.0,0.0
451226,8662.05,0.0,145.26188253338458,44670.57,21679.3
451240,5522.52,85609.0,145.26188253338458,57647.44,13258.2
451391,5267.85,40818.0,37.60586374962351,39265.35,5629.7
451425,2578.27,34946.0,21.442209366441404,20477.09,4715.8
451446,5645.51,44162.0,145.26188253338458,51747.04,9431.6
451448,8196.08,21706.0,145.26188253338458,0.0,0.0
451469,5568.66,51489.0,145.26188253338458,43456.7,18684.6
451528,5182.46,0.0,474.7986696787155,14203.0,5840.0
451711,3681.98,77951.0,82.46948330878747,15737.33,3325.0
451740,2802.62,34628.0,128.6413858148894,9840.0,9152.0
451819,5570.18,22679.0,145.26188253338458,46224.85,22995.6
451839,5418.73,39133.0,1502.1542658227847,6234.0,0.0
451886,5245.68,46061.0,34.91075179415368,34237.08,10808.0
451961,15328.46,0.0,145.26188253338458,0.0,0.0
452150,5931.28,56617.0,145.26188253338458,0.0,0.0
452208,8295.98,73556.0,140.48001614482092,22996.73,16283.0
452279,6893.17,0.0,299.8220913604767,10559.2,5565.1
452282,7324.93,0.0,145.26188253338458,50392.32,16913.8
452342,20635.08,84106.0,145.26188253338458,36557.17,0.0
452417,6457.56,37548.0,145.26188253338458,38549.9,22041.0
452439,6032.74,0.0,145.26188253338458,40633.37,17034.8
452459,8293.48,70258.0,132.71449030949418,24092.44,0.0
452464,8254.7,0.0,117.77646971446146,27188.09,10991.0
452530,2444.62,0.0,145.26188253338458,39548.02,14073.5
452684,6707.99,0.0,643.135369057001,13984.65,0.0
452725,4940.12,0.0,145.26188253338458,29687.44,27495.7
452873,2886.45,10312.0,145.26188253338458,29616.87,5700.0
452976,4170.69,29462.0,35.70416567638395,37698.39,15262.7
452985,5007.22,0.0,602.1994881820581,12218.53,0.0
452994,6627.15,82377.0,555.3052685950424,5844.0,6559.0
453032,2538.86,99824.0,145.26188253338458,28213.81,3639.0
453034,7238.5,0.0,145.26188253338458,42231.05,13747.5
453133,2549.08,52980.0,145.26188253338458,50732.61,31207.8
453135,5453.71,33818.0,145.26188253338458,41365.77,20304.3
453136,4037.5,90760.0,145.26188253338458,48232.46,14934.8
453165,4738.99,0.0,989.548827231122,6041.09,5272.5
453349,3142.81,60108.0,145.26188253338458,41227.83,17757.0
453408,2449.13,20567.0,145.26188253338458,34327.76,0.0
453448,8722.9,25680.0,250.37026406429408,22343.21,7572.0
453466,8433.23,57961.0,402.6856292517011,13249.0,5015.0
453494,2354.32,26184.0,359.25033444816063,31355.93,27226.3
453578,4015.4,28088.0,1135.5534607438042,4735.0,0.0
453587,2383.73,0.0,487.8484505831353,3010.32,0.0
453654,4273.59,82214.0,145.26188253338458,40575.48,14386.8
453719,4860.58,41126.0,145.26188253338458,49598.79,10617.0
453876,2671.82,62452.0,923.4983901515188,3601.0,0.0
453887,2918.58,80714.0,145.26188253338458,41408.92,0.0
453971,2450.19,0.0,174.58082053617926,14358.0,0.0
453972,2442.42,57963.0,145.26188253338458,55885.14,4743.0
454022,8791.44,54094.0,53.9459141404632,47504.68,27901.5
454041,3821.82,79189.0,28.769110465212204,26321.81,8328.0
454073,9277.47,97729.0,62.74980604617091,52466.48,8751.0
454145,7477.18,48552.0,420.68790270370295,14419.43,8775.0
454223,4146.41,0.0,145.26188253338458,0.0,0.0
454327,3585.94,25748.0,145.26188253338458,32823.23,4097.0
454356,2707.21,80985.0,508.6470401509956,7895.0,3215.0
454440,6238.05,0.0,47.27757994186047,45615.78,24751.2
454471,2451.75,26840.0,145.26188253338458,27954.69,14077.2
454514,19323.24,0.0,344.2046427641856,11792.19,7160.0
454543,5956.55,48993.0,46.93511147986427,29056.28,12604.6
454609,3226.52,91774.0,845.2247368421071,3351.0,0.0
454628,10396.53,34948.0,260.57002925181285,27379.37,0.0
454630,4250.28,0.0,145.26188253338458,29824.87,20246.2
454632,9031.21,0.0,145.26188253338458,27867.99,0.0
454663,3644.83,82477.0,145.26188253338458,47160.67,10455.9
454665,8203.22,38595.0,145.26188253338458,0.0,0.0
454668,8427.17,46503.0,145.26188253338458,30064.53,7782.0
454690,2939.33,53357.0,29.675912249255944,46832.6,4729.0
454718,2611.15,13424.0,145.26188253338458,35379.03,0.0
454720,8339.0,70534.0,59.44949738274436,47716.95,3472.0
454750,2772.5,68463.0,28.97762741178964,33937.42,6729.0
454880,2526.73,33485.0,145.26188253338458,46796.03,15261.7
454985,10934.74,47170.0,138.16176070119738,34379.95,8429.0
455023,6279.82,50562.0,145.26188253338458,45891.28,10484.4
455068,8737.84,61281.0,145.26188253338458,40720.99,17153.2
455234,4502.67,0.0,379.9589748924957,12451.24,0.0
455287,5021.69,69678.0,2082.860056818185,4844.0,2929.0
455319,6555.36,21853.0,26.49716538932616,49066.34,0.0
455474,7427.5,28848.0,145.26188253338458,47047.03,0.0
455594,4754.45,0.0,145.26188253338458,55568.68,22421.9
455606,2590.65,25981.0,145.26188253338458,46858.22,7159.2
455651,3554.85,58557.0,145.26188253338458,39171.67,4008.0
455758,10357.51,68309.0,569.465427294638,16171.8,4091.0
455866,5073.28,57709.0,145.26188253338458,41721.7,7071.0
455892,2393.92,0.0,36.86424031051359,44434.64,17717.5
455896,2580.85,46900.0,145.26188253338458,36430.84,19302.7
455937,5681.31,67132.0,145.26188253338458,32779.04,4512.0
455941,2231.79,0.0,145.26188253338458,45907.75,16700.6
455991,6225.02,53078.0,826.921534374204,37074.49,22517.8
456095,9806.22,0.0,56.30705082825993,31104.97,0.0
456117,2827.33,20368.0,145.26188253338458,49817.73,12166.5
456128,7462.93,70263.0,159.81703267367976,35730.92,6028.7
456140,7224.24,0.0,145.26188253338458,43744.82,0.0
456167,2790.23,22974.0,145.26188253338458,52138.24,0.0
456177,7234.14,86448.0,579.7265295667451,7966.0,0.0
456259,8044.51,68849.0,145.26188253338458,36686.51,19783.2
456294,7804.6,0.0,38.50044870443353,40141.53,14210.6
456360,8635.4,13129.0,145.26188253338458,38196.42,14843.0
456367,12663.99,72109.0,145.26188253338458,30107.19,9159.0
456432,4938.73,82733.0,34.504093282563154,44630.25,17721.3
456433,3011.27,0.0,33.4077066869301,29952.45,7472.0
456436,7229.33,60345.0,145.26188253338458,39765.82,9353.8
456554,4315.79,41252.0,65.45950500110122,28391.29,9863.0
456613,2588.08,47509.0,43.39596719363474,13231.29,16939.5
456614,8869.62,81350.0,1255.6217065287656,5494.0,3678.0
456632,15808.76,86347.0,145.26188253338458,37440.44,3912.0
456716,4931.26,0.0,145.26188253338458,45586.33,18728.0
456752,5119.9,26890.0,2966.2912698412806,5293.0,3242.0
456785,2497.81,68041.0,14.373372939652484,43265.38,9743.8
456822,2616.61,72302.0,145.26188253338458,33873.23,14495.1
456839,5894.91,39381.0,145.26188253338458,42833.77,9186.5
456887,3508.57,20978.0,22.60229671439061,39273.0,8040.8
456958,22721.24,26900.0,145.26188253338458,44420.35,3410.0
457077,8818.05,0.0,509.1091822208168,13945.0,3860.0
457127,2531.59,28898.0,145.26188253338458,0.0,0.0
457374,8109.36,32314.0,810.9359999999999,10613.0,0.0
457456,11009.13,51643.0,145.26188253338458,35981.44,11807.7
457489,3155.46,36706.0,145.26188253338458,39122.66,22170.0
457525,4811.74,0.0,145.26188253338458,43632.38,0.0
457535,8086.01,70811.0,145.26188253338458,38826.34,5017.0
457536,5674.38,0.0,30.434929619686216,48408.3,4583.0
457552,6047.03,20396.0,20436.721759259708,1538.0,0.0
457605,8609.16,79090.0,10739.382775119811,2612.95,5270.6
457652,3979.72,96413.0,145.26188253338458,0.0,0.0
457695,7349.33,27072.0,48772.82636363636,2464.0,0.0
457716,2466.38,44855.0,145.26188253338458,38326.27,4049.0
457797,10208.93,35482.0,145.26188253338458,49035.9,0.0
457947,5407.75,22555.0,1077.6135122838946,9304.0,6265.0
458029,2574.02,34990.0,145.26188253338458,0.0,0.0
458041,14376.55,70341.0,145.26188253338458,36516.0,3417.0
458072,2721.59,43278.0,145.26188253338458,27219.88,17331.9
458074,5453.71,33818.0,145.26188253338458,45945.72,6511.3
458199,15306.22,46338.0,520.6714828920964,17270.61,0.0
458202,5357.19,0.0,32.24795911972506,36806.79,30733.8
458320,5129.61,72433.0,109.70981190671526,29555.66,19469.3
458614,2886.23,52972.0,145.26188253338458,24101.75,0.0
458640,21147.28,49721.0,145.26188253338458,0.0,0.0
458697,4764.19,0.0,145.26188253338458,41814.0,34353.2
458745,11926.75,50234.0,2422.966836734699,3783.0,3327.0
458773,6112.76,63243.0,145.26188253338458,0.0,0.0
458864,2480.49,50516.0,529.4613157894745,8418.0,6526.0
458939,6239.26,0.0,36.42220446364598,51930.48,15871.2
458963,3163.28,97266.0,145.26188253338458,36148.02,7734.9
458984,4882.29,21236.0,33.71526092539152,45661.93,7810.9
459017,2647.52,37876.0,145.26188253338458,39411.75,3427.0
459099,4605.04,22571.0,145.26188253338458,53382.92,14224.3
459128,10248.9,52693.0,62.35423004158786,54132.72,0.0
459163,2810.46,26790.0,43.3410609037328,29080.49,9842.0
459164,2572.45,72685.0,140.280515438247,13305.0,4161.0
459223,8841.77,0.0,145.26188253338458,41592.58,29573.5
459345,2491.26,25965.0,145.26188253338458,39025.22,13866.2
459404,19160.99,22705.0,145.26188253338458,31618.18,0.0
459517,15839.09,44930.0,145.26188253338458,39478.44,4825.0
459563,2912.25,93403.0,20.66529769137303,54334.47,10849.0
459636,9206.6,24589.0,145.26188253338458,52645.79,7568.7
459683,2195.91,0.0,56.14512023984926,17680.04,8116.0
459735,8736.5,53173.0,145.26188253338458,36615.92,0.0
459737,5075.42,0.0,145.26188253338458,31036.52,0.0
459801,4568.82,0.0,145.26188253338458,28629.86,23172.3
459835,10477.68,45259.0,2633.852066115712,2424.0,0.0
459936,9048.98,0.0,145.26188253338458,42791.55,8363.8
459948,3238.93,68745.0,46.94213282825879,38476.34,8430.5
459971,6117.03,0.0,37.214516841447335,37549.29,2989.0
459991,8006.22,63762.0,657.2807692307704,9484.0,0.0
459999,4170.69,29462.0,91.48027134166496,16490.78,5819.0
460025,2823.5,24350.0,145.26188253338458,47997.61,0.0
460037,2847.97,96357.0,166.66811768478445,3615.0,5349.0
460043,5245.68,46061.0,145.26188253338458,49096.86,14471.9
460058,4755.76,72193.0,88.43906050982464,21382.22,4223.0
460091,4037.55,21586.0,145.26188253338458,32635.41,5775.0
460110,8869.63,0.0,145.26188253338458,41051.29,5047.0
460207,4988.58,38928.0,145.26188253338458,33277.83,5187.0
460272,17006.0,58620.0,76.27117811013336,69163.81,24338.0
460291,4111.2,32210.0,145.26188253338458,43542.7,0.0
460349,2534.95,94003.0,145.26188253338458,40590.51,4182.0
460629,3690.7,59016.0,20.862844124789373,31855.96,0.0
460673,31706.93,50719.0,2915.85524061477,6629.0,0.0
460711,5098.85,0.0,145.26188253338458,0.0,0.0
460770,11702.35,0.0,2490.103624174118,2481.0,0.0
460894,13840.16,29658.0,145.26188253338458,45911.81,14634.5
460929,4031.1,0.0,20.126293898625644,46243.65,9074.4
460934,5308.43,0.0,145.26188253338458,31922.71,3403.0
460938,8915.17,31991.0,50.55875096136668,46615.36,4824.0
460943,11140.3,27679.0,822.2759720125114,13197.3,0.0
461012,3280.46,63297.0,24.13097866028568,19463.23,22127.1
461108,3954.34,18375.0,9495.619078947406,2398.0,0.0
461199,10972.07,24164.0,145.26188253338458,48782.87,0.0
461325,8444.84,76352.0,145.26188253338458,0.0,0.0
461353,2780.73,94943.0,145.26188253338458,35459.96,20548.5
461354,3933.81,25927.0,202.7259953878015,12452.0,10181.0
461540,5548.03,67798.0,500.0076419753087,8379.0,9053.0
461559,8802.19,96390.0,81.57591290916403,27738.56,4903.0
461859,19231.77,99772.0,145.26188253338458,39675.89,0.0
461937,8558.93,0.0,100.20880352846834,31391.91,17020.2
461974,4795.39,33068.0,161.1833949811989,13339.83,0.0
462036,20946.19,69738.0,438.84369690499176,22402.16,0.0
462077,5227.1,93087.0,145.26188253338458,34908.39,5628.0
462078,5257.24,56154.0,145.26188253338458,0.0,0.0
462128,7751.93,67787.0,96.42207787044468,25425.2,5257.0
462174,43026.52,59349.0,172.34065215339675,49703.12,18284.0
462232,2435.32,43721.0,589.45079575597,6853.0,9373.0
462247,9657.58,0.0,479.5941088435379,10926.0,0.0
462253,12332.52,85789.0,1820.5496926229555,6768.7,0.0
462279,4995.21,82413.0,339.6519467213116,4959.0,0.0
462337,5119.9,26890.0,153.38478269791128,6929.84,0.0
462355,9701.03,45668.0,98.39702408741276,29711.32,17512.6
462366,3624.9,37843.0,145.26188253338458,21770.09,7940.1
462459,4762.82,65795.0,134.82815594219397,18756.73,13152.0
462495,5904.09,97413.0,40.06853850063217,41131.13,5621.0
462497,2773.46,73478.0,145.26188253338458,0.0,0.0
462595,2566.87,25049.0,15.4132550073345,43291.18,4919.1
462616,7704.96,30366.0,413.89968602825786,13435.0,5357.0
462638,9227.57,0.0,145.26188253338458,27521.73,0.0
462663,2500.83,25899.0,145.26188253338458,41440.58,7611.4
462701,15000.84,62473.0,145.26188253338458,37257.74,13271.3
462803,2222.87,0.0,145.26188253338458,26173.22,6689.9
462815,2460.17,69241.0,182.4137425514628,13337.0,0.0
462833,6871.97,0.0,39.82559462062834,37606.58,22300.4
462974,5040.41,46072.0,46.68396365260376,33275.16,6347.9
462993,7122.27,64571.0,145.26188253338458,50582.06,14537.0
463070,5140.39,26952.0,4585.894614632816,2168.71,0.0
463146,11981.98,21514.0,505.48112575127146,13032.15,4134.0
463230,7486.02,0.0,145.26188253338458,39172.67,2751.0
463263,7771.58,28054.0,145.26188253338458,33624.19,3451.0
463298,4991.54,93416.0,828.1418636363637,6143.0,0.0
463361,8110.7,76879.0,51.19517736007418,45832.0,11092.0
463490,6282.32,0.0,145.26188253338458,28393.21,24282.1
463606,6265.34,0.0,145.26188253338458,33075.52,11123.0
463751,6047.03,20396.0,145.26188253338458,34324.72,18352.4
463833,2438.53,38961.0,145.26188253338458,35980.82,23993.2
463854,8754.23,51209.0,278.7598393025396,16011.98,4689.0
463882,2846.65,66880.0,145.26188253338458,35262.2,12754.4
463890,4794.96,82763.0,145.26188253338458,28743.7,7446.1
463926,2484.75,42012.0,39.98449954736769,26364.4,8873.0
463947,5570.18,22679.0,145.26188253338458,0.0,0.0
463971,8100.24,89420.0,45.27588297989636,41419.83,8914.8
464044,5201.25,0.0,145.26188253338458,58067.76,7451.8
464105,3878.77,84981.0,145.26188253338458,25422.87,17606.9
464114,9468.51,0.0,2169.495386064034,10422.0,5230.0
464117,7375.57,33345.0,2773.4372081044,2618.0,3670.0
464137,4466.98,28663.0,145.26188253338458,43269.22,26046.3
464166,5077.32,0.0,145.26188253338458,53189.14,0.0
464187,4574.55,0.0,145.26188253338458,81456.95,34661.2
464220,8900.42,83761.0,145.26188253338458,31549.1,11162.5
464248,2968.08,91646.0,145.26188253338458,44866.29,27006.2
464256,25464.82,13663.0,254.46531032034517,49370.06,7726.0
464385,2344.23,0.0,110.44842519685044,5297.0,0.0
464394,37150.83,17774.0,145.26188253338458,26091.25,4628.0
464447,8007.4,0.0,145.26188253338458,45971.54,19934.8
464471,4755.48,0.0,145.26188253338458,0.0,0.0
464606,7429.08,0.0,145.26188253338458,26378.63,3779.0
464639,2452.49,51085.0,145.26188253338458,30811.6,7833.7
464720,5884.31,0.0,145.26188253338458,41387.58,11564.3
464771,6259.48,0.0,145.26188253338458,21704.95,5641.1
464799,3432.96,0.0,79.25054708747079,21421.8,11831.9
464828,8720.46,25752.0,567.9476417058237,5888.0,0.0
464959,26197.41,18495.0,318.4333509462699,38795.41,6526.0
464962,23706.11,0.0,145.26188253338458,40656.53,6321.3
464970,5862.8,75121.0,260.51919065667875,12888.62,0.0
465095,6692.14,63221.0,274.02701045191947,12748.94,9831.0
465170,8004.21,54008.0,283.2593222803957,11975.0,0.0
465197,5904.85,89953.0,145.26188253338458,30607.54,2200.0
465241,17995.87,80991.0,104.2309032773358,35311.61,25436.1
465260,5977.79,79140.0,145.26188253338458,66174.26,13811.0
465347,38055.21,0.0,145.26188253338458,32248.4,7134.5
465412,8133.16,32021.0,145.26188253338458,26116.3,7153.0
465421,2549.08,52980.0,23.02625474344168,22928.7,0.0
465424,8376.33,26448.0,435.1082234345356,10720.0,0.0
465476,21850.84,51056.0,145.26188253338458,0.0,0.0
465530,4711.08,13933.0,145.26188253338458,36109.75,14904.7
465540,2442.21,0.0,11.124709425190195,44952.25,10830.0
465570,4335.35,86096.0,145.26188253338458,40330.19,19318.0
465603,5625.91,0.0,27.307700440177136,45634.22,19687.2
465692,3732.31,75774.0,145.26188253338458,16753.059999999998,11949.7
465729,2898.73,0.0,14.192991881566384,50453.33,14102.0
465741,2886.45,10312.0,25.820973589702536,32415.21,32286.7
465746,4369.72,88495.0,145.26188253338458,45472.17,7199.1
465842,4257.48,49853.0,87.8153367992767,22442.36,0.0
465864,17029.89,54613.0,2479.751269946812,5686.0,0.0
465891,8657.97,68727.0,387.0846460068597,13653.0,7910.0
465927,2655.86,83460.0,3054.796953781532,2222.0,0.0
465931,5170.36,89284.0,145.26188253338458,32743.71,7776.0
465950,4428.03,58577.0,145.26188253338458,0.0,0.0
465962,4513.44,34558.0,21.35676857140635,55829.58,13597.6
465980,9431.38,77365.0,487.8991401710211,9050.0,2873.0
465990,15610.9,0.0,145.26188253338458,41237.48,2759.0
466147,5120.62,0.0,202.05689729729733,15661.0,9335.0
466384,8647.14,0.0,145.26188253338458,0.0,0.0
466477,6347.5,42259.0,579.0067226470742,8595.14,0.0
466645,6966.14,0.0,733.1721741637838,7610.0,0.0
466754,5048.05,34452.0,183.20345850457383,14473.0,0.0
466781,2864.82,0.0,350.0700703046546,10599.0,0.0
466795,6005.85,13528.0,145.26188253338458,30210.38,13658.1
466813,5741.73,86641.0,431.9403635689116,18869.64,0.0
466862,7224.24,0.0,145.26188253338458,43271.27,0.0
466865,2434.85,0.0,145.26188253338458,31035.29,13430.6
466953,4362.93,58842.0,145.26188253338458,42591.32,15241.9
466998,7124.2,61233.0,145.26188253338458,40275.38,26493.6
467013,8246.83,62588.0,145.26188253338458,0.0,0.0
467046,2465.44,64997.0,19.91805114720426,31816.36,0.0
467139,28699.89,47730.0,145.26188253338458,0.0,0.0
467143,8019.86,54702.0,145.26188253338458,41019.31,14354.3
467151,2767.59,0.0,145.26188253338458,44320.57,14409.6
467175,11982.42,42995.0,79.20058998652705,30071.55,13080.6
467182,4160.02,96263.0,145.26188253338458,34964.18,13963.0
467222,21240.94,0.0,145.26188253338458,38546.52,2879.0
467249,2895.52,46267.0,133.55719557195593,10145.96,4064.0
467359,28432.0,17130.0,681.2988274838834,25499.88,10223.0
467361,23875.48,0.0,145.26188253338458,31995.63,9378.0
467382,7498.82,0.0,58.992037605663576,41598.81,0.0
467401,3363.0,80138.0,139.36137602179846,9147.0,0.0
467455,13681.71,55588.0,897.6531762295085,15553.93,8075.0
467510,3741.57,13093.0,145.26188253338458,17470.9,0.0
467580,4547.16,0.0,6973.585714285733,1366.0,0.0
467607,14748.92,31226.0,1272.660945626479,12239.0,4802.0
467631,10479.9,78435.0,41.22938618804538,40904.92,10070.2
467685,8804.58,38638.0,9888.220615384666,443.0,0.0
467848,41103.24,30845.0,145.26188253338458,16627.67,3942.0
467894,20725.38,15529.0,145.26188253338458,0.0,0.0
467926,9983.13,0.0,145.26188253338458,54085.45,14667.5
467945,13057.01,0.0,110.38548416609603,42846.12,12601.5
468067,8749.5,52373.0,44.68477853273038,43255.61,19147.6
468138,4170.57,42837.0,31.69187719293376,33802.37,5394.1
468192,6689.02,56980.0,41.63905823631071,40824.81,7356.8
468220,5339.39,84424.0,145.26188253338458,39021.38,13102.4
468310,2755.22,39393.0,145.26188253338458,45205.8,22071.8
468380,9868.6,0.0,145.26188253338458,0.0,0.0
468516,6042.91,25899.0,145.26188253338458,39366.35,14852.2
468520,21295.51,0.0,17909.81831797237,2982.0,0.0
468522,5038.98,72919.0,145.26188253338458,0.0,0.0
468534,10213.56,39719.0,145.26188253338458,0.0,0.0
468542,5111.3,76448.0,955.7502561475446,2874.0,0.0
468945,7528.09,0.0,145.26188253338458,47589.83,26275.1
468970,16553.23,98912.0,95.51570895137004,53144.38,0.0
469230,3731.5,0.0,145.26188253338458,47749.13,17313.5
469238,6810.53,0.0,561.7725310734463,6318.0,0.0
469404,5907.91,87796.0,145.26188253338458,33670.39,15925.9
469532,2269.84,0.0,1420.2713142857235,3965.0,0.0
469545,3161.17,0.0,145.26188253338458,0.0,0.0
469616,12731.95,40870.0,302.26425249601635,18911.95,0.0
469660,2543.0,26691.0,145.26188253338458,26639.45,0.0
469684,5107.16,35625.0,145.26188253338458,49661.7,3510.0
469702,15656.03,71731.0,145.26188253338458,0.0,0.0
469718,4167.42,56901.0,145.26188253338458,49517.9,9142.8
469767,8819.02,99845.0,8515.720370370424,4346.0,0.0
469781,2580.85,46900.0,145.26188253338458,34847.89,0.0
469977,5168.15,81182.0,145.26188253338458,39797.31,5282.0
470022,2009.77,0.0,145.26188253338458,44184.46,26207.9
470076,18361.56,0.0,145.26188253338458,29516.81,4921.0
470123,6310.4,79880.0,38.80215633423181,29235.83,4547.0
470245,10623.41,0.0,145.26188253338458,42025.03,3735.0
470272,7188.61,0.0,43.21947249534947,40568.6,0.0
470323,3337.98,60607.0,145.26188253338458,22933.75,18269.0
470334,3527.4,26156.0,145.26188253338458,30649.62,16298.2
470373,2636.98,31911.0,145.26188253338458,29618.86,7009.1
470381,2955.5,56502.0,145.26188253338458,44706.36,9671.0
470450,12157.33,57449.0,145.26188253338458,0.0,0.0
470469,5320.08,88669.0,34.222078883366834,50137.99,4381.0
470480,9011.13,88708.0,145.26188253338458,29436.57,0.0
470591,9357.74,33060.0,58.48754416507321,46961.33,11918.0
470671,12779.9,0.0,78.84346963335568,41551.4,10860.0
470738,3538.06,0.0,145.26188253338458,48979.42,41302.9
470739,11044.43,29696.0,145.26188253338458,0.0,0.0
470802,6921.97,16483.0,1191.7542688679246,6975.0,4287.0
470952,3074.11,0.0,303.9139084507045,6236.0,5056.0
470989,5635.75,20303.0,145.26188253338458,39115.78,16267.5
470998,6608.17,21616.0,293.14317574137124,16088.0,4697.0
471000,22242.52,83894.0,145.26188253338458,35821.55,8792.4
471015,6323.92,78532.0,91.12636399526257,50266.33,5975.0
471018,4505.84,24790.0,145.26188253338458,0.0,0.0
471098,13211.01,74656.0,145.26188253338458,56279.57,6566.0
471170,5830.56,0.0,145.26188253338458,23908.35,4506.0
471188,3819.62,0.0,145.26188253338458,36111.47,8360.0
471204,7258.63,88082.0,145.26188253338458,30405.82,4349.0
471440,5227.57,70988.0,185.7200518467569,24330.52,4579.0
471460,4786.89,45515.0,346.4862870174514,9592.0,0.0
471466,8701.36,0.0,1001.68095037847,6470.0,0.0
471523,2611.84,0.0,145.26188253338458,19287.6,0.0
471583,2612.76,19003.0,145.26188253338458,37398.94,3191.0
471662,5029.64,0.0,45.13161245912924,38198.37,17136.0
471706,10484.92,61108.0,1719.3284114052954,44232.02,25142.5
471858,10080.37,60944.0,68.97882361101911,32477.28,0.0
471944,19837.31,0.0,145.26188253338458,0.0,0.0
472009,7750.12,22668.0,127.35449509948845,25001.63,21008.3
472225,8618.3,46379.0,48.60514315204382,38122.08,5737.0
472283,4306.56,26322.0,145.26188253338458,0.0,0.0
472314,5573.11,85704.0,842.3126915113882,6935.0,0.0
472325,4209.68,57933.0,145.26188253338458,50728.59,16422.1
472356,9191.73,23823.0,145.26188253338458,42343.14,8158.6
472373,19323.24,0.0,128.44623201602627,45338.43,6002.0
472376,24706.92,26307.0,25379.0594746718,3315.0,0.0
472405,2823.5,24350.0,145.26188253338458,34385.61,8566.9
472445,2619.34,78618.0,145.26188253338458,19827.3,17901.8
472488,8488.56,80213.0,145.26188253338458,26059.84,14624.3
472521,6265.34,0.0,95.25971196649796,39834.98,3015.0
472532,12472.12,36551.0,121.89610470751838,31208.08,0.0
472540,7619.52,64749.0,47.75911664195724,31989.07,19105.5
472589,9521.22,27769.0,145.26188253338458,29897.64,12140.4
472674,4076.63,29549.0,145.26188253338458,50359.01,10909.0
472692,18061.92,13164.0,145.26188253338458,44753.33,19117.8
472695,5521.54,0.0,145.26188253338458,31083.39,0.0
472702,7198.42,10458.0,972.7594594594608,3856.0,0.0
472719,12300.01,74586.0,145.26188253338458,29044.26,10154.1
472726,5124.22,73740.0,145.26188253338458,0.0,0.0
472787,7478.31,23530.0,145.26188253338458,46865.4,9515.5
472807,10209.02,36568.0,145.26188253338458,4232.11,0.0
472824,18321.87,21189.0,145.26188253338458,43859.99,11291.6
472879,6358.25,0.0,145.26188253338458,37358.57,10199.8
472921,9415.53,55338.0,53697.94453125118,2585.0,0.0
472933,10660.9,60642.0,145.26188253338458,50942.6,5099.6
472942,5923.21,36685.0,145.26188253338458,46835.79,9511.4
472964,4650.06,28215.0,145.26188253338458,53343.32,0.0
473093,10926.69,29418.0,145.26188253338458,46804.36,33778.0
473144,4974.8,75644.0,145.26188253338458,37637.65,0.0
473194,5704.98,50695.0,94.77214160554044,22886.98,3148.0
473204,6974.92,26514.0,42.682113557617086,47842.62,16264.0
473259,7892.82,29215.0,273.22451631259526,13837.31,6991.0
473409,7556.51,0.0,145.26188253338458,35251.0,3120.0
473410,2771.66,59855.0,21.41493698931712,33902.48,21988.9
473548,5229.74,77357.0,44.263922512545136,24162.08,3686.0
473563,2588.08,47509.0,90.57502460975958,28364.51,0.0
473564,2659.5,64987.0,145.26188253338458,11916.88,0.0
473622,5227.77,0.0,43.11665182848569,48359.12,2646.0
473636,6677.42,0.0,145.26188253338458,27340.03,0.0
473648,6871.97,0.0,2027.1570985991443,5248.0,3866.0
473674,3096.51,21604.0,453.541793739969,4942.0,3411.0
473758,7078.95,23222.0,145.26188253338458,38434.12,13949.0
473772,14325.15,0.0,145.26188253338458,53362.72,10820.9
473775,16477.77,49825.0,90.27844399012916,45813.12,2923.0
473786,10536.08,92983.0,78.79436303435617,32480.89,6881.8
474027,8609.16,79090.0,31423.434,1198.0,0.0
474047,2533.74,53988.0,145.26188253338458,0.0,0.0
474172,4369.04,26026.0,145.26188253338458,0.0,0.0
474174,4365.26,23566.0,145.26188253338458,39035.37,12289.2
474272,6508.76,60188.0,145.26188253338458,3382.0,0.0
474305,6721.89,36510.0,145.26188253338458,61291.46,23143.4
474333,15114.4,28513.0,104.95172615842954,37868.6,36392.3
474342,8012.84,40635.0,80.55412302276966,31404.37,9970.0
474383,4318.09,0.0,238.91930178268316,10389.55,4580.9
474458,2521.63,53243.0,13.16499941831858,37932.91,12331.0
474752,5507.06,0.0,145.26188253338458,39349.65,14226.6
474757,4376.36,63774.0,145.26188253338458,0.0,0.0
474779,2759.62,64388.0,51.05485833037665,18686.56,0.0
474846,15936.58,0.0,102.77776855064988,39257.3,29765.0
474894,2616.61,72302.0,45.30141966759003,50716.26,16632.6
474905,2641.45,29305.0,145.26188253338458,37803.54,14875.1
474921,5074.84,51659.0,145.26188253338458,52659.84,14245.7
474945,3746.75,41479.0,40.45687512942639,37956.17,4265.5
475009,27789.69,33806.0,145.26188253338458,0.0,0.0
475034,7824.49,64543.0,532.0303371833087,11856.0,0.0
475123,6500.41,0.0,145.26188253338458,48306.93,25582.7
475132,21274.34,17932.0,145.26188253338458,49890.92,6496.1
475172,6481.38,0.0,114.60558178741216,25650.53,0.0
475175,14203.04,55593.0,213.86120217376964,30444.56,5875.0
475233,6715.29,0.0,145.26188253338458,27963.13,19902.4
475249,8009.03,0.0,145.26188253338458,0.0,0.0
475313,5237.94,31756.0,145.26188253338458,0.0,0.0
475395,6948.33,40598.0,750.3522110889762,9100.67,0.0
475500,5185.8,99428.0,145.26188253338458,37331.68,18222.4
475532,11875.9,0.0,145.26188253338458,38917.61,0.0
475535,12904.94,27778.0,1354.5733608128855,6765.0,3247.0
475550,6265.34,0.0,145.26188253338458,28959.93,9505.7
475634,4821.16,85756.0,83.75646834840552,33652.45,13174.6
475690,3801.75,33043.0,145.26188253338458,30899.29,3713.0
475700,9709.75,0.0,1470.0961312445556,55093.21,9421.0
475713,3486.7,0.0,40.796196209673305,24062.5,18532.6
475930,2359.42,19864.0,101.78728626585772,16867.31,0.0
475950,7980.49,72734.0,542.2335908414001,11639.0,0.0
475974,11463.99,45354.0,145.26188253338458,45870.21,10345.0
475991,5764.78,22134.0,53.59785776147536,49240.36,12006.0
476068,18853.74,0.0,145.26188253338458,49652.24,8809.0
476080,5597.12,37995.0,312.4173008793171,7581.72,8595.6
476258,9095.05,37937.0,145.26188253338458,46196.86,0.0
476273,38445.86,27398.0,77959.66055555585,1470.0,0.0
476288,3861.49,93272.0,145.26188253338458,43191.76,0.0
476327,6500.41,0.0,159.7815603394092,28560.32,0.0
476371,5201.97,94186.0,789.4881704781724,5380.0,0.0
476431,5310.91,73102.0,145.26188253338458,38372.54,2964.0
476477,27789.69,33806.0,145.26188253338458,31184.93,5367.5
476497,4330.39,60475.0,47.44357980741527,32827.4,3753.0
476539,12174.59,88184.0,99.95745659582283,38259.59,5863.4
476571,7821.95,0.0,145.26188253338458,34169.79,20886.7
476648,21423.64,0.0,145.26188253338458,41740.78,18770.1
476652,22620.75,49564.0,119.7620265007289,55959.84,10940.9
476875,5143.88,39268.0,37.344332661041705,27393.58,12428.5
477157,19955.26,69096.0,945.1128762975778,12250.0,4864.0
477219,21343.47,0.0,145.26188253338458,52748.38,18538.3
477295,8532.99,30092.0,145.26188253338458,38420.6,18983.0
477362,8197.71,56788.0,60.58684515497193,44155.94,7691.2
477468,2397.54,0.0,145.26188253338458,40400.43,10206.8
477517,9113.69,76700.0,145.26188253338458,42441.01,7311.2
477598,7092.64,35173.0,58.37695421284658,50469.48,8700.0
477599,2424.69,49008.0,409.0711743498102,3709.52,0.0
477654,21423.64,0.0,609.1571575470522,32002.22,10746.7
477676,13736.13,16181.0,145.26188253338458,43886.34,23373.3
477739,23594.68,76358.0,145.26188253338458,29680.16,0.0
477787,6950.53,0.0,344.66218413187227,12921.0,0.0
477867,5989.77,66839.0,145.26188253338458,0.0,0.0
477869,14024.36,81872.0,54.57077400674608,39501.56,10630.5
477993,15762.6,39032.0,145.26188253338458,29490.12,4137.0
478050,2936.99,44369.0,145.26188253338458,41341.67,13383.6
478107,2697.33,60462.0,81.47684445731782,16426.06,10711.0
478108,5444.79,91393.0,84.64161107459395,46802.66,18404.4
478127,5389.5,66429.0,145.26188253338458,34048.07,8223.2
478142,2482.39,0.0,145.26188253338458,44912.49,0.0
478247,2585.96,83758.0,145.26188253338458,60146.29,19429.4
478278,2606.05,0.0,145.26188253338458,37804.47,14346.9
478284,14333.92,41459.0,1991.5295132720955,4628.03,5546.1
478315,8186.1,43877.0,145.26188253338458,52074.45,0.0
478373,7255.14,67352.0,145.26188253338458,21306.36,12950.4
478431,4499.49,16969.0,57.32254523497053,29724.31,4549.0
478566,5928.75,40531.0,1555.9345340811128,3497.53,0.0
478666,3875.54,0.0,26.74986510712008,56363.21,3776.0
478700,2917.54,51622.0,16.615591174151568,44364.36,16943.8
478770,13755.54,15340.0,145.26188253338458,36467.64,0.0
478785,3475.07,0.0,64.71662508354895,33520.86,0.0
478792,5815.26,76675.0,145.26188253338458,32395.37,0.0
478890,12168.74,14973.0,145.26188253338458,33204.63,10272.0
478912,8106.22,81580.0,145.26188253338458,35798.02,0.0
478986,2551.23,79751.0,145.26188253338458,37955.68,0.0
479015,2756.94,29926.0,17.185586271794026,44049.39,9726.1
479198,3059.55,38644.0,30.526918976545844,34650.7,13130.1
479278,5008.79,0.0,145.26188253338458,49783.97,7404.0
479359,2717.78,66463.0,145.26188253338458,0.0,0.0
479445,22195.8,78965.0,145.26188253338458,40062.04,18833.3
479509,3791.55,41212.0,99.75965038745728,15651.18,5931.8
479593,5843.61,77498.0,145.26188253338458,34559.39,11625.0
479724,5637.74,0.0,145.26188253338458,39103.14,19902.9
479766,10144.31,27231.0,145.26188253338458,27863.95,36139.7
479815,5389.5,66429.0,45.43930546380181,26582.0,4164.0
479872,4960.55,21638.0,145.26188253338458,42569.91,6399.0
479950,2821.0,0.0,145.26188253338458,35638.56,17962.3
479960,14140.56,58988.0,145.26188253338458,24888.3,29050.7
480021,7028.94,18120.0,537.0395207826018,5491.54,0.0
480074,7726.99,87620.0,190.80493527872997,44975.69,19943.0
480158,3123.08,0.0,145.26188253338458,36620.06,18369.2
480200,5932.56,48278.0,145.26188253338458,31735.24,15816.0
480203,2831.68,70037.0,145.26188253338458,47111.71,17417.0
480239,2698.01,95399.0,145.26188253338458,45891.3,5662.0
480259,15251.58,63287.0,290.4845577978077,22465.57,5109.0
480275,27580.55,0.0,202.0384148381054,42241.43,10239.1
480389,7057.46,52447.0,1218.146075031527,10531.0,6193.0
480435,30118.66,68906.0,824.8220601586123,27434.27,0.0
480502,6696.9,57240.0,179.70611011588966,14954.84,0.0
480675,5507.24,11343.0,466.7513777089784,7745.0,0.0
480732,5384.67,13103.0,145.26188253338458,32523.08,6853.3
480760,23295.06,86481.0,145.26188253338458,31283.32,18629.5
480846,5616.85,48602.0,61.53601393913686,43435.36,4529.0
480858,27789.69,33806.0,145.26188253338458,3122.87,0.0
480864,9877.3,67752.0,41.74001512044838,44369.48,2959.0
480872,2828.1,98680.0,144.43887593283594,9660.0,15085.0
480909,8054.98,75531.0,67.21445260347129,30160.22,0.0
480934,3839.14,70146.0,20.915924998656635,50699.39,13517.9
480957,19644.76,67326.0,114.4057335264294,34383.88,11320.9
481018,5394.0,27568.0,54.22514005152209,40374.67,3058.0
481028,39561.08,60500.0,145.26188253338458,29951.27,9921.0
481048,8295.84,85478.0,145.26188253338458,42686.45,16658.1
481076,5363.41,64324.0,108.72260059684253,25713.07,8120.0
481105,2797.67,69604.0,145.26188253338458,46916.72,6634.0
481191,11834.73,0.0,230.7840004487804,17254.23,0.0
481262,3494.15,35001.0,145.26188253338458,0.0,0.0
481293,8294.97,78189.0,145.26188253338458,45860.98,0.0
481450,5073.28,57709.0,5275.633048433075,1007.0,0.0
481457,2538.63,18608.0,405.3368110236228,10914.0,0.0
481531,2640.32,77299.0,145.26188253338458,0.0,0.0
481590,21639.84,64455.0,2159.64498724025,14078.0,0.0
481660,7659.5,95701.0,432.0824532481589,13224.0,10174.0
481699,5075.66,23082.0,145.26188253338458,0.0,0.0
481851,21920.81,60180.0,918.7474192474208,11021.18,0.0
481857,4746.76,54050.0,145.26188253338458,43122.75,8876.8
481860,10524.71,40332.0,586.4914732824427,6991.0,0.0
481893,4938.21,76283.0,145.26188253338458,48529.58,8685.0
481902,4191.06,0.0,231.1583933995196,13726.49,0.0
481931,12375.02,78441.0,51.90609582135657,41439.18,6317.5
481955,5421.02,40376.0,145.26188253338458,27492.97,8855.0
481987,5104.35,77025.0,432.3511904761909,5077.52,0.0
482169,10487.74,30658.0,145.26188253338458,30007.75,10640.0
482218,9352.48,75436.0,145.26188253338458,45828.86,0.0
482256,5170.98,53603.0,32.74271037894927,51933.35,22844.8
482345,10594.13,64669.0,145.26188253338458,42105.57,3011.0
482351,3861.49,93272.0,240.68371755464497,8554.0,5064.0
482370,12421.86,58781.0,19023.68769230779,2939.0,6010.0
482402,5271.37,13215.0,145.26188253338458,48193.98,12228.1
482424,8610.67,0.0,145.26188253338458,0.0,0.0
482525,8566.42,99652.0,145.26188253338458,34734.15,11309.2
482528,8501.28,98003.0,89.37392085778372,29307.82,7926.8
482551,2558.76,0.0,145.26188253338458,27232.82,11781.9
482561,8769.27,49665.0,145.26188253338458,36814.75,5673.4
482567,9095.05,37937.0,10245.96682098769,2238.0,0.0
482673,6478.8,50864.0,1244.6115789473686,5890.0,8389.0
482681,7247.5,0.0,145.26188253338458,40037.77,27330.6
482711,7200.57,28245.0,145.26188253338458,38047.52,4961.0
482777,5124.8,14465.0,1229.8172255095362,5145.0,0.0
482796,8044.87,71391.0,145.26188253338458,0.0,0.0
482882,12840.43,0.0,394.6299601448258,13515.64,8001.0
482922,21205.38,24930.0,1126.9056588206747,7800.0,0.0
482938,3808.12,94903.0,2110.2689271255167,2481.0,0.0
482940,2839.8,53071.0,145.26188253338458,47390.3,13364.9
483125,21639.84,64455.0,145.26188253338458,35683.95,5420.0
483154,5595.97,19651.0,145.26188253338458,28681.1,8598.0
483198,8656.4,83365.0,145.26188253338458,47991.13,12404.0
483212,7163.54,0.0,8425.431041890675,3819.0,0.0
483274,32227.08,45331.0,145.26188253338458,0.0,0.0
483436,13770.98,59207.0,145.26188253338458,52873.23,9853.4
483623,7082.83,53310.0,145.26188253338458,40340.58,8931.9
483627,7200.66,0.0,145.26188253338458,55925.83,16183.5
483631,7486.07,97899.0,145.26188253338458,29380.82,0.0
483747,5255.58,44536.0,204.33608155178476,13375.26,7233.3
483768,5294.23,0.0,47.73008728972086,44399.42,0.0
483802,2359.42,19864.0,145.26188253338458,0.0,0.0
483863,12244.9,46396.0,145.26188253338458,36617.24,15781.4
483875,2089.34,0.0,342.3046412113233,21092.7,8570.9
483899,17738.2,65348.0,145.26188253338458,31653.77,8044.6
483969,2557.09,0.0,145.26188253338458,0.0,0.0
484194,5009.81,0.0,145.26188253338458,51739.25,32100.7
484225,8439.62,22454.0,6364.589462809931,3346.0,0.0
484243,7778.01,25970.0,145.26188253338458,41694.25,4915.3
484317,3531.04,26884.0,145.26188253338458,40628.29,19999.9
484422,10408.97,20228.0,96.83379762966742,28154.83,10647.5
484446,14429.89,0.0,145.26188253338458,45145.09,20612.7
484495,5498.94,22520.0,145.26188253338458,43542.45,8771.5
484504,8496.06,24031.0,145.26188253338458,36005.05,9532.3
484543,2657.57,0.0,142.66016697388034,15896.21,0.0
484592,3679.14,60804.0,145.26188253338458,51227.15,0.0
484625,5746.06,50798.0,145.26188253338458,35538.22,19400.1
484718,4089.46,60759.0,145.26188253338458,37254.54,20617.5
484733,5029.67,62271.0,113.2813218615404,26726.09,0.0
484765,8051.57,57664.0,9785.204384017785,1563.0,0.0
484774,11638.9,25370.0,489.1082366215352,16378.5,0.0
484811,4458.11,17622.0,50.6261908218823,18772.32,0.0
484853,7325.92,20757.0,145.26188253338458,40740.8,11460.3
484894,3394.72,83431.0,145.26188253338458,35469.37,17156.4
484939,29232.69,28613.0,145.26188253338458,0.0,0.0
485040,10620.49,35601.0,145.26188253338458,54922.82,8639.0
485062,2913.49,89672.0,63.78323443441688,31970.45,7271.0
485189,4471.75,0.0,145.26188253338458,0.0,0.0
485196,3370.07,0.0,23.955852853882178,38232.45,4028.0
485258,7685.4,31686.0,655.9041806958485,16829.21,0.0
485280,6104.72,84822.0,145.8159203546002,25192.36,4009.0
485281,8033.91,70311.0,74.72293765395399,33829.99,26821.8
485282,4743.69,83413.0,145.26188253338458,43661.33,0.0
485283,4072.85,96443.0,121.35958980527045,20127.47,4631.0
485300,3653.7,74126.0,1240.9433933002492,2346.0,0.0
485330,5292.2,67899.0,283.2335777126102,11705.0,7461.0
485383,4770.26,0.0,23.40963816004712,37831.81,22005.8
485397,4969.36,21827.0,145.26188253338458,48779.56,0.0
485486,3309.12,72140.0,145.26188253338458,0.0,0.0
485557,6190.32,25743.0,145.26188253338458,36308.39,11688.6
485674,4943.39,44762.0,145.26188253338458,44327.97,14619.4
485705,6552.4,56188.0,145.26188253338458,0.0,0.0
485742,6560.82,0.0,145.26188253338458,36733.09,8931.9
485745,22563.62,23046.0,145.26188253338458,29832.67,7971.0
485787,7196.72,0.0,145.26188253338458,38798.13,10741.2
485795,15672.7,0.0,76.46950061535256,41391.11,19883.5
485845,5904.85,89953.0,145.26188253338458,23984.66,3947.0
485933,6919.02,0.0,145.26188253338458,57518.76,13771.2
486048,3360.44,74918.0,145.26188253338458,23510.26,17369.8
486075,33473.35,33190.0,145.26188253338458,48416.32,0.0
486112,7200.66,0.0,268.1331258926751,15671.0,9462.0
486117,7193.1,30886.0,145.26188253338458,57220.07,3847.0
486139,8714.92,0.0,76.23791780576778,31181.62,3694.0
486143,10369.39,0.0,228.3455414781297,42497.46,4309.0
486197,2529.08,89129.0,152.061421041072,17229.0,0.0
486200,9095.74,0.0,415.9637195121956,17223.0,2400.0
486226,10845.74,27279.0,145.26188253338458,38948.78,23556.9
486359,5657.69,98917.0,145.26188253338458,50539.24,10897.8
486422,9259.72,0.0,145.26188253338458,0.0,0.0
486600,4711.08,13933.0,145.26188253338458,36032.77,12084.0
486708,23295.06,86481.0,145.26188253338458,39656.59,6993.9
486776,7080.13,28139.0,145.26188253338458,29114.71,5657.0
486812,5510.11,61401.0,1732.2912575366092,4955.0,3020.0
486831,20096.89,92766.0,145.26188253338458,54295.19,0.0
486860,6393.87,0.0,258.2071786833856,19632.9,16746.0
486880,5365.98,51240.0,145.26188253338458,0.0,0.0
486890,2831.68,70037.0,145.26188253338458,36528.86,2100.0
486897,23331.83,44719.0,393.7324519630871,58521.64,0.0
486909,13864.38,0.0,145.26188253338458,34937.85,6891.0
486933,5219.2,38704.0,120.58844381425035,17777.0,6380.2
486955,10972.07,24164.0,47.66201468370761,49169.63,4224.0
486956,5065.49,26733.0,145.26188253338458,44021.37,3114.0
487027,4475.05,97949.0,19679.436746988387,550.0,0.0
487070,25900.2,53105.0,145.26188253338458,29089.04,15762.3
487195,36168.34,74140.0,145.26188253338458,40491.98,13204.0
487212,2907.36,24049.0,145.26188253338458,48766.76,33603.8
487228,8273.11,0.0,641.6670526986841,13537.0,3859.0
487359,5301.84,20269.0,65.68030274746724,38283.29,7398.0
487486,15481.25,0.0,113.53128176999826,19222.02,11329.7
487536,5181.62,97131.0,145.26188253338458,0.0,0.0
487605,11726.19,40564.0,145.26188253338458,26935.93,7216.2
487726,6968.34,0.0,145.26188253338458,36323.04,0.0
487727,16304.3,90008.0,132.84882734542083,39121.71,24330.7
487777,2333.61,25772.0,145.26188253338458,32823.4,6623.0
487799,9209.41,31365.0,582.975138744364,12463.0,4359.0
487807,5261.1,43318.0,145.26188253338458,39725.27,3459.0
487823,2707.43,51455.0,204.3322271157704,6070.219999999999,0.0
487901,7147.62,87454.0,145.26188253338458,38878.34,0.0
487930,4807.0,0.0,33.93242093320097,32543.64,9179.8
488009,7496.01,61091.0,281.17740990682387,19426.42,0.0
488044,15994.01,0.0,91.53286617712394,33572.1,0.0
488071,3230.58,62873.0,145.26188253338458,29636.55,10945.9
488130,4766.37,0.0,77.86164618372884,43042.36,0.0
488188,12500.84,0.0,145.26188253338458,35169.73,0.0
488224,5096.67,22886.0,145.26188253338458,0.0,0.0
488268,6031.52,49539.0,145.26188253338458,53710.97,12794.9
488303,2790.46,28786.0,36.3018255737144,23531.01,0.0
488346,1994.77,0.0,145.26188253338458,0.0,0.0
488535,3944.23,33282.0,145.26188253338458,42346.01,6575.9
488549,3554.85,58557.0,145.26188253338458,56174.96,12405.8
488647,21991.62,80807.0,502.62835369799126,18999.55,8834.0
488675,38887.9,44299.0,145.26188253338458,36552.94,5092.0
488679,3362.41,22853.0,30.96282406426288,23461.99,14377.3
488724,10629.22,36495.0,145.26188253338458,0.0,0.0
488799,5493.7,44369.0,145.26188253338458,48908.68,10909.1
488811,7050.97,39040.0,824.6968756675931,7540.0,3608.0
488853,4787.47,0.0,145.26188253338458,39670.74,17940.0
488872,2127.92,0.0,145.26188253338458,43978.51,7940.0
488884,4966.77,38055.0,145.26188253338458,23853.11,0.0
488891,8090.88,86180.0,145.26188253338458,0.0,0.0
489108,7163.54,0.0,145.26188253338458,39930.19,3226.0
489115,7948.57,63892.0,145.26188253338458,33912.2,17938.1
489221,6494.24,15300.0,145.26188253338458,37741.56,3865.0
489244,2555.54,18241.0,15.370364694560893,44689.27,29367.9
489279,13306.18,39017.0,145.26188253338458,37232.08,8225.0
489301,13742.54,90343.0,100.41506604884066,38670.18,8496.7
489335,7096.6,67735.0,145.26188253338458,35555.2,5390.3
489371,8334.36,0.0,41.841458516725375,57735.31,14705.8
489391,5935.82,63833.0,86.48481328463366,46387.31,14808.1
489394,11044.11,44524.0,3252.635946745569,7104.0,3556.0
489443,5746.33,22906.0,145.26188253338458,0.0,0.0
489459,13473.19,25302.0,145.26188253338458,0.0,0.0
489501,6314.49,66947.0,3938.463516746464,3097.09,0.0
489523,32961.15,66014.0,145.26188253338458,32861.37,15161.3
489534,5639.94,73168.0,145.26188253338458,42173.33,14542.2
489549,6897.51,65337.0,777.0343055555555,9370.0,0.0
489592,8960.28,71943.0,1511.6952113891332,6611.18,9310.0
489609,8901.47,76558.0,198.87798839024305,12568.24,0.0
489628,8708.28,30090.0,241.77400101419883,14569.74,0.0
489781,4762.59,57135.0,30.28769950395887,39873.03,23358.6
489842,27528.31,54586.0,134.49234120681044,57777.59,18735.9
489856,7851.58,48943.0,626.6384912536446,7006.0,0.0
489956,5470.06,54507.0,145.26188253338458,40371.66,16035.7
489985,2531.74,31993.0,105.78300835654606,12143.0,5782.0
490053,17788.06,73339.0,145.26188253338458,39234.59,4208.0
490250,2513.12,22475.0,145.26188253338458,45955.79,6116.0
490387,2912.89,81097.0,145.26188253338458,0.0,0.0
490439,2415.83,0.0,83.05600784929356,26161.54,10155.5
490479,5295.63,0.0,145.26188253338458,54817.45,8415.1
490487,7591.11,0.0,145.26188253338458,33734.97,14010.3
490553,8164.31,11193.0,145.26188253338458,36133.53,9479.1
490562,7319.58,57777.0,250.00904905392,17066.29,0.0
490563,2771.05,50071.0,145.26188253338458,33332.29,2992.0
490774,2668.66,30718.0,145.26188253338458,39814.89,21945.3
490806,4529.97,64270.0,145.26188253338458,46297.21,6059.1
490824,5838.13,55419.0,145.26188253338458,33850.18,0.0
490840,10189.65,0.0,89.98793256268418,31015.82,9818.5
490860,4984.62,86305.0,83.48923604525237,21685.9,4843.0
490932,6669.18,0.0,145.26188253338458,49437.58,9714.0
490984,4872.58,0.0,145.26188253338458,33140.07,18674.6
491005,5762.47,66156.0,145.26188253338458,23591.96,38520.9
491122,8991.12,0.0,103.19563540312777,31638.4,13419.6
491242,7597.91,49937.0,474.4361000228109,10620.0,0.0
491244,8048.37,0.0,880.1523169879164,7648.0,0.0
491253,4700.42,0.0,145.26188253338458,33156.64,9872.4
491310,17484.53,78362.0,291.91001216700823,23211.28,9270.0
491351,5392.5,0.0,145.26188253338458,24552.22,0.0
491369,6620.44,25075.0,145.26188253338458,24464.93,7174.4
491391,2243.47,0.0,145.26188253338458,42965.04,20837.7
491404,6220.77,0.0,88.24233032272107,33993.94,9904.0
491481,36470.3,0.0,145.26188253338458,36960.64,27047.6
491495,9199.39,37399.0,145.26188253338458,0.0,0.0
491513,9783.63,0.0,61.613658375269615,37873.95,0.0
491643,16464.37,27760.0,5520.050566442147,3835.0,0.0
491690,2965.72,26472.0,146.33486842105268,6342.0,0.0
491704,3260.74,0.0,145.26188253338458,0.0,0.0
491773,5308.62,40178.0,27.04697652755605,31445.34,22021.0
491907,38545.71,41104.0,145.26188253338458,29513.16,7626.0
491948,5452.17,88567.0,161.0778809937514,13901.65,8762.8
491986,10492.97,72297.0,74.63823316761935,39628.72,4618.9
491987,6514.43,77135.0,145.26188253338458,55609.33,4491.6
492011,10569.63,45776.0,304.8289309418459,29855.73,6175.0
492036,13258.18,20754.0,1168.756357927787,11249.77,0.0
492090,2657.57,0.0,68.62005164119977,32250.77,16178.5
492158,8186.31,20369.0,145.26188253338458,48450.12,0.0
492159,9486.04,25322.0,145.26188253338458,37249.6,2822.0
492165,2255.31,58289.0,145.26188253338458,25691.0,16467.5
492226,4312.87,21004.0,266.8734544529839,11976.0,8011.0
492265,2469.57,55257.0,225.269418203629,9851.49,17426.8
492367,7425.87,58042.0,175.63552507095554,12902.25,0.0
492401,2300.69,25905.0,145.26188253338458,33145.31,0.0
492433,11314.24,62935.0,145.26188253338458,38357.94,15027.1
492496,2556.61,23867.0,16.72413423333598,46464.33,21422.3
492505,19927.64,51352.0,145.26188253338458,33394.28,17979.7
492575,2179.43,0.0,64.89485513059321,20551.47,9414.5
492695,7720.16,67332.0,380.03844632260416,15206.0,0.0
492700,5230.09,32630.0,686.2894916594781,11745.43,0.0
492757,4547.32,29031.0,145.26188253338458,43767.82,6482.8
492789,3723.11,31974.0,145.26188253338458,46356.47,5884.3
492812,4920.49,21366.0,52.44009466190926,28385.79,0.0
492883,4669.23,76157.0,145.26188253338458,27678.02,0.0
492966,3579.77,84598.0,21.368487401371347,32514.84,5291.5
492973,5639.94,73168.0,275.567100977199,15711.0,10214.0
493061,7200.66,0.0,145.26188253338458,35946.76,11141.0
493088,8427.17,46503.0,145.26188253338458,47542.45,28787.1
493283,4465.6,50909.0,145.26188253338458,47535.84,11158.8
493337,8382.48,25998.0,145.26188253338458,0.0,0.0
493350,6610.05,23616.0,71.54893507022427,27385.41,24827.1
493358,5328.32,0.0,375.9349484536082,7498.0,6191.0
493369,8507.83,56704.0,615.816621496563,9005.0,0.0
493427,5067.0,89703.0,145.26188253338458,37874.91,5194.0
493598,2576.46,26854.0,145.26188253338458,41489.6,15705.4
493606,5365.54,77095.0,145.26188253338458,0.0,0.0
493640,3094.32,20954.0,168.33666534181265,13834.0,0.0
493677,4770.55,12964.0,22.1990335058118,41658.33,4928.6
493775,7956.15,44818.0,145.26188253338458,47921.65,6072.4
493800,7804.02,70833.0,145.26188253338458,34820.81,44796.9
493819,16304.3,90008.0,145.26188253338458,38331.1,7031.9
493827,3436.13,30817.0,145.26188253338458,0.0,0.0
493894,6222.21,74270.0,145.26188253338458,49043.84,0.0
493925,5192.36,23059.0,145.26188253338458,31621.28,14217.7
493972,2309.6,22567.0,145.26188253338458,29700.6,5439.7
494062,6950.1,21687.0,145.26188253338458,31262.69,5295.0
494179,2930.69,33663.0,145.26188253338458,51153.09,0.0
494206,9935.17,34831.0,145.26188253338458,47031.17,13743.6
494213,11727.78,29879.0,87.17070890963298,30765.41,3715.0
494263,5821.13,61108.0,52.94872831092713,48422.86,10571.9
494284,3651.69,0.0,28.946168430105292,28326.65,0.0
494384,2514.59,43860.0,145.26188253338458,49549.89,11914.9
494498,9122.93,90804.0,145.26188253338458,38527.28,12395.6
494515,18453.58,72215.0,300.99549102674115,29354.63,17803.0
494536,6583.21,0.0,145.26188253338458,0.0,0.0
494552,4772.94,20993.0,4032.692361111126,1539.0,3733.0
494600,2839.57,27083.0,145.26188253338458,44269.27,2801.0
494885,8415.68,55308.0,145.26188253338458,36543.73,11672.2
494887,5660.13,59586.0,71.24693761423596,40602.45,2602.0
494899,3479.14,0.0,145.26188253338458,37879.72,11062.5
495027,4913.12,48295.0,145.26188253338458,19496.98,0.0
495058,8879.79,52583.0,145.26188253338458,48384.61,14948.1
495148,3371.86,86689.0,145.26188253338458,34805.28,17695.3
495168,9575.36,0.0,53.575796967262896,56112.52,4928.6
495253,66025.75,33481.0,145.26188253338458,36062.82,28942.4
495286,4270.03,0.0,48.69894231971004,30754.67,25210.4
495369,10064.61,20440.0,1259.5140514285715,4657.0,0.0
495381,13798.48,42780.0,145.26188253338458,50595.02,0.0
495403,3086.01,73938.0,48.69922739692863,47976.67,4504.0
495473,5394.7,65978.0,496.5741558015789,44299.71,0.0
495632,5382.75,77552.0,3479.404515938629,739.0,0.0
495707,2130.35,0.0,47.81072841302702,21239.46,0.0
495773,5583.83,32403.0,145.26188253338458,36350.23,17901.9
495787,3649.71,0.0,24.63284301035503,39290.49,14440.0
495912,6933.34,0.0,145.26188253338458,37195.17,26607.6
495926,2609.88,30825.0,2818.3615384615528,1167.0,0.0
495942,5219.2,38704.0,39.419259831494585,43572.69,6040.1
496014,6521.37,72608.0,145.26188253338458,30161.15,4079.0
496052,2458.75,0.0,145.26188253338458,0.0,0.0
496159,4904.89,12902.0,778.9604707827526,23214.36,17673.6
496191,12200.79,60282.0,145.26188253338458,43546.49,0.0
496233,9415.9,0.0,145.26188253338458,35351.770000000004,0.0
496325,4700.01,11417.0,145.26188253338458,43901.04,29584.9
496329,21710.28,62370.0,166.7154524568918,25248.37,7130.7
496357,8382.63,19683.0,738.00249646234,44833.47,13282.9
496371,5457.34,94731.0,145.26188253338458,29855.38,11851.8
496387,4379.93,40896.0,145.26188253338458,35170.56,16315.3
496403,2844.85,80306.0,145.26188253338458,28221.86,7375.8
496482,4463.0,0.0,773.5018993352335,6037.0,0.0
496668,8621.17,81947.0,11597.274140049163,1477.0,0.0
496675,4971.73,49161.0,258.0972052339642,12471.0,4724.0
496686,8663.36,67763.0,323.47464579816915,19562.93,0.0
496728,4825.65,61613.0,145.26188253338458,39515.98,15426.6
496759,3834.74,41341.0,38.81832477286089,31272.47,3880.0
496820,9247.46,97030.0,145.26188253338458,33443.62,11426.6
496830,2594.91,25925.0,145.26188253338458,0.0,0.0
496831,7294.58,76407.0,840.0005363340005,9778.0,11057.0
497030,3460.12,0.0,145.26188253338458,0.0,0.0
497070,2739.06,0.0,581.0288066640856,8036.0,0.0
497106,2433.21,23737.0,80.8500518898843,11789.14,8147.0
497108,2502.21,0.0,145.26188253338458,34702.59,0.0
497194,4979.08,0.0,145.26188253338458,41281.85,2933.0
497201,5964.35,98078.0,145.26188253338458,45557.13,7505.0
497226,14024.36,81872.0,1226.8457961844515,9146.14,17841.0
497281,6637.23,0.0,507.8802830188688,11047.0,0.0
497421,2480.39,0.0,19.909010643444613,44027.4,11386.7
497467,4373.36,25676.0,145.26188253338458,34148.1,3470.0
497476,7607.0,0.0,145.26188253338458,0.0,0.0
497494,4601.91,37308.0,37.97384644948343,33082.79,11414.8
497576,4785.91,0.0,207.49807768451075,17402.0,13561.0
497613,2433.91,0.0,145.26188253338458,43425.83,11749.5
497648,5872.96,77156.0,450.6265293252053,14716.0,7555.0
497756,2872.05,57749.0,8168.55779220781,1328.0,0.0
497784,16236.48,0.0,145.26188253338458,36005.65,31362.0
497836,14808.06,41440.0,165.2175025447743,32418.62,5351.0
497854,50568.26,82081.0,145.26188253338458,31036.07,0.0
497861,5205.26,53614.0,145.26188253338458,60015.94,9568.4
497891,2877.81,38870.0,145.26188253338458,36323.48,2656.0
498028,33873.18,59744.0,310.864696268732,34859.34,16360.9
498030,2220.0,0.0,145.26188253338458,25121.13,4532.0
498149,2452.49,51085.0,74.14756612734001,19501.0,10238.0
498319,2624.9,18129.0,388.8346185064943,6486.0,0.0
498514,25755.28,0.0,1557.0050019323162,8428.0,0.0
498573,13104.15,0.0,168.8663225173232,32955.08,15695.9
498587,7232.61,46621.0,32.70491582922614,44900.75,8659.0
498610,2563.86,0.0,79.09135395537531,34805.58,0.0
498632,5129.61,72433.0,145.26188253338458,34189.66,28984.9
498643,2531.59,28898.0,145.26188253338458,37398.45,10166.9
498644,5103.3,74948.0,145.26188253338458,36914.65,9311.3
498694,6439.78,47412.0,145.26188253338458,47923.38,12579.5
498793,5470.06,54507.0,145.26188253338458,50569.57,17605.4
498897,5345.2,55571.0,215.51638559540496,12992.0,3828.0
498923,7706.03,0.0,145.26188253338458,52451.01,4821.0
498932,5585.31,0.0,145.26188253338458,39749.55,22735.4
498989,7583.14,44667.0,145.26188253338458,25580.39,0.0
498998,4817.99,38157.0,901.5206852358187,11584.0,3164.0
499027,4650.06,28215.0,145.26188253338458,41022.51,0.0
499089,2685.74,45754.0,145.26188253338458,29448.18,23144.8
499128,9031.21,0.0,145.26188253338458,41813.34,5198.4
499132,5123.77,0.0,145.26188253338458,33137.66,6469.5
499346,3230.58,62873.0,627.213670212766,8370.0,0.0
499423,4196.65,0.0,1509.140147783253,3599.0,3602.0
499482,8131.78,93715.0,838.4462429378538,9208.0,0.0
499518,7123.69,16139.0,42.270379403999634,43426.76,19590.2
499563,10013.78,0.0,976.9323859586608,5385.0,5283.0
499583,2853.6,87455.0,145.26188253338458,0.0,0.0
499658,3467.32,0.0,26.17240338164252,28720.25,19646.0
499874,31269.27,90289.0,145.26188253338458,86257.64,10096.6
499875,5267.85,40818.0,145.26188253338458,51450.91,4257.0
499890,15785.3,81119.0,145.26188253338458,40748.99,23911.5
499913,7588.36,76516.0,2061.8496774193563,7447.0,5020.0
499932,5645.4,50366.0,71.22576920949781,27990.11,16659.0
499945,9048.98,0.0,145.26188253338458,41969.56,20585.9
499963,9247.55,85654.0,139.3726928508312,27319.44,15998.0
500022,5323.27,55289.0,145.26188253338458,44794.93,9222.6
500026,2316.8,0.0,52.32439567692439,30958.72,4801.0
500038,2864.09,0.0,22.40298758547975,34317.83,8485.0
500058,2921.49,62018.0,145.26188253338458,23727.01,0.0
500060,4942.87,82093.0,145.26188253338458,39337.04,14501.0
500115,7124.2,61233.0,947.2979963570128,8514.0,0.0
500248,7092.64,35173.0,129.6204203161718,27357.22,7138.3
500280,2489.75,75474.0,16.017829633624874,54338.57,36956.9
500374,4770.55,12964.0,206.04079398887717,15469.0,0.0
500437,8522.76,0.0,145.26188253338458,0.0,0.0
500455,4829.57,34819.0,28.536780830788167,33980.38,4377.0
500759,2672.1,52822.0,145.26188253338458,40515.26,20625.3
500767,2866.6,26924.0,145.26188253338458,42059.68,15831.1
500782,8378.36,40994.0,46.9228989349868,42601.97,12032.7
500788,8838.09,82664.0,145.26188253338458,34455.05,12242.0
501030,3934.71,84229.0,48.9366777408638,26318.37,0.0
501037,6425.71,0.0,145.26188253338458,0.0,0.0
501109,7385.36,54289.0,35.51589459815548,43165.53,3364.0
501131,6508.76,60188.0,145.26188253338458,50518.22,7983.0
501165,7329.83,0.0,4246.647539682555,5547.0,6359.0
501189,7446.81,98235.0,145.26188253338458,0.0,0.0
501209,5761.32,83392.0,145.26188253338458,22435.96,0.0
501217,7275.92,27984.0,10162.158673469405,793.0,0.0
501278,4825.5,0.0,145.26188253338458,34383.28,0.0
501363,4726.87,13037.0,48.766063080259805,35016.17,19381.9
501490,21561.71,0.0,145.26188253338458,42092.92,24890.3
501551,3046.25,0.0,69.22246629298593,35463.96,3434.0
501552,3567.5,0.0,145.26188253338458,35592.09,10686.3
501569,2771.05,50071.0,159.63613238914965,19165.47,10434.8
501602,6600.48,0.0,145.26188253338458,33350.15,5891.9
501655,4650.68,0.0,24.40863038320513,39897.78,8694.0
501699,5757.44,88997.0,81.4814209754925,31618.22,8019.0
501704,3974.86,0.0,145.26188253338458,37657.84,45023.5
501854,2960.03,0.0,145.26188253338458,39182.54,38439.2
501856,4060.96,0.0,18.18105368515048,58723.16,0.0
501875,4475.42,84903.0,101.92225092343016,49230.91,9531.5
501877,4408.07,80640.0,83.65155012763923,32008.31,21953.0
501885,32317.03,55475.0,14104.084436030362,2789.0,3603.0
501976,15253.26,51937.0,145.26188253338458,43902.13,14057.0
502012,9148.88,68236.0,145.26188253338458,58908.11,27413.2
502023,6685.07,56270.0,145.26188253338458,16358.89,0.0
502047,2417.78,20200.0,145.26188253338458,0.0,0.0
502141,9713.16,0.0,187.318556951592,28440.41,2895.0
502152,25082.18,0.0,19233.1842436976,4016.0,0.0
502163,5973.14,96163.0,145.26188253338458,40161.1,31205.4
502212,4128.39,95891.0,145.26188253338458,28679.38,14409.9
502353,12495.74,0.0,436.7605752042902,36980.17,11626.5
502376,15265.81,58361.0,145.26188253338458,31537.73,9327.1
502390,10548.54,27458.0,145.26188253338458,46203.99,5428.3
502534,4901.89,72859.0,145.26188253338458,43614.98,5082.5
502573,4236.84,14476.0,345.9870087254833,9066.0,8508.0
502585,5555.83,74015.0,38.48206718826796,20946.18,10324.8
502592,4860.91,39429.0,36.39808945291025,34114.87,7257.0
502615,5503.92,59932.0,145.26188253338458,40281.56,38855.1
502670,24552.87,0.0,96.21939580756548,39861.36,24128.9
502708,7943.51,60214.0,145.26188253338458,38182.1,16821.9
502745,5131.36,50994.0,339.4043612201752,10901.0,0.0
502784,6521.37,72608.0,2960.572201492548,1291.0,0.0
502848,3575.04,30244.0,145.26188253338458,41633.81,25247.4
502943,3095.8,33415.0,145.26188253338458,30998.73,6561.0
502946,3164.38,0.0,173.80598414927778,11762.0,0.0
502952,2820.74,35855.0,439.9872222222232,10435.0,0.0
502977,15700.28,0.0,145.26188253338458,35864.270000000004,0.0
503025,2722.21,17576.0,737.644135115071,40995.71,5515.7
503096,5461.55,39626.0,145.26188253338458,0.0,0.0
503217,9148.88,68236.0,145.26188253338458,41623.49,12281.6
503242,12157.54,40432.0,4593.687474120088,2327.0,0.0
503257,17557.54,68273.0,405.4833466206044,17984.98,11612.0
503305,6636.86,47274.0,45.42597909146314,35832.41,13050.2
503357,2552.0,50201.0,26.206613267611417,44731.03,9667.0
503494,5384.43,83689.0,188.9739950256092,17637.34,0.0
503560,6739.32,0.0,145.26188253338458,25015.94,3889.0
503573,10925.82,98542.0,145.26188253338458,46081.79,17602.2
503598,5073.28,57709.0,44.4984636482187,40396.71,5440.0
503615,9118.93,33882.0,145.26188253338458,28279.64,0.0
503638,2659.71,0.0,279.87530751489567,6019.0,2477.0
503673,3203.3,68370.0,23.276088947284613,31349.63,0.0
503832,2626.28,41990.0,67.07913900642392,24103.3,14096.8
503938,8058.66,25595.0,145.26188253338458,52050.49,4654.0
503988,12390.48,14382.0,11306.313000000016,2125.0,4208.0
504078,5658.91,0.0,103.2305463141744,46131.33,12046.2
504208,17041.44,22249.0,145.26188253338458,43671.31,3343.0
504219,2677.5,71684.0,145.26188253338458,41698.04,5869.0
504260,25755.28,0.0,145.26188253338458,30396.64,0.0
504311,6314.58,54408.0,145.26188253338458,47187.77,11936.0
504319,15190.65,0.0,145.26188253338458,0.0,0.0
504403,5080.24,70784.0,38.77299777100297,26361.34,2970.0
504455,2249.87,0.0,1334.5653575297954,1877.0,0.0
504525,2999.34,28564.0,145.26188253338458,33285.45,2521.0
504545,5146.81,22594.0,1118.2057440476192,2851.0,0.0
504564,22185.88,60426.0,1112.800082451561,8404.0,0.0
504589,6191.4,0.0,145.26188253338458,31898.48,14147.1
504638,3343.88,0.0,145.26188253338458,42279.4,9684.3
504663,3709.92,0.0,303.4036432076362,6080.72,0.0
504715,4734.26,0.0,145.26188253338458,32225.54,15687.9
504802,8901.47,76558.0,145.26188253338458,36775.66,12292.2
504860,7748.81,79528.0,48.40840029347599,47168.47,0.0
504867,34611.38,20090.0,1640.6693116883118,9381.0,3326.0
504919,16525.38,24414.0,145.26188253338458,32111.81,27237.2
505070,4053.37,44661.0,1748.794385342796,4914.0,0.0
505167,11681.37,70930.0,7288.376153846155,4902.0,0.0
505179,8002.31,0.0,241.01685943366397,19306.58,0.0
505204,6218.66,51944.0,145.26188253338458,44674.47,49021.9
505390,21235.45,0.0,145.26188253338458,51160.09,21060.3
505522,6177.11,61040.0,489.2043807498698,46646.19,21858.6
505680,5682.52,36938.0,145.26188253338458,37443.42,17898.0
505776,4721.66,0.0,389.23569223819976,5799.0,12424.0
505779,4473.88,0.0,25.69164665938749,34861.53,4636.0
505790,3570.76,56168.0,145.26188253338458,37396.33,0.0
505798,17484.53,78362.0,145.26188253338458,36821.36,6017.0
505871,9875.09,29598.0,145.26188253338458,0.0,0.0
505962,7739.55,64859.0,41.41940187557184,41618.29,0.0
505988,12298.69,17101.0,1751.6083385359764,32233.55,9315.7
506149,8160.69,0.0,145.26188253338458,0.0,0.0
506170,6291.59,0.0,145.26188253338458,37498.36,9131.4
506190,5357.76,0.0,145.26188253338458,29216.1,11983.9
506193,18882.64,24054.0,982.5454908334054,12148.64,0.0
506252,16005.51,44901.0,355.49763590263694,14553.32,3949.0
506293,2290.68,0.0,119.60206942590128,22621.75,0.0
506372,3508.57,20978.0,227.38424183238683,8822.0,5112.0
506400,2994.35,55911.0,223.96265368852457,10863.0,0.0
506418,7072.93,90551.0,816.4514389626842,10691.0,0.0
506572,14435.67,60880.0,145.26188253338458,42575.4,4927.0
506746,2415.42,40903.0,145.26188253338458,35616.1,0.0
506749,3508.57,20978.0,145.26188253338458,287.35,0.0
506776,6889.56,0.0,145.26188253338458,32222.62,12230.3
506793,3355.53,46644.0,145.26188253338458,0.0,0.0
507005,17646.73,36900.0,145.26188253338458,39922.28,6206.0
507008,7180.28,0.0,261.33107093000086,15397.0,2986.0
507112,13024.13,0.0,109.63308367260342,28953.06,7627.0
507128,14635.45,0.0,1241.993734161029,8910.75,5145.2
507189,4567.87,15383.0,145.26188253338458,33048.62,19054.5
507281,9025.07,23675.0,145.26188253338458,33429.29,0.0
507360,5943.07,62120.0,145.26188253338458,0.0,0.0
507486,3241.31,66889.0,145.26188253338458,39095.69,20148.7
507503,7985.14,52339.0,71.2845003570858,21917.14,6290.0
507514,22940.38,52993.0,145.26188253338458,44813.77,13258.2
507555,7094.17,23032.0,145.26188253338458,43256.7,39044.5
507567,6650.82,99494.0,49.27513335985647,40183.48,19189.9
507838,5626.57,59782.0,145.26188253338458,40942.11,3514.0
507998,19927.64,51352.0,145.26188253338458,58902.15,37135.6
508022,22800.54,68771.0,145.26188253338458,46603.9,5774.1
508080,2265.32,0.0,35.181014785661105,16667.45,23986.2
508115,5181.62,97131.0,45.852153822283,38080.58,20753.7
508126,9048.98,0.0,145.26188253338458,47556.31,0.0
508215,4139.53,45281.0,4519.227666999015,3019.0,0.0
508399,6290.7,0.0,23.694070562983494,49399.65,23547.9
508402,8434.46,44216.0,152.70723710317466,21865.19,20025.7
508443,5182.94,83527.0,145.26188253338458,0.0,0.0
508456,2759.98,92296.0,156.94734628167862,11586.0,0.0
508488,27934.62,76912.0,145.26188253338458,45493.49,15922.0
508501,4758.47,92324.0,145.26188253338458,47272.63,23294.8
508728,4744.97,20698.0,145.26188253338458,0.0,0.0
508795,5643.8,41043.0,455.7493362831858,11858.0,2577.0
508821,5300.69,26585.0,40.48190843847428,24768.88,10095.0
508824,5887.18,62773.0,145.26188253338458,32701.82,4917.2
508854,5049.12,0.0,145.26188253338458,40794.14,8561.4
508923,6360.65,41195.0,145.26188253338458,29665.3,15709.2
508934,7247.71,86122.0,145.26188253338458,30794.28,8321.0
509044,7589.63,0.0,58.7980436840519,30474.61,9568.4
509060,5015.01,48567.0,154.77248053166952,17962.07,9228.3
509108,4132.59,0.0,559.28637374861,2961.0,0.0
509136,2471.53,95697.0,145.26188253338458,43748.91,2974.0
509149,9415.53,55338.0,145.26188253338458,19244.72,6296.6
509223,8026.38,0.0,167.0868657641439,22122.43,16416.9
509345,6639.33,72661.0,132.92863333424754,21788.69,10618.0
509474,7492.16,31723.0,599.0008177570103,7674.0,0.0
509513,4121.25,0.0,145.26188253338458,39402.66,8998.4
509514,5813.24,42795.0,145.26188253338458,43599.81,11894.0
509607,4983.62,0.0,111.35728803183352,25865.53,3517.0
509614,4504.16,0.0,145.26188253338458,0.0,0.0
509669,2359.42,19864.0,243.54872737556627,17039.0,2535.0
509686,5630.79,72874.0,40.89310429218366,41458.88,10112.9
509714,7957.63,51125.0,145.26188253338458,34770.74,7572.0
509746,5583.58,76927.0,145.26188253338458,31188.52,9460.4
509809,6674.18,0.0,306.39892252222063,10655.0,5133.0
509810,19014.48,29822.0,145.26188253338458,40151.59,6302.3
509909,3982.27,0.0,145.26188253338458,23572.54,15359.6
509928,8395.81,0.0,145.26188253338458,32763.63,18660.1
509962,2841.44,30473.0,145.26188253338458,31390.94,0.0
509965,3746.75,41479.0,145.26188253338458,35624.25,8711.5
510182,11760.88,36431.0,145.26188253338458,35428.78,4624.6
510224,5380.9,55350.0,145.26188253338458,43518.67,21869.1
510264,3808.12,94903.0,237.6819083447334,12979.0,4752.0
510329,8238.46,68261.0,145.26188253338458,35755.77,6519.0
510353,2520.03,0.0,145.26188253338458,20680.51,6707.0
510372,4322.24,0.0,4024.534693877577,3513.0,0.0
510440,2576.38,24732.0,145.26188253338458,34633.95,9928.1
510502,5755.54,97607.0,59.6356211747874,31514.76,10130.8
510505,3289.55,0.0,145.26188253338458,43848.87,3826.0
510513,5686.92,63143.0,145.26188253338458,41534.13,0.0
510537,2280.39,0.0,38.06112959697101,22359.42,10511.3
510644,6021.84,0.0,208.2201212580524,14964.0,0.0
510841,4825.5,0.0,145.26188253338458,43932.37,4788.0
510865,22712.02,14119.0,121.51696423336266,47582.88,21875.5
511053,4023.81,41833.0,145.26188253338458,34651.18,11878.8
511226,8622.84,97361.0,618.5803066037744,13523.0,6683.0
511253,22712.02,14119.0,145.26188253338458,33264.68,19048.9
511302,3274.04,83869.0,145.26188253338458,38796.28,11131.0
511342,4566.38,0.0,41.01915769474352,25982.51,6997.7
511437,16407.66,22103.0,2262.199408209523,5349.0,6088.0
511444,3207.47,24695.0,22.336653451065395,26041.03,12577.0
511472,3748.14,0.0,39.92611814559435,40823.66,29504.5
511483,6886.32,34615.0,1981.2192327903351,5276.0,0.0
511541,3313.01,40348.0,57.79315912392945,28728.05,0.0
511568,2460.67,0.0,145.26188253338458,52334.24,21198.3
511573,2480.53,29444.0,16.57561879828641,30779.59,16548.3
511584,10248.9,52693.0,145.26188253338458,36513.51,4634.1
511588,3703.4,0.0,22.209118984493912,47276.62,13017.0
511626,2471.08,53074.0,145.26188253338458,0.0,0.0
511642,5412.7,0.0,145.26188253338458,38881.27,13100.5
511765,21914.41,77311.0,145.26188253338458,31597.31,8673.0
511835,9009.22,32260.0,12861.92425032601,1769.0,0.0
511862,3538.06,0.0,14.23096648638165,99686.64,25879.1
511875,16794.31,38399.0,145.26188253338458,46291.21,6519.0
511922,7648.26,91071.0,164.51942150952075,19482.25,4137.0
511981,4841.06,23449.0,145.26188253338458,6364.54,6532.2
512071,3398.05,0.0,145.26188253338458,47195.25,5308.0
512097,18474.71,27869.0,103.57422779379164,41468.76,5742.0
512169,20096.89,92766.0,145.26188253338458,0.0,0.0
512177,20395.97,92850.0,145.26188253338458,44320.85,11586.0
512179,6186.5,88375.0,145.26188253338458,46626.64,14915.0
512191,2665.45,52266.0,145.26188253338458,27338.72,15656.0
512219,9560.05,19429.0,145.26188253338458,45873.33,7334.0
512262,3500.86,0.0,145.26188253338458,41018.56,0.0
512284,10747.03,66446.0,171.68530943627457,26417.05,4410.0
512296,3694.14,96170.0,13.745083727753048,86534.07,23070.1
512358,15512.56,39794.0,1221.3296807592762,4799.0,6972.0
512426,26730.06,21275.0,145.26188253338458,42239.61,10831.4
512471,35444.31,96853.0,145.26188253338458,31301.11,24659.7
512522,10395.71,0.0,76.30771409399486,41044.48,11318.3
512580,5097.53,21665.0,224.90462155247104,20372.3,0.0
512599,7956.15,22699.0,145.26188253338458,27481.12,3459.0
512615,13452.19,32356.0,145.26188253338458,51677.77,16681.5
512640,2840.3,79181.0,82.25002710700792,40296.71,8618.8
512869,8679.8,55842.0,145.26188253338458,48596.06,26289.5
512897,4334.06,23904.0,49.03958158528876,25307.84,6936.0
512906,4872.02,0.0,116.27859415867488,23130.04,19659.3
513000,5000.62,43723.0,2348.061277873075,1781.0,0.0
513081,4037.5,90760.0,145.26188253338458,40211.11,24747.7
513099,2540.41,70125.0,145.26188253338458,23982.95,11909.2
513123,16477.77,49825.0,145.26188253338458,42852.09,2195.0
513125,7154.09,28204.0,145.26188253338458,40614.31,3774.0
513170,2459.17,21190.0,145.26188253338458,47776.36,10377.8
513229,4823.56,58946.0,145.26188253338458,37638.55,8021.8
513246,7998.14,29066.0,145.26188253338458,41136.09,5266.8
513446,8507.13,46754.0,52.75576698068008,35376.71,10353.7
513480,8105.81,17920.0,68.09504262527504,35847.020000000004,0.0
513553,4170.69,29462.0,145.26188253338458,32570.76,15355.8
513590,13727.8,0.0,100.45725203695392,42970.52,0.0
513661,7714.65,0.0,145.26188253338458,40462.94,25579.1
513708,5059.62,41869.0,57.79720376017269,33006.69,0.0
513778,7098.02,37511.0,145.26188253338458,28684.8,35076.8
513820,8098.97,0.0,145.26188253338458,41738.7,7995.2
514042,9837.51,55099.0,88.71935529833456,37845.23,18018.0
514145,6842.58,25259.0,145.26188253338458,27743.37,10387.1
514235,9613.61,34398.0,153.94665341721728,20509.95,9553.0
514272,5488.93,33881.0,145.26188253338458,47427.14,3736.0
514369,6199.96,0.0,559.3142362827488,9287.0,3042.0
514395,7296.49,0.0,145.26188253338458,29177.39,13468.7
514403,30647.63,0.0,145.26188253338458,47487.22,5006.5
514451,13283.86,0.0,145.26188253338458,38526.07,6326.0
514493,2174.11,16997.0,4959.688437500001,1222.0,0.0
514523,8478.3,13870.0,669.8224025974039,7759.0,0.0
514530,8622.84,97361.0,66.06352082796916,54418.67,4301.0
514552,4636.55,26802.0,145.26188253338458,33266.1,6084.0
514559,20096.89,92766.0,145.26188253338458,55486.11,29060.5
514616,9227.95,0.0,589.6711747198887,14206.0,0.0
514632,3103.92,74665.0,24.48801786243076,37845.66,0.0
514652,5206.12,52629.0,534.5743998499632,7296.0,6011.0
514900,4425.91,80892.0,1415.8257230499578,7118.0,0.0
514917,4836.05,0.0,485.1335028170951,50698.14,11509.7
515023,3016.44,25630.0,145.26188253338458,0.0,0.0
515049,3567.5,0.0,15.774408986506351,49143.71,4460.0
515134,11533.97,85339.0,145.26188253338458,55049.42,9074.4
515142,3220.78,19098.0,145.26188253338458,0.0,0.0
515165,8044.87,71391.0,145.26188253338458,41851.05,7088.9
515185,7998.35,26487.0,145.26188253338458,33703.59,8922.4
515298,4014.92,0.0,145.26188253338458,0.0,0.0
515315,6521.37,72608.0,145.26188253338458,0.0,0.0
515386,7899.22,40032.0,38.24231099124591,43023.71,14901.0
515444,3979.59,0.0,514.2984834179165,2206.0,0.0
515579,3528.04,31278.0,145.26188253338458,5948.17,6366.9
515605,3023.89,28383.0,145.26188253338458,35921.74,0.0
515634,2828.1,98680.0,145.38823943661978,14204.0,0.0
515639,7868.17,57340.0,145.26188253338458,0.0,0.0
515645,9135.29,95330.0,145.26188253338458,35085.78,5021.0
515656,4282.95,40864.0,145.26188253338458,33993.07,10885.1
515663,5505.17,15648.0,145.26188253338458,42389.7,5798.0
515667,5207.68,74627.0,145.26188253338458,35621.520000000004,9963.0
515718,2745.25,45191.0,2562.701406649624,2139.0,0.0
515775,2536.89,34653.0,145.26188253338458,32466.31,22079.9
515790,42389.01,82554.0,145.26188253338458,0.0,0.0
515805,4433.97,50653.0,38.52389376247712,35550.28,19406.1
515822,2497.54,15520.0,48.596575431314086,24634.69,6955.0
515826,12902.09,98478.0,145.26188253338458,50561.03,29172.0
515860,2886.45,10312.0,145.26188253338458,42210.09,25582.5
515905,2584.2,22562.0,145.26188253338458,36316.51,0.0
515929,2554.03,22538.0,53.68637484018845,41124.79,7622.8
515969,6005.21,26876.0,145.26188253338458,44401.08,17122.2
515981,8415.64,0.0,145.26188253338458,33442.72,6306.0
516133,11314.24,62935.0,145.26188253338458,46334.12,12666.2
516224,4049.42,62864.0,145.26188253338458,37032.92,4099.0
516242,12316.8,0.0,145.26188253338458,42019.01,16683.7
516255,2816.57,41228.0,145.26188253338458,30039.72,11343.0
516271,8641.05,22193.0,145.26188253338458,38807.9,0.0
516276,2402.17,43246.0,253.2373303167424,7511.0,0.0
516301,2612.53,37073.0,35.2818177893984,17059.76,21622.6
516329,4847.24,0.0,145.26188253338458,34181.27,17654.3
516337,4428.03,58577.0,145.26188253338458,32000.8,14279.9
516362,2659.5,64987.0,145.26188253338458,35342.32,19218.5
516474,8099.47,0.0,145.26188253338458,43647.78,5454.0
516491,2273.62,0.0,145.26188253338458,34699.36,9089.6
516519,5264.64,0.0,213.70827803521803,11545.0,0.0
516544,8098.51,0.0,145.26188253338458,43729.56,13499.9
516594,2546.36,0.0,14.594665809634082,50375.63,0.0
516674,9333.33,89513.0,145.26188253338458,29567.86,7001.5
516791,8084.33,20169.0,1726.612317144529,34063.15,4090.0
516984,6405.74,48131.0,22.06732714944768,40901.64,22460.9
516995,2478.83,81721.0,145.26188253338458,39084.01,15391.0
517087,2803.6,60707.0,145.26188253338458,45337.87,11839.0
517129,6980.33,0.0,145.26188253338458,0.0,0.0
517190,6615.82,90414.0,53.86125693960656,32760.23,12630.0
517222,12885.79,37050.0,312.6676368785402,18049.74,4429.0
517262,7317.01,24083.0,30348.96193181885,1883.0,3794.0
517267,5955.54,0.0,58.692433624336246,28726.98,0.0
517295,7388.18,28812.0,145.26188253338458,33519.97,10292.3
517405,5380.9,55350.0,145.26188253338458,43205.46,34959.0
517472,7840.17,58414.0,886.8787345041324,6600.0,0.0
517533,6121.11,26787.0,21.69487177993283,49568.57,9262.5
517538,12010.94,0.0,145.26188253338458,48426.94,7491.0
517559,2730.35,63401.0,16.179173273300904,20878.78,9349.0
517612,4605.04,22571.0,145.26188253338458,0.0,0.0
517614,5332.46,68931.0,614.5520823466265,8617.98,0.0
517702,5776.34,27510.0,648.5943703855623,9494.0,0.0
517729,5460.32,45404.0,82.40351056117714,33362.53,5952.0
517739,21923.12,81197.0,145.26188253338458,43308.51,8642.0
517758,4570.67,27538.0,145.26188253338458,40454.94,0.0
517781,9024.2,71499.0,166.85407886205232,14576.98,13179.0
517797,12313.16,0.0,394.2371403508772,15193.0,12025.0
517867,8085.45,61409.0,145.26188253338458,41159.16,4785.0
517940,2722.21,17576.0,731.1307211184708,2949.0,2772.0
517945,9392.56,0.0,145.26188253338458,56212.86,15892.6
518061,5068.43,80846.0,36.72031770417745,52155.69,9713.2
518064,2727.68,74608.0,20.1530950163961,40005.48,0.0
518210,2154.07,0.0,145.26188253338458,0.0,0.0
518236,3815.32,23540.0,25.555894443221035,33172.74,0.0
518249,5079.67,50052.0,150.49346996753258,44979.52,9861.0
518305,11833.77,16552.0,145.26188253338458,33080.36,2885.0
518533,4646.39,37530.0,510.6691809695878,8473.0,0.0
518561,6486.11,87210.0,78.95987185943896,27235.58,11941.5
518578,3412.57,30335.0,145.26188253338458,10357.98,0.0
518582,5968.12,90972.0,145.26188253338458,26866.12,16815.0
518622,3611.18,63329.0,145.26188253338458,23522.03,12457.5
518677,25585.73,0.0,145.26188253338458,47496.35,22741.3
518771,4669.23,76157.0,145.26188253338458,29473.76,0.0
518834,14687.08,0.0,145.26188253338458,38742.32,9101.0
519087,24320.64,60221.0,145.26188253338458,38384.22,23477.2
519203,5011.26,75248.0,145.26188253338458,53736.15,5643.0
519213,4896.56,36428.0,145.26188253338458,0.0,0.0
519276,6300.44,29539.0,44.92837945467132,38738.81,10600.3
519300,6464.42,0.0,145.26188253338458,19975.1,8631.0
519419,22185.88,60426.0,145.26188253338458,29447.63,12301.1
519442,21850.35,48107.0,145.26188253338458,40891.28,12040.3
519677,8595.98,94242.0,145.26188253338458,37238.51,33168.1
519726,4566.12,0.0,104.4258947909248,16710.55,2648.0
519742,11982.42,42995.0,68.18701454607819,31007.4,0.0
519766,6278.76,47669.0,145.26188253338458,23161.41,7848.9
519796,5328.84,81064.0,145.26188253338458,39015.45,13053.3
519826,5324.39,31561.0,106.6327036191647,33664.51,15410.9
519873,8728.46,0.0,598.4011833208116,11927.0,0.0
519933,7545.55,0.0,145.26188253338458,40364.17,4389.0
519984,3460.12,0.0,19.482707748950364,45748.11,0.0
520091,2619.34,78618.0,145.26188253338458,22318.3,10354.8
520094,4466.98,28663.0,43.115857254300494,38243.12,18838.4
520137,3716.48,17162.0,145.26188253338458,38812.13,25564.6
520163,3548.15,76114.0,28.52838906511588,44590.49,4257.9
520202,6431.74,21238.0,213.9432573483847,16433.98,8517.0
520207,2108.49,0.0,145.26188253338458,40785.97,21548.5
520321,4112.84,25030.0,145.26188253338458,0.0,0.0
520428,8439.62,22454.0,39.459637213576194,47428.04,37208.3
520660,16468.22,0.0,145.26188253338458,37670.84,20532.4
520821,3238.0,60244.0,23.140813568038933,38287.91,9750.0
521111,5845.43,43145.0,145.26188253338458,48921.32,18262.5
521176,4433.69,0.0,145.26188253338458,37446.89,15429.9
521217,5963.82,94115.0,145.26188253338458,43264.27,17405.5
521225,10408.97,20228.0,145.26188253338458,22076.52,15534.1
521252,10722.06,54311.0,145.26188253338458,28988.91,25081.9
521311,5137.85,78460.0,57.10901114986542,26438.84,8897.0
521384,4472.33,53519.0,22.602829414501407,42547.39,0.0
521431,3223.22,0.0,145.26188253338458,31361.38,12350.0
521486,10408.97,20228.0,145.26188253338458,42213.05,25333.7
521545,9470.62,22514.0,145.26188253338458,41424.36,6805.8
521576,3580.26,75333.0,145.26188253338458,31294.93,3703.0
521653,3652.53,39679.0,145.26188253338458,37583.8,6851.0
521684,10408.97,20228.0,145.26188253338458,37585.61,3054.0
521699,6183.11,23712.0,197.35400537509045,23369.9,15004.3
521702,13466.92,11432.0,81.86191211084957,36483.18,9790.7
521875,2349.96,0.0,145.26188253338458,43234.62,11717.6
521949,13579.3,0.0,145.26188253338458,24609.87,0.0
522111,6748.23,68423.0,145.26188253338458,26023.76,14126.5
522234,2632.55,99841.0,145.26188253338458,32839.6,2452.0
522251,2252.42,0.0,26.321742332074024,26507.29,22477.6
522261,3225.4,29606.0,30.64235219401141,36173.76,10597.6
522285,6439.0,19831.0,531.1265536723164,5450.0,7685.0
522408,9409.14,76847.0,57.91851220992987,32816.73,5804.0
522493,2432.17,0.0,13.437260938732203,45442.94,21602.1
522572,8331.65,0.0,145.26188253338458,44376.42,18661.5
522618,6464.42,0.0,145.26188253338458,44796.09,8631.0
522677,19088.34,32775.0,145.26188253338458,45636.25,7497.0
522758,11228.29,0.0,145.26188253338458,46908.3,17050.9
522763,2374.8,57338.0,207.0716674629723,10744.0,6684.0
522788,4228.25,77853.0,2538.34087171053,3265.0,3864.0
522851,6383.61,0.0,145.26188253338458,0.0,0.0
522866,8256.3,62902.0,82.1226128014883,27295.31,11602.8
522924,5271.98,32653.0,26.221155366035795,58860.81,19073.1
522935,5864.38,72032.0,145.26188253338458,32705.23,4677.0
523037,9043.68,97745.0,709.11776584318,5474.0,0.0
523110,2248.45,24910.0,145.26188253338458,39388.74,6402.0
523170,3044.79,17489.0,145.26188253338458,43512.92,0.0
523188,8714.92,0.0,568.0260357142857,15244.0,0.0
523194,3644.83,82477.0,217.00135113092657,12194.0,4988.0
523210,9118.15,56446.0,1459.0638974134154,39572.01,13717.4
523246,2777.34,65431.0,145.26188253338458,41465.92,18008.2
523272,5757.44,88997.0,145.26188253338458,46317.04,3541.0
523288,4347.16,38223.0,145.26188253338458,36804.43,8673.0
523296,3031.4,0.0,47.31377428845105,23963.57,8779.0
523394,4515.18,87517.0,145.26188253338458,29177.95,10484.2
523399,13295.6,68009.0,1119.20987084871,13251.32,6735.5
523642,6291.59,0.0,66.08584801952279,32362.36,0.0
523722,3528.04,31278.0,71.92025705993288,29829.19,5679.0
523897,12157.33,57449.0,145.26188253338458,56099.86,10443.1
523904,10656.88,72540.0,145.26188253338458,34418.86,9873.4
523979,8267.12,36881.0,2042.0700203022805,5915.0,0.0
524055,22986.15,84831.0,145.26188253338458,30445.86,14455.0
524234,5520.15,26129.0,145.26188253338458,42533.81,15847.9
524379,5107.62,0.0,145.26188253338458,45051.3,24128.1
524483,4576.76,48569.0,145.26188253338458,38626.44,12873.2
524536,5763.27,31725.0,145.26188253338458,0.0,0.0
524586,11610.25,41503.0,334.4969018864946,17468.59,0.0
524951,10272.61,60145.0,145.26188253338458,0.0,0.0
524968,2618.33,28663.0,493.64176136363824,8565.0,0.0
525129,5171.27,0.0,145.26188253338458,46296.53,27224.2
525188,5515.25,75963.0,145.26188253338458,42513.92,17981.3
525202,7894.5,21723.0,25350.373900293307,2550.0,0.0
525245,2402.33,46210.0,387.70100957995686,6204.0,2851.0
525246,9602.08,0.0,62.66424852864488,43699.02,6771.6
525476,2311.12,0.0,145.26188253338458,0.0,0.0
525508,12759.28,68351.0,315.05460695440416,52569.58,0.0
525525,2795.74,85950.0,145.26188253338458,41934.72,11314.5
525548,11747.65,58658.0,145.26188253338458,31040.34,5969.0
525579,7501.66,38874.0,41.6268490393357,36967.06,7275.1
525612,32474.77,71449.0,145.26188253338458,35158.56,13296.2
525740,10552.43,28505.0,145.26188253338458,49629.1,16979.9
525765,7685.4,31686.0,35.528656558257744,41463.32,16887.2
525866,5926.73,23091.0,145.26188253338458,0.0,0.0
525918,8624.92,43610.0,275.2313166637525,13870.68,4385.0
526020,25030.89,0.0,2042.995270572453,8190.0,0.0
526064,5174.08,88081.0,510.416,9644.0,0.0
526094,47155.63,39891.0,290.8450850476356,41376.130000000005,0.0
526164,4196.26,18052.0,145.26188253338458,35852.83,0.0
526165,9657.58,0.0,48.9503162430035,43946.43,0.0
526222,15777.89,98713.0,146.46361593291263,36199.59,29236.300000000003
526316,4660.01,0.0,45.33566954528493,37296.91,22304.1
526344,7089.68,52707.0,263.9466748266015,15591.0,16372.0
526349,7069.74,63867.0,145.26188253338458,49457.68,29189.0
526374,7597.91,49937.0,51.58819934818035,35975.87,14091.8
526479,2834.65,24506.0,4524.696428571458,3550.0,0.0
526481,11986.59,87560.0,145.26188253338458,26676.65,25991.3
526508,1940.98,0.0,145.26188253338458,27282.47,3549.0
526579,2818.31,88816.0,145.26188253338458,41463.42,0.0
526586,4683.44,25187.0,13.760807686610898,47731.35,11130.9
526629,6817.43,43947.0,486.00819335937575,13157.0,3340.0
526644,4679.98,21720.0,145.26188253338458,46665.09,17673.7
526663,4726.87,13037.0,145.26188253338458,32688.51,8795.0
526736,6529.91,44379.0,856.8511468219749,5035.72,0.0
526747,5093.38,91814.0,145.26188253338458,29543.99,21053.4
526765,5443.76,41449.0,41.7279810264904,46192.1,2876.0
526784,10083.49,11828.0,40.86727230532805,42045.04,0.0
526822,5079.84,83288.0,25.899304934739867,36715.3,0.0
526867,4529.06,65134.0,1386.834647651012,3329.0,0.0
526975,7285.03,44788.0,145.26188253338458,0.0,0.0
527004,15672.7,0.0,183.30349589848765,24554.93,3092.0
527067,2811.96,62537.0,13.310342621463352,50929.95,15860.4
527090,2486.06,36635.0,1533.6539154929578,1131.0,3810.0
527194,17966.29,0.0,480.4020275302617,40772.74,0.0
527235,10963.96,55687.0,145.26188253338458,40079.0,34903.7
527244,6227.37,0.0,197.56884517766497,11487.08,0.0
527337,5285.27,23422.0,27.869533717231207,46285.32,11352.5
527414,5395.83,70051.0,145.26188253338458,0.0,0.0
527434,2321.88,0.0,145.26188253338458,27847.67,10359.5
527565,8304.69,0.0,34.93352050573043,46495.26,3550.0
527582,7366.19,70014.0,145.26188253338458,49533.28,2488.0
527622,4719.76,37057.0,26.522935469070912,28472.81,11985.0
527640,5432.86,49919.0,145.26188253338458,28070.41,0.0
527656,12981.53,39843.0,334.45585889339617,25726.78,0.0
527712,8621.19,0.0,41.87386412933069,35172.51,19189.9
527773,3508.57,20978.0,145.26188253338458,30314.3,0.0
527838,6940.07,0.0,145.26188253338458,36748.07,0.0
527941,10014.03,74489.0,145.26188253338458,33146.78,10020.4
527944,5176.58,23636.0,145.26188253338458,0.0,0.0
528055,7600.03,0.0,35.03164222066564,36862.23,22950.1
528074,4928.0,97917.0,145.26188253338458,0.0,0.0
528095,8845.07,95850.0,145.26188253338458,0.0,0.0
528122,2466.38,44855.0,145.26188253338458,40671.78,23450.3
528160,5963.17,87020.0,51.91920829158917,28880.61,14890.3
528173,6369.26,34498.0,41.53924594514751,50801.05,14111.3
528226,19160.99,22705.0,145.26188253338458,33550.5,12752.9
528229,5001.53,0.0,145.26188253338458,29834.21,15125.3
528260,7583.96,0.0,903.048738581994,6919.0,4151.0
528331,2549.79,72217.0,145.26188253338458,39769.18,26636.8
528332,2993.02,0.0,145.26188253338458,39995.76,5856.0
528363,6220.77,0.0,131.31020506908897,25545.96,2563.0
528413,30061.69,48258.0,145.26188253338458,41451.35,2842.0
528492,4090.75,38884.0,145.26188253338458,45361.85,12220.8
528693,5768.09,35091.0,145.26188253338458,35784.58,2163.0
528697,2659.34,24495.0,389.5100722311401,9676.0,3333.0
528712,6769.0,77001.0,114.69508232235708,25847.39,7746.3
528782,2547.37,26047.0,145.26188253338458,0.0,0.0
528809,8723.67,33291.0,145.26188253338458,56271.32,20528.1
528985,9935.17,34831.0,40.70081786898384,43161.21,23858.3
529085,23207.27,45039.0,145.26188253338458,37093.62,10455.7
529098,3974.86,0.0,102.25735188739752,18064.92,17148.8
529106,5380.9,55350.0,145.26188253338458,36542.72,0.0
529140,5864.38,72032.0,25.81411534291611,45137.04,10254.5
529218,4547.16,0.0,145.26188253338458,50471.26,23418.5
529331,49221.43,63035.0,145.26188253338458,0.0,0.0
529390,8166.51,0.0,145.26188253338458,28452.27,5834.9
529415,2790.68,53882.0,145.26188253338458,34323.75,6840.0
529458,16109.75,0.0,96.00926692432164,33517.63,17770.5
529471,3360.27,75216.0,74.61542743466201,48662.81,0.0
529544,25807.06,71210.0,2325.821456790124,14134.0,0.0
529579,8776.36,28360.0,2809.9749122807125,6264.0,0.0
529733,4426.1,29660.0,1035.5939102564105,5680.0,0.0
529746,5148.65,51071.0,215.1246518105852,12033.0,0.0
529922,11318.13,79270.0,54.76538716476874,37617.69,4036.0
529988,10179.72,14290.0,145.26188253338458,0.0,0.0
530051,8767.63,45484.0,56.3547777284702,36228.69,21295.6
530098,9339.34,69442.0,145.26188253338458,24243.49,16731.7
530105,4242.69,0.0,338.57664305391586,10670.94,10114.0
530113,5147.11,33171.0,223.90296559669497,8915.0,0.0
530119,7786.68,83000.0,353.2303135253374,16445.44,0.0
530206,3815.85,38651.0,36.90292433866546,34640.55,8067.4
530214,2831.59,17752.0,145.26188253338458,11901.59,6441.0
530235,15477.28,51675.0,180.13766362143468,39301.2,12991.0
530281,4911.77,0.0,145.26188253338458,38845.26,2627.0
530299,8810.9,76266.0,145.26188253338458,28342.88,4013.0
530425,4650.68,0.0,145.26188253338458,36772.6,24768.0
530436,3252.83,20166.0,145.26188253338458,33093.37,16955.6
530508,3842.79,97832.0,145.26188253338458,36916.56,0.0
530517,2488.24,48597.0,33.812643335815345,27535.84,0.0
530613,6903.95,15921.0,145.26188253338458,38845.72,4166.0
530621,7980.49,72734.0,569.8119816118938,8115.0,4842.0
530666,9294.55,21370.0,145.26188253338458,34770.44,29017.9
530712,26730.06,21275.0,145.26188253338458,0.0,0.0
530770,7399.03,0.0,145.26188253338458,37494.06,26405.1
530833,2189.64,0.0,12.300426934312036,41219.59,16785.1
530839,7356.56,81145.0,55.46673001445982,28103.65,17540.8
530880,30763.26,41279.0,145.26188253338458,44253.56,18677.0
530955,11533.48,41098.0,145.26188253338458,29946.19,10571.6
530978,4980.19,21135.0,145.26188253338458,27907.06,12237.0
531052,14091.19,99823.0,103.74377430572363,36703.59,13494.3
531201,4419.54,0.0,145.26188253338458,0.0,0.0
531286,4944.24,40463.0,145.26188253338458,41817.31,28170.8
531290,25360.1,21442.0,968.9559824139023,15360.3,4722.0
531293,4130.63,28321.0,145.26188253338458,21438.96,3400.0
531398,15477.28,51675.0,229.9916078601673,19776.53,9009.8
531430,2619.34,78618.0,13.161189830167826,42683.41,3553.0
531514,5830.56,0.0,145.26188253338458,29808.44,0.0
531515,2764.49,61085.0,44.07129972571151,27916.14,19209.0
531619,2891.73,56761.0,145.26188253338458,42459.47,0.0
531793,4739.86,35039.0,26.527846807292654,43893.83,4603.0
531841,2436.4,0.0,145.26188253338458,41185.26,22193.3
531868,9787.81,10475.0,68.13129303637176,41338.31,0.0
531976,6732.97,0.0,145.26188253338458,27312.45,10687.5
532203,5619.69,0.0,145.26188253338458,42006.33,0.0
532333,5926.73,23091.0,145.26188253338458,43781.64,29398.0
532334,2840.85,0.0,145.26188253338458,0.0,0.0
532376,2841.44,30473.0,1600.5024691358085,6472.0,0.0
532378,4299.84,44388.0,145.26188253338458,53348.97,4205.0
532419,38496.95,48409.0,5281.15262465548,6546.0,0.0
532422,3402.78,57428.0,145.26188253338458,37879.76,13523.9
532464,11009.13,51643.0,90.89330571221764,31252.04,12935.0
532592,9118.15,56446.0,145.26188253338458,52718.25,7218.1
532752,5482.55,79325.0,145.26188253338458,0.0,0.0
532759,8432.82,21052.0,209.50226202252512,23279.74,6149.0
532813,5040.78,22350.0,145.26188253338458,40340.17,8711.5
532832,12692.67,40117.0,1275.206317093311,50635.79,14742.1
532848,3238.0,60244.0,2764.608187134518,2456.9700000000003,7693.1
532925,4773.66,27725.0,132.64877683601486,17690.07,10168.8
532945,4159.59,0.0,392.1101110537196,13974.0,9659.0
532978,2648.35,29587.0,145.26188253338458,26426.71,0.0
532997,31316.61,42522.0,197.15843622937095,30481.01,14173.0
533157,5225.03,57733.0,145.26188253338458,34953.97,26643.8
533198,8547.59,51179.0,62.41979489977076,31676.09,5877.0
533213,5314.96,66467.0,212.77406004591936,19282.18,0.0
533302,5585.31,0.0,145.26188253338458,44976.68,26926.0
533365,9657.58,0.0,145.26188253338458,40149.33,17135.1
533388,17208.06,29734.0,145.26188253338458,0.0,0.0
533391,3147.97,29698.0,155.06195006747635,7148.0,0.0
533470,2243.47,0.0,145.26188253338458,40775.83,13429.3
533488,2580.85,46900.0,717.9956173780498,5182.0,4042.0
533509,5773.52,81676.0,20.111239700233945,43706.59,20004.1
533539,32654.84,0.0,221.26627100300183,41628.66,17866.2
533638,5838.9,81082.0,36.854093172857446,43030.08,2821.0
533666,4830.91,0.0,145.26188253338458,35357.46,38665.9
533742,4437.84,22768.0,145.26188253338458,29474.63,11075.0
533766,4893.29,0.0,145.26188253338458,28688.62,9641.0
533950,9880.39,36576.0,145.26188253338458,33879.56,14802.7
534009,7732.39,34430.0,44.24812413771478,33945.46,20673.9
534151,7903.99,35406.0,121.70209814498176,22978.5,21479.6
534324,5705.55,76522.0,145.26188253338458,0.0,0.0
534452,8178.52,0.0,145.26188253338458,47361.94,9224.5
534464,6242.6,75680.0,145.26188253338458,23299.13,20728.3
534505,8535.11,53223.0,145.26188253338458,0.0,0.0
534510,8071.65,0.0,370.3833026023552,13119.97,0.0
534571,10856.18,37233.0,76693.6587096791,1262.0,0.0
534649,2395.57,21986.0,145.26188253338458,38788.45,0.0
534716,4881.3,37998.0,21.82239020466822,54150.57,18140.6
534734,8936.82,37520.0,145.26188253338458,24519.73,6740.0
534764,8420.43,28617.0,4047.572805092197,7077.0,4361.0
534794,4708.2,47829.0,145.26188253338458,0.0,0.0
534805,5208.35,0.0,2012.4005822159515,4211.0,0.0
534813,2578.84,59974.0,20.85546381093058,36559.4,0.0
534904,4540.38,59556.0,145.26188253338458,30703.75,5252.0
534905,8113.96,41701.0,145.26188253338458,27450.29,0.0
534972,9416.28,13411.0,145.26188253338458,43780.18,5352.0
535151,20216.31,0.0,145.26188253338458,37307.38,7998.0
535183,8372.85,12590.0,293.0882931179991,14374.66,4282.6
535233,7950.18,26189.0,145.26188253338458,24694.03,25283.8
535251,8119.83,46618.0,145.26188253338458,26020.55,5887.0
535320,5568.95,0.0,145.26188253338458,32118.72,18797.5
535327,9075.77,37722.0,18003.565489130586,4249.0,0.0
535367,8595.15,28441.0,67.22635178571429,34958.93,3856.0
535413,2874.07,44084.0,169.29029854760626,7825.0,3197.0
535436,3312.18,27431.0,23.104464005870984,23628.07,37435.4
535482,11760.88,36431.0,145.26188253338458,29497.97,14315.7
535525,5384.53,59364.0,261.46145301192024,19295.59,0.0
535539,5354.61,29445.0,31.38857514994872,47013.4,7602.0
535544,5638.93,20920.0,145.26188253338458,48670.14,9883.7
535587,9189.52,99443.0,145.26188253338458,42238.8,9155.0
535852,7715.1,48784.0,145.26188253338458,34180.94,3209.0
535892,9028.31,76514.0,145.26188253338458,41632.29,5179.0
535944,3808.12,94903.0,145.26188253338458,47646.39,9878.0
536018,2545.22,26746.0,145.26188253338458,29974.92,0.0
536021,4784.96,25813.0,208.39754991647465,5243.0,4319.0
536066,4885.16,26372.0,145.26188253338458,51947.05,13647.5
536082,5595.97,19651.0,145.26188253338458,41469.22,23728.6
536092,7536.07,69674.0,145.26188253338458,35617.31,31248.3
536124,7505.77,44485.0,226.65723918259317,14777.0,0.0
536132,2436.84,0.0,145.26188253338458,23475.06,19910.1
536186,3981.78,52801.0,145.26188253338458,37625.73,0.0
536371,23086.36,69240.0,4090.544368932039,7047.0,0.0
536409,7494.09,0.0,127.60430285934656,16230.6,0.0
536485,2702.69,22415.0,145.26188253338458,48274.91,15808.4
536517,7654.23,0.0,145.26188253338458,29845.32,3987.0
536535,4892.63,27005.0,145.26188253338458,36268.96,15429.1
536567,3919.37,66676.0,16.077216872777623,43152.03,9776.0
536577,3703.4,0.0,45.69733910744653,23581.66,0.0
536603,5452.17,88567.0,138.543723893066,17028.82,0.0
536671,2224.77,0.0,145.26188253338458,44995.06,0.0
536699,25082.18,0.0,145.26188253338458,16824.31,0.0
536794,14536.79,25805.0,145.26188253338458,31232.15,10221.0
536823,13770.98,59207.0,145.26188253338458,31628.35,13212.6
536941,10016.29,62900.0,455.2859090909091,13959.0,0.0
536959,4927.71,0.0,145.26188253338458,0.0,0.0
537013,17966.29,0.0,145.26188253338458,38983.61,11080.8
537038,5431.22,58161.0,145.26188253338458,45345.83,18593.4
537124,2776.77,70793.0,145.26188253338458,32567.26,11869.3
537132,5635.4,70837.0,145.26188253338458,45424.18,20318.6
537387,3746.75,41479.0,145.26188253338458,40083.25,14531.7
537397,7988.26,77330.0,145.26188253338458,41868.36,0.0
537405,7777.2,46182.0,432.7253048780488,13044.0,8867.0
537421,13110.55,73597.0,104.45262432989333,37427.69,22734.8
537613,3975.32,67895.0,145.26188253338458,39766.95,11043.2
537701,7540.58,29697.0,41.33121444746786,44850.07,22361.2
537711,4031.54,0.0,35.950163686113555,51123.86,0.0
537722,8208.93,40646.0,145.26188253338458,38689.02,6346.0
537795,4334.06,23904.0,145.26188253338458,35071.48,17215.9
537829,3834.21,0.0,1028.5301200391975,9063.0,3915.0
537852,6185.1,0.0,37.89524969617482,41075.27,25587.0
537887,8849.69,53228.0,257.7065500964032,20355.26,4537.0
537907,29194.37,35296.0,145.26188253338458,29913.07,25925.6
537914,2435.25,0.0,73.740355898457,20049.29,17116.1
537990,9536.34,62421.0,145.26188253338458,33311.9,28300.9
538042,4726.87,13037.0,145.26188253338458,24368.06,2758.0
538308,18269.54,0.0,145.26188253338458,0.0,0.0
538341,3358.66,77309.0,145.26188253338458,48809.64,14900.0
538507,7659.5,95701.0,67.93273833533395,36097.98,11128.1
538550,10737.68,50607.0,145.26188253338458,27868.17,15974.1
538760,5846.42,0.0,237.1048111111113,14184.0,0.0
538770,8797.83,80780.0,145.26188253338458,53429.5,7522.1
538795,13411.31,26140.0,381.6864054580897,23264.11,8996.0
538854,2869.3,13393.0,145.26188253338458,34349.55,6062.9
538877,8646.5,64125.0,34.98957842512266,58631.89,18215.3
538902,4463.0,0.0,217.2862478324664,9136.0,0.0
538949,5016.55,36313.0,396.3291666666671,8668.0,4359.0
538979,4645.57,42532.0,99.20391811565376,22218.42,11056.0
539106,4118.59,69379.0,145.26188253338458,36065.16,9916.1
539125,14696.64,45345.0,145.26188253338458,31894.62,0.0
539144,3798.32,0.0,145.26188253338458,44354.92,15983.9
539322,8581.28,27689.0,100.90853209334291,31364.87,23560.9
539358,4755.19,21926.0,145.26188253338458,44743.87,13298.1
539370,3309.25,85632.0,43.61613805970149,36498.26,0.0
539436,2141.98,0.0,145.26188253338458,46076.74,15828.9
539537,4726.96,0.0,27.96224464162717,26259.78,12939.0
539599,5552.33,35011.0,10218.153529411791,1806.0,0.0
539673,4087.51,24123.0,145.26188253338458,27129.04,7634.2
539674,4876.32,22236.0,145.26188253338458,52604.65,11305.0
539705,2647.52,37876.0,145.26188253338458,0.0,0.0
539739,10970.13,38873.0,754.3040722135007,10081.0,4596.0
539742,4880.34,97984.0,145.26188253338458,44000.94,24544.2
539746,2656.99,57117.0,279.7503894230769,11798.0,0.0
539760,28393.33,38772.0,157.89645571278828,33684.56,28586.8
539776,5565.69,74720.0,58.9915666604072,23675.59,26705.1
539854,7347.41,29491.0,157.68333934374178,27514.88,15258.9
539941,2507.88,97673.0,145.26188253338458,0.0,0.0
540011,7334.52,83926.0,145.26188253338458,42847.52,6859.0
540109,10479.9,78435.0,145.26188253338458,27448.46,5376.0
540112,21151.23,48642.0,145.26188253338458,39600.87,8177.1
540142,13883.33,0.0,145.26188253338458,46692.48,17013.6
540268,4090.75,38884.0,158.29397515001187,14114.89,3085.0
540291,8435.18,64692.0,145.26188253338458,0.0,0.0
540316,7480.71,52513.0,145.26188253338458,38538.84,25219.300000000003
540380,12731.95,40870.0,1856.1423578751192,9072.0,3753.0
540497,4705.59,0.0,71.20017037893773,28178.63,22244.7
540548,46805.22,83006.0,364.62259019215867,36517.22,9046.0
540551,2660.93,53333.0,15.52810437557557,29019.52,0.0
540628,5595.39,74454.0,28.13465824870369,42000.24,0.0
540715,9581.28,75606.0,897.9374871619314,11323.0,0.0
540751,4656.49,0.0,29.729624518097168,36188.19,23446.9
540756,8427.17,46503.0,145.26188253338458,34318.47,2504.0
540796,3731.5,0.0,145.26188253338458,5896.15,7345.4
540836,15806.53,58516.0,145.26188253338458,0.0,0.0
540901,9338.08,0.0,145.26188253338458,0.0,0.0
540905,2585.21,28137.0,145.26188253338458,45464.57,25165.8
540918,4666.64,60466.0,145.26188253338458,52953.76,8973.0
540966,3520.7,31708.0,145.26188253338458,30828.7,3685.0
541000,7736.46,0.0,145.26188253338458,27021.13,0.0
541008,3963.4,38096.0,309.1113247863251,8816.0,0.0
541009,5170.81,0.0,145.26188253338458,56644.84,12858.8
541037,12244.9,46396.0,203.8471028770547,35248.92,13241.5
541040,5380.31,93818.0,360.130046090274,8336.32,9680.5
541078,4739.35,49447.0,96.97119876375272,26885.49,10817.0
541163,4063.33,46928.0,33.810444858841564,24565.32,5516.0
541178,2364.43,46264.0,145.26188253338458,53941.35,15851.1
541239,8579.89,21829.0,184.94964417540243,23664.55,9540.0
541358,5633.74,65255.0,38.70055143599202,33938.87,40225.7
541410,8516.75,37573.0,4616.753094059406,6176.0,0.0
541435,12036.62,44428.0,933.2232709301009,41728.48,7660.0
541557,21159.3,0.0,145.26188253338458,36392.75,6764.0
541564,4282.95,40864.0,145.26188253338458,43627.07,18734.8
541741,8697.88,29540.0,118.38233645359324,15064.06,3442.0
541751,4916.41,0.0,113.97541051285526,15237.44,0.0
541898,5246.06,70301.0,92.81506417713672,16659.7,12728.6
541953,9810.41,0.0,87.88942273471424,35110.14,6247.2
541961,13727.8,0.0,145.26188253338458,32027.36,3652.0
542002,5279.12,22280.0,45.82035483878639,33638.2,20606.8
542014,4439.68,75453.0,145.26188253338458,56186.83,19935.6
542043,15445.66,26990.0,145.26188253338458,38512.54,15720.7
542085,11264.36,34923.0,145.26188253338458,38077.87,22490.0
542089,6947.84,0.0,1098.5322070608652,2641.99,0.0
542118,2647.52,37876.0,20.780193463527574,43005.69,5863.0
542180,5348.07,25545.0,50.82097609404439,40672.81,9032.6
542182,4854.36,44279.0,26.7551144291228,40077.06,4691.1
542208,5610.96,77493.0,145.26188253338458,0.0,0.0
542287,9029.94,0.0,145.26188253338458,33683.09,0.0
542296,11315.2,11885.0,145.26188253338458,35949.81,12155.5
542574,8861.15,90125.0,15352.78362341785,4171.0,0.0
542636,9312.59,75986.0,145.26188253338458,0.0,0.0
542696,5380.9,55350.0,145.26188253338458,38033.17,15481.2
542893,7694.06,32303.0,145.26188253338458,39992.91,4710.1
542934,3740.4,0.0,1218.969642857145,4485.0,0.0
542976,24127.5,14072.0,1626.8234298029577,11042.0,6926.0
543119,5573.11,85704.0,30.61269709331258,57718.380000000005,7347.3
543285,13379.81,0.0,252.08177533912843,15530.49,0.0
543326,6861.75,30816.0,145.26188253338458,48074.67,33492.6
543422,22029.15,0.0,162.71328618261296,42225.34,16832.1
543449,7840.17,58414.0,1752.0379897959228,7213.0,4844.0
543456,3681.25,0.0,2475.872950064498,2817.75,0.0
543460,5504.14,0.0,145.26188253338458,54729.45,16760.7
543478,5421.02,40376.0,141.96072893374307,17191.49,3765.0
543553,4386.28,10621.0,14643.221341463535,890.0,0.0
543599,6474.83,0.0,145.26188253338458,0.0,0.0
543693,2397.04,22283.0,12.874669151910537,36456.22,5969.8
543852,7074.4,94508.0,145.26188253338458,41297.27,21585.6
543862,8849.69,53228.0,145.26188253338458,25741.74,18874.6
543881,7996.01,93459.0,145.26188253338458,27817.51,0.0
543901,2535.22,69259.0,145.26188253338458,40971.84,30532.6
543956,4990.34,0.0,277.15674071819865,10624.0,3950.0
543978,5123.17,89879.0,145.26188253338458,40029.45,8593.2
544167,34611.38,20090.0,145.26188253338458,30261.54,12169.3
544182,16468.22,0.0,145.26188253338458,40323.13,4166.0
544301,34708.87,0.0,504.47599684090414,30033.87,4677.0
544306,8992.78,0.0,1116.336666326567,14120.54,0.0
544337,12128.45,29431.0,263.004054776616,40366.98,14310.5
544421,7540.39,0.0,145.26188253338458,41385.91,27289.1
544493,8663.92,29218.0,145.26188253338458,40318.28,13135.3
544561,4927.07,0.0,62.87450310635009,34857.84,14631.4
544569,4914.73,14232.0,145.26188253338458,36197.15,11426.6
544619,2860.11,51159.0,215.6901136363637,15065.2,0.0
544690,2871.15,94178.0,50.14369278126896,22869.91,6706.0
544752,7583.96,0.0,145.26188253338458,40237.33,7731.1
544837,4626.8,79487.0,36.85145933741733,32220.15,0.0
544890,7806.14,23706.0,77.8313178303044,38221.33,10430.8
545010,7370.62,67871.0,1740.9035591026775,6520.0,6324.0
545087,2695.46,0.0,28.93020258296217,30583.08,9750.0
545127,15251.58,63287.0,145.26188253338458,33717.52,18620.0
545144,5017.61,91804.0,159.51812995383693,13087.0,2855.0
545179,5259.44,61146.0,121.29474874736997,32775.89,3756.0
545278,2570.76,0.0,145.26188253338458,26448.65,21506.8
545378,7521.28,0.0,74.50247503256625,48875.81,0.0
545410,13918.53,64113.0,145.26188253338458,33814.12,0.0
545421,8110.54,36554.0,145.26188253338458,36345.98,7705.0
545497,5586.97,19280.0,145.26188253338458,30382.99,19298.1
545514,3540.9,0.0,145.26188253338458,0.0,0.0
545534,36181.03,0.0,145.26188253338458,45209.01,29737.6
545541,4887.79,70742.0,145.26188253338458,39348.75,4390.0
545567,5445.37,20282.0,27.91140590594528,59125.28,16237.4
545582,28685.83,48412.0,145.26188253338458,40038.54,4254.0
545586,2658.22,22724.0,61.48802560283912,24661.89,3486.0
545638,8807.49,26864.0,40184.173125,2169.0,0.0
545659,8163.89,0.0,145.26188253338458,25760.39,19178.3
545744,3832.12,15192.0,47.454581849024606,23394.85,0.0
545883,7599.9,52113.0,145.26188253338458,39927.08,5451.1
545889,11516.41,50854.0,145.26188253338458,0.0,0.0
545917,6291.66,89113.0,145.26188253338458,34906.85,11420.8
545947,15797.99,35754.0,145.26188253338458,52097.92,22420.0
546025,3176.87,35551.0,145.26188253338458,30926.06,13106.0
546037,5195.82,69488.0,145.26188253338458,0.0,0.0
546039,4775.48,14254.0,145.26188253338458,33039.07,0.0
546163,3324.55,0.0,207.11055640894372,13285.0,4288.0
546171,7835.93,49390.0,145.26188253338458,0.0,0.0
546177,17817.46,0.0,113.86652834681516,44081.05,7349.2
546231,3188.53,81081.0,145.26188253338458,29887.28,0.0
546259,7218.02,32312.0,145.26188253338458,0.0,0.0
546456,2863.04,0.0,145.26188253338458,26971.0,10096.5
546665,5619.97,0.0,145.26188253338458,40356.37,5360.0
546736,28486.07,91871.0,10513.059201213377,4370.0,0.0
546758,4731.84,0.0,145.26188253338458,36240.28,10189.7
546773,52811.49,0.0,145.26188253338458,37145.81,4668.3
546796,5074.84,51659.0,145.26188253338458,46236.74,10860.0
546827,10169.37,0.0,145.26188253338458,44930.63,21637.8
546869,2797.67,69604.0,39.6277714680437,20904.34,4644.0
546994,13466.92,11432.0,1096.8341763113276,6612.8,8170.0
546997,12350.06,54710.0,406.5450847763353,20181.0,6274.0
547016,11158.13,0.0,145.26188253338458,47875.67,9812.0
547190,4583.75,94804.0,22.429600359287857,47880.1,5712.0
547213,3311.16,21246.0,145.26188253338458,48385.98,7592.4
547217,8478.28,53234.0,145.26188253338458,0.0,0.0
547342,7417.41,67454.0,370.2112197456585,16687.0,8738.0
547355,4951.66,46896.0,145.26188253338458,33134.87,24605.0
547357,5332.46,68931.0,145.26188253338458,41639.08,10495.4
547407,8639.5,92374.0,145.26188253338458,38832.53,0.0
547442,9082.83,34430.0,566.8356804969799,16655.0,0.0
547500,2557.59,72202.0,145.26188253338458,48958.31,30595.8
547522,9635.58,90334.0,83.65412444698163,22934.0,16923.0
547542,7714.6,13154.0,145.26188253338458,42209.01,0.0
547559,5764.86,40238.0,53.83519961383773,23870.07,18555.4
547561,2108.49,0.0,13.126649788329043,28846.36,0.0
547575,4151.55,0.0,145.26188253338458,36630.43,11581.5
547649,8253.27,62375.0,115.53202166609567,35738.97,10235.0
547699,4229.92,0.0,145.26188253338458,44691.26,11236.9
547764,5912.78,72208.0,145.26188253338458,0.0,0.0
547802,8317.3,64367.0,145.26188253338458,35807.66,18691.9
547994,4813.28,0.0,145.26188253338458,0.0,0.0
548037,20003.14,33901.0,145.26188253338458,35532.57,4824.1
548126,6921.0,67534.0,145.26188253338458,35321.39,8779.0
548202,8390.12,0.0,145.26188253338458,0.0,0.0
548228,7150.11,24124.0,145.26188253338458,49612.24,11100.8
548238,5096.7,27940.0,83.73259786380765,34858.66,12869.7
548244,7562.82,0.0,145.26188253338458,37972.22,14654.7
548251,3911.12,30821.0,44.98841221869616,30089.37,14724.8
548335,3572.49,56768.0,145.26188253338458,34421.44,22419.5
548390,7138.17,19794.0,644.5898193963392,10895.0,8507.0
548565,8349.52,45428.0,145.26188253338458,32158.43,12697.7
548638,2405.62,63032.0,2335.242819148956,1856.0,0.0
548682,3142.81,60108.0,19.059971410405243,44652.23,12546.5
548722,2621.81,36843.0,13.67397888662277,41453.59,0.0
548752,3848.48,42589.0,145.26188253338458,37891.55,21551.4
548883,7294.85,0.0,145.26188253338458,0.0,0.0
548999,6032.74,0.0,145.26188253338458,37660.04,0.0
549034,7486.17,38725.0,112.3738286047991,25405.1,3301.0
549064,2867.31,23376.0,145.26188253338458,47260.77,7912.0
549080,4089.43,28506.0,24.876204943769288,38990.78,0.0
549091,2379.2,0.0,62.4918803521313,20426.57,11925.9
549132,4547.89,33531.0,91.4069042418458,20157.91,11865.8
549200,13530.03,75037.0,145.26188253338458,45291.21,9030.7
549238,5503.92,59932.0,39.17082891370813,42043.36,0.0
549402,13596.2,20128.0,145.26188253338458,35836.47,24615.1
549404,3360.27,75216.0,193.2102315689984,9145.0,3724.0
549415,8216.39,0.0,145.26188253338458,46054.78,8132.0
549444,10990.59,44552.0,145.26188253338458,46770.49,14523.6
549537,2780.2,20261.0,145.26188253338458,32034.36,13266.1
549540,8491.02,62076.0,80.84210704789665,35766.78,9855.3
549541,3939.01,60021.0,145.26188253338458,35499.26,21483.3
549562,10171.34,70200.0,400.5616723610865,10684.0,8157.0
549598,13057.17,48804.0,623.2172625274612,15623.49,5645.0
549612,3839.61,0.0,13.374189118561976,42672.54,22457.8
549686,2538.63,18608.0,145.26188253338458,33067.2,14147.4
549715,13727.8,0.0,145.26188253338458,41547.99,11039.8
549751,2577.32,74215.0,145.26188253338458,31769.37,19402.4
549757,10295.47,24723.0,145.26188253338458,19370.56,12078.4
549858,3861.49,93272.0,145.26188253338458,56968.91,17601.3
549862,4826.83,18779.0,23.88107602177473,52832.41,28975.2
549982,8717.05,83846.0,71.38560967985114,44280.31,6587.0
550058,4118.54,34378.0,145.26188253338458,34057.28,4531.5
550173,6876.31,81957.0,145.26188253338458,40039.46,11508.3
550213,4746.69,15169.0,145.26188253338458,23650.58,12020.4
550262,5169.5,12430.0,158.60472121042315,12666.0,5412.0
550303,3548.15,76114.0,145.26188253338458,0.0,0.0
550352,2858.99,0.0,145.26188253338458,37151.24,17802.0
550434,19884.92,63755.0,114.633116954908,44388.16,4048.0
550519,9453.0,91942.0,80.80080027727125,34113.24,2657.0
550539,20380.07,33175.0,1012.76045609258,8134.0,12324.0
550575,9369.64,99185.0,4153.747287449412,4891.0,0.0
550598,2542.06,84495.0,197.7518968456949,13878.0,10585.0
550686,9233.19,42600.0,145.26188253338458,33541.75,22885.1
550769,7780.9,0.0,164.39218913401697,25066.68,0.0
550834,8267.85,59597.0,145.26188253338458,0.0,0.0
550839,5717.74,68342.0,46.20043079593202,30713.89,11538.5
550856,9161.66,91763.0,145.26188253338458,38754.32,31882.6
550896,7981.44,40639.0,145.26188253338458,33341.47,7809.0
551055,8492.7,27804.0,145.26188253338458,33262.27,0.0
551154,2732.65,86650.0,145.26188253338458,20781.65,29856.6
551248,7320.99,99722.0,145.26188253338458,37063.35,35508.5
551296,13158.37,72845.0,145.26188253338458,34554.09,0.0
551300,4903.15,0.0,145.26188253338458,39633.48,5679.1
551313,7814.6,51972.0,1616.9665532879858,9349.0,0.0
551391,4035.01,55407.0,145.26188253338458,33383.41,2505.0
551429,7247.71,86122.0,145.26188253338458,49015.39,4026.0
551510,2640.32,77299.0,145.26188253338458,48418.31,8734.0
551533,2742.8,32437.0,145.26188253338458,0.0,0.0
551652,8068.62,51584.0,145.26188253338458,37652.79,8484.5
551710,2432.96,28519.0,120.90270932607216,12228.0,3021.0
551809,7996.6,70061.0,145.26188253338458,40148.81,17382.1
551828,4802.48,29809.0,145.26188253338458,54130.35,12353.4
551833,5973.14,96163.0,68.78805404109245,33961.93,5864.0
551837,2491.26,25965.0,145.26188253338458,48681.77,14136.0
551938,2592.44,72421.0,145.26188253338458,34902.42,12056.2
551946,15435.69,84581.0,85.91904550098873,35961.55,18550.2
551961,6674.45,0.0,145.26188253338458,870.74,0.0
551975,2667.27,94041.0,145.26188253338458,50837.72,0.0
551981,13869.93,28432.0,145.26188253338458,51588.29,13891.3
552016,2893.31,30406.0,23.02857370264248,41499.32,11545.2
552221,5046.89,29957.0,145.26188253338458,0.0,0.0
552235,9780.85,0.0,145.26188253338458,0.0,0.0
552278,3347.03,37138.0,15.829718986690075,36864.66,0.0
552328,2369.37,49746.0,145.26188253338458,32964.62,0.0
552364,7027.76,0.0,90.22318622065846,32090.21,11499.0
552441,3059.55,38644.0,162.06497919891655,12962.0,6026.0
552546,6293.96,45430.0,145.26188253338458,0.0,0.0
552568,23515.85,36537.0,145.26188253338458,0.0,0.0
552576,5388.02,48895.0,145.26188253338458,42526.87,9601.0
552669,7692.46,0.0,145.26188253338458,44871.95,0.0
552747,8672.81,0.0,147.84119419017378,23784.76,21909.2
552755,8368.88,23879.0,336.4105241131708,23885.79,5428.3
552776,34611.38,20090.0,4523.148478338713,6352.6,0.0
552818,4178.59,62113.0,145.26188253338458,47376.01,33973.7
552823,6051.8,0.0,145.26188253338458,30195.43,0.0
552936,7931.72,23769.0,1938.66816964286,4979.0,0.0
552945,5090.45,25226.0,2053.810887988215,3368.0,0.0
552965,3885.46,0.0,9209.044805194824,2101.0,0.0
552966,8901.06,46814.0,145.26188253338458,55597.84,0.0
553018,10856.01,59803.0,145.26188253338458,0.0,0.0
553061,12625.28,79421.0,67.00039983076256,56940.37,11215.9
553089,6900.95,0.0,145.26188253338458,44810.01,17499.0
553254,4770.55,12964.0,145.26188253338458,42559.53,7947.7
553261,22951.89,62396.0,145.26188253338458,43878.4,26936.6
553389,2397.04,22283.0,20.04618148158331,41485.34,18331.2
553396,8417.0,24285.0,53.86066236713973,31632.64,13344.1
553412,4601.63,84394.0,145.26188253338458,41608.68,28838.4
553453,3451.1,0.0,145.26188253338458,23324.13,17226.9
553530,6847.59,0.0,27.91074890376183,36978.76,12771.7
553558,5421.05,29981.0,145.26188253338458,28253.73,11187.5
553567,4669.23,76157.0,255.42961306921796,12506.51,0.0
553879,18504.28,91268.0,439.2009962240596,24794.99,5373.0
553936,4170.69,29462.0,145.26188253338458,0.0,0.0
553943,7700.62,0.0,145.26188253338458,47030.85,2516.0
553944,5605.38,21171.0,145.26188253338458,0.0,0.0
553954,3289.12,40097.0,145.26188253338458,31180.87,3544.0
553956,34090.04,51840.0,145.26188253338458,49172.44,17027.2
553973,6185.34,21020.0,145.26188253338458,43983.76,28507.6
554104,3403.92,38460.0,145.26188253338458,25915.32,12005.9
554136,2643.72,0.0,21.78037648970748,32838.94,19838.3
554155,10388.55,61222.0,142.78153806181473,27256.52,0.0
554255,6366.23,44368.0,889.1609502551021,5388.0,0.0
554442,26538.58,94132.0,145.26188253338458,48658.53,4536.0
554449,8653.3,20588.0,138.71243928361255,20626.36,6247.2
554453,8196.08,21706.0,145.26188253338458,42670.87,3394.0
554487,4909.03,98693.0,50.98561455759536,47982.37,20636.9
554572,7507.46,60920.0,145.26188253338458,0.0,0.0
554636,30475.78,97298.0,145.26188253338458,26936.21,9957.9
554712,7995.44,66685.0,1528.4578910614546,7888.0,8366.0
554761,3903.8,51833.0,145.26188253338458,36977.89,0.0
554888,7437.51,88360.0,343.0455740190813,19093.0,0.0
554983,30850.59,25503.0,312.87761461517096,32623.8,9999.0
555001,3732.57,0.0,145.26188253338458,41519.12,9746.6
555024,7743.92,96961.0,2024.0105979233908,3722.46,0.0
555050,3649.71,0.0,19.505163477165908,42650.38,0.0
555081,2444.33,83800.0,46.3133539244186,50727.18,20837.3
555102,4002.86,0.0,145.26188253338458,45301.97,4181.0
555112,4740.2,0.0,145.26188253338458,14432.3,0.0
555118,14024.36,81872.0,145.26188253338458,32598.69,4660.0
555205,9597.47,38736.0,145.26188253338458,40300.86,5206.0
555218,5968.12,90972.0,710.0273142112133,13248.0,0.0
555298,19896.42,60420.0,145.26188253338458,38842.25,22864.6
555301,14895.4,48081.0,145.26188253338458,41150.71,5177.5
555398,2803.8,43775.0,24.414779789439542,36549.41,17641.5
555517,18269.27,55761.0,11207.199243697509,4770.0,0.0
555541,6425.71,0.0,145.26188253338458,41451.65,31469.7
555576,26197.41,18495.0,145.26188253338458,42267.28,8747.0
555745,24127.5,14072.0,174.65549326687258,38756.24,16802.3
555831,6459.64,23235.0,623.2536611155178,14626.27,9471.5
555947,9371.77,66325.0,524.9149948849106,13881.0,12634.0
556050,8093.41,0.0,145.26188253338458,29376.27,8920.5
556136,4035.77,0.0,32.71567649802336,51918.92,8038.9
556164,14713.52,0.0,181.6586356973729,27220.1,0.0
556188,16547.64,46593.0,84.69721961758408,42198.65,5620.2
556266,4758.47,92324.0,145.26188253338458,52043.15,2729.0
556313,5049.69,61080.0,145.26188253338458,45661.17,17121.5
556453,5923.12,92163.0,145.26188253338458,30518.34,19638.4
556492,3099.54,0.0,115.08193069306934,13170.0,4436.0
556622,4505.85,20284.0,145.26188253338458,38926.76,18486.7
556626,2912.91,68899.0,145.26188253338458,49475.74,18242.7
556649,5325.72,0.0,145.26188253338458,44794.42,14049.7
556688,8531.4,98677.0,90.24090624565306,39538.41,0.0
556755,5423.14,85018.0,145.26188253338458,0.0,0.0
556778,2387.61,27592.0,145.26188253338458,37778.92,20181.3
556808,2592.44,72421.0,19.79450329685043,40436.02,12696.0
556865,14886.71,91193.0,327.80746653742824,22758.86,4369.0
556879,7882.99,23235.0,1453.1774494949505,5539.0,0.0
556958,2596.19,0.0,145.26188253338458,47512.34,13243.3
556982,3659.18,0.0,51.07303409455927,22456.91,6479.0
557138,3300.61,59592.0,181.6256068144129,16370.0,3940.0
557289,4871.15,72648.0,54.27567352230083,38986.94,27548.6
557458,6744.19,0.0,34.5904496592426,32205.63,2516.0
557469,6289.01,50269.0,145.26188253338458,0.0,0.0
557500,4305.81,24188.0,145.26188253338458,44632.44,19067.5
557519,15923.96,64429.0,145.26188253338458,39561.89,7264.0
557525,2703.47,0.0,145.26188253338458,48590.87,26183.1
557597,8405.75,85355.0,2360.075961538464,3291.0,0.0
557633,7498.82,0.0,101.88614130434787,23828.71,19276.0
557640,7647.45,91512.0,145.26188253338458,31582.28,11324.3
557723,2267.6,0.0,10.333473164836375,33337.49,10028.2
557739,7664.22,60184.0,145.26188253338458,38839.35,9490.9
557752,3890.87,91182.0,101.07450518479509,22370.44,11202.0
557852,4993.03,75090.0,145.26188253338458,0.0,0.0
557867,2643.72,0.0,65.19808924083135,44226.45,7441.0
557872,5776.34,27510.0,59.87878911234896,39833.92,0.0
557880,32144.65,19066.0,140.99920023362074,40067.81,20586.0
557932,7546.61,31266.0,82.29058196158097,27280.63,2711.0
557996,2792.01,22426.0,24.802464223130844,38816.41,3501.0
558040,21034.02,26876.0,145.26188253338458,29563.24,8661.0
558097,27495.42,37931.0,583.3562917063874,23819.05,3163.0
558138,2430.48,33775.0,2672.0638554216966,2367.0,0.0
558248,4603.98,66161.0,145.26188253338458,0.0,0.0
558258,10745.98,39135.0,400.5599162581702,7610.0,0.0
558288,5938.51,44190.0,47813.73860294224,384.0,0.0
558451,8029.39,96869.0,145.26188253338458,37110.02,7138.3
558469,7555.83,0.0,145.26188253338458,0.0,0.0
558511,20096.89,92766.0,273.1999810054451,38735.03,5987.0
558543,7712.06,27816.0,148.5755201643977,25707.24,3063.0
558598,12687.15,63918.0,145.26188253338458,52801.97,3362.0
558686,5633.95,37595.0,145.26188253338458,50892.24,7218.1
558854,4931.5,33580.0,65.70245143487057,27073.06,9232.1
558969,32864.4,90783.0,145.26188253338458,43898.94,11795.0
559005,5247.85,0.0,102.177401430314,41295.43,14854.2
559007,4281.06,23712.0,22.827928142896116,37258.54,0.0
559016,9706.38,23649.0,145.26188253338458,32727.67,4418.0
559111,41855.17,28311.0,1840.914650947946,11313.0,0.0
559124,9591.23,54538.0,191.6691641846612,35579.2,9676.7
559127,17292.94,80028.0,1206.2689867369957,28216.62,0.0
559233,4349.31,75648.0,1488.2795156250002,7440.0,6152.0
559261,3450.07,68082.0,545.8340533433512,11364.53,0.0
559279,5121.84,57161.0,145.26188253338458,41682.46,32264.1
559304,4815.02,0.0,63.965434659969794,29724.11,8320.1
559342,8646.5,64125.0,168.2637915131611,32162.43,8920.5
559362,3796.55,20217.0,145.26188253338458,48630.6,0.0
559388,8110.7,76879.0,145.26188253338458,35029.15,0.0
559483,8458.91,25448.0,145.26188253338458,39106.8,31893.9
559519,3238.0,60244.0,494.9895295267361,10789.0,0.0
559576,2539.99,54889.0,145.26188253338458,37942.47,5704.0
559622,7039.26,24239.0,145.26188253338458,31061.01,6675.0
559657,9061.06,73876.0,145.26188253338458,0.0,0.0
559721,6874.85,0.0,163.29420332924096,36772.2,9674.8
559723,7901.7,62291.0,145.26188253338458,44881.32,9026.0
559726,11828.61,0.0,145.26188253338458,28555.54,3753.0
559879,6457.56,37548.0,145.26188253338458,34910.17,16993.0
560024,2395.57,21986.0,145.26188253338458,48229.23,13925.1
560104,3423.82,99816.0,84.56355434255491,22541.32,9814.2
560149,12036.62,44428.0,78.22481393554517,34329.29,0.0
560283,12779.9,0.0,145.26188253338458,32005.21,8209.9
560505,6827.04,0.0,175.70361038576436,19532.31,5924.0
560528,7345.9,79980.0,46.79178490029981,43719.71,0.0
560597,4348.14,0.0,226.59496002284436,11332.0,5317.0
560713,6305.93,0.0,145.26188253338458,37567.32,5525.2
560714,5329.13,0.0,145.26188253338458,18438.22,14061.7
560936,4626.8,79487.0,145.26188253338458,24304.26,8413.2
560990,11516.41,50854.0,389.2336287201141,15518.69,5840.6
561041,5897.99,77835.0,145.26188253338458,33631.01,16007.5
561053,9654.52,67772.0,145.26188253338458,30708.38,2683.0
561072,2446.68,44509.0,145.26188253338458,49375.17,27571.1
561092,4558.43,14665.0,733.0064688087407,40824.56,16188.7
561107,2980.46,72669.0,145.26188253338458,58513.61,22163.3
561219,4886.54,76374.0,145.26188253338458,34873.09,2724.0
561228,15762.53,44362.0,145.26188253338458,47448.64,15930.8
561251,2826.31,65090.0,145.26188253338458,30091.55,2133.0
561284,4170.69,29462.0,39.611093330419045,33410.46,0.0
561307,32467.66,37675.0,13716.083217592615,3062.0,0.0
561321,8518.55,0.0,145.26188253338458,39087.64,7955.3
561413,2959.82,69746.0,145.26188253338458,43303.83,7959.0
561481,6745.25,0.0,145.26188253338458,50913.74,13755.3
561520,5234.33,66957.0,42.45774183082066,30368.77,21530.1
561570,2877.35,32807.0,145.26188253338458,43197.05,25344.0
561620,5334.18,72960.0,145.26188253338458,28863.19,0.0
561621,5878.2,22061.0,96.14299050762908,25565.29,21554.0
561640,7644.68,26526.0,145.26188253338458,40517.79,17020.9
561654,14208.51,0.0,145.26188253338458,48973.33,10269.5
561722,27890.06,46546.0,145.26188253338458,0.0,0.0
561801,2584.82,60942.0,203.0545878470481,7480.0,0.0
561873,2960.57,92070.0,15.175352944398185,31575.15,0.0
561874,4755.72,23975.0,145.26188253338458,33225.39,11249.2
561917,10662.63,62409.0,2913.06882485031,7549.0,0.0
561933,3801.28,40513.0,1320.9779752459576,7241.0,0.0
561961,8954.84,97736.0,145.26188253338458,44693.55,11848.4
561981,12590.94,62575.0,445.6948299438483,25646.46,0.0
562084,2882.35,87798.0,145.26188253338458,35861.09,17908.8
562093,2791.91,0.0,19.86265999194356,36622.1,12658.7
562234,33873.18,59744.0,243.9203097410605,33066.85,25851.4
562305,5445.82,21006.0,145.26188253338458,41451.31,21289.3
562324,21592.1,51204.0,145.26188253338458,0.0,0.0
562358,2858.09,27382.0,1106.2596500530256,4163.0,0.0
562361,6633.14,63483.0,430.9533819864727,6250.0,4288.0
562376,12694.89,73274.0,145.26188253338458,52190.55,14410.1
562404,2894.24,0.0,145.26188253338458,28823.58,0.0
562411,4984.1,0.0,145.26188253338458,35241.3,8878.9
562501,9206.43,55542.0,145.26188253338458,0.0,0.0
562510,31920.77,58542.0,2365.797809048084,8356.19,0.0
562588,5214.97,65375.0,295.9488447904147,5691.82,0.0
562644,2554.55,0.0,145.26188253338458,39731.26,23798.0
562655,3267.71,28729.0,145.26188253338458,26016.72,10219.0
562661,3776.67,68727.0,173.84621027408784,18540.0,0.0
562677,12504.49,33746.0,145.26188253338458,44484.78,8350.5
562703,2450.19,0.0,145.26188253338458,0.0,0.0
562734,2615.85,54314.0,145.26188253338458,18733.02,5587.9
562737,3239.12,16061.0,16.155535746739485,49022.37,21276.4
563076,11473.48,66538.0,62.226925048601416,48889.22,0.0
563086,42462.97,0.0,965.9536592307596,33357.76,23507.1
563094,11003.54,0.0,684.1287928684994,11143.0,0.0
563142,2365.35,0.0,9250.208035714344,1762.0,0.0
563188,8271.91,62912.0,53.19156409860394,40850.24,12939.0
563217,10978.78,68158.0,145.26188253338458,39820.53,11832.0
563386,7035.53,0.0,224.6495013559619,18102.67,0.0
563410,11172.5,14533.0,39.55766243558968,43024.15,18788.7
563428,6687.59,23772.0,145.26188253338458,0.0,0.0
563587,3849.6,0.0,18.245165713573403,31235.0,18993.6
563633,14002.76,61225.0,145.26188253338458,33121.16,0.0
563749,5375.82,66844.0,145.26188253338458,43067.07,22891.2
563774,2379.2,0.0,145.26188253338458,39806.13,11563.4
563945,21561.71,0.0,145.26188253338458,42425.69,9811.6
563977,26016.53,43922.0,145.26188253338458,32268.01,0.0
563981,2483.54,87492.0,145.26188253338458,25339.59,11636.2
564111,3274.19,31686.0,19.17106324159284,37508.11,20542.2
564114,17367.27,66245.0,88.62239475567884,44672.72,6960.0
564138,3230.58,62873.0,145.26188253338458,41231.64,8848.5
564141,5435.77,0.0,145.26188253338458,34301.74,0.0
564201,4889.61,51246.0,145.26188253338458,56885.94,0.0
564305,11005.02,0.0,999.709382777502,7907.0,3428.0
564449,5002.09,0.0,145.26188253338458,39398.7,11094.1
564650,4349.31,75648.0,145.26188253338458,44063.66,25131.1
564707,4479.49,18505.0,145.26188253338458,24095.76,9156.1
564813,10272.61,60145.0,2272.4258484848533,4254.0,0.0
564838,16796.34,66776.0,8774.805486641233,1860.0,0.0
564841,8247.95,49009.0,37.78187989372638,43031.98,0.0
564882,2616.41,22000.0,145.26188253338458,50705.75,6574.0
564909,5481.5,70795.0,145.26188253338458,33590.49,18187.9
564959,7695.12,50147.0,145.26188253338458,39185.48,16590.8
564973,5143.88,39268.0,46.29814184329541,46946.3,2907.0
565008,13226.22,0.0,2471.8741935483918,2864.0,0.0
565040,8470.04,0.0,145.26188253338458,33240.86,6383.0
565041,4881.39,90892.0,145.26188253338458,42131.71,18983.4
565074,2813.31,72333.0,145.26188253338458,0.0,0.0
565133,4477.45,41402.0,145.26188253338458,44927.14,3778.0
565171,7240.66,32818.0,145.26188253338458,37188.74,17530.9
565227,12947.68,15083.0,145.26188253338458,0.0,0.0
565242,2700.99,79292.0,153.41757703081257,11845.0,0.0
565351,6366.23,44368.0,145.26188253338458,51611.6,25045.3
565452,8649.18,43383.0,145.26188253338458,35660.15,8341.0
565533,2927.22,76850.0,21.557405153106867,33681.83,24515.6
565602,12168.64,0.0,145.26188253338458,31485.95,3293.0
565634,20957.61,0.0,145.26188253338458,0.0,0.0
565690,8717.05,83846.0,145.26188253338458,39829.13,16792.2
565710,5710.33,51148.0,145.26188253338458,48956.86,22326.9
565787,5526.44,94230.0,145.26188253338458,0.0,0.0
565805,2649.66,0.0,16.02588608685662,31382.56,13058.0
565811,6395.35,72667.0,30.722163460019875,46944.99,9454.7
565841,5874.82,35301.0,103.32360905878572,35484.37,14033.1
565876,9486.6,42240.0,52.00705621541734,32971.01,4102.0
565900,2593.82,43626.0,145.26188253338458,34056.5,11026.2
565960,2515.26,25558.0,14.815082154510517,53085.85,12605.8
565991,2728.04,44025.0,110.5266511266512,19017.0,4289.0
566033,4015.21,0.0,145.26188253338458,0.0,0.0
566165,3909.64,40361.0,145.26188253338458,45401.79,30252.6
566182,11900.54,97205.0,145.26188253338458,23043.68,17507.5
566343,4548.29,0.0,145.26188253338458,0.0,0.0
566374,51016.07,25167.0,461.146130547984,49188.39,8905.3
566550,7707.81,0.0,2602.5445420906644,3252.0,0.0
566630,4100.4,47761.0,23.383157332283417,27478.6,8025.6
566640,7236.13,0.0,47.68863660985123,25380.64,28292.9
566663,2623.32,80210.0,145.26188253338458,0.0,0.0
566696,6412.37,58776.0,145.26188253338458,47885.7,7480.3
566714,2379.83,69202.0,145.26188253338458,34237.73,8722.6
566737,7535.43,37496.0,47.48780532021612,29842.45,5055.9
566767,8126.77,14616.0,145.26188253338458,34706.58,28503.8
566802,8257.67,23815.0,145.26188253338458,0.0,0.0
566808,4654.58,81883.0,145.26188253338458,38260.37,22975.1
566851,3032.82,73782.0,145.26188253338458,40651.86,2446.0
566951,18089.8,68568.0,145.26188253338458,22402.94,9089.6
566957,7285.03,44788.0,145.26188253338458,32803.21,22597.1
566961,8084.33,20169.0,145.26188253338458,37141.55,30963.3
566991,17349.03,0.0,1051.840597644636,19008.68,4173.0
567048,14944.84,0.0,145.26188253338458,29901.39,26030.4
567070,8860.65,48736.0,38.13343443387107,45362.72,0.0
567082,3123.08,0.0,145.26188253338458,0.0,0.0
567151,6051.64,0.0,198.16225478468905,9959.0,4158.0
567210,3635.03,35056.0,145.26188253338458,28289.29,3406.0
567219,8982.85,43490.0,1891.5809134615404,5123.0,0.0
567227,5110.68,0.0,38.06686502105986,33631.85,9515.1
567256,4988.58,38928.0,38.41827748113724,45067.02,8392.3
567261,6746.43,70328.0,145.26188253338458,40482.42,0.0
567319,7406.88,38169.0,145.26188253338458,32500.37,23399.2
567412,2227.07,27972.0,17.533903862124006,39255.86,3057.0
567420,24980.23,88440.0,145.26188253338458,45399.77,12137.5
567571,2396.22,0.0,13.707679214943004,36416.13,3487.0
567670,5290.67,36791.0,687.0592564041764,3419.0,2899.0
567805,3573.29,0.0,3705.258096590923,3390.0,2793.0
567865,6120.19,23843.0,212.4459676652403,18774.19,12020.5
567875,3979.72,96413.0,101.4709892842674,24230.97,0.0
568111,4892.44,21709.0,38.4347633314393,47868.58,0.0
568171,3700.42,12287.0,145.26188253338458,30173.7,0.0
568172,3667.37,62375.0,145.26188253338458,26551.56,13722.6
568205,5719.79,54585.0,112.31081888018596,47010.7,20371.2
568286,4837.93,0.0,35.03622547644999,32118.23,19586.2
568329,13258.18,20754.0,145.26188253338458,34014.94,5002.0
568442,7821.95,0.0,145.26188253338458,43805.92,20283.7
568484,4605.27,0.0,145.26188253338458,34235.77,0.0
568525,17816.68,60192.0,145.26188253338458,45680.36,5726.6
568547,4648.54,0.0,26.01652485782061,39059.54,0.0
568594,2772.44,79663.0,145.26188253338458,25612.95,10260.0
568667,4874.22,92783.0,145.26188253338458,0.0,0.0
568678,4303.47,0.0,145.26188253338458,29656.74,8804.0
568681,5305.09,26334.0,145.26188253338458,0.0,0.0
568712,4386.28,10621.0,145.26188253338458,52399.98,0.0
568734,3885.46,0.0,145.26188253338458,26994.61,3852.0
568769,7421.59,47406.0,50.17699517471964,48822.74,21249.9
568786,2399.18,20992.0,145.26188253338458,45436.38,16482.4
568798,4772.94,20993.0,161.85921473167843,15361.0,0.0
568814,6273.17,20836.0,43.25678453287087,31683.43,16733.3
568870,27789.69,33806.0,3325.86951603384,41655.52,4265.5
568880,7269.34,20407.0,188.9552129326308,39942.89,5859.0
568953,5953.21,61006.0,145.26188253338458,43006.98,0.0
569188,2969.59,46131.0,145.26188253338458,13334.19,0.0
569236,2241.46,0.0,145.26188253338458,40698.9,22007.0
569313,8640.75,33402.0,71.9136488631078,29214.85,18781.5
569315,4078.29,57031.0,145.26188253338458,35101.79,0.0
569347,2897.62,54337.0,145.26188253338458,42327.15,9337.0
569369,4772.94,20993.0,43.96606540772994,23487.23,12804.9
569603,5313.29,0.0,145.26188253338458,50739.94,10672.3
569677,19690.44,36032.0,5115.310035587188,4002.0,0.0
569720,6751.44,0.0,145.26188253338458,32539.48,13726.0
569769,10179.72,14290.0,636.4504624871538,11775.0,0.0
569846,2891.72,21979.0,123.84360919899886,16205.0,2746.0
569880,7706.04,48019.0,145.26188253338458,48181.62,31792.7
569940,20018.2,65900.0,145.26188253338458,41131.42,3066.0
569972,10506.77,0.0,1152.565933680626,13522.0,0.0
570116,5339.49,67796.0,145.26188253338458,33375.17,7192.0
570299,44795.47,58778.0,145.26188253338458,49847.58,2683.0
570318,10934.74,47170.0,62.240948880825904,48532.06,12193.5
570406,9657.58,0.0,145.26188253338458,39352.84,15025.2
570469,6964.05,0.0,145.26188253338458,30925.09,13326.2
570531,4160.16,0.0,145.26188253338458,0.0,0.0
570600,2554.03,22538.0,145.26188253338458,35950.46,5065.4
570637,4879.71,0.0,145.26188253338458,21433.28,0.0
570668,8581.64,66466.0,145.26188253338458,0.0,0.0
570683,9320.24,18643.0,145.26188253338458,36377.11,6452.4
570784,6245.44,80101.0,145.26188253338458,51782.34,7895.3
570796,6743.13,0.0,145.26188253338458,38792.14,4173.0
570806,3155.91,58213.0,145.26188253338458,45030.64,19216.8
570920,7285.03,44788.0,145.26188253338458,32948.81,7953.4
570971,3142.74,43285.0,176.94880193336093,10812.0,0.0
571017,4751.28,30887.0,145.26188253338458,51596.64,0.0
571123,2734.15,34865.0,27.45830436688672,27624.59,17141.9
571163,21404.36,0.0,145.26188253338458,44736.5,8766.6
571169,8630.7,0.0,1150.5498539079638,8024.0,0.0
571180,15363.85,15897.0,101.83641050505936,34513.54,12473.5
571215,2705.99,0.0,26.33231060309832,33904.82,29247.1
571239,2551.35,88126.0,145.26188253338458,33533.11,16706.7
571340,4014.45,37384.0,257.97081866197215,12032.0,0.0
571406,22658.54,23665.0,145.26188253338458,0.0,0.0
571409,2359.42,19864.0,1048.0993509127818,701.0,0.0
571479,4067.0,28466.0,145.26188253338458,0.0,0.0
571498,4233.57,95647.0,29.02683149036356,35139.37,10958.9
571603,4983.11,0.0,321.7279156839627,13165.0,0.0
571643,2687.31,82210.0,145.26188253338458,42556.6,17207.3
571670,7949.28,63688.0,684.3452993065712,45396.33,16915.3
571760,5670.44,28406.0,145.26188253338458,31846.6,4286.0
571845,4549.34,23650.0,145.26188253338458,0.0,0.0
571942,2745.25,45191.0,145.26188253338458,36776.55,8652.6
571964,2194.67,0.0,145.26188253338458,46115.29,0.0
571970,2592.44,72421.0,20.589022705266707,34510.66,6568.3
571992,33053.27,44246.0,145.26188253338458,33925.84,14117.0
572015,5564.96,46507.0,145.26188253338458,43378.13,12019.1
572045,3894.62,59578.0,88.93495370370377,11065.0,0.0
572062,5421.54,85447.0,145.26188253338458,0.0,0.0
572066,7079.79,24245.0,1227.8064697497632,9918.0,7918.0
572073,26180.81,68189.0,145.26188253338458,46508.58,13155.7
572094,4112.63,0.0,145.26188253338458,36321.78,8447.4
572263,5354.61,29445.0,145.26188253338458,40520.09,11960.5
572265,2620.39,24721.0,145.26188253338458,43958.89,15250.1
572282,3808.12,94903.0,145.26188253338458,29722.54,10749.1
572345,8104.43,58172.0,145.26188253338458,31392.06,10283.3
572410,4890.11,0.0,145.26188253338458,31634.83,6207.3
572448,7054.78,0.0,3301.27525641026,6125.0,0.0
572463,4929.55,25632.0,145.26188253338458,0.0,0.0
572505,9113.69,76700.0,903.5301539158,4140.0,2498.0
572547,25807.06,71210.0,426.339018108907,31438.06,6537.9
572647,6300.44,29539.0,146.89936547142491,24122.99,10201.0
572663,17253.73,0.0,145.26188253338458,33588.78,9995.5
572668,14590.25,46244.0,145.26188253338458,43737.17,0.0
572768,6057.07,27681.0,5540.928696741881,2869.0,0.0
572811,7928.83,0.0,145.26188253338458,30687.04,0.0
572812,8646.55,25964.0,537.4399578811137,17200.51,5223.1
572836,7956.15,22699.0,671.1438624738081,14669.08,6935.0
572890,2432.17,0.0,87.2696757893909,20728.01,0.0
572927,9156.32,59624.0,275.4866243158292,15935.24,7863.0
573078,5120.62,0.0,271.8399187449098,18846.96,5034.0
573217,4087.51,24123.0,145.26188253338458,43662.73,0.0
573290,2877.35,32807.0,212.1682323232323,8476.0,5469.0
573332,5126.84,85522.0,145.26188253338458,39333.55,0.0
573344,8161.58,73466.0,45.771166449170416,47187.02,13555.9
573347,4700.42,0.0,145.26188253338458,0.0,0.0
573446,4018.88,0.0,145.26188253338458,83593.51000000001,7735.0
573458,11638.9,25370.0,55.309683299156994,43426.56,27674.8
573475,7582.11,64801.0,1169.0078216302222,47124.54,12168.8
573505,5708.02,70279.0,145.26188253338458,35946.66,3043.0
573649,3095.18,88246.0,145.26188253338458,36452.81,0.0
573661,4303.64,74057.0,1818.0886574074143,5196.0,0.0
573681,13869.93,28432.0,76.6478945208943,46571.45,11422.5
573830,18544.3,34087.0,4036.1774001192703,6598.0,0.0
573897,2004.35,0.0,145.26188253338458,41536.31,8235.0
573954,4904.89,12902.0,145.26188253338458,22014.68,13429.2
573964,3339.76,0.0,26.433954817696485,39596.55,11652.4
573972,5534.57,16101.0,145.26188253338458,52904.71,5852.0
573986,7985.47,99069.0,770.5333624130915,12457.75,0.0
573995,2670.8,0.0,268.2067131327961,6907.0,4066.0
574005,2813.69,43836.0,350.1921516253699,7336.0,3148.0
574081,2848.56,0.0,89.6339894824565,15369.0,4741.0
574163,6699.22,0.0,145.26188253338458,54950.07,26235.4
574302,2004.35,0.0,54.145694767900885,18520.84,4023.0
574330,2599.97,45181.0,145.26188253338458,34533.89,2414.0
574391,4270.03,0.0,136.5338277034131,18903.24,11745.0
574492,34039.06,0.0,145.26188253338458,0.0,0.0
574506,9000.44,28108.0,272.5821938267509,18135.0,3288.0
574542,8456.27,0.0,145.26188253338458,43645.22,2878.0
574560,4770.74,28666.0,145.26188253338458,0.0,0.0
574613,4928.4,61785.0,145.26188253338458,0.0,0.0
574627,2521.16,19637.0,145.26188253338458,0.0,0.0
574640,7457.34,43406.0,145.26188253338458,43812.71,12397.8
574674,7944.97,0.0,145.26188253338458,33018.57,4871.6
574688,26864.2,81713.0,145.26188253338458,0.0,0.0
574723,4080.82,57283.0,102.01677335987736,28716.45,9852.0
574726,9824.75,23923.0,145.26188253338458,46856.8,11210.5
574745,7367.65,25318.0,145.26188253338458,0.0,0.0
574771,2573.72,29500.0,145.26188253338458,40906.71,0.0
574835,13024.13,0.0,145.26188253338458,41095.66,39022.7
574899,8420.43,28617.0,145.26188253338458,44896.97,4919.0
574930,16373.73,64396.0,2813.753036723169,12853.0,0.0
575015,4162.18,0.0,340.390244448926,13196.85,4168.6
575030,3903.38,0.0,98.36603838718592,21220.03,15802.3
575070,6554.22,25222.0,145.26188253338458,42667.61,17035.4
575089,10963.96,55687.0,145.26188253338458,0.0,0.0
575123,4553.19,0.0,145.26188253338458,37198.39,3776.0
575145,9217.13,73259.0,145.26188253338458,0.0,0.0
575147,14042.1,88854.0,145.26188253338458,40118.69,25346.5
575342,2472.47,63860.0,145.26188253338458,21524.63,8656.4
575411,5059.33,67371.0,145.26188253338458,0.0,0.0
575434,8692.28,31986.0,145.26188253338458,42259.8,12226.5
575487,3788.81,0.0,388.0234708193049,7505.0,4229.0
575571,6639.33,72661.0,36.46331332634168,37102.73,3960.0
575573,7408.84,76771.0,50.39933278664085,40045.33,22013.4
575574,8160.59,24980.0,145.26188253338458,56086.94,9806.9
575612,3761.79,0.0,145.26188253338458,38435.33,6691.8
575818,14050.17,0.0,145.26188253338458,41941.56,19710.8
575821,2537.97,37612.0,81.22156739537057,16094.15,9120.0
575833,13297.71,50631.0,73.09173768279845,41916.81,42873.8
575844,8564.77,95697.0,49.77971241809251,38357.55,16109.3
575849,2465.44,64997.0,27.910352955771984,31235.59,0.0
575948,3034.77,17308.0,145.26188253338458,48053.13,10026.3
576051,6661.74,0.0,145.26188253338458,44115.63,32621.9
576057,2759.98,92296.0,372.0748661126508,7823.469999999999,0.0
576071,2608.79,61567.0,145.26188253338458,35899.65,10463.3
576074,13559.39,98036.0,145.26188253338458,29536.01,3995.0
576110,19834.2,65989.0,155.32038189229786,31605.18,17949.2
576176,2853.6,87455.0,2610.43609022559,5304.0,0.0
576184,10954.38,89892.0,166.1018638786956,21573.15,15111.0
576217,13869.93,28432.0,145.26188253338458,25846.16,9391.7
576294,8646.5,64125.0,145.26188253338458,35393.4,10618.2
576345,2876.82,40171.0,145.26188253338458,28694.55,0.0
576354,6331.34,0.0,145.26188253338458,50034.46,6395.4
576363,2537.38,92401.0,145.26188253338458,41601.55,3406.0
576498,5575.2,18892.0,145.26188253338458,32450.04,2200.0
576576,8474.63,58488.0,56.24836250497037,38771.15,22937.5
576587,16548.86,81639.0,145.26188253338458,42813.06,0.0
576654,2520.3,56228.0,145.26188253338458,0.0,0.0
576658,3123.08,0.0,222.467642466823,12472.0,4109.0
576690,5421.52,25778.0,145.26188253338458,49929.9,0.0
576692,3829.28,19240.0,145.26188253338458,37211.56,14035.2
576716,5013.14,65165.0,145.26188253338458,30362.61,11320.9
576736,6245.44,80101.0,1093.151662404095,11851.0,11370.0
576871,5504.14,0.0,54.83552889562565,45721.95,13835.0
576878,8550.39,21733.0,145.26188253338458,40748.32,26255.7
576911,7292.95,0.0,145.26188253338458,44459.64,32289.8
576936,4419.54,0.0,30.133227272727275,35431.08,9908.5
576947,12552.65,10147.0,145.26188253338458,24444.63,0.0
577124,3567.5,0.0,43.10524137931034,28481.37,22784.8
577151,5067.51,74919.0,326.21537037037075,19987.0,3802.0
577156,6876.31,81957.0,145.26188253338458,59436.95,9221.7
577195,3269.01,26140.0,4791.922289156674,888.0,0.0
577232,6047.03,20396.0,145.26188253338458,0.0,0.0
577265,10208.93,35482.0,99.62461433574848,37492.74,11640.0
577278,10340.46,40882.0,145.26188253338458,15427.71,23446.4
577322,2746.08,0.0,145.26188253338458,24324.31,22592.0
577360,16794.31,38399.0,99.35786379535593,44653.28,9949.0
577374,10760.18,74835.0,145.26188253338458,33262.38,8966.1
577386,3708.81,23393.0,145.26188253338458,33989.4,7660.8
577398,23981.54,84365.0,171.23639618138426,38212.46,22186.3
577405,5205.91,0.0,25.296258815238986,39990.1,8759.0
577467,2413.93,12495.0,145.26188253338458,38927.53,0.0
577501,2524.65,0.0,145.26188253338458,39156.3,0.0
577535,5353.93,61894.0,26.80240033026658,52545.7,13751.8
577726,4376.36,63774.0,145.26188253338458,45983.76,14760.0
577795,8564.77,95697.0,145.26188253338458,38843.54,11563.0
577844,10196.11,0.0,145.26188253338458,33240.59,4740.5
577860,11042.29,0.0,145.26188253338458,25891.2,16119.7
577872,4118.54,34378.0,53.276549370399415,28942.89,0.0
577901,8828.38,61246.0,484.9346920962338,6228.01,5673.4
577998,29091.24,34226.0,145.26188253338458,0.0,0.0
578013,2678.46,0.0,145.26188253338458,40565.89,3927.0
578020,8278.79,0.0,175.25567509569663,16181.49,15224.7
578114,2987.95,0.0,145.26188253338458,44745.64,12403.2
578167,8271.91,62912.0,49.03877600961964,39697.84,3609.0
578203,3596.83,30694.0,20.77920991570198,41361.39,19184.1
578234,10484.92,61108.0,145.26188253338458,12156.28,8641.2
578688,3766.37,22439.0,24.58483643790149,33170.590000000004,0.0
578751,2735.54,99205.0,145.26188253338458,0.0,0.0
578788,8257.67,23815.0,487.60508250647126,3472.65,0.0
578811,2983.11,0.0,145.26188253338458,39986.09,18815.1
578837,4152.65,0.0,145.26188253338458,46755.32,13645.0
578944,4280.75,52679.0,21.70681278896595,47642.56,4029.0
578998,35900.08,25285.0,216.2548347168816,42303.51,13537.5
579005,4786.01,23402.0,25.3373978295827,36775.07,7780.5
579015,3919.37,66676.0,57.39322160602219,32033.47,10230.0
579034,8476.08,28181.0,61.00304052055605,29692.45,10762.6
579093,6285.31,0.0,961.0968370339348,8257.0,0.0
579245,5387.93,56835.0,145.26188253338458,0.0,0.0
579283,5419.46,73536.0,295.5745173629789,9327.54,12109.5
579318,8509.85,26057.0,145.26188253338458,55150.93,9589.3
579322,10208.93,35482.0,145.26188253338458,42654.95,28527.6
579377,4822.44,73769.0,145.26188253338458,50076.47,31265.8
579424,27564.74,26410.0,482.8454012461712,28358.25,0.0
579438,9416.28,13411.0,1210.190915492958,5042.0,0.0
579581,5534.58,71560.0,46.15750566461663,40078.51,15384.3
579584,11315.2,11885.0,145.26188253338458,0.0,0.0
579684,7147.62,87454.0,145.26188253338458,35663.22,0.0
579710,3439.09,98278.0,55.11684839880569,27993.26,0.0
579726,7787.43,24664.0,49.905166127461534,40408.75,4559.0
579785,11785.04,90016.0,2299.468781183186,4924.0,0.0
579847,7573.35,0.0,145.26188253338458,44388.23,5783.6
579883,11944.4,33760.0,1188.902645214073,6454.0,6121.0
579890,3551.79,11607.0,145.26188253338458,43272.29,21792.5
579931,13094.61,88249.0,90.42503258835752,32774.36,16351.4
579943,2798.68,88009.0,24.174970181184808,33895.48,2384.0
579990,10640.94,50450.0,145.26188253338458,40608.41,7489.2
580068,3703.44,23120.0,145.26188253338458,14745.26,0.0
580159,11447.51,27362.0,206.9571730710176,22893.35,13186.4
580169,4250.28,0.0,58.16930887602365,20868.68,16181.7
580201,8005.96,63357.0,176.78974656817385,26066.83,5358.0
580212,10719.08,86036.0,145.26188253338458,24361.67,19449.5
580324,4198.03,39913.0,145.26188253338458,40698.2,16904.3
580341,7057.89,37840.0,145.26188253338458,38682.01,17492.6
580356,5439.34,0.0,145.26188253338458,37509.7,4947.6
580472,6747.52,26721.0,145.26188253338458,39532.66,25414.6
580493,7380.57,53957.0,197.95047762510123,22703.98,10973.3
580500,5619.65,41878.0,477.49800186234273,11994.0,3423.0
580508,6731.05,0.0,138.67016893283895,33538.59,25296.7
580554,12350.06,54710.0,77.1939553457978,28388.36,27249.2
580586,4730.36,17250.0,145.26188253338458,45238.47,10443.1
580592,8925.63,23860.0,145.26188253338458,0.0,0.0
580628,4429.19,20868.0,145.26188253338458,0.0,0.0
580834,4636.55,26802.0,31.674217100633363,36952.49,6256.0
580979,2606.21,28519.0,514.1981891891892,6315.0,0.0
581007,2591.75,56701.0,145.26188253338458,38673.4,4930.5
581079,3103.92,74665.0,145.26188253338458,35805.11,13472.4
581260,5213.07,12613.0,145.26188253338458,43741.68,0.0
581294,12944.19,0.0,145.26188253338458,49564.52,0.0
581380,2424.22,22590.0,145.26188253338458,0.0,0.0
581396,3265.16,25820.0,42.692838694192815,25493.88,0.0
581419,8278.79,0.0,145.26188253338458,0.0,0.0
581427,5623.31,11612.0,43.96033733133434,32135.99,8358.1
581481,2516.1,88435.0,15.58334690802468,40678.02,18452.4
581513,14376.55,70341.0,145.26188253338458,29633.44,5435.9
581531,11981.98,21514.0,145.26188253338458,30069.48,13606.3
581533,4069.78,0.0,145.26188253338458,47001.39,0.0
581596,17723.76,25771.0,107.42421887454168,42135.56,5101.0
581651,2530.71,89451.0,1539.5152500000058,4379.0,0.0
581661,2514.59,43860.0,145.26188253338458,47995.54,15605.1
581668,9449.75,0.0,145.26188253338458,23317.49,2395.0
581682,2272.31,0.0,145.26188253338458,30735.32,5757.0
581712,3702.63,33738.0,145.26188253338458,34698.09,18003.7
581913,7996.6,43657.0,406.0712596343808,22175.27,16006.0
581999,8219.36,28445.0,145.26188253338458,33347.76,0.0
582066,2530.71,89451.0,145.26188253338458,58936.76,6093.0
582067,2760.48,79065.0,1242.897039473686,6756.0,0.0
582097,8658.86,62464.0,145.26188253338458,0.0,0.0
582166,6006.44,39482.0,145.26188253338458,0.0,0.0
582244,6165.86,60884.0,145.26188253338458,0.0,0.0
582256,8569.36,0.0,145.26188253338458,0.0,0.0
582257,5345.99,0.0,145.26188253338458,44737.9,11848.5
582364,11130.12,42928.0,145.26188253338458,33067.47,19882.8
582427,5412.46,55992.0,35.045920780931795,45511.01,0.0
582429,6886.32,34615.0,145.26188253338458,17668.57,0.0
582493,7434.25,51408.0,145.26188253338458,77661.68,45377.7
582646,5165.57,0.0,214.2781054665305,13328.0,6810.0
582674,9546.82,15406.0,726.1578146707429,9779.0,4724.0
582690,3933.81,25927.0,24.044863886947574,39607.78,0.0
582843,5233.99,63259.0,15788.48223140499,1235.0,0.0
582861,4984.62,86305.0,68.39026801488554,29075.16,0.0
582874,3090.03,0.0,292.6974783737025,5442.0,3874.0
582883,5068.43,80846.0,145.26188253338458,46444.95,20124.8
582929,3792.83,0.0,145.26188253338458,43364.91,2698.0
582930,5913.31,43676.0,145.26188253338458,39470.26,0.0
582990,5989.77,66839.0,1571.9485547886195,4792.79,0.0
583003,5325.72,0.0,204.0141684683364,13641.88,16136.3
583005,2376.53,0.0,145.26188253338458,49116.73,8585.0
583165,6382.05,88663.0,145.26188253338458,0.0,0.0
583175,7587.34,0.0,617.9626684716319,24423.58,0.0
583223,2617.18,98338.0,145.26188253338458,29885.57,4270.0
583227,6465.22,0.0,29.79662504335177,38475.57,30297.4
583252,3700.39,17557.0,48.86926933579052,35180.17,24915.5
583271,2618.81,0.0,145.26188253338458,6955.17,0.0
583272,2483.64,50632.0,159.4877902885295,9002.0,0.0
583327,2743.55,95782.0,35.56547534485945,30680.47,13134.0
583415,5923.12,92163.0,42.77757668655008,46717.68,0.0
583513,7703.4,36765.0,145.26188253338458,53017.42,9538.0
583539,4526.61,0.0,145.26188253338458,44377.83,14712.9
583565,6722.7,0.0,145.26188253338458,44821.01,41207.1
583601,4422.88,21124.0,2001.2618181818184,5178.0,0.0
583610,5100.09,0.0,145.26188253338458,29808.83,7517.0
583648,4803.24,37313.0,145.26188253338458,24502.87,5587.0
583670,35022.45,25270.0,403.58125962922753,30685.92,7050.9
583718,8696.91,91423.0,179.94354890519782,23883.92,18365.1
583754,2471.53,95697.0,337.489132061355,12429.0,12377.0
583788,7349.33,27072.0,10317.328653846193,1346.0,0.0
584017,4656.49,0.0,145.26188253338458,31228.4,9739.0
584173,4312.77,43386.0,145.26188253338458,34722.74,5126.2
584285,5380.9,55350.0,145.26188253338458,42353.39,13418.6
584377,11260.9,88304.0,145.26188253338458,30079.99,6669.0
584405,8991.98,17331.0,47.781309992216194,33716.64,0.0
584426,6899.71,37308.0,145.26188253338458,0.0,0.0
584458,2719.85,41005.0,145.26188253338458,47496.1,18209.3
584463,6516.21,0.0,145.26188253338458,32317.61,29647.8
584536,2650.62,39035.0,145.26188253338458,57255.21,7584.8
584537,7504.69,97849.0,145.26188253338458,36075.42,0.0
584564,11131.57,0.0,72.60212515918293,47703.96,20346.3
584727,17712.21,0.0,145.26188253338458,32762.85,11982.8
584737,10484.92,61108.0,3136.8818032786885,11320.0,0.0
584782,4254.62,11904.0,77.2899928662675,24702.6,10308.0
584796,19454.41,59853.0,7948.72348880597,3181.0,0.0
584833,10307.65,78358.0,188.92826355504369,23720.21,6053.0
584845,2530.81,37811.0,145.26188253338458,48546.35,7801.4
584880,13668.36,0.0,100.42671334996514,31201.95,10593.0
585039,13352.56,0.0,76.46670407791304,47224.61,10198.0
585066,2675.57,67837.0,145.26188253338458,0.0,0.0
585082,15304.52,40269.0,145.26188253338458,21614.66,11380.4
585162,5666.7,48156.0,145.26188253338458,0.0,0.0
585271,8673.59,43963.0,213.3233244238805,19359.6,5817.0
585275,10004.03,0.0,103.25779400120663,28143.99,10541.0
585277,8051.57,57664.0,145.26188253338458,19414.68,0.0
585316,15956.52,61148.0,280.57142994782765,20897.7,4611.0
585357,4250.28,0.0,22.629571929947403,42974.17,17944.1
585377,5528.21,36088.0,145.26188253338458,29898.94,6843.8
585386,7724.68,29056.0,55.11768048324353,34091.89,6302.0
585420,9951.71,56855.0,195.37821854073096,21616.54,4943.0
585495,11981.98,21514.0,145.26188253338458,0.0,0.0
585509,4270.03,0.0,316.56620514556533,13037.0,0.0
585629,4423.69,0.0,18.177712777355183,37042.61,6072.4
585642,2404.92,63455.0,53.36404202028064,31287.13,4814.6
585756,3673.99,41185.0,145.26188253338458,57401.2,9043.0
585793,6944.74,0.0,56.14096571886294,33439.35,8040.8
585850,2398.33,0.0,23.031014859560315,36456.04,9111.0
585853,9256.92,21947.0,145.26188253338458,32786.32,32737.6
585854,6478.8,50864.0,145.26188253338458,38060.81,18754.9
585947,3207.47,24695.0,145.26188253338458,31712.18,0.0
585975,16350.13,0.0,126.17548141977608,40207.43,11010.1
585976,4881.3,37998.0,348.75528513636976,3494.0,0.0
585978,8099.4,60932.0,190.4824323076297,25149.88,5901.4
586056,5107.16,35625.0,145.26188253338458,27469.38,0.0
586076,8712.16,68516.0,748.1621206179911,12163.0,0.0
586100,4653.09,0.0,37.6373490852037,48325.78,5643.0
586164,3723.11,31974.0,145.26188253338458,50718.33,16996.3
586191,2682.7,63471.0,145.26188253338458,37372.04,5344.7
586199,4506.49,15462.0,401.71007408010473,17278.0,0.0
586365,2561.58,0.0,104.84152276295144,16415.0,5180.0
586401,7350.18,0.0,193.5876941061017,17858.16,2728.0
586446,13272.23,0.0,145.26188253338458,36821.22,4628.0
586542,5096.67,22886.0,22.478932849022684,49580.58,0.0
586686,7284.36,67780.0,75.26720396776196,31796.31,4810.0
586711,3732.35,35461.0,145.26188253338458,47446.1,5286.0
586734,25807.06,71210.0,214.5215499081069,37068.24,11011.6
586753,15228.2,95140.0,145.26188253338458,42612.76,11940.2
586870,8543.25,99180.0,54.35868996775037,33378.59,0.0
586891,4481.39,0.0,35.79868065409211,35116.34,6142.7
586944,2744.08,79192.0,145.26188253338458,40433.27,4940.0
587136,4529.97,64270.0,145.26188253338458,30394.56,12046.0
587196,4874.67,67467.0,250.12012904858304,19938.41,17481.9
587284,5510.56,0.0,364.3757971014495,10880.0,2579.0
587378,8609.16,79090.0,1274.301846494904,39765.41,20155.8
587420,2482.92,0.0,145.26188253338458,32322.43,10985.9
587480,2585.94,21603.0,145.26188253338458,48926.11,0.0
587543,3554.85,58557.0,787.808287795994,7204.0,3821.0
587591,4834.71,38713.0,145.26188253338458,40670.47,3552.0
587619,3455.23,68401.0,145.26188253338458,41421.52,12262.6
587623,5800.17,25472.0,41.04742612843185,44522.16,15027.9
587633,2423.26,15585.0,82.97797548314468,37025.1,10278.2
587769,9421.1,23059.0,145.26188253338458,0.0,0.0
587800,7320.07,0.0,145.26188253338458,30517.93,8838.1
587867,11565.69,64642.0,311.26479096517323,35179.93,7024.3
588015,20930.05,30535.0,145.26188253338458,43792.35,12097.3
588095,8272.49,91245.0,145.26188253338458,31565.37,0.0
588220,2606.19,27800.0,145.26188253338458,34320.89,21273.7
588237,3939.01,60021.0,145.26188253338458,35705.15,23422.8
588292,10721.61,25983.0,454.0735693400168,28957.07,6779.2
588445,2719.43,37703.0,145.26188253338458,48348.56,28276.2
588516,5536.39,52220.0,28.25057341373397,41150.43,19280.5
588657,5460.32,45404.0,145.26188253338458,30724.72,15224.3
588789,3136.7,59644.0,17.86071272568433,40069.98,19017.0
588864,10926.69,29418.0,24417.807244898115,2189.0,0.0
588917,35203.57,56343.0,218.94955963475755,50256.47,5577.0
588943,7281.44,0.0,1261.9779677113022,4838.0,0.0
588980,4524.64,0.0,145.26188253338458,26204.43,3199.0
588993,2577.51,49467.0,895.9915714285726,2964.0,0.0
589074,6414.08,0.0,3837.9331147540975,3251.0,0.0
589101,12622.83,61844.0,145.26188253338458,27209.69,4729.1
589394,2707.21,80985.0,145.26188253338458,0.0,0.0
589427,2724.43,0.0,79.34177792553199,22911.0,0.0
589430,2862.18,74034.0,141.41971247563356,25763.63,7966.7
589466,2305.06,0.0,145.26188253338458,26178.66,23737.8
589580,3954.34,18375.0,145.26188253338458,37834.59,14980.5
589745,7188.29,13542.0,145.26188253338458,53470.97,23932.3
589765,9406.38,99189.0,145.26188253338458,48287.4,4247.0
589795,9075.77,37722.0,56.71035597874469,34135.98,0.0
589818,9472.96,0.0,145.26188253338458,3572.45,0.0
589840,4903.13,0.0,145.26188253338458,46962.37,3750.0
590012,3746.75,41479.0,145.26188253338458,0.0,0.0
590025,6331.34,0.0,202.0817121870173,25010.0,4830.0
590098,2252.42,0.0,145.26188253338458,30200.57,16945.0
590246,3459.23,0.0,145.26188253338458,44405.05,29676.1
590280,20552.62,0.0,145.26188253338458,36403.91,5170.0
590301,5126.04,63147.0,145.26188253338458,21175.93,6631.0
590393,6165.86,60884.0,3695.4661740558336,2629.0,0.0
590485,7547.76,0.0,145.26188253338458,47957.34,25083.8
590514,24320.64,60221.0,145.26188253338458,35576.88,18664.1
590621,8255.06,0.0,38629.44743589758,201.0,0.0
590647,7243.87,41951.0,145.26188253338458,40906.71,27740.0
590727,6791.22,0.0,300.5207476257831,21363.22,19501.6
590752,5727.33,99934.0,145.26188253338458,51824.85,13634.8
590778,27643.24,63401.0,540.3552068550008,19557.47,4663.0
590936,7025.65,48117.0,145.26188253338458,32263.72,15894.6
590981,2113.86,0.0,32.922374838387604,30189.04,0.0
590989,8193.09,54840.0,145.26188253338458,30835.26,3561.0
591174,5619.69,0.0,134.78688723879625,15199.8,14518.0
591234,14019.98,36733.0,8772.501771428571,5424.0,0.0
591272,13350.12,28919.0,145.26188253338458,40202.97,11286.0
591367,4774.75,0.0,41.66939967578475,42094.49,27157.2
591377,12902.56,86584.0,99.37661084355068,29034.9,0.0
591414,9035.67,34337.0,922.2649748322154,7140.0,3553.0
591476,6105.8,0.0,145.26188253338458,26866.53,0.0
591547,2794.91,39783.0,145.26188253338458,23582.79,5506.0
591576,4531.68,0.0,145.26188253338458,0.0,0.0
591579,5406.88,27166.0,2088.3716402116424,7558.0,4515.0
591608,5074.25,66933.0,145.26188253338458,48441.78,14937.8
591641,8556.58,52440.0,131.58995897581397,30171.21,0.0
591731,4064.18,26599.0,145.26188253338458,50544.41,10212.5
591758,3265.16,25820.0,145.26188253338458,41535.85,11991.2
591841,2677.28,0.0,145.26188253338458,32775.4,6743.1
591854,4070.05,37435.0,145.26188253338458,31805.92,18455.1
592003,73225.96,39547.0,1571.0215484811442,32369.45,8360.0
592034,8819.02,99845.0,619.0273653846162,13302.0,0.0
592064,5612.38,0.0,228.81403886321928,10577.77,7202.0
592088,4101.94,0.0,145.26188253338458,43990.03,5486.0
592145,7035.76,77235.0,145.26188253338458,38742.8,6467.6
592213,2664.24,82887.0,145.26188253338458,0.0,0.0
592218,2409.76,59665.0,145.26188253338458,4284.95,0.0
592251,30154.68,73359.0,145.26188253338458,39939.79,14996.7
592302,10377.37,0.0,336.7358957718434,15028.27,0.0
592350,2542.06,84495.0,16.575236431325052,32403.13,0.0
592431,10700.5,75313.0,145.26188253338458,37936.41,10535.5
592485,7282.97,40858.0,145.26188253338458,34693.49,9471.5
592515,2570.16,58498.0,145.26188253338458,0.0,0.0
592532,2472.47,63860.0,145.26188253338458,0.0,0.0
592966,8966.31,41829.0,145.26188253338458,40291.94,4046.0
592992,61850.19,0.0,145.26188253338458,23146.75,0.0
593007,4518.02,0.0,145.26188253338458,34559.18,13662.0
593039,7803.5,84417.0,233.68245091068232,11673.0,0.0
593116,2810.46,26790.0,145.26188253338458,38930.63,0.0
593190,7334.33,87957.0,145.26188253338458,35693.92,7301.7
593252,7295.43,26849.0,145.26188253338458,38440.76,8102.0
593277,5143.87,0.0,181.22708011583035,18068.0,0.0
593327,2554.44,12459.0,66.55178911754007,21708.08,0.0
593340,5305.09,26334.0,145.26188253338458,47448.27,6579.7
593386,10507.5,76549.0,290.0889878903857,31511.22,17187.3
593421,14206.98,26056.0,67.61288529406653,50222.14,20992.2
593506,5457.26,50044.0,145.26188253338458,45599.0,0.0
593651,9320.28,21033.0,145.26188253338458,20486.66,4925.0
593684,7868.1,24887.0,145.26188253338458,34411.81,10153.6
593710,2607.82,0.0,145.26188253338458,28819.85,5230.0
593781,2308.47,0.0,145.26188253338458,35086.270000000004,15447.0
593868,6106.47,60234.0,36.33513788593201,36114.47,9496.0
593885,5700.76,26811.0,145.26188253338458,0.0,0.0
594028,2414.07,0.0,145.26188253338458,37998.97,8323.9
594044,7689.7,42677.0,987.3154988039984,8766.85,0.0
594200,15563.37,0.0,145.26188253338458,0.0,0.0
594468,18542.3,0.0,145.26188253338458,0.0,0.0
594598,14137.23,31794.0,167.17296650226834,51116.06,18238.3
594606,3644.83,82477.0,1071.720958646623,6215.71,0.0
594626,7221.15,33811.0,145.26188253338458,0.0,0.0
594636,7457.47,0.0,543.3809988022364,8885.0,2501.0
594649,2429.6,23941.0,145.26188253338458,46777.18,14934.9
594672,20600.24,64541.0,145.26188253338458,34490.08,12709.5
594681,11599.5,67616.0,145.26188253338458,9874.65,0.0
594997,5338.53,48696.0,47.537068435536135,20966.02,16806.8
595024,7356.01,36812.0,145.26188253338458,39298.44,25272.0
595027,6005.21,26876.0,77.4870371897905,23052.58,0.0
595028,5994.26,74284.0,145.26188253338458,34292.77,0.0
595083,22620.75,49564.0,145.26188253338458,43248.59,5074.0
595169,5749.88,22814.0,145.26188253338458,36343.81,0.0
595215,2688.86,32808.0,16.366960915655422,30012.9,3457.0
595235,7297.69,24672.0,145.26188253338458,46372.47,21759.7
595236,2712.83,39618.0,200.6449746707196,15177.0,0.0
595320,2462.86,0.0,145.26188253338458,46672.33,34523.0
595323,2272.34,16618.0,145.26188253338458,45492.03,10037.7
595325,5149.3,26877.0,145.26188253338458,37532.4,9150.4
595334,6347.5,42259.0,2043.6673037342052,3506.0,0.0
595529,6375.08,98118.0,145.26188253338458,0.0,0.0
595624,6852.36,26313.0,6723.417741935508,3287.0,0.0
595658,10960.94,29815.0,145.26188253338458,47913.6,30457.3
595681,4762.82,65795.0,145.26188253338458,36411.96,2751.0
595747,8355.51,49564.0,50.48738461487526,31365.43,13571.7
595775,2393.12,22981.0,145.26188253338458,0.0,0.0
595965,4936.89,0.0,145.26188253338458,39128.7,4246.0
595978,5498.94,22520.0,77.33884217908313,20919.1,0.0
595980,13269.6,15616.0,79.12059261711639,28122.35,12598.0
596004,4881.75,0.0,145.26188253338458,43176.14,27399.9
596033,3041.79,13789.0,145.26188253338458,0.0,0.0
596153,4821.99,0.0,145.26188253338458,31062.04,5603.1
596171,8169.33,0.0,1598.2519832052938,9967.0,15038.0
596173,20003.14,33901.0,145.26188253338458,0.0,0.0
596179,3933.81,25927.0,145.26188253338458,31206.74,0.0
596297,7413.42,52130.0,255.26539731455009,13819.0,7921.0
596327,2434.09,0.0,14.352819079303424,36062.02,7541.1
596390,5251.98,59537.0,81.40011464968158,34098.74,0.0
596462,7757.13,0.0,404.0171875000004,12590.0,9853.0
596544,2448.65,0.0,135.69189018218623,13342.0,6029.0
596586,5365.54,77095.0,145.26188253338458,40660.97,20508.2
596674,9521.68,74583.0,145.26188253338458,46903.95,0.0
596787,8132.7,36737.0,39.71198984335597,38305.24,12942.8
596818,14042.1,88854.0,145.26188253338458,22461.93,5990.7
596911,24636.97,73716.0,145.26188253338458,41486.77,16741.8
597023,5525.47,64816.0,145.26188253338458,52755.34,4085.0
597124,5373.72,0.0,145.26188253338458,0.0,0.0
597156,5639.94,73168.0,717.6079828026965,13055.0,0.0
597189,4025.1,0.0,46.93401847125008,28546.58,11986.0
597191,2275.36,0.0,145.26188253338458,33621.66,9144.2
597197,2504.91,88264.0,145.26188253338458,33904.35,25905.3
597209,3420.66,11652.0,145.26188253338458,36743.71,4187.0
597228,4434.41,34549.0,24.737119901452544,32110.65,10412.1
597237,6940.97,0.0,145.26188253338458,36423.78,26744.4
597267,5170.36,89284.0,145.26188253338458,32724.45,0.0
597294,2791.88,72389.0,200.78212268488127,11491.0,0.0
597300,4982.68,52275.0,145.26188253338458,33689.48,6488.5
597313,12023.75,28879.0,145.26188253338458,17176.89,0.0
597522,3649.19,0.0,145.26188253338458,0.0,0.0
597532,11095.97,0.0,145.26188253338458,45697.87,5487.0
597630,4715.29,0.0,145.26188253338458,9212.64,0.0
597837,6446.71,55037.0,145.26188253338458,48434.03,15437.3
597897,4759.66,0.0,1392.047996794877,2361.0,0.0
597981,8789.88,22849.0,77.21505678262798,48374.66,6583.0
598016,4742.62,78596.0,31.16100770449309,36279.47,21183.1
598059,8459.05,92717.0,47.55715616961631,43502.55,27755.2
598258,5256.92,77693.0,145.26188253338458,0.0,0.0
598360,11009.13,51643.0,145.26188253338458,43832.09,20863.2
598364,5079.67,50052.0,51.61126240816245,30164.56,3335.0
598369,5847.42,23496.0,145.26188253338458,35018.37,20176.1
598398,5281.83,39658.0,57.40492749451618,26379.42,14353.2
598705,10094.13,32046.0,145.26188253338458,33384.92,0.0
598706,5244.4,68131.0,145.26188253338458,33920.41,7421.4
598711,12298.69,17101.0,398.52821821732994,10809.0,7421.0
598760,31758.35,44207.0,145.26188253338458,32794.14,0.0
598799,5066.63,35596.0,145.26188253338458,31829.19,15159.4
599078,2710.15,0.0,92.98202312319852,14879.0,14254.0
599145,2665.74,81538.0,145.26188253338458,26953.04,5756.0
599184,7442.57,57517.0,73.53375900718412,25426.72,0.0
599341,3891.54,31409.0,145.26188253338458,70961.8,22000.7
599369,14083.97,74916.0,145.26188253338458,27460.58,4639.0
599372,2537.74,0.0,145.26188253338458,31248.13,4089.0
599394,13770.98,59207.0,1489.3059851851851,8077.0,0.0
599442,2500.24,0.0,26.157585879412448,31491.16,10728.4
599483,3420.66,11652.0,145.26188253338458,44788.95,13384.6
599491,4993.03,75090.0,23.422003592531688,48645.88,10739.0
599560,8013.9,65636.0,124.87932904129244,24708.31,30221.4
599746,3167.66,0.0,145.26188253338458,34893.49,11785.7
599778,17646.73,36900.0,299.00871888351253,29439.42,12002.4
599873,5356.14,60752.0,683.5633216783233,4982.0,4611.0
599925,7334.52,83926.0,198.0953219576446,25304.19,3419.0
600013,4756.91,48938.0,203.310556206089,12654.0,0.0
600021,8457.46,26023.0,442.633873904877,10947.54,0.0
600063,4362.93,58842.0,145.26188253338458,28705.74,3491.0
600220,8107.27,0.0,145.26188253338458,0.0,0.0
600302,2719.51,14030.0,26.43399409513124,32624.02,2548.0
600309,3433.82,85367.0,254.1421358567084,9508.0,0.0
600432,23144.13,59821.0,195.8892749812172,45305.32,22088.3
600482,7865.18,75490.0,145.26188253338458,45436.83,2343.0
600541,27440.61,84306.0,16259.452353896208,759.0,0.0
600563,11714.78,21102.0,145.26188253338458,29099.12,12801.0
600598,4711.85,0.0,145.26188253338458,38779.2,31331.0
600651,2956.36,40901.0,145.26188253338458,40235.32,26395.7
600664,2438.53,38961.0,145.26188253338458,43871.56,18986.7
600712,13466.92,11432.0,293.2236777741987,30027.01,11248.0
600746,19160.99,22705.0,145.26188253338458,46005.97,0.0
600756,4102.2,0.0,145.26188253338458,43008.32,13365.1
600785,2432.96,28519.0,15.556964043270714,35291.09,0.0
600792,2785.42,66378.0,189.64104780143305,12662.37,3702.0
600820,4992.92,24368.0,145.26188253338458,0.0,0.0
600884,8007.4,0.0,145.26188253338458,35371.18,16531.9
600914,4276.92,18768.0,145.26188253338458,42904.28,3081.0
600923,8023.08,34335.0,145.26188253338458,0.0,0.0
601027,7122.27,64571.0,145.26188253338458,32195.58,10012.0
601068,8430.06,0.0,145.26188253338458,0.0,0.0
601105,12487.58,31283.0,145.26188253338458,30353.88,0.0
601131,5584.96,19724.0,24.36124973708867,64018.98,13637.0
601143,4726.87,13037.0,145.26188253338458,26154.85,5009.0
601167,4446.74,0.0,145.26188253338458,32971.8,0.0
601332,7540.91,61726.0,55.502953172702966,51432.41,4166.0
601341,20774.02,0.0,145.26188253338458,32402.46,10947.8
601407,4165.17,55897.0,145.26188253338458,25838.38,0.0
601448,4929.55,25632.0,37.850375919287806,43650.95,20184.0
601583,4718.56,15680.0,57.696024119929696,26005.66,0.0
601586,5129.74,86148.0,145.26188253338458,41585.68,4697.0
601597,5552.6,50470.0,145.26188253338458,25487.39,8494.9
601625,6928.6,22907.0,155.58552591103913,39494.8,6969.0
601626,8500.12,0.0,48.24839368681988,42382.85,23212.3
601681,2396.22,0.0,145.26188253338458,40497.35,18895.5
601775,2703.27,0.0,11.721230212548424,53877.95,17288.1
601834,5630.79,72874.0,31.753621759085696,41538.55,0.0
601940,10834.87,34612.0,145.26188253338458,29661.73,21214.8
601997,22758.91,80540.0,145.26188253338458,0.0,0.0
602014,3237.5,27982.0,145.26188253338458,36958.32,15600.0
602043,14932.1,39049.0,145.26188253338458,0.0,0.0
602068,4223.27,14170.0,61.53339343215264,27983.08,8103.5
602086,5142.39,35666.0,145.26188253338458,30629.7,0.0
602150,7288.88,79494.0,40.02589516759946,54951.31,0.0
602176,4330.39,60475.0,57.97530554006868,32643.03,12840.5
602213,18380.39,50407.0,145.26188253338458,33529.64,5452.0
602222,4549.34,23650.0,70.20012598327553,43409.97,10261.9
602275,13623.62,67060.0,893.841907535232,9806.62,0.0
602346,6066.12,32627.0,145.26188253338458,32696.37,8190.0
602361,5533.23,23241.0,145.26188253338458,29799.57,37021.5
602384,2750.54,34200.0,226.17534018203128,12889.43,6230.1
602574,18611.45,49673.0,162.56706841373068,35713.02,9329.0
602585,29232.69,28613.0,145.26188253338458,31623.09,0.0
602587,2570.24,49304.0,145.26188253338458,44178.5,10306.0
602649,4877.95,20178.0,145.26188253338458,18604.97,22209.1
602685,23950.37,39335.0,145.26188253338458,38566.81,13914.3
602694,4904.89,12902.0,1027.718053960967,9633.0,0.0
602783,3758.95,58300.0,145.26188253338458,38890.55,10736.0
602900,5122.72,58206.0,145.26188253338458,45365.51,3515.0
602931,22762.21,70521.0,145.26188253338458,29153.78,5441.0
603005,2776.58,50985.0,413.99170751634057,5075.0,0.0
603009,3871.78,0.0,291.6620184369842,10347.0,5116.0
603050,5568.95,0.0,388.462093414364,27746.77,19180.5
603070,2893.74,82611.0,58.29913249864309,35007.92,14841.7
603077,12206.89,17705.0,145.26188253338458,34562.28,13724.2
603079,6232.69,28334.0,145.26188253338458,49954.85,20112.8
603082,5024.03,91603.0,388.5107944915261,10424.0,0.0
603248,4157.7,0.0,145.26188253338458,0.0,0.0
603371,9830.34,25965.0,208.15714534344065,23778.64,9435.0
603407,2993.12,23277.0,145.26188253338458,32068.46,13647.8
603433,5380.09,0.0,2727.406736111116,4150.0,5143.0
603446,8663.55,93485.0,145.26188253338458,48000.08,12589.5
603531,4873.35,47824.0,145.26188253338458,45650.66,7271.3
603539,7668.81,92456.0,145.26188253338458,37453.68,15144.9
603545,2545.22,26746.0,47.57948477192026,37287.93,0.0
603587,4646.39,37530.0,145.26188253338458,22087.23,15503.3
603653,8031.71,40082.0,751.4287807587166,8738.0,3498.0
603658,2592.44,72421.0,145.26188253338458,45521.67,27758.3
603674,4953.36,0.0,145.26188253338458,53476.56,20844.4
603739,7492.06,39815.0,36.8952467686662,46469.66,10949.7
603744,13786.7,0.0,145.26188253338458,40231.8,2818.0
603775,4443.63,0.0,145.26188253338458,39679.03,15014.0
603968,3652.67,0.0,56.68471726190477,19651.95,21623.9
604019,3301.52,0.0,145.26188253338458,39376.74,7904.0
604039,5519.08,50406.0,145.26188253338458,0.0,0.0
604076,2525.42,0.0,145.26188253338458,0.0,0.0
604077,3713.8,93308.0,4368.003222341596,1683.0,0.0
604116,4554.91,90156.0,368.7981699201426,11711.0,0.0
604274,6062.44,0.0,145.26188253338458,68542.61,7962.0
604328,2713.37,31535.0,145.26188253338458,0.0,0.0
604332,23208.39,60233.0,171.2072813591385,32060.58,0.0
604436,2248.45,24910.0,11724.060714285972,1299.0,2663.0
604461,15362.35,48115.0,145.26188253338458,23182.66,3374.0
604470,3548.4,0.0,145.26188253338458,46361.35,12724.3
604471,5926.73,23091.0,145.26188253338458,8334.39,0.0
604510,22118.81,58645.0,1160.2997484909465,9943.0,0.0
604526,2938.81,96765.0,145.26188253338458,24999.54,11077.0
604630,12731.95,40870.0,145.26188253338458,0.0,0.0
604645,8034.52,0.0,161.01566635065544,23862.15,13649.9
604681,2711.9,0.0,145.26188253338458,46650.9,25119.4
604724,6988.4,22436.0,145.26188253338458,33537.92,2865.0
604772,2438.69,80927.0,145.26188253338458,47842.32,13425.0
604783,7519.13,96306.0,202.6106226376093,16423.53,0.0
604792,9986.66,24067.0,119.06239363978143,32701.29,4186.0
604822,3409.68,85023.0,364.2251921801227,48919.43,3645.0
604825,4929.55,25632.0,145.26188253338458,0.0,0.0
604839,2595.85,48608.0,145.26188253338458,0.0,0.0
604870,4213.92,12160.0,145.26188253338458,88048.58,23592.8
604943,7776.84,63568.0,145.26188253338458,33578.4,10784.2
605127,3508.57,20978.0,145.26188253338458,41612.95,9950.3
605134,20090.44,0.0,145.26188253338458,40556.36,25333.6
605184,20101.65,23638.0,220.70853913859605,29337.97,10662.8
605269,11431.73,28657.0,145.26188253338458,33487.87,7041.0
605320,2398.74,24182.0,145.26188253338458,41802.59,12517.2
605322,2601.35,0.0,145.26188253338458,33072.3,18804.8
605341,7634.86,0.0,145.26188253338458,22801.93,11061.8
605343,6382.05,88663.0,83.56565164360794,30497.54,0.0
605421,2594.81,0.0,67.14902419080393,51481.02,16782.7
605500,23903.68,0.0,87.0115864616514,46453.36,6474.0
605505,4787.47,0.0,22.630368705967687,31858.99,9278.0
605723,30205.01,0.0,145.26188253338458,33976.34,19217.9
605761,2414.64,79271.0,145.26188253338458,19770.04,7835.6
605768,25169.19,37282.0,145.26188253338458,0.0,0.0
605787,16301.97,19614.0,145.26188253338458,44130.25,12915.9
605790,10110.78,15752.0,145.26188253338458,34165.34,4003.0
605803,11003.54,0.0,145.26188253338458,40110.02,3829.0
605849,7295.43,26849.0,40.85012824957736,39480.8,2658.0
605874,6383.48,67881.0,266.38378810975644,16502.0,5119.0
605877,4455.84,0.0,33.373243237142724,41698.99,19499.9
605907,3286.17,60934.0,145.26188253338458,35760.74,16966.4
605926,2691.7,34322.0,145.26188253338458,33811.44,12678.7
606004,26338.59,60970.0,2759.8809617224883,7235.0,8521.0
606026,4110.62,31842.0,145.26188253338458,43665.37,12507.9
606060,3600.93,25147.0,145.26188253338458,30015.6,11634.7
606074,3636.56,25407.0,179.4023814994528,31597.2,11536.8
606076,4465.34,61846.0,145.26188253338458,0.0,0.0
606117,9805.83,47197.0,145.26188253338458,0.0,0.0
606214,12723.15,34665.0,145.26188253338458,33559.99,22902.2
606344,7635.55,54539.0,265.2174557808457,25310.07,0.0
606371,4082.7,23206.0,145.26188253338458,33216.5,12977.6
606396,8255.06,0.0,1058.4649531615926,11818.0,0.0
606455,4899.98,76594.0,145.26188253338458,30793.79,12591.1
606563,8237.25,48866.0,145.26188253338458,29147.44,8033.2
606600,9774.61,96018.0,145.26188253338458,37475.79,22017.1
606712,5479.56,56005.0,145.26188253338458,32279.83,9593.1
606811,6131.66,90778.0,145.26188253338458,0.0,0.0
606846,23444.9,69906.0,175.36542539093566,38376.39,3690.0
606852,2771.05,50071.0,145.26188253338458,29612.31,8392.3
606875,7371.59,0.0,145.26188253338458,57521.13,31747.4
606877,3261.02,0.0,21.37796394236814,37612.22,0.0
606962,9688.13,24584.0,353.11532124383393,14874.97,2384.0
606989,8509.85,26057.0,145.26188253338458,42452.89,19440.8
607115,2936.99,44369.0,145.26188253338458,35809.51,11999.2
607117,6689.02,56980.0,145.26188253338458,32755.38,6074.0
607123,13092.59,0.0,301.92543994507537,44400.13,17602.0
607266,5824.82,40964.0,145.26188253338458,0.0,0.0
607275,3185.17,13512.0,145.26188253338458,51328.52,17683.3
607292,6264.63,0.0,145.26188253338458,38809.82,12729.2
607347,3964.15,23474.0,55.030137779952696,28250.08,22760.2
607405,2994.35,55911.0,145.26188253338458,25629.11,0.0
607453,5316.76,28559.0,145.26188253338458,51319.3,19485.1
607480,2781.59,0.0,28.76678000198337,17817.64,11109.3
607489,2787.54,34927.0,27.36263177710844,41296.84,5345.0
607538,7288.3,59414.0,213.35031344819768,13141.54,13781.1
607548,5409.96,0.0,145.26188253338458,25018.19,13141.3
607555,8509.85,26057.0,145.26188253338458,40334.57,5003.0
607565,41787.9,46587.0,145.26188253338458,43191.55,11152.7
607588,12885.79,37050.0,1224.7148728409002,7362.0,4334.0
607662,3539.97,0.0,15.970934367115005,47650.55,31440.4
607696,5002.09,0.0,145.26188253338458,34130.71,3068.0
607752,5169.56,56334.0,145.26188253338458,0.0,0.0
607769,5678.05,0.0,388.688719054764,6657.0,4093.0
607847,5790.57,84551.0,300.0394718163237,15706.46,3178.0
607856,2661.73,24152.0,145.26188253338458,35983.03,16053.1
607885,2435.62,25703.0,145.26188253338458,38407.14,5711.4
607993,4911.46,52796.0,145.26188253338458,9669.36,8040.8
607997,12280.77,88340.0,140.34447970827847,31142.83,8508.2
608070,2589.7,0.0,145.26188253338458,49078.11,16586.0
608087,10232.85,22821.0,145.26188253338458,33790.76,0.0
608116,6048.57,0.0,45.843940780384365,46096.85,16482.5
608159,8723.67,33291.0,94.59198251234088,33006.53,3118.0
608241,5350.0,89158.0,37.29369344593537,33281.53,7717.8
608326,4490.55,0.0,234.7761769480521,10804.0,0.0
608370,3839.75,0.0,145.26188253338458,38595.63,16331.5
608384,2159.25,0.0,145.26188253338458,45191.0,19767.3
608419,2648.47,26540.0,145.26188253338458,39150.84,14802.7
608493,3095.71,0.0,145.26188253338458,36284.15,4137.0
608504,9766.22,75651.0,145.26188253338458,0.0,0.0
608508,4526.53,0.0,145.26188253338458,42695.45,16498.5
608517,7200.66,0.0,145.26188253338458,48869.64,0.0
608537,2867.31,23376.0,425.953663003664,7010.0,0.0
608601,4901.89,72859.0,145.26188253338458,30182.79,20939.1
608605,13024.22,26312.0,145.26188253338458,36604.36,16756.1
608739,4920.77,0.0,22.20124907292955,35306.09,15209.7
608758,3890.96,43578.0,145.26188253338458,35937.1,0.0
608850,3387.2,73268.0,145.26188253338458,42356.51,14361.9
608974,2248.45,24910.0,145.26188253338458,25902.03,7783.8
609009,3286.17,60934.0,25.81993240697888,35505.62,9115.0
609072,2619.17,15587.0,28.70316106045899,31169.09,0.0
609174,11923.75,24581.0,145.26188253338458,34332.44,16375.5
609184,5408.89,20472.0,145.26188253338458,37336.74,15022.0
609296,7684.89,62192.0,145.26188253338458,43824.66,7458.0
609532,7421.59,47406.0,145.26188253338458,54395.12,26943.0
609650,2809.77,74713.0,134.0025326655053,10013.0,0.0
609664,13160.34,94125.0,5764.228920000001,2598.0,0.0
609667,2436.84,0.0,31.281606459978025,35295.93,16054.9
609730,2656.85,18834.0,15.366283132507856,43522.93,25207.6
609778,26843.12,36068.0,202.3559698461328,36131.36,2174.0
609878,5092.79,46922.0,145.26188253338458,0.0,0.0
609971,6627.17,90751.0,42.277254092272095,34174.07,14961.0
610096,7809.52,69161.0,58.12076502732244,33014.15,20568.0
610393,4626.8,79487.0,145.26188253338458,29142.25,3486.0
610432,9414.12,20455.0,57.010875714885394,49941.8,26255.7
610465,27990.27,68343.0,324.4553020198173,30296.26,10565.9
610482,5012.18,20976.0,145.26188253338458,33300.26,11360.1
610573,4465.6,50909.0,145.26188253338458,42547.34,16395.1
610585,4160.02,96263.0,145.26188253338458,45329.86,9549.4
610631,9667.13,72885.0,145.26188253338458,0.0,0.0
610684,3148.42,0.0,145.26188253338458,46860.45,27351.4
610860,5035.74,72672.0,145.26188253338458,0.0,0.0
610916,2485.11,76608.0,584.449194587631,6354.0,3388.0
610946,4244.47,34220.0,29.185848768688214,49958.46,36821.2
611029,29091.24,34226.0,894.2732601555263,24002.53,23686.1
611046,3445.86,0.0,299.18382930136306,6261.29,0.0
611051,4470.18,0.0,29.535639980980758,33567.65,19516.9
611084,14748.92,31226.0,175.125432661028,29410.23,10239.1
611086,4595.46,76357.0,35.10613195700221,26672.03,14693.0
611247,7081.69,93854.0,145.26188253338458,0.0,0.0
611356,3129.11,48056.0,145.26188253338458,48729.07,0.0
611366,5656.2,45586.0,129.7078946762193,25508.79,5359.0
611415,4818.64,0.0,145.26188253338458,41019.66,9096.0
611436,7930.6,75988.0,145.26188253338458,47955.27,9538.0
611464,7329.83,0.0,145.26188253338458,24681.94,29357.5
611481,4678.42,83102.0,54.43005724704203,29069.13,12317.7
611538,5178.7,66943.0,145.26188253338458,41363.12,9486.7
611582,8476.81,55217.0,145.26188253338458,32143.4,26824.0
611618,2242.23,0.0,145.26188253338458,46956.75,9798.3
611667,7524.88,49530.0,349.08251143873963,14067.0,10096.0
611673,6559.35,0.0,145.26188253338458,33109.22,4070.0
611689,5712.38,24882.0,145.26188253338458,54524.17,5548.0
611765,3867.97,79628.0,146.57485984219272,17203.0,3453.0
611817,13197.93,0.0,65.51578242302253,36452.03,6489.0
611873,7735.47,0.0,145.26188253338458,42392.94,16087.7
611990,2733.43,93558.0,145.26188253338458,32906.61,0.0
612013,4455.52,31196.0,289.01954325997474,12199.69,0.0
612019,4282.95,40864.0,421.36839622641565,10848.0,10199.0
612060,3802.99,0.0,145.26188253338458,40372.64,17996.8
612074,5325.72,0.0,84.19679103928115,31885.91,0.0
612122,7955.44,0.0,145.26188253338458,38953.06,7144.0
612140,41075.43,21988.0,145.26188253338458,34694.24,14956.8
612144,64618.76,0.0,145.26188253338458,31957.51,8927.5
612162,9035.67,34337.0,117.61489078427296,28331.37,9529.3
612186,15950.02,0.0,145.26188253338458,35713.94,20371.0
612233,5528.21,36088.0,145.26188253338458,32677.77,0.0
612269,19259.84,35973.0,145.26188253338458,46229.15,0.0
612294,2756.47,43540.0,57.67577217347439,20174.96,16622.3
612311,12504.49,33746.0,138.20825842906444,29119.8,17154.0
612339,4163.79,11689.0,41.45346049358472,40420.73,7244.0
612370,2774.8,0.0,145.26188253338458,0.0,0.0
612488,6057.07,27681.0,145.26188253338458,46637.16,14222.0
612510,5035.74,72672.0,37.45201654531623,53130.28,19140.6
612555,4669.23,76157.0,145.26188253338458,47419.58,24374.2
612595,3109.01,77485.0,145.26188253338458,0.0,0.0
612650,5375.66,0.0,145.26188253338458,26668.11,4575.2
612664,6057.07,27681.0,47.12825759169152,33301.06,0.0
612703,8175.32,0.0,38.79016723755794,40542.77,5370.0
612719,2482.41,26100.0,145.26188253338458,41176.95,26452.0
612742,5785.22,31320.0,145.26188253338458,0.0,0.0
612795,2152.08,0.0,145.26188253338458,35483.17,3206.0
612834,8007.35,65473.0,145.26188253338458,32589.78,24273.4
612905,3920.51,0.0,145.26188253338458,30563.93,8880.6
612955,2879.51,42247.0,145.26188253338458,23197.8,4518.2
612963,2507.41,32893.0,3520.017884615402,3016.0,0.0
612995,11389.94,58187.0,145.26188253338458,34530.35,32575.5
613076,2448.65,0.0,145.26188253338458,36881.85,27248.7
613185,8639.09,62082.0,145.26188253338458,42315.35,4230.0
613195,2769.25,40506.0,33.57800336629499,23808.26,8284.0
613234,4582.69,19065.0,145.26188253338458,30309.91,0.0
613265,4895.81,54495.0,145.26188253338458,45435.98,21312.5
613303,2570.19,69446.0,145.26188253338458,42094.84,4717.0
613546,3567.5,0.0,28.770161290322587,42918.54,17597.3
613709,5770.68,0.0,145.26188253338458,0.0,0.0
613747,2471.53,95697.0,14.502185515633794,30924.7,0.0
613804,4620.39,0.0,29.83982288358268,43417.35,11089.6
613860,16045.11,0.0,985.8815694966617,12591.0,4251.0
613908,4644.9,0.0,145.26188253338458,32226.14,7170.6
613925,5182.94,83527.0,304.79695488721813,8680.82,0.0
614000,13989.85,22354.0,86.65675066722632,39684.27,0.0
614063,8485.39,0.0,37.47280555362868,43773.41,12488.9
614100,2651.62,33201.0,145.26188253338458,41719.78,8234.6
614106,2481.84,77993.0,145.26188253338458,27584.37,12767.2
614122,2452.06,30216.0,145.26188253338458,26331.54,8504.0
614164,4012.32,47221.0,145.26188253338458,43088.81,26119.7
614219,2442.22,0.0,15.721281744076816,46625.92,0.0
614221,6047.03,20396.0,340.752256587073,7918.0,0.0
614246,4015.21,0.0,145.26188253338458,33067.25,14554.0
614307,8072.25,57938.0,125.19760613473132,31733.46,15437.4
614350,5368.89,59601.0,145.26188253338458,46939.61,14177.8
614373,2759.98,92296.0,145.26188253338458,44997.03,18706.0
614377,2467.46,0.0,343.4869946605651,11266.0,0.0
614379,2222.87,0.0,145.26188253338458,26863.2,13806.4
614428,3679.14,60804.0,145.26188253338458,0.0,0.0
614441,2846.25,28919.0,145.26188253338458,25150.06,18245.6
614574,4686.81,32646.0,209.02806085044,14318.0,0.0
614634,7757.92,49682.0,57.34271885948039,37510.76,37261.7
614720,5493.02,24976.0,145.26188253338458,0.0,0.0
614721,8044.87,71391.0,151.08190526008883,51818.11,32178.3
614782,5580.92,31972.0,183.10104986876644,18497.94,7822.3
614787,5641.36,39469.0,145.26188253338458,3283.65,0.0
614810,2578.84,59974.0,14.853170401485835,30960.29,8987.0
614830,7416.2,0.0,145.26188253338458,52014.63,7380.0
614871,5627.3,61486.0,5409.9152765584,2979.0,5747.0
615022,2927.52,20852.0,145.26188253338458,27628.53,5631.6
615054,5049.69,61080.0,145.26188253338458,28904.52,7438.5
615131,27990.27,68343.0,145.26188253338458,39799.79,3288.0
615201,2713.56,0.0,145.26188253338458,31317.03,13007.8
615214,7583.56,81568.0,145.26188253338458,38749.26,0.0
615244,10455.49,28363.0,153.75844487062753,23503.36,12116.0
615251,4927.71,0.0,145.26188253338458,40603.79,7153.0
615327,13046.65,71024.0,286.1468492179378,20833.85,0.0
615385,2916.42,85210.0,91.84584124245043,23028.89,0.0
615394,4831.42,23228.0,551.7275258635077,30242.77,9926.0
615411,16938.3,0.0,145.26188253338458,53293.05,22843.5
615439,4763.33,14957.0,145.26188253338458,86997.63,25901.7
615528,5445.82,21006.0,145.26188253338458,27230.44,48612.2
615529,9155.24,0.0,87.12441120338731,38490.44,18557.2
615561,8036.45,0.0,19.859610905742645,86970.52,2626.0
615578,6866.09,0.0,145.26188253338458,40492.74,22315.5
615617,4369.72,88495.0,145.26188253338458,41546.4,10818.6
615662,4703.72,0.0,145.26188253338458,36494.2,22367.5
615673,4636.55,26802.0,145.26188253338458,48899.27,30560.2
615678,2755.75,49648.0,91.34557461313062,17944.5,0.0
615826,21423.64,0.0,145.26188253338458,44194.29,7851.0
615854,4974.8,75644.0,145.26188253338458,35758.48,8192.8
615945,5595.84,79189.0,920.0367567567567,9435.0,0.0
615989,6167.85,27289.0,53.372812944523474,37586.19,13760.0
616083,2574.02,34990.0,145.26188253338458,36826.22,36339.8
616137,10796.45,30761.0,1225.4576764001642,11663.63,0.0
616162,8247.95,49009.0,58.10926871733107,44600.68,12720.5
616183,6599.08,36060.0,340.39912379875653,18061.3,4404.2
616207,4151.55,0.0,1382.1669960474348,3499.0,4823.0
616220,4914.73,14232.0,35.95456765362583,36388.57,0.0
616226,8545.61,35456.0,145.26188253338458,38378.68,0.0
616342,12036.62,44428.0,145.26188253338458,43186.09,4325.0
616350,2674.73,56342.0,48.77529002088353,20197.21,0.0
616374,15626.28,50461.0,1025.235871440898,18784.48,7225.7
616416,4387.31,48015.0,145.26188253338458,53317.53,10077.6
616447,3971.35,23599.0,596.9290665751549,9791.0,5249.0
616500,9986.66,24067.0,145.26188253338458,34649.99,6794.0
616522,5217.51,39854.0,145.26188253338458,0.0,0.0
616611,6898.46,70950.0,145.26188253338458,0.0,0.0
616641,5548.03,67798.0,2641.344717391304,5557.0,0.0
616650,2592.44,72421.0,145.26188253338458,39393.34,4436.0
616667,6966.32,27972.0,145.26188253338458,30139.17,13376.0
616722,2619.34,78618.0,145.26188253338458,32732.42,16484.4
616739,3275.16,69263.0,145.26188253338458,19486.35,10932.6
616746,10820.0,37433.0,418.71289228159486,11849.0,4492.0
616835,5704.68,37675.0,101.24418706421216,38853.76,3660.0
616857,2791.91,0.0,29.056275038136373,41913.59,21084.3
616875,7285.03,44788.0,145.26188253338458,36940.33,0.0
616920,7882.99,23235.0,145.26188253338458,41158.01,17368.2
616956,3106.48,22076.0,1113.0875654450278,6282.0,4606.0
617008,5278.18,73742.0,145.26188253338458,39846.73,5681.0
617079,3196.58,62815.0,23.505117026805973,34943.54,11064.2
617099,5793.16,95733.0,145.26188253338458,38361.37,6427.0
617108,4476.81,0.0,251.76193300875156,13079.41,0.0
617171,4803.94,0.0,145.26188253338458,39578.57,6722.0
617263,8167.99,0.0,145.26188253338458,34497.66,4881.1
617296,33279.77,59130.0,145.26188253338458,23136.67,6556.0
617326,8047.41,29808.0,145.26188253338458,56134.58,16102.4
617348,12741.85,73054.0,145.26188253338458,36575.59,16619.4
617447,7780.49,87128.0,145.26188253338458,41185.3,26710.7
617471,2600.0,72766.0,145.26188253338458,38055.25,9025.0
617484,8903.97,15142.0,56.71358058515371,23117.56,5539.0
617489,25464.82,13663.0,318.4673023682912,93436.43,34339.1
617516,4970.36,49714.0,94.22752581389074,16373.49,11616.0
617670,5380.32,0.0,145.26188253338458,44850.69,8809.2
617916,4510.19,44230.0,30.16011218457631,32234.02,4368.1
617960,3528.04,31278.0,145.26188253338458,34585.93,9918.0
618022,2560.69,30027.0,145.26188253338458,39582.9,9127.6
618089,5580.82,57883.0,321.66532792925585,15606.0,4098.0
618100,5310.86,0.0,145.26188253338458,28435.19,0.0
618112,10244.24,0.0,145.26188253338458,29601.93,0.0
618124,2929.92,98473.0,145.26188253338458,41591.4,5577.0
618226,5096.67,22886.0,756.2132317073175,2960.0,0.0
618300,2582.19,68074.0,145.26188253338458,35457.41,8164.0
618302,8500.12,0.0,145.26188253338458,37435.8,11765.4
618309,5010.38,64014.0,33.245867873763814,37612.75,0.0
618329,6685.07,56270.0,145.26188253338458,49465.94,6207.3
618379,5528.08,0.0,145.26188253338458,38119.11,4815.0
618390,13111.11,67197.0,145.26188253338458,34532.87,11692.9
618409,9123.91,70737.0,48.35461041135883,31156.75,4193.0
618461,8717.56,0.0,145.26188253338458,45131.23,13543.2
618494,2555.05,0.0,66.4618906784493,21598.8,0.0
618523,9939.26,13207.0,145.26188253338458,40051.62,7776.7
618524,58753.88,24964.0,145.26188253338458,36100.84,4972.3
618601,7919.83,0.0,72.33360927635648,38196.75,22648.4
618656,2413.93,12495.0,32.733787616099086,26014.12,0.0
618719,2537.93,25506.0,145.26188253338458,44874.68,22761.5
618731,5555.83,74015.0,33.97279360397423,40090.42,10400.6
618817,9567.71,81410.0,145.26188253338458,39060.18,0.0
618823,2514.59,43860.0,145.26188253338458,33935.44,2963.0
618824,2624.9,18129.0,145.26188253338458,34168.04,0.0
618830,5797.6,69276.0,145.26188253338458,49622.53,10191.6
618871,7324.29,0.0,622.7267295597492,10791.0,11361.0
618877,14455.86,0.0,5710.377597402604,5481.0,4699.0
618886,5543.8,64255.0,145.26188253338458,35943.15,9288.4
619141,5007.67,51523.0,173.93920500685184,11242.19,10562.1
619268,3008.1,80681.0,145.26188253338458,42924.96,4789.9
619337,9802.55,84429.0,1813.1405827702704,6787.0,0.0
619404,9657.58,0.0,64.42622911868993,36833.54,10311.3
619483,12992.28,0.0,145.26188253338458,46832.6,6703.2
619537,15417.68,69841.0,145.26188253338458,39256.58,23487.9
619548,7582.11,64801.0,71.42841552385707,30722.14,14402.5
619596,6207.17,49419.0,643.0018589470709,8049.76,2689.0
619693,8237.38,70882.0,145.26188253338458,49928.99,25564.0
619826,12036.62,44428.0,145.26188253338458,24875.71,6268.1
619840,7584.36,87473.0,145.26188253338458,43136.6,0.0
619916,7432.2,0.0,61.14725214286576,35891.29,4159.0
619920,3605.97,13199.0,145.26188253338458,51197.46,12929.0
620078,3230.58,62873.0,195.25777446597127,10738.0,6916.0
620084,7396.72,41045.0,129.1326815642458,23829.09,0.0
620094,7251.33,18665.0,38.11682045811964,43525.45,11499.6
620122,15114.4,28513.0,145.26188253338458,36680.64,15608.2
620406,3095.71,0.0,145.26188253338458,27202.21,23885.3
620446,8997.04,54230.0,145.26188253338458,21458.43,3897.0
620465,4764.19,0.0,145.26188253338458,40117.89,3368.0
620480,8401.79,0.0,58.883512864823366,32395.82,11668.6
620563,10408.97,20228.0,145.26188253338458,45504.22,35120.3
620584,5886.62,0.0,145.26188253338458,37297.81,15932.1
620587,4682.25,37929.0,145.26188253338458,0.0,0.0
620674,7329.78,59630.0,13814.301376936402,2181.0,0.0
620741,4810.98,24711.0,99.23414295079004,24930.36,3415.0
620792,5200.23,23401.0,629.8811807260904,9223.95,0.0
620858,7974.95,26118.0,145.26188253338458,55357.08,18392.0
620969,19160.99,22705.0,2367.5563134732597,10410.0,4057.0
620990,3398.01,0.0,220.65000000000012,14429.0,5053.0
621006,8111.65,30622.0,145.26188253338458,45976.94,5536.6
621072,7772.47,58345.0,415.6705567765573,8652.0,0.0
621093,2630.21,80129.0,12.904509059789236,37541.68,12153.6
621180,2254.4,0.0,145.26188253338458,29385.35,19619.1
621190,8259.11,20305.0,35.99290726371177,45130.47,3640.0
621218,6085.3,44712.0,145.26188253338458,28672.91,7968.6
621279,5050.83,0.0,53.89602181700537,31486.17,2669.0
621583,2402.82,21629.0,145.26188253338458,50654.36,0.0
621695,2758.5,65794.0,145.26188253338458,40630.99,0.0
621731,7462.93,70263.0,145.26188253338458,39103.35,7691.2
621750,5515.25,75963.0,145.26188253338458,35322.43,9305.1
621814,4349.31,75648.0,145.26188253338458,36486.25,5329.5
621823,16510.97,31356.0,772.6287243589744,10131.0,4331.0
621832,7507.46,60920.0,145.26188253338458,30622.02,4158.0
621876,6289.8,40675.0,145.26188253338458,39725.23,9130.7
621940,4883.55,19096.0,163.07888950559308,13936.33,20066.2
621951,7911.63,43916.0,48.97936426361638,39304.51,15911.7
622006,2633.01,21861.0,145.26188253338458,53925.78,11384.2
622019,29297.33,0.0,145.26188253338458,42105.65,18154.6
622036,4078.29,57031.0,1329.0855803571428,9406.0,0.0
622171,4956.62,31562.0,1723.0155238095238,2647.0,0.0
622269,4949.8,21342.0,145.26188253338458,0.0,0.0
622302,8935.03,39910.0,1652.399569329507,2490.0,0.0
622324,9238.31,0.0,145.26188253338458,39561.57,0.0
622334,7555.83,0.0,51.84708787448866,35526.21,0.0
622527,10793.76,24195.0,57.4440328358064,35288.85,0.0
622610,6863.71,0.0,145.26188253338458,26217.56,3609.0
622632,8661.74,85470.0,145.26188253338458,0.0,0.0
622697,4058.67,0.0,69.42590315898661,19785.71,0.0
622776,9259.73,17109.0,278.9574069743451,23516.77,9639.0
622794,15284.33,48885.0,88552.07063492258,1670.0,0.0
622801,12731.95,40870.0,145.26188253338458,0.0,0.0
622822,10010.14,66371.0,390.84123316538864,15186.62,0.0
622883,20925.9,44342.0,145.26188253338458,32233.6,14037.2
622906,2693.61,0.0,145.26188253338458,31474.7,10885.1
622953,4688.46,27357.0,145.26188253338458,0.0,0.0
622975,2846.17,39192.0,145.26188253338458,24063.6,0.0
622992,2523.07,43072.0,145.26188253338458,0.0,0.0
623008,2217.66,0.0,149.16079238329257,13163.0,0.0
623071,13799.05,0.0,381.09116325171766,12906.18,6151.0
623144,5391.78,63633.0,145.26188253338458,43987.75,25917.2
623154,5122.72,58206.0,345.7030938000742,6390.87,0.0
623222,6521.37,72608.0,145.26188253338458,42524.24,12376.6
623327,8414.94,72258.0,121.74006325902916,31678.38,0.0
623341,2640.59,59961.0,145.26188253338458,0.0,0.0
623478,5638.05,70492.0,145.26188253338458,22692.43,6511.3
623537,7619.52,64749.0,145.26188253338458,35504.21,17922.9
623569,3623.45,0.0,145.26188253338458,33101.99,9303.2
623654,3673.99,41185.0,182.05518422648424,9241.72,20536.0
623688,3954.34,18375.0,17.48004248495829,36145.52,19887.2
623861,3491.74,0.0,145.26188253338458,41973.56,7519.0
623903,8456.72,84574.0,55.1258945202764,42664.04,10305.6
623946,2786.66,94310.0,1300.678900255758,5128.0,4084.0
624065,9403.88,56410.0,82.96631956530146,28173.75,12004.2
624216,2310.88,0.0,17.754746688895068,44290.41,20163.5
624407,15470.6,68086.0,145.26188253338458,39269.38,5850.0
624463,2453.57,29735.0,145.26188253338458,35507.1,12570.3
624485,2687.31,82210.0,145.26188253338458,0.0,0.0
624487,12036.62,44428.0,145.26188253338458,47511.28,3024.0
624528,8693.63,17453.0,145.26188253338458,0.0,0.0
624569,5320.61,32116.0,408.045100854462,11605.0,0.0
624621,2692.06,92593.0,145.26188253338458,29656.32,21082.4
624704,3096.51,21604.0,261.2233012326657,10838.0,0.0
624881,25763.41,78804.0,365.9565789576097,29439.11,2549.0
624929,5295.74,50200.0,145.26188253338458,38574.99,27732.9
624935,8458.53,57394.0,145.26188253338458,43654.79,5374.0
624980,6369.26,34498.0,145.26188253338458,32406.08,10820.8
625033,42561.63,66661.0,145.26188253338458,43396.3,16018.6
625123,3873.65,28142.0,145.26188253338458,40476.79,0.0
625183,8161.94,32967.0,145.26188253338458,44848.96,11722.6
625318,4077.5,53093.0,1109.0070789865897,5950.0,10008.0
625320,9220.01,0.0,361.6272995916617,14641.0,0.0
625434,4050.51,88454.0,145.26188253338458,49756.57,20541.2
625451,2529.08,89129.0,145.26188253338458,44965.39,32835.7
625458,8827.23,0.0,145.26188253338458,37742.76,4075.0
625497,2363.3,27839.0,145.26188253338458,48674.88,24640.1
625524,7713.49,45506.0,145.26188253338458,35178.14,7791.9
625557,8605.5,47589.0,145.26188253338458,37490.24,7052.0
625599,2585.21,28137.0,540.1268746422442,35117.27,7820.0
625621,6225.02,53078.0,145.26188253338458,36547.73,0.0
625784,5133.41,53390.0,37.16468283878136,28668.15,12314.5
625859,2570.76,0.0,145.26188253338458,23967.4,2786.0
625870,4282.95,40864.0,145.26188253338458,46201.39,4465.0
625945,5846.11,85956.0,41.10180118807915,36914.67,2962.0
626030,17497.52,0.0,155.99191047461653,41145.4,3482.0
626046,10244.24,0.0,2304.796137250875,5758.0,0.0
626068,13976.52,77094.0,7178.372138836809,1272.0,0.0
626070,2805.1,26004.0,145.26188253338458,0.0,0.0
626149,5651.4,44634.0,145.26188253338458,36656.13,23453.6
626211,2504.87,66081.0,145.26188253338458,21115.33,11973.8
626217,8024.99,38702.0,145.26188253338458,0.0,0.0
626312,3712.43,73205.0,145.26188253338458,0.0,0.0
626326,4692.05,82534.0,145.26188253338458,0.0,0.0
626474,10972.07,24164.0,145.26188253338458,48557.6,21227.1
626510,9422.57,47272.0,145.26188253338458,0.0,0.0
626542,3554.85,58557.0,28.41517518220468,38827.56,31328.1
626560,9100.79,38898.0,810.3240404943907,7477.0,5353.0
626664,5678.05,0.0,145.26188253338458,29629.02,11389.0
626746,8099.84,25949.0,115.8875321916171,31718.6,13650.1
626762,4794.96,82763.0,102.01546995676892,21591.72,0.0
626767,4420.25,0.0,168.67067709785354,11616.0,3500.0
626973,6803.62,0.0,145.26188253338458,49203.67,3392.0
627107,5220.28,0.0,1364.4126029359184,2183.73,0.0
627191,10053.55,16511.0,395.4195072628268,12026.35,8236.5
627244,7440.92,34137.0,145.26188253338458,0.0,0.0
627354,16484.02,91354.0,145.26188253338458,44840.8,15560.4
627373,2397.04,22283.0,1869.486324786332,5487.0,0.0
627428,8110.33,11489.0,38.27447597203117,47124.15,6515.1
627485,3740.4,0.0,145.26188253338458,49426.32,2577.0
627489,4715.29,0.0,145.26188253338458,38176.28,38704.9
627502,4908.21,33305.0,1028.6105167464116,7713.0,0.0
627568,11971.98,64195.0,145.26188253338458,16434.27,0.0
627670,6066.12,32627.0,42.105111893182965,51202.28,8367.0
627778,6788.08,0.0,119.83677062374252,35667.31,18017.0
627791,5107.62,0.0,145.26188253338458,40055.26,0.0
627826,5420.34,21881.0,145.26188253338458,42178.16,20475.3
627869,2753.78,0.0,145.26188253338458,0.0,0.0
627893,4554.91,90156.0,145.26188253338458,29979.46,7417.6
627913,5322.29,33681.0,145.26188253338458,0.0,0.0
627915,16874.33,55390.0,145.26188253338458,44399.72,18830.2
627970,5821.79,60087.0,50.780079194765584,42528.6,0.0
628017,8763.45,20132.0,145.26188253338458,53315.11,9622.0
628081,7858.05,20532.0,145.26188253338458,35579.78,0.0
628096,5595.84,79189.0,145.26188253338458,41790.63,0.0
628130,2714.65,88545.0,145.26188253338458,42628.75,0.0
628169,5278.65,29899.0,145.26188253338458,44214.58,23978.1
628180,4369.7,40774.0,145.26188253338458,39013.22,13532.4
628211,3644.83,82477.0,16.136114658874927,45185.6,13341.8
628258,5288.24,28884.0,26.15362949848244,43624.29,16595.4
628320,3265.16,25820.0,145.26188253338458,43686.24,4677.0
628409,2642.93,58729.0,145.26188253338458,33223.23,10979.2
628431,8236.92,0.0,64.77696063292977,37980.64,33340.8
628452,3038.11,31532.0,145.26188253338458,0.0,0.0
628475,12515.18,0.0,145.26188253338458,42920.36,22192.9
628533,10003.25,98192.0,68.96464962859335,34648.86,19227.5
628578,12231.88,43244.0,145.26188253338458,48932.03,3567.0
628596,2760.48,79065.0,145.26188253338458,43202.83,6608.2
628618,13736.13,16181.0,145.26188253338458,41912.07,17483.1
628669,3482.04,0.0,145.26188253338458,40503.62,20986.6
628837,9283.74,24314.0,23103.852954545964,1785.0,0.0
628840,24096.24,0.0,3423.116606123511,8161.0,0.0
628844,2288.76,0.0,17.402021840431672,31895.77,3956.0
628860,9585.5,26432.0,145.26188253338458,32426.54,14960.9
628917,2468.44,65876.0,21.89492639160928,39781.64,20558.3
628924,6715.34,0.0,31.33676519471222,42048.95,51826.7
628952,2509.11,33555.0,145.26188253338458,35187.66,7793.8
629177,2396.19,39062.0,145.26188253338458,47946.64,8878.7
629267,5032.17,66367.0,145.26188253338458,0.0,0.0
629299,2444.74,0.0,145.26188253338458,31604.67,0.0
629341,5350.37,58357.0,145.26188253338458,0.0,0.0
629394,11790.5,25251.0,222.6694520618824,19260.02,9007.0
629410,2616.61,72302.0,145.26188253338458,41802.24,14041.1
629642,5275.63,70446.0,145.26188253338458,33973.88,18132.2
629706,2874.09,33462.0,145.26188253338458,35231.4,16105.8
629753,5771.61,65709.0,145.26188253338458,33823.45,0.0
629966,3329.89,75556.0,1708.6361527647646,5005.0,4047.0
629995,5799.83,60689.0,3637.350429553278,1737.0,0.0
630034,11702.35,0.0,243.08579566796067,14504.14,2544.0
630071,2392.13,0.0,145.26188253338458,44772.2,17656.7
630209,4031.1,0.0,103.54338494018296,21695.99,12219.2
630265,22643.83,93011.0,145.26188253338458,41908.05,11617.7
630290,5802.84,0.0,336.5809496567506,19033.56,0.0
630320,4700.58,76694.0,145.26188253338458,41215.66,0.0
630338,22855.61,20832.0,145.26188253338458,39913.29,9311.9
630396,5223.43,16513.0,145.26188253338458,49051.59,5282.0
630588,2199.74,0.0,8.489881783191642,50609.26,0.0
630694,2580.85,46900.0,358.57873800944105,6163.23,8734.3
630711,12590.94,62575.0,145.26188253338458,35592.65,5158.5
630869,4715.32,0.0,28.34958227364372,31133.72,12191.3
630880,5235.57,71794.0,145.26188253338458,44753.51,4444.1
630920,7380.98,65706.0,340.24472088911386,8347.0,0.0
631051,7276.34,0.0,145.26188253338458,40809.53,15580.0
631070,2784.97,61807.0,211.11402907580475,15572.0,5418.0
631100,16473.17,22828.0,37501.29137214155,3257.0,3612.0
631200,4964.67,98451.0,145.26188253338458,39305.62,12892.4
631232,4794.93,46143.0,145.26188253338458,0.0,0.0
631369,9816.53,37256.0,145.26188253338458,0.0,0.0
631379,9156.27,61200.0,43.50543941896218,48332.22,0.0
631406,2890.34,51906.0,38.14795623182955,38487.57,19529.3
631442,3728.87,83632.0,145.26188253338458,0.0,0.0
631543,15487.44,69161.0,145.26188253338458,48689.15,17045.2
631557,5746.15,61990.0,145.26188253338458,37873.52,21227.1
631583,2552.23,35149.0,145.26188253338458,37281.6,7607.6
631661,5460.37,31530.0,36.91461908042912,44367.79,14073.3
631683,4917.89,0.0,145.26188253338458,38430.18,27659.7
631704,3167.66,0.0,145.26188253338458,32514.19,7202.0
631714,26197.41,18495.0,145.26188253338458,0.0,0.0
631801,3574.99,51950.0,276.6120724985871,15865.0,0.0
631821,5200.23,23401.0,145.26188253338458,29146.94,12916.5
631839,8283.07,71034.0,145.26188253338458,46654.97,2221.0
631853,7180.97,42303.0,145.26188253338458,46616.9,24189.4
631854,14230.32,78046.0,145.26188253338458,50551.01,10014.0
631869,3297.9,0.0,145.26188253338458,35970.1,4096.0
632097,11610.25,41503.0,84.31554103122731,38963.02,0.0
632103,3259.89,52782.0,145.26188253338458,30770.23,22494.2
632130,3347.03,37138.0,145.26188253338458,49251.78,0.0
632199,19690.44,36032.0,81.06260545905707,37749.45,37045.7
632352,9988.79,33157.0,125.80774154589376,29524.45,6425.8
632398,7143.04,59789.0,145.26188253338458,41212.9,17906.2
632399,7434.25,51408.0,75.05604652449313,38381.56,6887.0
632435,2491.26,25965.0,47.84079023517651,18303.1,10239.0
632515,2773.46,73478.0,128.9242103922569,11700.0,5617.0
632556,8672.19,22547.0,145.26188253338458,32560.98,11884.1
632638,3619.06,0.0,145.26188253338458,41927.67,3182.0
632720,5340.54,58493.0,145.26188253338458,37839.77,8557.6
632793,4097.37,20079.0,29.784989205595576,34697.71,7772.9
632816,8709.85,85185.0,145.26188253338458,0.0,0.0
632826,2898.73,0.0,24.27717358881362,35882.68,7384.0
632951,44771.3,0.0,9445.967919075149,8647.0,4102.0
632974,7035.97,86642.0,1385.681142086331,3034.0,4108.0
632981,15759.62,55800.0,176.8876113569481,30689.94,0.0
633067,4064.67,26161.0,145.26188253338458,0.0,0.0
633135,4473.88,0.0,145.26188253338458,38252.84,8483.5
633140,4957.03,62803.0,145.26188253338458,46039.78,15359.6
633162,2439.93,50876.0,9895.271666666884,2712.0,4137.0
633202,2872.67,79681.0,145.26188253338458,42380.57,28146.1
633299,7778.53,63786.0,76.01372889372797,23983.71,3892.0
633330,9599.95,0.0,92.02035497001798,34666.84,0.0
633332,6121.11,26787.0,1720.825532734283,6928.0,0.0
633339,7754.67,0.0,145.26188253338458,0.0,0.0
633458,4990.34,0.0,145.26188253338458,36519.73,11500.0
633490,4170.69,29462.0,145.26188253338458,0.0,0.0
633627,3774.86,66457.0,145.26188253338458,25350.07,25676.4
633631,5808.93,43282.0,145.26188253338458,26714.7,0.0
633640,15550.19,17449.0,145.26188253338458,52238.87,20587.2
633734,5728.58,29730.0,231.72326395815327,15060.92,0.0
633749,10990.59,44552.0,145.26188253338458,49008.18,9363.2
633787,12282.84,36328.0,116.6926068215892,39109.06,28298.6
633861,2730.97,24967.0,145.26188253338458,54135.34,5136.0
633910,9902.39,0.0,1073.0447352795663,9109.0,16158.0
633938,13869.93,28432.0,145.26188253338458,23574.15,0.0
633992,8798.31,24550.0,145.26188253338458,32975.91,6284.0
633999,5028.58,70828.0,184.22480176653625,17121.0,3690.0
634181,12168.74,14973.0,145.26188253338458,43219.08,6680.4
634185,3719.25,40968.0,56.81373198666351,26608.48,6665.2
634269,7324.29,0.0,145.26188253338458,43920.74,0.0
634328,12584.01,83013.0,30730.354482606555,2840.59,0.0
634386,2558.18,0.0,19.382565284178188,40066.21,19871.8
634392,2448.77,40658.0,46.7478948304358,29762.78,0.0
634418,8401.79,0.0,62.84447666376355,35624.07,0.0
634423,4650.06,28215.0,29.238640618145155,38423.19,14631.8
634503,20186.35,0.0,145.26188253338458,44653.57,0.0
634615,14274.55,0.0,632.6910443230117,16739.0,3411.0
634727,2195.91,0.0,23.132587651955077,28675.78,0.0
634807,4706.68,0.0,145.26188253338458,42727.13,11687.0
634850,2690.07,87313.0,145.26188253338458,39988.16,18663.2
634900,17367.53,41418.0,145.26188253338458,34583.75,11314.0
634916,4504.16,0.0,63.46025929376162,23913.36,0.0
635026,12052.89,43184.0,145.26188253338458,0.0,0.0
635084,8068.62,51584.0,145.26188253338458,20320.18,0.0
635162,5555.83,74015.0,145.26188253338458,30718.89,0.0
635225,4376.36,63774.0,145.26188253338458,34327.94,9830.0
635249,4665.13,0.0,145.26188253338458,37384.04,8418.9
635302,2423.76,22319.0,121.13268827019628,15990.0,5480.0
635334,35440.14,74560.0,664.8942750524284,22661.2,0.0
635398,5392.5,80550.0,145.26188253338458,0.0,0.0
635509,8083.92,31506.0,306.7183783783788,10851.0,0.0
635517,2914.09,28523.0,340.9111698717957,8317.0,0.0
635531,5580.92,31972.0,145.26188253338458,44123.64,19556.0
635616,6451.26,30857.0,145.26188253338458,40526.68,7889.0
635715,8370.57,33409.0,145.26188253338458,33150.34,0.0
635719,2489.66,0.0,145.26188253338458,43978.0,15648.4
635805,7712.44,63624.0,230.4966811140103,18005.11,10009.2
635907,7553.94,38008.0,699.0842038539557,11261.0,0.0
636000,3671.82,42460.0,27.545102345892005,33924.95,8238.4
636012,6521.37,72608.0,145.26188253338458,45698.18,10278.1
636017,2674.08,68787.0,126.27728135242378,11742.0,0.0
636045,14616.37,25358.0,145.26188253338458,17177.03,3008.0
636177,6945.02,15850.0,145.26188253338458,44533.07,3161.0
636206,5340.81,0.0,145.26188253338458,0.0,0.0
636213,24238.66,0.0,145.26188253338458,33012.65,8571.0
636293,8692.28,31986.0,145.26188253338458,36294.29,0.0
636413,7322.93,80864.0,37.37003665881854,41841.95,13193.2
636505,4865.37,27228.0,145.26188253338458,44726.04,17082.0
636533,3041.79,13789.0,1934.239285714298,4630.0,0.0
636673,8428.47,12180.0,145.26188253338458,31761.9,0.0
636745,5509.9,78879.0,145.26188253338458,1647.3,0.0
636749,24672.66,0.0,145.26188253338458,63986.88,0.0
636753,7013.44,92107.0,63.24127435867031,25740.92,7802.0
636813,11793.13,32214.0,145.26188253338458,35574.54,3871.0
636965,4630.36,0.0,57.43184629395536,26096.93,4206.0
637100,2392.11,17870.0,145.26188253338458,0.0,0.0
637151,9156.27,61200.0,145.26188253338458,24536.65,19529.6
637235,4605.87,47481.0,145.26188253338458,0.0,0.0
637249,2586.81,0.0,145.26188253338458,43355.4,16337.1
637396,6570.97,52951.0,145.26188253338458,47676.74,12800.3
637453,4983.11,0.0,145.26188253338458,0.0,0.0
637532,6680.15,24432.0,145.26188253338458,40893.8,9096.0
637580,10571.54,94137.0,145.26188253338458,40288.42,21524.1
637641,5158.65,0.0,145.26188253338458,43519.85,7259.9
637655,5377.01,35637.0,145.26188253338458,37732.05,18945.7
637687,5290.13,27179.0,35.28029223353835,32924.43,19024.5
637721,2004.35,0.0,18.36814101893504,40075.72,0.0
637760,2300.69,25905.0,145.26188253338458,39099.58,27479.3
637765,2787.5,62506.0,21.18725687821213,39768.64,10037.8
637927,7292.91,0.0,3861.574685686662,1046.0,4797.0
637986,2620.9,39278.0,145.26188253338458,45297.22,24428.3
638004,8029.72,76081.0,230.18274207355887,16998.16,6948.0
638085,2908.02,74212.0,145.26188253338458,0.0,0.0
638152,5116.24,0.0,145.26188253338458,32514.97,12345.4
638162,3490.03,90985.0,145.26188253338458,32206.51,9572.0
638207,8107.27,0.0,145.26188253338458,26686.69,0.0
638237,7519.13,96306.0,139.6517351629154,21459.55,5521.4
638253,2248.45,24910.0,145.26188253338458,37001.06,15681.9
638264,8267.85,59597.0,1235.7761056511083,7683.0,3483.0
638368,4334.06,23904.0,145.26188253338458,22414.77,0.0
638389,8649.18,43383.0,145.26188253338458,31727.48,15283.2
638466,8256.3,62902.0,145.26188253338458,3826.87,0.0
638469,5866.42,26608.0,82.61256370784481,52199.7,24086.8
638495,24249.34,33651.0,145.26188253338458,35083.51,7224.0
638506,3280.46,63297.0,15.805272085272083,42208.76,40708.0
638528,5619.07,50335.0,145.26188253338458,0.0,0.0
638602,4428.03,58577.0,145.26188253338458,34918.2,21329.4
638618,4553.81,61064.0,145.26188253338458,37946.77,0.0
638685,2480.05,93383.0,145.26188253338458,39304.31,7112.8
638732,4422.62,35979.0,145.26188253338458,43539.52,12678.2
638733,15814.75,0.0,145.26188253338458,39607.3,38191.5
638740,3308.0,79797.0,145.26188253338458,0.0,0.0
638754,5350.21,41336.0,25695.087500000467,604.47,0.0
638804,4916.58,21907.0,145.26188253338458,26488.57,17117.4
639116,8653.3,20588.0,756.9874652478197,5868.55,0.0
639117,6692.14,63221.0,56.58928232192422,40042.63,13648.0
639145,5325.72,0.0,145.26188253338458,34104.21,11167.0
639258,3293.25,0.0,84.50523396417428,19340.99,0.0
639346,2482.92,0.0,145.26188253338458,0.0,0.0
639383,4381.18,20597.0,3250.265650406516,3230.0,0.0
639419,35062.65,84811.0,324.83270654427025,28297.56,30972.1
639466,2837.11,90893.0,475.3114213586299,5743.0,0.0
639510,4518.02,0.0,145.26188253338458,43004.74,15078.4
639584,5980.85,22946.0,145.26188253338458,0.0,0.0
639613,9774.61,96018.0,72.34882228326849,45128.13,7867.3
639626,5453.71,69468.0,836.7398696931505,6109.0,2643.0
639701,4386.28,10621.0,145.26188253338458,43732.17,20623.6
639705,5618.49,24518.0,145.26188253338458,55178.04,21193.9
639807,2451.54,48791.0,14.853000770194363,33459.66,5667.7
640009,21941.86,26378.0,610.5431104583207,16090.56,3578.0
640082,5511.03,36267.0,145.26188253338458,43312.67,4517.0
640110,2852.53,26841.0,145.26188253338458,36557.14,0.0
640116,7806.14,23706.0,145.26188253338458,29048.46,19158.0
640163,8823.85,75741.0,6298.641297262093,7031.0,0.0
640238,11014.16,67575.0,145.26188253338458,53060.4,29374.6
640244,5126.54,33169.0,145.26188253338458,32908.26,12595.0
640285,35984.1,0.0,145.26188253338458,25392.65,4128.0
640418,10477.78,61427.0,145.26188253338458,29843.23,18754.9
640555,7109.34,92423.0,145.26188253338458,27225.51,2979.0
640588,3438.95,55910.0,58.67692361630518,27067.21,3407.0
640614,2554.03,0.0,14.345678926852845,46926.58,13935.0
640831,19776.57,70699.0,145.26188253338458,34787.59,19947.7
640833,5568.89,53295.0,32.15292761928164,41591.34,2633.0
640920,4505.41,67801.0,1514.0168635875511,566.2,0.0
641039,20774.02,0.0,546.4864204530439,19039.23,18154.5
641050,2514.59,43860.0,145.26188253338458,39545.86,10609.3
641103,2722.41,58620.0,20.13878046111192,30025.56,0.0
641121,2537.74,0.0,145.26188253338458,0.0,0.0
641123,4737.41,0.0,145.26188253338458,52874.0,20828.7
641159,5052.38,34645.0,145.26188253338458,23428.59,33592.2
641160,12234.36,0.0,145.26188253338458,31687.66,16127.8
641162,2846.17,39192.0,801.9959212557925,2040.0,0.0
641164,2965.72,26472.0,145.26188253338458,29129.8,11463.6
641189,2356.7,0.0,35.41235033791897,33625.09,6346.0
641327,7873.57,0.0,145.26188253338458,44769.53,4446.0
641384,3567.5,0.0,145.26188253338458,42743.54,2604.0
641448,4462.45,70088.0,145.26188253338458,42928.32,31061.9
641586,2843.56,67952.0,145.26188253338458,43974.38,9294.8
641612,3657.59,62650.0,151.68387554915932,17763.0,6080.0
641642,5186.36,0.0,115.86474642249462,18377.16,11258.0
641704,2515.26,25558.0,145.26188253338458,36711.79,9225.0
641734,10110.77,76276.0,145.26188253338458,34693.99,5139.0
641827,4726.87,13037.0,145.26188253338458,0.0,0.0
641869,4424.58,37800.0,145.26188253338458,38752.28,12964.6
641879,6672.13,56830.0,134.54922126641583,22690.49,4252.0
641884,24672.66,0.0,145.26188253338458,37169.96,16675.2
641903,2962.72,16495.0,145.26188253338458,0.0,0.0
641970,8595.73,76763.0,145.26188253338458,39837.58,10132.4
641997,5251.15,0.0,145.26188253338458,47161.24,9492.4
642000,5453.86,30855.0,29.99724086592508,40211.44,3114.0
642002,15428.01,33879.0,100.28155214457352,32815.75,4182.0
642020,6182.62,20072.0,80.69169789461638,71469.65,14717.4
642031,51337.91,72794.0,85174.2597727276,921.0,0.0
642043,7285.03,44788.0,145.26188253338458,33803.55,8551.0
642099,27382.82,45473.0,662.6632757248942,36733.38,16558.5
642102,6005.21,26876.0,145.26188253338458,35811.24,15270.2
642109,4335.35,86096.0,145.26188253338458,52814.89,9947.9
642313,3885.46,0.0,24.72502641277857,41074.36,23104.0
642323,52811.49,0.0,3172.513800197504,8838.0,4225.0
642401,11785.04,90016.0,586.1472928779071,17165.56,18365.4
642409,4783.92,49793.0,6523.527272727286,550.0,0.0
642449,4835.57,0.0,78.17500073820352,22471.87,7567.7
642485,4185.76,0.0,190.55449216313988,10784.0,3647.0
642738,13918.53,64113.0,1609.2060342096938,12227.0,0.0
642784,8224.77,82634.0,145.26188253338458,0.0,0.0
642808,2594.81,0.0,145.26188253338458,29678.48,22414.0
642901,6745.25,0.0,52.19379805246199,33535.520000000004,8487.3
642976,3491.26,29673.0,193.42894656952043,12420.0,9857.0
643026,4845.0,0.0,28.462691932143752,28332.71,11569.3
643059,18522.29,65903.0,84.58731922620726,30901.33,17873.9
643099,2684.58,98121.0,1603.7180032733306,2330.0,0.0
643117,4518.78,19186.0,145.26188253338458,38179.42,19046.9
643225,7919.83,0.0,39.35038013108909,49372.57,6072.4
643300,43026.52,59349.0,494.2567837772628,43597.31,0.0
643362,4897.98,30503.0,145.26188253338458,24697.45,0.0
643364,2430.87,28476.0,25.212528865844625,36539.35,20832.8
643476,6673.74,85019.0,345.9287715976331,12952.0,6344.0
643480,8329.29,30865.0,145.26188253338458,34816.08,5851.0
643507,23594.68,76358.0,397.93018864437295,22656.64,0.0
643605,4381.18,20597.0,145.26188253338458,36148.35,33614.1
643643,23875.48,0.0,13531.910248447257,872.0,0.0
643669,26346.09,48268.0,145.26188253338458,37220.93,18742.7
643705,2530.71,89451.0,145.26188253338458,33331.61,18661.8
643854,3609.8,58297.0,145.26188253338458,35433.3,4166.0
643912,10506.94,61650.0,145.26188253338458,49757.98,20882.4
644014,5345.68,54668.0,145.26188253338458,35835.0,3602.0
644017,37111.66,61552.0,145.26188253338458,40718.14,4083.0
644163,2673.32,28728.0,145.26188253338458,38693.08,4011.0
644251,5097.76,0.0,31.63132982494117,44948.81,11836.0
644265,19160.99,22705.0,145.26188253338458,45470.15,23227.2
644374,8278.72,16924.0,145.26188253338458,32594.24,26191.5
644390,5521.54,0.0,145.26188253338458,39362.6,4350.0
644417,4778.68,0.0,153.98539205155757,21387.47,16581.3
644434,2611.97,53904.0,145.26188253338458,46299.13,12531.0
644551,6005.03,23749.0,145.26188253338458,47961.54,11991.4
644630,8564.77,95697.0,45.28805802288736,37827.41,12920.0
644652,5133.41,53390.0,145.26188253338458,58789.33,7510.7
644769,7835.68,0.0,34.32189839360418,29104.83,7224.0
644786,4637.03,97017.0,145.26188253338458,48971.22,5272.5
644865,28685.83,48412.0,307.4534708559684,34803.84,2682.0
644893,6057.07,27681.0,206.17969908450823,15142.62,0.0
644938,5334.78,74606.0,145.26188253338458,40959.15,6951.0
644945,8025.23,0.0,48.20172108514427,53650.36,39858.2
645057,9095.74,0.0,79.28037778202312,45350.95,10174.0
645072,6847.12,71038.0,145.26188253338458,37895.58,36099.5
645081,2938.81,96765.0,145.26188253338458,29003.4,0.0
645114,11763.15,28045.0,813.1723011363637,10789.0,6777.0
645145,14709.0,36670.0,145.26188253338458,40325.66,7945.8
645147,4340.09,0.0,145.26188253338458,48923.95,15384.3
645244,11546.17,81081.0,145.26188253338458,43686.63,10922.4
645265,4013.95,56586.0,145.26188253338458,51241.86,2947.0
645280,3939.01,60021.0,145.26188253338458,38646.18,12089.7
645333,17263.64,96917.0,145.26188253338458,0.0,0.0
645450,13869.93,28432.0,216.49245220083571,35928.28,0.0
645508,14196.97,77738.0,286.4824220477666,53020.51,22729.7
645566,3746.03,70342.0,145.26188253338458,37531.34,2395.0
645600,4832.12,0.0,35.85601271827343,37814.92,8492.0
645635,3349.64,78092.0,145.26188253338458,0.0,0.0
645653,7635.88,30262.0,145.26188253338458,48388.3,3081.0
645688,7583.19,24133.0,145.26188253338458,38298.35,0.0
645712,26016.53,43922.0,145.26188253338458,41887.95,3200.0
645742,4235.18,60334.0,145.26188253338458,0.0,0.0
645895,5623.31,11612.0,145.26188253338458,46634.88,38665.5
645919,7484.31,46998.0,242.1298158171527,40510.62,0.0
645927,7366.19,70014.0,200.17118703375573,30596.26,11713.5
645986,5555.83,74015.0,145.26188253338458,30992.99,8051.0
646022,4374.04,34516.0,145.26188253338458,40190.95,3309.0
646023,3065.37,22985.0,3339.880746268657,4064.0,4160.0
646038,5332.46,68931.0,145.26188253338458,33523.0,2771.0
646137,13569.24,20978.0,145.26188253338458,32664.97,17442.0
646168,4996.55,71600.0,145.26188253338458,40292.11,9680.5
646178,7713.82,0.0,48.15640193842645,33038.34,4384.0
646187,2336.29,21564.0,103.68150887573977,14260.0,0.0
646189,12807.09,0.0,145.26188253338458,43451.38,5848.2
646198,8365.68,26630.0,783.725571725572,9626.79,9051.0
646225,2838.07,0.0,145.26188253338458,46802.67,0.0
646262,4893.98,25572.0,145.26188253338458,0.0,0.0
646277,2237.35,0.0,13.28928475726249,39724.62,17093.6
646289,10346.11,55906.0,106877.26839622876,1114.0,0.0
646359,5771.61,65709.0,33.79488016555442,43384.01,0.0
646399,16985.5,22497.0,116.63721856024004,43462.37,0.0
646502,5639.94,73168.0,70.95788417833073,37789.29,25985.0
646519,7434.27,49057.0,145.26188253338458,28255.09,11652.2
646756,6883.67,64600.0,145.26188253338458,0.0,0.0
646935,10861.71,64744.0,145.26188253338458,29849.33,7739.0
647005,3123.08,0.0,295.6541653698523,15786.11,0.0
647041,2086.61,0.0,291.173435707914,40566.26,3086.0
647133,8336.08,0.0,123.56870118952374,28291.83,22026.2
647214,9642.21,36108.0,145.26188253338458,38505.63,7011.0
647393,8356.18,0.0,145.26188253338458,0.0,0.0
647491,3728.83,0.0,145.26188253338458,40070.61,33827.6
647658,3861.49,93272.0,499.2126977567887,8180.0,3339.0
647672,8140.0,0.0,145.26188253338458,49225.07,6543.6
647684,9594.25,27443.0,145.26188253338458,41566.58,3974.0
647726,9667.13,72885.0,145.26188253338458,42886.0,5916.6
647791,2787.5,62506.0,65.55485039045392,16771.32,0.0
647894,5341.44,0.0,145.26188253338458,32364.2,3125.0
647933,7582.11,64801.0,46124.50250000101,1804.0,0.0
647956,20477.11,58317.0,561.0181160145519,21460.8,6717.0
648043,13727.8,0.0,145.26188253338458,32600.04,11096.9
648077,9025.07,23675.0,145.26188253338458,65226.34,10209.2
648231,2826.8,24224.0,648.1042713567864,3718.0,5167.0
648286,2399.05,19112.0,145.26188253338458,0.0,0.0
648365,5470.06,54507.0,145.26188253338458,42648.92,0.0
648380,16301.97,19614.0,145.26188253338458,28811.96,17114.0
648432,2819.11,88067.0,48.44386527666403,29773.91,14204.7
648455,36057.54,90330.0,145.26188253338458,34736.64,2616.0
648533,8682.23,10540.0,145.26188253338458,31937.71,37106.9
648575,27386.15,0.0,145.26188253338458,39903.1,4919.1
648586,13297.64,88430.0,80.8828777384437,31181.51,3873.0
648596,6769.32,0.0,67.52238993596109,39333.89,0.0
648648,4619.45,95301.0,145.26188253338458,40145.84,5901.4
648653,7614.14,27293.0,111.67568512416628,29515.31,0.0
648924,2730.35,63401.0,64.00792248998047,27194.54,6103.0
649052,11085.88,69090.0,145.26188253338458,24889.89,0.0
649054,4379.77,47747.0,145.26188253338458,35473.21,0.0
649089,2673.32,28728.0,177.41123636363645,10075.0,0.0
649104,7378.51,0.0,145.26188253338458,41290.78,4551.0
649194,26770.45,26335.0,145.26188253338458,34679.65,13153.7
649321,4175.95,23060.0,53.360140802666216,26299.06,10388.2
649404,6361.95,0.0,145.26188253338458,0.0,0.0
649422,2553.67,73935.0,145.26188253338458,27538.68,12263.6
649442,13441.01,80744.0,177.04345820361937,31986.86,3317.0
649487,7261.62,0.0,347.11225144603327,16458.79,0.0
649656,2953.62,76474.0,145.26188253338458,41185.380000000005,20434.5
649680,7761.27,43137.0,319.8325549450553,15245.0,3298.0
649770,14567.27,0.0,283.86686900719684,30095.01,6923.6
649802,8356.18,0.0,110.7080108892922,31095.63,8327.7
649855,8071.65,0.0,145.26188253338458,47018.98,0.0
649918,10656.88,72540.0,2924.632481203011,4564.0,9334.0
649961,10996.71,0.0,145.26188253338458,50906.36,13465.3
649972,8272.33,96689.0,145.26188253338458,25476.27,19913.9
649994,10295.47,24723.0,145.26188253338458,44535.92,15148.7
650290,5229.68,26540.0,145.26188253338458,20182.51,7022.4
650358,3588.93,0.0,145.26188253338458,38432.03,9162.6
650366,5558.31,0.0,145.26188253338458,0.0,0.0
650377,2704.54,24173.0,145.26188253338458,39447.51,6598.0
650420,6473.33,0.0,43.757508778297975,43437.13,16809.3
650445,4529.06,65134.0,16.629158865092226,47885.74,12773.7
650466,4623.54,0.0,14.194499591641277,79697.65,8760.9
650486,3738.44,27208.0,145.26188253338458,38427.75,8948.0
650529,7427.85,78294.0,54.98796767853776,37916.67,26250.8
650553,4883.55,19096.0,145.26188253338458,38825.34,3777.0
650621,5044.86,59292.0,145.26188253338458,18196.85,19624.3
650657,4463.61,0.0,145.26188253338458,45456.55,13417.0
650704,8066.07,17950.0,145.26188253338458,32922.37,15145.5
650721,5989.77,66839.0,177.737500541982,21783.63,19574.9
650801,8334.32,49851.0,145.26188253338458,0.0,0.0
650870,2725.36,36650.0,145.26188253338458,48600.46,33286.4
650957,5424.26,67414.0,145.26188253338458,0.0,0.0
651006,5165.81,43461.0,41.521780252981706,38982.47,9532.9
651020,5608.16,81914.0,65.82008771817004,29007.39,6190.2
651054,4583.75,94804.0,937.8188060538153,6851.0,5620.0
651097,44520.14,49259.0,145.26188253338458,42591.64,12384.4
651210,2813.51,50397.0,145.26188253338458,0.0,0.0
651250,14203.62,90456.0,145.26188253338458,25274.9,10824.9
651277,12992.28,0.0,145.26188253338458,0.0,0.0
651281,31161.75,30916.0,145.26188253338458,40518.23,13148.7
651377,29973.42,48471.0,145.26188253338458,53640.45,7029.0
651469,2533.74,53988.0,145.26188253338458,0.0,0.0
651605,2927.22,76850.0,145.26188253338458,45867.2,22347.0
651622,5895.11,78352.0,145.26188253338458,50193.71,11239.0
651631,10025.92,0.0,292.9631100294607,37852.41,0.0
651645,9807.83,0.0,1112.6786002900974,10401.0,0.0
651694,16256.81,21206.0,82.6261016259993,49858.04,33374.0
651740,9985.37,36268.0,145.26188253338458,44439.54,0.0
651835,8204.86,0.0,51.01525292359059,43987.42,16778.6
651959,8177.05,54695.0,145.26188253338458,35827.94,0.0
652034,12476.65,0.0,145.26188253338458,34876.41,10586.3
652047,7126.47,30895.0,36.55935501553079,44045.07,5930.0
652194,8417.16,20215.0,145.26188253338458,35919.3,12116.3
652212,2639.98,69819.0,145.26188253338458,43870.9,2421.0
652291,4439.9,88613.0,145.26188253338458,34418.14,17387.4
652300,10622.52,25634.0,145.26188253338458,0.0,0.0
652357,10115.45,63528.0,145.26188253338458,0.0,0.0
652370,3958.0,0.0,145.26188253338458,32310.8,8122.5
652374,2674.73,56342.0,43.88627189196966,18283.19,0.0
652394,3500.86,0.0,145.26188253338458,37434.97,12893.6
652431,19504.47,0.0,145.26188253338458,0.0,0.0
652498,2924.98,64459.0,31.808606296068987,38566.9,12241.1
652499,8184.69,82680.0,1707.7430544969536,7393.0,0.0
652501,8658.86,62464.0,145.26188253338458,50330.12,11060.1
652518,13367.87,57335.0,83.92137304139939,41763.42,7525.9
652614,4974.8,75644.0,145.26188253338458,28947.95,35005.9
652627,83325.38,58958.0,145.26188253338458,0.0,0.0
652636,9670.18,20942.0,5160.256871345048,4612.0,0.0
652642,15083.78,26021.0,192.2674943251266,31507.53,12779.4
652741,6143.9,45032.0,370.5833700561864,6634.0,0.0
652756,2846.25,28919.0,215.0892857142857,9200.0,0.0
652781,8879.79,52583.0,145.26188253338458,0.0,0.0
652790,17420.57,31737.0,145.26188253338458,34694.47,0.0
652809,6369.26,34498.0,145.26188253338458,0.0,0.0
652816,3199.82,78784.0,145.26188253338458,39478.47,14151.4
652852,2730.31,36218.0,87.2708377119238,52073.11,10324.6
652862,6165.56,0.0,145.26188253338458,35908.07,0.0
653015,5170.45,35334.0,145.26188253338458,37903.42,7617.1
653070,9100.73,59183.0,145.26188253338458,40837.61,12251.2
653081,10208.93,35482.0,145.26188253338458,39449.84,23893.1
653191,2585.56,64592.0,20.89092430476439,39099.64,2950.0
653259,4327.1,69040.0,22.6590041117548,42075.76,4612.0
653304,5184.95,49312.0,782.0275826446281,6969.0,5846.0
653324,7451.49,0.0,975.5358142037308,2972.0,4140.0
653337,5935.57,90263.0,145.26188253338458,44123.91,25536.0
653340,3252.83,20166.0,145.26188253338458,45890.44,7584.8
653354,4014.45,37384.0,115.63085937500009,13489.09,8434.1
653400,3102.79,21235.0,19.46911380436651,36759.93,18826.3
653441,7988.51,58268.0,145.26188253338458,30514.78,11088.7
653539,2764.49,61085.0,145.26188253338458,34552.11,31696.6
653542,2972.46,0.0,16.17096687649359,46822.8,28656.0
653572,11093.72,78255.0,145.26188253338458,41272.84,16012.3
653636,2758.7,44619.0,23.348888816747525,28833.51,9530.4
653637,5414.62,26893.0,145.26188253338458,39092.54,10177.2
653698,5239.89,27978.0,145.26188253338458,45777.82,19017.4
653851,3974.14,0.0,135.5613902284028,21722.85,4342.0
653890,6947.84,0.0,145.26188253338458,0.0,0.0
653973,2724.26,0.0,41.871923540129096,22664.08,0.0
654073,2854.11,71126.0,145.26188253338458,26832.42,6110.0
654086,4584.14,85245.0,145.26188253338458,45284.1,14286.1
654122,10507.5,76549.0,145.26188253338458,39680.33,0.0
654187,4940.51,65985.0,145.26188253338458,39181.61,6042.0
654225,2375.0,47455.0,162.15394687616916,14462.07,0.0
654249,7285.03,44788.0,2685.894898989909,2485.0,0.0
654288,5119.41,40169.0,145.26188253338458,39394.52,2926.0
654389,7234.14,86448.0,390.3312949640292,13511.0,4672.0
654433,14789.62,51817.0,558.1315662501124,26273.76,10412.0
654540,8032.4,27658.0,569.8398445092329,9167.0,0.0
654578,4764.86,78757.0,145.26188253338458,50275.32,11602.4
654748,3996.77,46210.0,204.51909219208568,16549.89,0.0
654751,2592.89,35705.0,145.26188253338458,47898.89,4039.0
654817,4737.84,63977.0,42.107672978027125,36835.13,16039.4
654890,5065.49,26733.0,145.26188253338458,39613.76,15422.3
654919,9162.06,29723.0,145.26188253338458,0.0,0.0
654941,3688.11,0.0,145.26188253338458,45421.69,5017.9
654983,3303.09,29385.0,145.26188253338458,0.0,0.0
655016,8743.85,99517.0,145.26188253338458,5507.82,0.0
655039,5083.79,62088.0,3457.6087267080966,3927.0,0.0
655044,4942.63,23285.0,145.26188253338458,29446.06,14139.8
655082,3674.57,84814.0,145.26188253338458,43200.2,17501.6
655085,4639.98,28358.0,443.8911497466371,6081.0,5933.0
655263,8630.05,24065.0,145.26188253338458,0.0,0.0
655325,3118.98,23008.0,145.26188253338458,37079.13,3609.0
655453,5174.08,88081.0,145.26188253338458,35956.93,5853.9
655473,5297.15,23908.0,145.26188253338458,0.0,0.0
655480,7121.08,0.0,53.57322294744077,40151.96,11741.9
655614,4945.07,78796.0,145.26188253338458,0.0,0.0
655715,5274.43,44051.0,145.26188253338458,46747.02,27760.9
655721,4905.13,88043.0,268.28757992008,9022.0,5629.0
655743,4505.85,20284.0,145.26188253338458,42666.16,19483.3
655892,2369.11,0.0,31.37856084476888,35572.41,0.0
655957,13755.54,15340.0,145.26188253338458,33210.97,12568.5
655995,13265.96,34482.0,145.26188253338458,0.0,0.0
656027,4550.86,17913.0,92.21165674823467,54884.61,0.0
656036,14439.8,58452.0,522.9942645074226,16128.18,6608.2
656288,4669.23,76157.0,30.94889426010401,49416.69,25074.3
656360,7706.96,0.0,145.26188253338458,40185.06,22845.2
656415,17723.76,25771.0,84.12652062642181,30424.48,6786.8
656454,16414.04,0.0,16280.229891304372,3132.0,0.0
656487,5473.16,93870.0,973.5396686159844,50485.43,0.0
656572,7812.89,72353.0,145.26188253338458,30735.33,9452.5
656639,5553.52,96587.0,145.26188253338458,33408.61,0.0
656650,8823.85,75741.0,1092.35695631529,40170.36,13065.5
656858,4863.47,52728.0,145.26188253338458,0.0,0.0
656942,6081.05,0.0,145.26188253338458,38232.19,10172.6
656958,29412.29,0.0,145.26188253338458,0.0,0.0
656993,3644.83,82477.0,4263.983814102606,2765.0,0.0
657116,5971.0,64008.0,36.71376911284935,35221.93,3950.0
657118,9700.35,0.0,145.26188253338458,59920.22,16039.8
657339,4812.53,16531.0,145.26188253338458,34638.8,4267.0
657492,15228.2,95140.0,145.26188253338458,49176.16,12486.8
657668,5390.27,70705.0,90.63450650696768,21661.73,8494.0
657730,6005.85,13528.0,145.26188253338458,22149.73,0.0
657748,3351.57,29160.0,21.510829944030352,30375.68,21344.8
657777,7582.11,64801.0,145.26188253338458,0.0,0.0
657842,6308.92,21368.0,361.76515500628426,14175.0,3732.0
657865,5838.9,81082.0,31.370233387910066,43113.41,30981.3
657946,3939.01,60021.0,393.4698002189386,12923.0,6251.0
657980,12036.62,44428.0,145.26188253338458,0.0,0.0
658076,11830.95,92931.0,3095.553225806457,2271.0,0.0
658175,6272.42,76673.0,109.13010988801469,30477.9,20286.0
658257,2733.43,93558.0,145.26188253338458,0.0,0.0
658310,6746.43,70328.0,145.26188253338458,37987.55,0.0
658330,3895.96,35970.0,42.68030958178846,34510.73,22071.1
658407,3614.08,0.0,29.39258467023173,36271.09,17854.3
658546,14333.92,41459.0,145.26188253338458,36079.43,15236.1
658726,10033.28,0.0,392.5551720441637,7355.16,0.0
658861,5325.39,62470.0,145.26188253338458,45572.66,17780.9
658996,2359.42,19864.0,34.08325022163123,18440.95,0.0
659011,5635.29,59325.0,145.26188253338458,39865.63,12906.7
659112,9942.3,67890.0,74.76851044249247,39765.87,6728.7
659147,2121.31,0.0,145.26188253338458,32610.82,34019.4
659205,11005.02,0.0,145.26188253338458,47122.93,13910.2
659251,2756.94,29926.0,145.26188253338458,44270.29,16858.7
659400,8679.8,55842.0,145.26188253338458,51131.2,6479.0
659419,15167.04,40467.0,83.03331650126245,41396.6,0.0
659454,5181.05,0.0,145.26188253338458,0.0,0.0
659481,7341.86,0.0,140.1499361951384,29572.38,3397.0
659536,8337.19,74460.0,45.8537409891991,37906.4,15762.4
659607,2511.7,14906.0,145.26188253338458,48169.07,3256.0
659637,2344.23,0.0,145.26188253338458,44680.11,28517.4
659731,16548.86,81639.0,145.26188253338458,0.0,0.0
659767,2590.21,18746.0,145.26188253338458,26833.59,16081.4
659781,12550.88,22234.0,86.22381328816114,29376.46,7940.1
659792,6503.4,22081.0,145.26188253338458,0.0,0.0
659882,6767.81,39650.0,84.95139519368331,24177.88,5745.0
659967,2457.58,52926.0,145.26188253338458,36039.33,22061.7
660030,5234.78,0.0,145.26188253338458,65960.85,31177.1
660047,7423.93,0.0,91.6543868194164,24280.47,15897.5
660098,10892.91,68025.0,70998.43125000157,4608.0,0.0
660119,6516.21,0.0,145.26188253338458,29488.98,3084.0
660178,4413.26,0.0,145.26188253338458,43260.91,12896.4
660197,4482.02,62977.0,145.26188253338458,37212.44,14761.1
660294,2498.96,76792.0,145.26188253338458,37544.8,11494.2
660349,2582.41,76731.0,145.26188253338458,0.0,0.0
660376,4686.47,58089.0,145.26188253338458,40397.85,13285.3
660395,7469.56,48088.0,39.49075976747331,42864.33,0.0
660436,5123.77,0.0,46.77810215509192,33038.87,14042.9
660457,5908.16,86277.0,145.26188253338458,33153.09,5920.0
660554,4282.95,40864.0,127.28193698094783,21411.17,15930.2
660684,10442.65,17269.0,77.16941642607539,33215.62,0.0
660768,2064.7,0.0,14.294209472121558,32706.7,6047.0
660922,4992.92,24368.0,145.26188253338458,27944.5,7033.0
660958,9915.9,30604.0,145.26188253338458,42550.57,3745.0
661035,3823.85,0.0,145.26188253338458,24224.64,10094.7
661050,2369.44,0.0,145.26188253338458,45365.5,17844.8
661054,2721.75,22885.0,145.26188253338458,31096.58,0.0
661069,5577.24,77265.0,145.26188253338458,16149.17,0.0
661088,3703.44,23120.0,145.26188253338458,45415.95,5918.0
661118,7260.83,0.0,145.26188253338458,46766.68,0.0
661150,8269.08,20225.0,145.26188253338458,32972.33,6560.7
661193,4991.58,56649.0,33.11841308793457,46132.62,4102.0
661274,5408.91,80192.0,145.26188253338458,45294.29,30986.8
661321,2470.12,0.0,17.16592380760173,25768.27,0.0
661411,20096.89,92766.0,145.26188253338458,43826.87,4577.0
661442,2404.38,62488.0,145.26188253338458,0.0,0.0
661451,8188.92,45318.0,145.26188253338458,41783.12,10037.8
661469,10629.34,56598.0,94.91271534325264,38694.56,9076.0
661487,5385.85,29664.0,56.00095859114165,30803.38,16089.2
661502,32643.08,77915.0,145.26188253338458,55459.93,4919.1
661546,3094.32,20954.0,145.26188253338458,0.0,0.0
661587,7264.8,12075.0,279.1290983606559,13595.05,0.0
661708,6462.22,0.0,201.33359414789047,17497.38,10609.6
661744,5363.53,64604.0,145.26188253338458,33977.31,3457.0
662022,8696.91,91423.0,145.26188253338458,35595.27,12391.5
662045,2839.81,33252.0,117.3962530202356,18767.0,10848.0
662164,2930.69,33663.0,145.26188253338458,16741.64,0.0
662166,3241.84,33701.0,145.26188253338458,41525.65,6868.0
662209,5147.11,33171.0,145.26188253338458,39557.88,8318.2
662268,5090.78,93018.0,145.26188253338458,35807.83,12776.8
662272,32437.05,0.0,570.5977661932918,26414.59,0.0
662380,8658.86,62464.0,145.26188253338458,30912.59,2682.0
662392,2593.9,0.0,145.26188253338458,4535.93,0.0
662406,32196.6,91375.0,167.49543672945816,34623.24,13181.5
662489,29037.48,0.0,4572.338308886984,11825.05,0.0
662521,4448.64,23006.0,145.26188253338458,37884.95,28029.1
662594,4526.53,0.0,145.26188253338458,33633.56,10765.5
662665,7582.11,64801.0,145.26188253338458,32248.22,15633.8
662723,5480.07,59311.0,145.26188253338458,0.0,0.0
662750,8717.05,83846.0,145.26188253338458,42762.46,0.0
662848,8406.76,67128.0,145.26188253338458,38781.09,11324.0
662880,4757.24,67486.0,145.26188253338458,41686.63,7510.1
662934,2555.05,0.0,162.5293220634369,6895.0,0.0
662936,16675.9,57844.0,145.26188253338458,26996.54,8960.4
662973,7019.18,26806.0,145.26188253338458,33565.89,7987.6
663062,5560.28,0.0,145.26188253338458,18673.39,11312.6
663067,13917.38,67267.0,145.26188253338458,39231.73,0.0
663072,7209.09,0.0,145.26188253338458,0.0,0.0
663098,12883.81,34148.0,145.26188253338458,0.0,0.0
663133,6575.54,10517.0,145.26188253338458,45736.23,5611.0
663150,4967.04,0.0,145.26188253338458,41216.28,15791.5
663213,2582.41,76731.0,154.70724094539904,10984.0,4242.0
663270,8370.57,33409.0,145.26188253338458,43906.37,8819.0
663343,7638.44,66106.0,145.26188253338458,36822.11,2834.0
663382,9655.44,0.0,145.26188253338458,34332.23,6240.0
663402,9267.92,55808.0,190.6141276173733,18786.82,0.0
663416,2903.75,0.0,145.26188253338458,51354.24,8263.1
663422,2731.52,69844.0,43.21688094391804,36063.44,10429.1
663513,6966.69,41837.0,145.26188253338458,34215.06,2920.0
663514,2759.62,64388.0,14.446131009293612,57804.8,9254.9
663521,4277.56,75921.0,145.26188253338458,34009.53,10429.3
663573,7507.46,60920.0,131.71552242106128,35810.38,18405.3
663641,5705.9,0.0,145.26188253338458,0.0,0.0
663659,2397.04,22283.0,226.9570946822309,8865.0,11507.0
663719,5073.28,57709.0,34.543011173913854,37719.35,23168.4
663746,3472.37,0.0,690.3132080610039,5778.0,0.0
663757,7901.74,0.0,75.59359686177207,32195.96,17150.8
663897,2279.7,23253.0,1424.8125000000057,3727.0,0.0
663918,7636.28,0.0,145.26188253338458,40391.66,19130.3
663975,6019.96,0.0,145.26188253338458,233.79,0.0
664008,7356.56,81145.0,265.369807777833,17748.260000000002,4768.0
664034,2369.44,0.0,145.26188253338458,27565.01,19290.3
664052,5106.11,30110.0,145.26188253338458,31619.94,0.0
664054,3239.12,16061.0,19.172140465244503,38046.85,8200.4
664062,6514.95,0.0,145.26188253338458,29157.61,0.0
664084,9161.66,91763.0,54.78887152163372,58624.12,13877.6
664112,4809.22,48029.0,102.03002138987704,22426.57,7951.5
664183,8569.42,99803.0,9774.4946875,4843.0,0.0
664277,8935.03,39910.0,145.26188253338458,40647.99,13711.6
664379,8609.16,79090.0,145.26188253338458,41999.47,19554.7
664493,11513.16,0.0,102.47645918429556,35856.37,21724.4
664666,3300.68,0.0,145.26188253338458,36661.57,3358.0
664684,4721.66,0.0,257.7376719840481,9678.0,10576.0
664705,3546.4,0.0,145.26188253338458,32973.3,0.0
664737,5017.85,79814.0,145.26188253338458,38127.07,9869.0
664759,5417.74,54898.0,228.68033690540437,15300.17,4006.0
664771,2839.3,71460.0,145.26188253338458,43260.32,20873.0
664799,7416.2,0.0,86.01338805772545,24762.84,15469.9
664856,7200.66,0.0,145.26188253338458,28388.6,0.0
665024,22256.69,23444.0,204.33790606907945,32296.68,0.0
665031,9799.18,22166.0,145.26188253338458,0.0,0.0
665100,8873.2,28558.0,145.26188253338458,39533.04,19642.2
665373,5564.74,49833.0,388.1684248748234,6668.45,0.0
665374,3763.64,93595.0,145.26188253338458,0.0,0.0
665403,21172.39,0.0,430.01704671919526,49100.4,23607.5
665454,17786.28,99790.0,17625.318190045295,2832.0,0.0
665467,5817.83,86824.0,145.26188253338458,36418.4,12789.1
665533,5642.75,68654.0,145.26188253338458,0.0,0.0
665548,4654.95,0.0,145.26188253338458,40505.64,14282.3
665645,4170.69,29462.0,5931.046168831169,2169.0,4023.0
665646,13197.93,0.0,283.1962922391968,25805.42,14548.0
665679,14558.42,40260.0,227.6552797159855,14346.91,9825.1
665701,14627.93,40711.0,130.65147457784727,25728.4,4835.0
665763,5729.86,92254.0,145.26188253338458,0.0,0.0
665773,5294.28,61687.0,3634.631097178691,2872.0,0.0
665890,5111.36,0.0,26.522359202984266,39264.81,17078.2
666189,13466.92,11432.0,937.4620089001908,8850.0,0.0
666222,12779.06,0.0,145.26188253338458,55496.44,3516.0
666301,4428.03,58577.0,145.26188253338458,46843.55,21546.0
666337,24278.1,20983.0,145.26188253338458,33339.6,20410.1
666381,2818.31,88816.0,145.26188253338458,38113.24,0.0
666417,4881.39,90892.0,145.26188253338458,40869.6,20939.1
666473,2507.41,32893.0,145.26188253338458,41779.91,0.0
666504,9404.45,51593.0,145.26188253338458,50179.63,20110.6
666556,4897.04,24383.0,145.26188253338458,29002.84,7526.0
666572,7771.16,21876.0,156.64200353434958,29750.92,0.0
666597,5658.53,78834.0,103.93787889971053,24764.41,11794.2
666608,4858.12,21685.0,44.37416448743134,38628.55,7252.0
666667,9036.66,89382.0,145.26188253338458,36870.8,4328.0
666680,7422.19,23617.0,145.26188253338458,30850.69,13101.4
666702,6503.4,22081.0,333.9283771617212,15662.5,5817.8
666761,8492.7,27804.0,805.6752436647183,14142.05,5259.2
666877,2839.95,53444.0,145.26188253338458,36321.12,2546.0
666878,4250.28,0.0,145.26188253338458,32609.54,11092.2
666933,9033.25,30004.0,145.26188253338458,38377.65,7068.0
666952,4877.61,0.0,145.26188253338458,51306.08,25897.0
667041,6131.66,90778.0,145.26188253338458,40963.49,15065.7
667117,2357.8,0.0,145.26188253338458,35579.97,16802.3
667157,17857.97,55437.0,21727.196833333543,3871.0,3838.0
667262,3341.68,0.0,145.26188253338458,41132.59,6338.0
667275,26223.81,0.0,1053.223002860916,12430.0,10884.0
667293,3033.41,27369.0,65.68808982320138,19563.56,12329.1
667314,20604.02,0.0,206.9245900286156,39287.55,15779.5
667341,5297.92,66203.0,145.26188253338458,50472.02,11602.8
667356,2155.21,0.0,1696.832722174319,2895.6,5192.7
667398,21112.54,0.0,1038.8908946289907,8564.46,0.0
667517,5028.74,0.0,529.1630117240062,14795.0,0.0
667615,4772.94,20993.0,164.63079758079775,18216.0,0.0
667634,12741.85,73054.0,145.26188253338458,39336.15,8274.0
667678,10018.66,30720.0,145.26188253338458,0.0,0.0
667687,4512.2,0.0,12604.232142857223,2052.0,0.0
667692,5837.53,83308.0,40.46262516988416,39425.12,3203.0
667718,14741.76,0.0,98428.2146341485,1550.0,0.0
667767,4880.71,52819.0,145.26188253338458,43695.55,9360.1
667781,17840.2,0.0,145.26188253338458,51828.92,3998.0
667798,8743.85,99517.0,36825.06057692389,2478.0,0.0
667800,32654.84,0.0,145.26188253338458,0.0,0.0
667860,8535.11,55790.0,145.26188253338458,23383.4,12999.8
667901,2709.54,58828.0,16.98729336619015,29582.14,25645.1
667974,12519.8,34179.0,145.26188253338458,47147.35,0.0
668000,4736.35,0.0,145.26188253338458,41106.32,9076.3
668020,2654.38,73196.0,145.26188253338458,40232.23,25174.4
668136,7628.75,0.0,155.08295336826055,18211.56,3417.0
668213,7507.46,60920.0,207.0853893241304,19112.0,4640.0
668235,10626.81,27339.0,658.1649858597291,12539.0,0.0
668253,3230.58,62873.0,145.26188253338458,35632.44,4931.0
668325,6846.15,0.0,164.56657819867758,36606.17,0.0
668510,8383.68,68717.0,65.84703046996043,38869.83,11420.4
668576,5504.14,0.0,93.68173721384252,23615.9,16485.5
668599,3781.69,46573.0,32.399142089264984,40448.7,2943.0
668624,5827.41,30228.0,59.94089479977946,36108.66,15931.7
668692,3981.78,52801.0,145.26188253338458,42427.86,7505.0
668843,10507.69,20043.0,294.0434589828777,18749.39,0.0
668865,23866.16,0.0,249.55901010805167,33161.49,0.0
668959,8205.39,85840.0,145.26188253338458,35731.64,7436.6
668968,8609.16,79090.0,110.28823428248532,56514.35,5650.0
668970,2810.46,26790.0,260.0079165258539,5545.0,0.0
669028,3200.8,0.0,381.9528780976876,39003.39,14385.5
669065,8382.63,19683.0,145.26188253338458,42694.91,15147.8
669066,3105.35,97234.0,17.11249196049243,41064.65,12664.1
669222,2796.87,54655.0,145.26188253338458,51515.9,4307.0
669368,10901.23,72257.0,145.26188253338458,29155.71,9667.0
669373,6189.12,0.0,36.19028252304519,47995.97,46180.5
669493,12128.37,20495.0,30742.04895833359,647.0,0.0
669501,6791.22,0.0,145.26188253338458,45808.58,15719.7
669810,6540.2,21156.0,145.26188253338458,48866.94,24809.7
669812,3746.75,41479.0,145.26188253338458,56112.03,15453.5
669890,7572.24,12876.0,145.26188253338458,42761.39,11275.0
669894,22062.55,0.0,145.26188253338458,34623.64,7976.0
669978,4882.49,80604.0,145.26188253338458,36008.09,11057.0
670000,20552.62,0.0,145.26188253338458,55013.31,0.0
670002,19837.31,0.0,145.26188253338458,23929.6,0.0
670040,4705.59,0.0,145.26188253338458,30825.48,4427.0
670131,23813.52,88680.0,145.26188253338458,44067.51,9310.3
670210,2722.99,20867.0,145.26188253338458,29979.59,8000.8
670215,8798.31,24550.0,145.26188253338458,51457.61,21318.0
670230,8207.86,0.0,145.26188253338458,0.0,0.0
670289,5569.46,53565.0,760.5136176580637,9481.0,0.0
670294,8013.61,43196.0,145.26188253338458,46289.35,20996.9
670371,5414.32,0.0,145.26188253338458,34192.17,6676.6
670430,2980.01,13535.0,21.467044306262405,35844.08,11574.8
670606,8489.84,0.0,145.26188253338458,39673.55,0.0
670666,41787.9,46587.0,490.84870260894223,40346.93,5665.0
670686,4291.06,0.0,143.14645158342103,38311.71,0.0
670751,23515.85,36537.0,104.04385685262945,43805.58,20575.6
670817,4118.59,69379.0,27.206732825578776,54643.08,10845.2
670836,19079.1,42754.0,4298.686111111111,6616.0,3435.0
670939,7752.93,41275.0,202.30818459118765,33775.32,12841.9
670981,22658.54,23665.0,145.26188253338458,0.0,0.0
670985,12298.69,17101.0,145.26188253338458,28960.99,12410.0
671077,9027.87,99002.0,274.5702554744527,20393.83,5235.0
671115,22217.97,37553.0,145.26188253338458,45494.93,0.0
671119,2491.32,36631.0,145.26188253338458,28512.89,10384.3
671173,12324.27,0.0,163.75571412623276,24823.65,12617.7
671309,11926.75,50234.0,5611.081095596192,3528.9300000000003,0.0
671359,5619.85,66620.0,944.4038904235736,8617.0,0.0
671368,3633.05,43334.0,25.276161294626696,36544.37,23886.5
671383,2485.89,0.0,145.26188253338458,48935.1,16142.6
671528,4048.72,0.0,145.26188253338458,29753.52,20636.5
671534,3946.37,0.0,145.26188253338458,39264.5,19995.1
671628,2897.78,0.0,74.73782504239685,19690.06,4796.0
671639,5532.75,91212.0,46.51743724014022,32189.67,5842.0
671764,35850.6,17588.0,2427.730797773656,15710.0,4044.0
671803,44468.02,32948.0,145.26188253338458,37471.93,8531.0
671849,16355.31,29439.0,145.26188253338458,38904.98,8384.0
671906,2829.86,25317.0,145.26188253338458,0.0,0.0
671911,2472.47,63860.0,145.26188253338458,22545.84,4909.0
671928,4159.59,0.0,31.624725221315742,40605.09,12161.7
671933,7859.41,0.0,145.26188253338458,41998.61,11732.7
672039,8945.69,83761.0,145.26188253338458,25442.57,11424.7
672089,2457.44,29486.0,145.26188253338458,32728.79,11812.8
672103,4811.74,0.0,521.9582441749882,44159.02,31725.8
672170,5261.42,38466.0,145.26188253338458,42536.79,13581.0
672236,15925.06,34455.0,86.60159208812951,38953.26,30148.2
672255,3359.24,97576.0,1671.9853636363669,5695.0,0.0
672308,9661.1,0.0,145.26188253338458,39640.96,16598.4
672336,3886.5,0.0,145.26188253338458,24883.89,13685.1
672391,5907.08,47306.0,7333.619727891202,1818.0,0.0
672395,2452.73,32764.0,145.26188253338458,25789.14,22392.0
672430,7564.61,48381.0,50.99906630726835,31847.06,16824.9
672431,2872.98,36844.0,145.26188253338458,34475.71,0.0
672570,8267.12,36881.0,145.26188253338458,35414.65,3554.0
672582,4171.3,36723.0,145.26188253338458,0.0,0.0
672600,19228.46,0.0,159.09805366145594,46368.19,15377.2
672635,7651.1,53330.0,973.0493031358886,6758.0,3153.0
672649,10390.67,28948.0,1240.2205853499042,6880.0,0.0
672679,5313.44,68558.0,681.9288326300989,8398.0,0.0
672781,9463.11,69654.0,140.79617169294735,39082.7,8888.0
672819,8828.93,86721.0,16842.64520905934,204.0,0.0
672893,5810.63,24860.0,145.26188253338458,31920.51,5748.0
672904,13083.49,73060.0,58.33162278148068,47128.16,7730.4
672917,58166.55,61321.0,145.26188253338458,0.0,0.0
673054,2726.8,31385.0,145.26188253338458,29750.21,23668.4
673061,4706.68,0.0,429.33428300095017,11183.39,0.0
673192,7462.93,70263.0,145.26188253338458,55582.02,8889.1
673301,2086.61,0.0,22.85167014050024,39215.88,21089.6
673399,5745.94,57740.0,145.26188253338458,35175.49,5403.6
673401,2945.37,36167.0,145.26188253338458,43478.7,9689.1
673424,11790.5,25251.0,145.26188253338458,41668.0,28885.1
673492,6875.61,0.0,340.97794157608746,11586.0,0.0
673872,5375.66,0.0,1777.2788949275389,6877.0,0.0
673934,4629.0,0.0,145.26188253338458,25644.51,5415.0
674118,2518.11,86617.0,14.350826283690736,39651.15,24166.1
674281,7590.91,52348.0,40.13302173119524,46714.33,11035.2
674327,18065.27,0.0,145.26188253338458,48921.06,13062.5
674372,3176.87,35551.0,993.9064714285714,4016.0,0.0
674375,8104.5,0.0,3279.5371396895853,1112.0,2747.0
674394,5016.55,36313.0,29.0886718745863,42650.44,14660.0
674462,5176.58,23636.0,46.57821988341383,32284.88,3578.0
674497,7628.75,0.0,145.26188253338458,33068.91,31224.8
674637,5395.83,70051.0,141.84314975260895,27301.24,17279.5
674643,2570.24,49304.0,219.79014447481453,9075.0,0.0
674689,4058.67,0.0,49.81029247932717,26218.54,0.0
674738,3885.46,0.0,53.18509244871915,25428.86,12080.2
674781,11790.5,25251.0,180.52336068324453,23970.38,7210.5
674805,11820.11,86801.0,145.26188253338458,42644.12,13645.8
674876,7528.09,0.0,633.1227764976959,9118.0,3935.0
674923,5492.39,74271.0,166.4277703061699,26588.98,0.0
674933,6878.01,39020.0,108.58966689591637,48613.71,7467.0
675057,6753.43,44213.0,145.26188253338458,39776.37,0.0
675104,8300.71,17034.0,49.60719033974621,42271.7,0.0
675106,4794.48,20862.0,145.26188253338458,36762.33,12175.2
675204,3199.7,0.0,14.315845580303732,44516.62,23757.6
675240,13197.93,0.0,145.26188253338458,0.0,0.0
675243,3303.09,29385.0,13.83317786283716,41654.75,11236.6
675385,5815.26,76675.0,55.798807561573845,28148.34,0.0
675405,8714.92,0.0,145.26188253338458,36750.81,20601.7
675409,27564.74,26410.0,145.26188253338458,45837.37,0.0
675419,39400.19,0.0,145.26188253338458,0.0,0.0
675442,17636.42,37109.0,113.10528954419664,29917.13,4390.9
675457,3746.03,70342.0,145.26188253338458,29122.11,8094.0
675506,2810.67,73858.0,228.58612967914453,8399.0,0.0
675516,2887.78,62018.0,145.26188253338458,44584.74,19403.5
675535,5304.54,0.0,39.704640718562864,39930.34,42382.4
675538,8622.84,97361.0,145.26188253338458,34040.59,6808.0
675541,5284.04,61542.0,145.26188253338458,39244.34,22435.2
675616,8663.55,93485.0,145.26188253338458,49384.94,34152.6
675651,2574.02,34990.0,12.542327182952183,47781.32,29669.5
675710,8509.45,0.0,145.26188253338458,0.0,0.0
675848,2453.57,29735.0,145.26188253338458,40740.85,0.0
675879,8000.55,63834.0,314.6768049568968,11204.0,4416.0
675936,11044.43,29696.0,145.26188253338458,37404.11,20357.4
675956,18853.74,0.0,111.24067446461828,45338.46,10237.2
676203,7907.13,24666.0,145.26188253338458,35508.98,10770.8
676289,5780.18,51066.0,37.15363943583594,24604.89,9216.0
676371,6802.07,47451.0,460.6795305541818,7424.0,6214.0
676376,4428.03,58577.0,145.26188253338458,56259.42,8048.4
676406,4306.56,26322.0,27.345061495729222,28606.09,30547.9
676408,11633.58,39669.0,145.26188253338458,31683.32,23171.5
676409,5926.73,23091.0,145.26188253338458,34903.16,29623.5
676585,15102.23,0.0,145.26188253338458,45747.68,12655.9
676622,3722.37,0.0,145.26188253338458,38457.48,11411.9
676631,2936.73,27179.0,82.34918872823933,37821.03,30656.5
676639,8759.59,28280.0,145.26188253338458,35559.56,4438.4
676669,21504.34,60228.0,145.26188253338458,37878.09,3536.0
676676,4642.02,0.0,145.26188253338458,0.0,0.0
676873,2360.6,0.0,145.26188253338458,30075.93,4846.9
676877,19174.63,74028.0,141.9277244889682,44977.49,5139.5
676941,12880.75,24571.0,145.26188253338458,58299.76,44522.4
677045,12349.7,67248.0,145.26188253338458,37310.5,15284.6
677068,3486.7,0.0,97.39385474860332,36473.54,10247.3
677141,2162.42,0.0,145.26188253338458,54317.88,7038.0
677153,2561.58,0.0,145.26188253338458,0.0,0.0
677174,2730.97,24967.0,145.26188253338458,42520.0,7297.9
677213,2936.73,27179.0,43.80134235044135,28442.73,23416.7
677217,23086.36,69240.0,145.26188253338458,45182.1,36020.2
677218,2319.82,14660.0,145.26188253338458,26904.24,0.0
677292,9035.67,34337.0,145.26188253338458,0.0,0.0
677322,3548.07,0.0,35.21920943134537,40872.91,21363.6
677329,18688.31,0.0,350.980362545537,18646.04,3959.0
677335,9928.99,75716.0,462.6289966384411,16473.0,5584.0
677404,22256.69,23444.0,145.26188253338458,36874.07,6980.6
677435,5123.2,22338.0,145.26188253338458,31116.88,13105.0
677513,26199.53,20346.0,546.8337691968992,30181.84,3717.0
677527,2446.66,82225.0,145.26188253338458,28545.38,0.0
677560,2902.15,96137.0,145.26188253338458,27954.99,6824.8
677606,5380.9,55350.0,34.365641739300855,46249.17,8134.0
677669,2843.56,67952.0,145.26188253338458,0.0,0.0
677695,2725.36,36650.0,145.26188253338458,42814.16,5986.0
677704,3781.45,57647.0,145.26188253338458,32198.91,8272.6
677717,8543.33,0.0,468.19209999499583,18555.0,3709.0
677751,9384.48,0.0,145.26188253338458,35538.04,10942.4
677901,17771.55,0.0,41804.18313641482,690.3299999999999,0.0
677925,2471.08,53074.0,145.26188253338458,0.0,0.0
677963,6974.92,26514.0,145.26188253338458,24195.45,12007.4
677976,6965.42,25411.0,729.9392190640265,10941.96,0.0
678205,20230.97,48448.0,145.26188253338458,21661.6,15191.0
678217,5761.11,28919.0,668.4059599491433,6157.0,8676.0
678243,10179.72,14290.0,145.26188253338458,39715.98,0.0
678284,1918.12,0.0,63.79440279920787,31559.65,8238.0
678341,3056.22,34317.0,31.39324661143907,37343.97,0.0
678454,2698.69,76025.0,145.26188253338458,42253.64,10252.2
678460,5639.94,73168.0,67.24888712241655,39529.81,22501.2
678493,3011.77,77912.0,145.26188253338458,37905.61,13382.5
678514,2220.19,0.0,145.26188253338458,42015.45,3014.0
678544,9061.06,73876.0,145.26188253338458,0.0,0.0
678603,7341.79,27649.0,228.7337695039095,22473.35,0.0
678616,12252.6,0.0,145.26188253338458,42427.13,0.0
678722,6582.29,10738.0,107.55102983330774,23157.32,4676.0
678786,5639.94,73168.0,145.26188253338458,40309.88,0.0
678837,14503.02,29790.0,145.26188253338458,32109.13,2531.0
678858,11665.1,84978.0,145.26188253338458,0.0,0.0
678925,19606.36,0.0,145.26188253338458,27799.58,2675.0
678933,5380.9,55350.0,212.5878734305096,30684.06,6651.9
678967,6035.09,29587.0,34.09391502863334,31115.8,11139.7
678991,22110.4,65724.0,145.26188253338458,0.0,0.0
679075,7095.13,74298.0,40.4362132346244,34504.2,19389.8
679132,3873.65,28142.0,467.2446298744219,5896.0,0.0
679155,10978.78,68158.0,145.26188253338458,0.0,0.0
679253,3694.65,0.0,188.31828655215773,15608.0,6939.0
679311,10408.97,20228.0,165.85356915232632,31300.17,15019.1
679414,7539.6,0.0,1163.6169133192411,8202.0,0.0
679437,5677.31,0.0,145.26188253338458,41891.83,11201.7
679485,13450.96,0.0,145.26188253338458,36303.38,22469.8
679531,5206.11,94392.0,145.26188253338458,14076.0,6860.9
679607,2722.21,17576.0,145.26188253338458,30830.78,15774.3
679609,2359.42,19864.0,43.10000083411883,20917.69,10266.3
679623,11658.6,19851.0,145.26188253338458,37492.55,30438.6
679638,8591.6,38984.0,145.26188253338458,52801.91,25504.5
679859,4428.03,58577.0,145.26188253338458,26940.69,3137.0
679908,3921.02,62445.0,145.26188253338458,46827.65,11810.0
679994,8586.66,0.0,1358.9236450354117,10102.0,5937.0
680168,27386.15,0.0,3642.8370080175,7614.0,3650.0
680181,2874.09,33462.0,30.676996701407187,33862.37,5842.0
680193,2833.8,45360.0,145.26188253338458,0.0,0.0
680304,2706.61,22664.0,377.59914765126416,4995.37,0.0
680376,2503.6,47285.0,750.2577996715951,6325.0,0.0
680379,2731.4,43386.0,145.26188253338458,57345.61,11938.8
680444,8193.16,89219.0,145.26188253338458,53713.17,0.0
680445,5161.79,0.0,145.26188253338458,35959.76,7256.1
680485,11077.69,78011.0,145.26188253338458,2870.99,7018.6
680553,8569.42,99803.0,145.26188253338458,0.0,0.0
680565,4462.45,70088.0,145.26188253338458,35965.59,16440.9
680569,7046.48,0.0,145.26188253338458,50227.5,16664.8
680581,5476.53,52218.0,145.26188253338458,35155.59,2459.0
680738,30061.69,48258.0,257.21699375975777,40853.1,2697.0
680754,4762.82,0.0,9657.940555555557,3277.0,4124.0
680839,7805.31,21073.0,68.57090266523328,32440.36,2197.0
680878,8262.63,0.0,2079.9034137931035,3954.0,0.0
680886,67907.27,78310.0,145.26188253338458,36253.76,16434.8
680945,2592.89,35705.0,263.3779730983308,10236.0,3622.0
681032,24723.18,44685.0,145.26188253338458,33567.8,18549.8
681250,5789.35,75845.0,48.85629086554025,34140.27,4089.0
681270,6243.14,57734.0,145.26188253338458,49482.83,12387.4
681309,4682.25,37929.0,28.05859971432794,46316.4,0.0
681328,3147.97,29698.0,127.63363658579942,11265.12,0.0
681399,14709.0,36670.0,78.781872057851,45303.1,22350.0
681593,10208.93,35482.0,746.4462039262831,12902.0,3098.0
681649,4563.02,39187.0,145.26188253338458,40411.0,9258.7
681722,8012.12,0.0,145.26188253338458,31528.64,0.0
681785,2395.57,21986.0,145.26188253338458,43839.02,0.0
681822,6782.56,26116.0,145.26188253338458,51417.83,28033.8
681887,11663.99,0.0,145.26188253338458,50287.38,11423.1
681921,4471.78,0.0,145.26188253338458,30651.25,0.0
681961,11611.95,28915.0,145.26188253338458,0.0,0.0
681984,7575.65,0.0,145.26188253338458,49599.12,2695.0
682064,2599.04,53021.0,145.26188253338458,0.0,0.0
682103,4974.8,75644.0,145.26188253338458,34663.43,9572.4
682194,10208.93,35482.0,145.26188253338458,43191.83,0.0
682288,4524.64,0.0,145.26188253338458,31765.25,2876.0
682308,5079.83,0.0,145.26188253338458,25150.06,7550.6
682337,4873.67,0.0,145.26188253338458,0.0,0.0
682356,10963.96,55687.0,145.26188253338458,56506.13,19860.6
682419,3883.4,0.0,145.26188253338458,55042.55,5226.0
682521,5660.13,59586.0,208.88974702059983,26452.33,0.0
682528,3226.85,83252.0,145.26188253338458,38145.62,14726.9
682533,5350.37,58357.0,71447.01402439181,764.0,0.0
682571,2899.32,33738.0,145.26188253338458,29681.22,10553.4
682654,3274.19,31686.0,145.26188253338458,34323.76,9384.1
682707,5498.94,22520.0,88.76841756103315,24077.54,5339.0
682709,2929.92,98473.0,145.26188253338458,36949.77,2787.0
682813,4222.63,74585.0,24.984963728470124,45653.28,8551.9
682819,8608.16,21450.0,145.26188253338458,47195.69,0.0
682826,3278.53,70247.0,145.26188253338458,31476.54,25347.9
682840,7034.35,23158.0,145.26188253338458,31733.23,8169.0
682979,4330.39,60475.0,145.26188253338458,71126.47,15213.6
682980,8302.32,78032.0,490.24160914581546,11797.9,0.0
683126,7600.03,0.0,145.26188253338458,43490.53,13414.7
683239,8390.12,0.0,721.5139477900295,10875.59,0.0
683250,3554.85,58557.0,145.26188253338458,0.0,0.0
683356,2854.27,34807.0,145.26188253338458,37310.77,11914.0
683361,4656.67,29070.0,138.8064148632096,11134.0,0.0
683458,5045.87,28056.0,145.26188253338458,0.0,0.0
683470,12047.78,43324.0,145.26188253338458,56868.16,6855.2
683485,8092.88,50825.0,66.60411092337941,48361.73,8747.0
683487,11606.85,45893.0,145.26188253338458,31579.57,17330.9
683503,13223.04,37534.0,57.93151394151327,42657.73,15325.3
683550,3585.88,49080.0,145.26188253338458,0.0,0.0
683660,2996.89,51199.0,145.26188253338458,41131.23,14435.0
683664,8516.75,37573.0,1573.1850961538498,5930.0,0.0
683685,12887.43,48767.0,145.26188253338458,0.0,0.0
683699,2795.74,85950.0,145.26188253338458,43103.23,6929.3
683751,3873.65,28142.0,145.26188253338458,38052.12,11237.4
683791,4884.16,21766.0,145.26188253338458,38436.33,21069.0
683838,19643.54,84488.0,489.7021286768055,19096.45,10496.0
683875,17288.55,0.0,18505.33944281529,930.0,0.0
683901,26197.41,18495.0,145.26188253338458,42947.33,0.0
683909,5139.56,73180.0,399.7029971590918,4243.0,5305.0
683910,5897.56,29227.0,169.68920665951958,24742.76,4590.0
683920,8337.19,74460.0,145.26188253338458,40276.88,8474.5
684022,5232.45,41596.0,32.74624987712011,36694.78,14863.7
684081,2697.33,60462.0,1212.4697660098536,1959.0,0.0
684103,2448.86,0.0,525.8258883049674,4608.58,6914.1
684133,8268.27,95419.0,145.26188253338458,29692.35,11438.0
684155,5406.88,27166.0,145.26188253338458,39720.32,0.0
684201,22110.4,65724.0,178.3443532989181,44854.14,15716.8
684296,2777.53,59124.0,145.26188253338458,0.0,0.0
684305,19357.37,0.0,145.26188253338458,29037.81,23757.0
684371,10175.24,0.0,145.26188253338458,46738.51,0.0
684386,5380.9,55350.0,145.26188253338458,32095.28,17661.5
684491,10487.74,30658.0,79.59773947783562,39878.28,3107.0
684691,9830.34,25965.0,46.08638707141702,42130.83,14905.9
684699,4669.23,76157.0,145.26188253338458,0.0,0.0
684776,7243.87,41951.0,145.26188253338458,35752.380000000005,16851.5
684826,2821.95,38977.0,22.040241526907693,30802.65,0.0
684835,2242.09,12131.0,507.66926178660094,7133.0,7408.0
684881,2607.82,0.0,145.26188253338458,69110.52,27610.8
684889,8184.59,69114.0,25.732760484545487,90030.86,19085.5
684934,8272.49,91245.0,145.26188253338458,38620.88,8727.0
685171,26999.68,0.0,145.26188253338458,31718.35,3444.0
685208,3305.13,40778.0,145.26188253338458,38426.91,9653.0
685314,4834.8,32017.0,145.26188253338458,26779.28,2120.0
685346,4869.24,55593.0,145.26188253338458,45872.03,3191.0
685375,18542.3,0.0,114.54329514625222,38941.64,22386.7
685408,5480.7,46946.0,145.26188253338458,39556.12,7101.0
685518,18042.48,35704.0,1155.284228992457,19074.08,8867.3
685533,7717.0,37376.0,145.26188253338458,30144.31,8807.0
685546,10346.32,0.0,145.26188253338458,43551.37,4815.0
685608,7200.66,0.0,47.141220573068495,39951.7,8417.0
685631,11981.98,21514.0,857.6011255784773,9905.51,0.0
685653,2393.92,0.0,145.26188253338458,0.0,0.0
685683,2274.78,0.0,20.9534921868691,23922.46,3646.0
685720,17793.61,0.0,254.18746453130456,40033.81,9583.0
685792,4563.02,39187.0,199.60079496654367,17589.1,0.0
685982,5015.01,48567.0,145.26188253338458,32672.32,3953.0
686031,3591.07,0.0,26.77685723332755,46838.53,20550.4
686044,3136.7,59644.0,145.26188253338458,32177.42,5112.9
686059,27064.46,83560.0,145.26188253338458,40160.2,3748.0
686196,9656.76,0.0,60.10363208512381,43894.64,14204.4
686220,6005.85,13528.0,145.26188253338458,37431.82,5056.0
686223,3837.45,21880.0,419.2365309787498,7644.0,3205.0
686224,5141.98,60277.0,27.115759255192497,28242.02,14607.5
686232,22093.62,24193.0,145.26188253338458,48132.22,16630.7
686371,3876.77,0.0,308.2386835608488,14870.0,6329.0
686397,6739.66,0.0,345.5022331460674,14484.0,6662.0
686432,6650.46,0.0,145.26188253338458,0.0,0.0
686471,2248.45,24910.0,145.26188253338458,26720.18,21591.6
686474,6274.12,68964.0,145.26188253338458,0.0,0.0
686509,12941.73,77060.0,202.50927934493703,35780.44,3949.0
686555,5450.57,76389.0,145.26188253338458,56840.03,12158.1
686561,10986.23,96721.0,982.034436734694,10578.0,4863.0
686612,2359.42,19864.0,145.26188253338458,3054.4700000000003,0.0
686709,24108.3,17257.0,145.26188253338458,40710.36,0.0
686728,5989.77,66839.0,292.7120163341815,10798.0,0.0
686769,3096.51,21604.0,145.26188253338458,22208.52,6180.7
686783,7377.23,0.0,57.97261753029219,33428.0,7491.7
686838,5593.43,96406.0,145.26188253338458,31120.58,15995.0
687108,4784.96,25813.0,145.26188253338458,0.0,0.0
687170,8406.76,67128.0,73.58576183715755,26888.37,7381.5
687186,2885.74,35654.0,29.35629617861911,37485.73,4557.0
687199,5243.54,44851.0,145.26188253338458,46789.12,13610.5
687262,19278.82,0.0,145.26188253338458,49193.27,11250.5
687401,20940.3,0.0,145.26188253338458,41177.63,13752.6
687412,4982.68,52275.0,145.26188253338458,36731.1,27197.7
687463,11323.36,98254.0,63.930739305629686,41361.59,9049.5
687525,4202.66,74057.0,145.26188253338458,31692.47,5270.6
687533,40636.67,31267.0,229.0222935296292,42498.46,7512.6
687589,3007.39,0.0,145.26188253338458,34053.09,10705.1
687593,5318.9,25134.0,15698.640161725169,1720.0,0.0
687639,2473.37,13449.0,16.31203970049364,43093.16,21824.2
687748,4971.35,98784.0,204.58076681686828,15931.78,0.0
687820,7411.81,0.0,145.26188253338458,35397.83,7092.7
687895,2469.57,55257.0,145.26188253338458,41341.66,16692.7
687951,6355.68,0.0,222.7030272,11191.7,3814.0
687962,3867.97,79628.0,145.26188253338458,55416.01,14745.9
687984,20461.15,87502.0,145.26188253338458,0.0,0.0
688058,5598.27,14174.0,52.10534831357532,31656.13,5458.7
688132,33473.35,33190.0,145.26188253338458,0.0,0.0
688139,2242.23,0.0,66.30341152134464,33565.7,0.0
688168,8754.16,24012.0,145.26188253338458,35025.01,21118.1
688178,6104.85,62455.0,38.26341976474631,41689.85,15278.0
688319,21892.35,78337.0,145.26188253338458,31412.53,11195.0
688410,4921.33,43640.0,145.26188253338458,54907.74,10504.3
688524,3980.42,98333.0,145.26188253338458,26796.27,40394.0
688533,18635.9,11656.0,145.26188253338458,47428.99,20398.4
688557,2416.54,18944.0,13.29920700656791,41023.99,12498.2
688615,3301.52,0.0,2896.766346153857,4667.0,0.0
688627,16468.22,0.0,145.26188253338458,47121.8,10336.1
688691,2785.42,66378.0,145.26188253338458,35755.03,8205.0
688731,2576.51,37574.0,58776.6343750013,1961.0,4865.0
688748,5999.38,26303.0,688.9836283928357,6526.33,3106.0
688820,2592.44,72421.0,145.26188253338458,48146.79,16666.8
688891,8093.9,59839.0,333.1261229092276,11589.0,8843.0
688902,7048.54,20416.0,145.26188253338458,0.0,0.0
689000,7080.13,28139.0,145.26188253338458,45530.13,21485.0
689112,2895.52,46267.0,145.26188253338458,41500.69,14123.6
689275,31934.62,56516.0,145.26188253338458,36711.48,5259.0
689353,25807.06,71210.0,145.26188253338458,55584.48,18178.2
689389,12655.53,26149.0,73.54773478499008,35879.14,10335.0
689440,5510.56,0.0,241.1310421994888,14541.0,8272.0
689459,2596.19,0.0,145.26188253338458,22473.73,4364.3
689477,9445.65,93246.0,145.26188253338458,43087.1,7676.0
689818,7285.03,44788.0,145.26188253338458,32466.08,0.0
689839,8460.81,0.0,399.9217365967367,14695.0,0.0
689909,2161.69,0.0,145.26188253338458,37465.71,4654.0
689912,13309.34,0.0,145.26188253338458,39345.78,14539.0
689981,2403.54,24248.0,145.26188253338458,40498.23,10221.7
689993,3885.46,0.0,145.26188253338458,0.0,0.0
690029,2392.11,17870.0,145.26188253338458,31924.59,0.0
690191,10594.13,64669.0,208.7079519203783,41512.24,8124.0
690199,2472.47,63860.0,145.26188253338458,34651.87,0.0
690494,4229.92,0.0,125.98190141247318,20370.77,0.0
690510,2378.67,54753.0,1087.9881578947409,7496.0,0.0
690554,5623.76,77912.0,145.26188253338458,45450.37,20707.5
690563,6013.04,0.0,145.26188253338458,42880.03,10899.0
690637,6183.19,36464.0,56.326042231680255,36286.17,13706.9
690641,3115.7,54420.0,145.26188253338458,39778.61,0.0
690671,3096.51,21604.0,23.6187433302591,50542.2,16495.8
690776,6948.42,0.0,145.26188253338458,34215.22,6923.6
690797,8062.55,42124.0,145.26188253338458,25172.07,0.0
690862,5073.28,57709.0,145.26188253338458,42187.47,31956.9
690866,2509.27,74045.0,145.26188253338458,46026.86,14308.9
690890,2487.26,28738.0,145.26188253338458,52390.61,23998.9
690916,30286.69,27587.0,145.26188253338458,50612.59,23896.1
690969,12877.78,0.0,145.26188253338458,25737.32,11447.2
690970,3339.85,51032.0,36.40360966665606,32713.72,0.0
690971,5780.18,51066.0,145.26188253338458,33969.69,7214.0
690984,3644.83,82477.0,934.2436446629248,6661.0,4421.0
691077,8110.31,52548.0,140.03755211519905,43651.41,2647.0
691220,2496.17,49136.0,17.78648554204637,38449.3,8335.0
691259,5112.57,56587.0,141.39458669670552,42750.3,0.0
691262,8053.27,17301.0,175.18586030156757,21023.49,0.0
691332,5723.54,77646.0,778.3502608047705,4699.0,4412.0
691365,15613.95,27514.0,145.26188253338458,0.0,0.0
691520,4468.51,0.0,145.26188253338458,40039.53,19287.4
691542,14914.53,45963.0,236.17778399625163,25135.31,5152.8
691626,5085.02,0.0,351.0779886506936,19374.0,2576.0
691645,4729.97,0.0,302.8840438596492,13949.0,0.0
691700,7007.27,0.0,145.26188253338458,30924.56,13360.3
691761,2595.56,27734.0,36.428702165620784,36026.21,13820.1
691855,2503.66,53338.0,22108.933064516616,2017.0,0.0
691909,12097.91,0.0,145.26188253338458,42334.57,13790.4
692096,4914.04,10037.0,31.626153755730574,45507.97,13045.4
692097,5039.44,82940.0,145.26188253338458,0.0,0.0
692121,8105.87,0.0,145.26188253338458,0.0,0.0
692129,3133.02,0.0,145.26188253338458,22870.89,0.0
692151,3716.48,17162.0,145.26188253338458,35462.52,20076.4
692252,4636.55,26802.0,145.26188253338458,39157.77,0.0
692275,6273.91,18577.0,149.4997355982661,22439.33,10019.0
692291,5243.83,36615.0,145.26188253338458,0.0,0.0
692304,4492.52,0.0,23.67044099603032,52715.03,17162.7
692328,15114.4,28513.0,92.7965685449958,45076.98,3026.0
692535,4294.0,16701.0,145.26188253338458,39844.69,20977.6
692628,3386.53,0.0,68.5950860155383,36729.23,10543.5
692671,3410.2,59662.0,145.26188253338458,34880.86,0.0
692685,7532.26,41458.0,145.26188253338458,36829.61,15644.7
692729,13438.04,69693.0,145.26188253338458,41675.54,15048.7
692741,4574.92,32906.0,145.26188253338458,0.0,0.0
692841,2379.61,0.0,1683.251259689929,3626.0,0.0
692856,10861.52,65727.0,196.0679531943936,36872.06,16816.2
692936,16979.8,35095.0,36890.63690476213,2802.0,3894.0
692992,13014.23,55067.0,145.26188253338458,37392.08,8204.0
693045,2258.79,0.0,97.5921342329546,14106.0,6977.0
693133,15739.92,48096.0,145.26188253338458,49456.42,18886.3
693138,5737.5,68946.0,145.26188253338458,36272.11,17234.9
693196,4407.77,0.0,34.74993016186608,31448.11,3887.0
693212,5275.63,70446.0,145.26188253338458,29524.53,6038.2
693238,5418.15,57587.0,145.26188253338458,36155.12,17706.1
693256,4916.58,21907.0,145.26188253338458,24593.34,0.0
693295,2693.76,0.0,15.498656981803054,41462.91,14124.8
693372,9199.54,0.0,65.11565685164213,44660.65,3604.0
693393,10484.92,61108.0,145.26188253338458,0.0,0.0
693494,3241.84,33701.0,263.33937685459944,12762.0,4068.0
693528,7285.03,44788.0,569.630666238218,11979.0,0.0
693608,2516.1,88435.0,27.444535755909527,34421.39,16799.9
693625,7756.31,0.0,145.26188253338458,41514.53,21347.3
693659,5824.77,38492.0,32.914079037676565,42755.42,25574.0
693665,2388.95,0.0,145.26188253338458,34409.03,12816.2
693791,5651.4,44634.0,74.29357104267966,28395.21,15098.3
693852,9559.34,40672.0,145.26188253338458,46637.93,32671.8
693913,7305.94,83221.0,47.64927945393956,37818.71,14559.0
693922,19278.82,0.0,145.26188253338458,43080.13,4312.0
693926,2665.22,14315.0,145.26188253338458,0.0,0.0
694021,6847.59,0.0,728.6794023323624,9728.0,0.0
694158,7805.31,21073.0,145.26188253338458,38123.13,11960.8
694168,3484.14,34307.0,196.7435718926948,10138.03,0.0
694241,16069.95,60735.0,145.26188253338458,43077.0,6870.4
694388,4903.81,0.0,145.26188253338458,39935.32,7145.9
694472,4250.78,27608.0,26.86286653185035,32882.24,25897.0
694497,7832.57,34644.0,145.26188253338458,37121.16,15361.8
694512,11064.29,29484.0,145.26188253338458,31278.29,0.0
694648,2962.98,71809.0,1226.1765306122493,4021.0,0.0
694723,2675.57,67837.0,145.26188253338458,44570.05,17918.9
694743,5597.12,37995.0,145.26188253338458,32233.62,19584.7
694757,7495.68,0.0,145.26188253338458,47508.64,0.0
694828,5169.5,12430.0,145.26188253338458,31890.22,4375.0
694915,2030.78,0.0,118.91465775401068,9182.0,0.0
694942,12168.74,14973.0,145.26188253338458,47499.98,7715.9
695069,2582.86,50148.0,873.558098591561,2439.78,0.0
695076,2789.75,15514.0,145.26188253338458,34010.19,3098.0
695107,2308.69,0.0,17.607458816351432,33168.88,10736.1
695162,19668.87,0.0,333.20048036758584,23654.44,0.0
695250,5384.43,83689.0,145.26188253338458,32697.87,8068.6
695342,5678.05,68671.0,145.26188253338458,43085.3,4184.0
695385,4739.35,49447.0,145.26188253338458,0.0,0.0
695428,4626.8,79487.0,143.7811927972415,14845.64,3328.0
695529,4334.06,23904.0,145.26188253338458,36318.04,15589.4
695564,18474.71,27869.0,145.26188253338458,0.0,0.0
695596,2514.59,43860.0,266.31937808298727,7231.0,0.0
695624,7255.71,10710.0,145.26188253338458,58504.5,18148.3
695686,6672.13,56830.0,47.36261890114051,44936.87,8331.5
695755,4144.87,64478.0,145.26188253338458,0.0,0.0
695855,4019.38,0.0,145.26188253338458,38322.77,6560.7
695878,5745.12,30389.0,145.26188253338458,41855.94,8276.4
695965,3746.75,41479.0,272.2964923342405,11677.0,8957.0
695978,15984.53,0.0,145.26188253338458,42474.39,7422.0
695987,21850.35,48107.0,412.3418052563551,22934.77,13245.3
696026,4958.02,22842.0,418.2355401824237,9805.44,6689.9
696090,5969.55,97431.0,145.26188253338458,50203.01,30199.8
696096,14663.2,91015.0,110.28415530251522,18845.67,4957.0
696128,16699.46,81400.0,360.3425833417084,36103.03,14003.0
696199,10914.2,71656.0,69.5317578063638,49022.02,35822.6
696329,5678.05,0.0,145.26188253338458,35185.92,5456.0
696431,7781.0,0.0,145.26188253338458,36037.69,22875.0
696444,15042.58,22799.0,145.26188253338458,34186.48,0.0
696486,12500.84,0.0,145.26188253338458,52567.94,30343.5
696502,7644.76,43838.0,145.26188253338458,47500.81,5036.0
696504,11365.27,84910.0,291.9483675954143,21573.82,5846.0
696562,2538.86,99824.0,679.8854732208385,4810.0,5688.0
696577,3757.8,36633.0,103.22849401670804,25778.98,20924.7
696609,3436.45,30509.0,17.089917623142913,43251.12,54449.1
696732,2537.38,92401.0,2437.2202631579044,3777.0,0.0
696826,9414.12,20455.0,145.26188253338458,45289.53,2520.0
696864,10373.89,62587.0,110.0837450382212,35156.770000000004,38611.8
696897,4929.55,25632.0,105.85030061652866,36627.49,15611.6
697029,7785.67,20497.0,145.26188253338458,31264.87,11525.6
697079,4729.59,29414.0,1131.505582259125,4452.0,0.0
697091,6323.92,78532.0,145.26188253338458,47417.62,19608.0
697162,10314.52,99759.0,481.063097367749,13912.0,0.0
697169,9045.11,52572.0,145.26188253338458,27539.26,13840.8
697272,2215.91,0.0,145.26188253338458,36841.3,12428.6
697323,26305.42,35300.0,145.26188253338458,0.0,0.0
697356,2738.0,0.0,145.26188253338458,23128.33,0.0
697393,14031.7,91061.0,231.0708791084843,26205.76,5006.5
697477,8534.79,47325.0,53.92154006729812,45038.19,23769.0
697680,5670.44,28406.0,245.03282557221783,11693.0,11855.0
697766,16484.02,91354.0,145.26188253338458,23368.08,0.0
697824,3837.36,23051.0,145.26188253338458,0.0,0.0
697837,4755.19,21926.0,145.26188253338458,39024.54,0.0
697840,8510.53,0.0,145.26188253338458,0.0,0.0
697905,2647.52,37876.0,145.26188253338458,47203.24,4865.0
697917,2713.37,31535.0,1263.239859693879,5178.0,3915.0
697962,5619.69,0.0,145.26188253338458,0.0,0.0
698072,8610.67,0.0,75.30777184070543,35959.44,2659.0
698122,9500.08,96276.0,145.26188253338458,50763.76,13784.5
698159,11315.2,11885.0,3465.7745454545457,4698.0,0.0
698180,4897.04,24383.0,547.1692653061235,12196.0,8983.0
698242,5867.13,27880.0,145.26188253338458,40227.68,0.0
698390,9199.39,37399.0,145.26188253338458,35261.77,13070.5
698395,2624.1,11822.0,145.26188253338458,31968.53,10086.0
698443,7089.05,28121.0,49.34844087730454,35940.54,2592.0
698505,8375.35,17780.0,105.49683026655444,28843.01,8323.0
698510,12148.94,37025.0,145.26188253338458,38755.86,2666.0
698546,7203.13,0.0,145.26188253338458,25002.43,3392.0
698573,24723.18,44685.0,145.26188253338458,41051.17,6716.5
698627,8709.85,85185.0,6409.466229838719,2815.0,0.0
698647,7233.54,94550.0,145.26188253338458,39911.08,16126.2
698915,4567.87,15383.0,145.26188253338458,0.0,0.0
698932,5717.74,68342.0,125.9510372325446,22134.13,5141.4
698937,7662.43,0.0,205.8509411325977,31888.31,12870.6
698988,8336.08,0.0,145.26188253338458,49327.35,8994.6
699194,5704.98,50695.0,396.7830983231713,19459.0,2594.0
699220,2594.79,30064.0,145.26188253338458,0.0,0.0
699243,7838.07,0.0,56.6691645895578,37454.12,4454.0
699281,26200.83,68507.0,1540.8114312567138,15096.12,0.0
699343,8630.05,24065.0,145.26188253338458,32194.17,9553.0
699397,9640.53,30431.0,145.26188253338458,47723.46,9446.0
699511,4019.38,0.0,145.26188253338458,20675.49,0.0
699739,6952.65,0.0,145.26188253338458,40871.98,0.0
699750,4943.39,44762.0,145.26188253338458,42967.3,4123.0
699751,20714.94,0.0,145.26188253338458,41263.3,22986.2
699875,2424.42,27093.0,145.26188253338458,44852.61,31931.6
699962,5568.66,51489.0,145.26188253338458,42118.27,3126.0
700011,7840.17,58414.0,145.26188253338458,0.0,0.0
700096,3184.36,50989.0,145.26188253338458,47681.29,14403.9
700145,3470.18,94885.0,15.323941395663958,48260.87,12055.0
700207,2909.55,88944.0,145.26188253338458,30195.1,3803.0
700225,2866.82,87428.0,145.26188253338458,24895.2,7674.1
700245,2254.93,0.0,145.26188253338458,42326.71,18598.8
700260,5380.9,55350.0,53.79956665132689,34078.58,3478.0
700276,4334.06,23904.0,19.388439972301043,35816.98,12414.0
700286,2933.5,0.0,152.0919744318182,13952.0,6753.0
700335,2348.03,0.0,145.26188253338458,34745.090000000004,4770.0
700343,4525.37,10269.0,145.26188253338458,59670.86,7980.0
700356,5004.31,25486.0,1747.916889952157,5123.0,0.0
700430,6699.22,0.0,145.26188253338458,45075.66,9563.8
700474,41855.17,28311.0,7242.63766592922,10657.0,0.0
700497,7731.71,37386.0,569.0430467804822,11683.0,6105.0
700566,2433.02,0.0,65.78425073583153,41114.35,0.0
700650,19884.92,63755.0,145.26188253338458,32484.51,15353.9
700705,8485.39,0.0,145.26188253338458,32629.98,5358.0
700731,4363.6,38925.0,174.6882174873139,24233.13,0.0
700748,8183.59,24345.0,145.26188253338458,45408.19,11919.3
700770,6089.77,70892.0,145.26188253338458,34952.85,0.0
700871,4165.25,58299.0,145.26188253338458,28082.35,0.0
700918,6503.22,46298.0,145.26188253338458,54796.45,4906.0
700924,5555.56,41853.0,153.6165481505425,20174.21,13824.4
700958,11243.9,66146.0,145.26188253338458,0.0,0.0
701012,3115.7,54420.0,233.80561266447387,13251.0,0.0
701036,8139.53,86876.0,145.26188253338458,26438.43,9773.6
701216,5066.63,35596.0,170.59360269360278,21730.58,6014.0
701223,5325.72,0.0,25.659660746681155,52492.64,11460.8
701235,8590.33,63110.0,71.5488387323494,18978.66,14293.7
701308,4171.19,37478.0,145.26188253338458,22936.86,0.0
701391,11255.46,88858.0,93.8524257102672,40924.62,13404.5
701485,5230.09,32630.0,27.63277821203173,40240.19,0.0
701617,8888.88,21509.0,66.06343181771905,44645.56,40392.7
701622,5619.97,0.0,26.823738213144804,36859.49,18481.3
701645,3874.87,26670.0,235.56421552298488,12832.0,0.0
701708,4376.36,63774.0,145.26188253338458,0.0,0.0
701732,5639.4,24636.0,8636.563636363653,609.0,0.0
701792,5281.83,39658.0,145.26188253338458,22849.12,9511.4
701803,3768.37,85751.0,16.407710026744667,36514.9,11249.5
701954,5500.58,35396.0,104.63989430270016,31555.21,2586.0
702005,5783.18,72354.0,478.0028759057974,11157.0,3214.0
702048,3052.63,0.0,19.647226806886888,21250.48,5097.7
702147,3023.89,28383.0,132.86623931623936,14429.0,0.0
702161,12624.96,12439.0,1252.20391304348,8058.0,0.0
702257,6265.34,0.0,145.26188253338458,32877.32,22577.2
702269,10656.88,72540.0,302.3522114263508,16492.22,10664.7
702284,3489.28,0.0,145.26188253338458,46599.44,7406.5
702325,3721.06,71333.0,145.26188253338458,0.0,0.0
702327,5670.13,83086.0,145.26188253338458,42397.47,21040.4
702406,5176.73,41533.0,145.26188253338458,41206.67,13762.7
702478,7851.9,25950.0,145.26188253338458,32977.05,8278.0
702482,1918.12,0.0,120.04694787379977,14914.0,0.0
702493,4624.62,0.0,203.1124467547469,14651.98,0.0
702522,23207.25,89918.0,145.26188253338458,32916.54,0.0
702528,41787.9,46587.0,246.0907800159732,39336.52,17119.0
702542,2483.67,75615.0,14.787978352148968,42367.43,0.0
702588,4458.11,17622.0,33.44902132622185,57119.84,17339.0
702677,5411.95,0.0,38.41228015022448,27623.4,21493.2
702686,5173.49,0.0,195.8638989731357,6672.0,8084.0
702746,4167.42,56901.0,145.26188253338458,37996.68,18520.6
702800,2288.76,0.0,145.26188253338458,39911.1,4810.8
702809,9538.77,0.0,282.79282929470725,16777.0,0.0
702863,10388.99,33432.0,145.26188253338458,37076.57,15239.9
702868,15144.41,0.0,145.26188253338458,20180.34,17155.1
702884,8007.35,65473.0,145.26188253338458,36198.45,25062.9
702915,6366.23,44368.0,36.33889918137386,30784.01,8153.1
702938,4983.9,28726.0,145.26188253338458,0.0,0.0
703104,13283.86,0.0,145.26188253338458,43022.5,4369.0
703109,15506.93,99159.0,145.26188253338458,52182.4,3152.0
703160,4561.27,29327.0,145.26188253338458,0.0,0.0
703249,8188.98,89061.0,718.8498556998569,8556.0,0.0
703278,9409.14,76847.0,145.26188253338458,0.0,0.0
703338,4502.87,0.0,7826.416904761905,1744.0,0.0
703374,11955.4,71587.0,427.50563316809394,19084.57,0.0
703505,6837.54,90750.0,145.26188253338458,42670.43,11398.4
703507,19685.41,51524.0,145.26188253338458,46800.12,26321.7
703621,6827.18,0.0,145.26188253338458,31656.71,21883.2
703711,6186.5,88375.0,181.6826020490266,10910.0,8784.0
703804,35692.17,0.0,145.26188253338458,46370.4,18326.3
703852,4975.17,44723.0,145.26188253338458,21683.87,0.0
703882,4922.17,0.0,145.26188253338458,0.0,0.0
703937,18073.94,64620.0,145.26188253338458,45774.45,9679.3
703972,17497.52,0.0,145.26188253338458,0.0,0.0
704074,4340.09,0.0,145.26188253338458,9044.67,6934.0
704112,4839.11,0.0,145.26188253338458,41904.59,28464.2
704149,25805.27,22711.0,145.26188253338458,42265.41,0.0
704150,3921.02,62445.0,145.26188253338458,39191.37,10643.2
704267,5110.68,0.0,109.37800945199542,18428.02,6846.0
704270,9185.03,73795.0,53.83466711985613,40443.04,6349.8
704308,5917.47,0.0,145.26188253338458,0.0,0.0
704423,12751.28,33235.0,145.26188253338458,50632.82,3670.0
704559,8317.3,64367.0,145.26188253338458,30314.86,9149.0
704600,2361.88,18064.0,145.26188253338458,31632.24,15766.9
704603,10781.61,73026.0,145.26188253338458,52008.75,12108.5
704607,2444.74,0.0,235.39361084731487,4783.0,13895.1
704709,26197.41,18495.0,145.26188253338458,29737.94,15929.6
704835,3919.37,66676.0,27.767545298382174,35380.2,18588.4
704967,5073.28,57709.0,47.67040118625919,37082.02,18292.5
704968,5701.28,41154.0,145.26188253338458,36481.99,9861.0
705006,10208.93,35482.0,145.26188253338458,42445.98,8304.9
705020,23208.39,60233.0,149.362728710546,37923.63,13993.0
705113,9939.26,13207.0,145.26188253338458,38378.23,7396.7
705196,4101.94,0.0,145.26188253338458,39517.87,14946.0
705243,4759.62,26747.0,145.26188253338458,35015.33,0.0
705262,4625.55,66670.0,87.65848257552686,15256.46,9934.0
705353,8719.13,0.0,145.26188253338458,34608.96,7052.8
705453,2242.57,0.0,145.26188253338458,33619.96,5135.0
705490,4874.07,0.0,548.8591783216795,8597.0,0.0
705496,6052.0,32330.0,145.26188253338458,46073.88,14450.1
705589,4165.99,0.0,145.26188253338458,50320.6,3354.0
705633,8714.92,0.0,2332.07170087977,3337.0,0.0
705641,4221.31,0.0,145.26188253338458,49666.56,15422.3
705756,16331.43,78374.0,145.26188253338458,0.0,0.0
705806,3142.88,0.0,125.18018332605858,14536.0,0.0
705911,8709.32,0.0,145.26188253338458,34517.95,0.0
705980,5073.28,57709.0,145.26188253338458,42936.41,13310.4
706007,2659.71,0.0,93.05241658492632,10830.62,3433.0
706106,9256.92,21947.0,61.125769324007976,30711.05,18875.6
706125,7330.19,26906.0,42.4948899556286,41422.84,31322.9
706185,5395.43,44047.0,145.26188253338458,0.0,0.0
706199,9445.65,93246.0,2150.309095634097,7829.0,0.0
706425,7284.26,10334.0,145.26188253338458,0.0,0.0
706497,3350.69,94395.0,145.26188253338458,27917.54,4659.0
706510,2413.14,27501.0,145.26188253338458,56155.51,4259.8
706628,4911.77,0.0,1126.3640104712044,4362.0,0.0
706747,7910.87,77577.0,145.26188253338458,0.0,0.0
706792,2814.21,94304.0,145.26188253338458,31459.87,4412.0
706820,3095.63,53588.0,15.250595790571465,32463.5,7053.0
706876,5380.32,0.0,145.26188253338458,0.0,0.0
706884,2511.7,14906.0,145.26188253338458,24527.53,20976.0
706918,4770.55,12964.0,55.73809800724718,33733.48,10940.0
706962,7322.93,80864.0,145.26188253338458,29057.99,23509.4
706970,4788.93,0.0,145.26188253338458,0.0,0.0
707017,2585.44,0.0,98.22214203934362,11984.26,0.0
707023,9036.66,89382.0,38.69363529184044,42732.63,14029.6
707042,4726.87,13037.0,145.26188253338458,38528.77,14167.3
707114,12280.77,88340.0,145.26188253338458,48157.06,8128.2
707146,12375.02,78441.0,145.26188253338458,38285.08,0.0
707152,3909.64,40361.0,307.8788781014033,12519.97,11456.0
707273,3226.52,91774.0,112.56019497897296,20434.03,20369.9
707276,5569.46,53565.0,145.26188253338458,30395.94,14424.8
707424,10515.97,21499.0,145.26188253338458,29995.63,21557.3
707470,3942.73,65404.0,145.26188253338458,32850.9,8888.2
707513,15016.19,70619.0,145.26188253338458,40839.11,15984.7
707557,2580.85,46900.0,145.26188253338458,30929.99,13139.4
707588,2345.13,26304.0,16.303305525398553,30207.76,13664.8
707592,22658.54,23665.0,1955.477719104668,9085.0,0.0
707698,5174.69,55290.0,145.26188253338458,28025.57,0.0
707699,5600.5,68665.0,145.26188253338458,38555.55,17390.0
707710,8886.3,20903.0,145.26188253338458,0.0,0.0
707716,3436.13,30817.0,145.26188253338458,51732.39,20617.1
707754,9421.1,23059.0,42.06424436811305,64089.98,10083.0
707762,12022.39,25918.0,1581.3233693693694,3964.0,4417.0
707860,3021.94,0.0,145.26188253338458,0.0,0.0
707869,4553.81,61064.0,145.26188253338458,38655.01,25433.0
707967,9029.71,16972.0,145.26188253338458,47542.39,15776.1
707974,2810.46,26790.0,135.11767598491411,13804.26,7653.0
707999,2688.86,89771.0,1054.1717508055945,2910.98,0.0
708020,4957.03,62803.0,145.26188253338458,50951.56,21780.5
708151,5646.32,39841.0,145.26188253338458,0.0,0.0
708160,6843.85,0.0,145.26188253338458,37936.41,12577.7
708210,6480.68,42846.0,145.26188253338458,31803.83,5095.8
708230,3112.05,33046.0,145.26188253338458,29401.11,10218.1
708258,8329.04,0.0,139.7472802270207,32880.7,0.0
708271,4334.06,23904.0,34.98959114384615,40059.03,0.0
708337,6185.97,28001.0,159.02796520636724,21267.62,5411.0
708343,2719.26,81799.0,145.26188253338458,34025.23,13875.4
708360,10394.36,22601.0,64.95525882062897,31397.18,8230.8
708373,4169.36,35457.0,32.10691500135026,43554.34,0.0
708458,4571.61,79453.0,310.9262701863354,9407.0,6246.0
708519,8896.5,26201.0,42.58295041465373,38018.29,15671.8
708539,13037.03,28582.0,145.26188253338458,41951.31,6017.0
708555,3755.81,56178.0,793.3279224537042,6960.0,2442.0
708566,5970.82,25125.0,145.26188253338458,36575.06,22229.7
708634,2499.47,72021.0,145.26188253338458,43821.17,0.0
708654,16331.43,78374.0,95.38409761514632,42507.05,3212.0
708692,9114.28,85942.0,145.26188253338458,39616.26,9006.0
708807,15886.03,56362.0,74.3993285533552,52372.46,21292.4
708892,13815.78,96745.0,126.53093585832951,20207.69,5945.1
708933,2862.73,64640.0,442.5027315076239,5785.0,8340.0
708982,7761.27,43137.0,145.26188253338458,19736.83,11748.2
709059,5471.83,53526.0,498.8056818181829,12648.0,0.0
709123,4733.51,0.0,145.26188253338458,26542.76,26000.0
709212,2142.89,0.0,145.26188253338458,0.0,0.0
709238,12689.43,0.0,145.26188253338458,38255.76,9161.0
709279,11044.11,44524.0,145.26188253338458,38607.94,0.0
709385,4200.37,51510.0,34.314444146019405,30865.8,3762.0
709415,8509.85,26057.0,51.9133809070691,34639.01,0.0
709472,2592.44,72421.0,145.26188253338458,40730.94,3844.0
709479,6507.75,0.0,145.26188253338458,25914.9,12120.1
709499,2952.36,52198.0,145.26188253338458,38921.04,3277.0
709550,4928.0,97917.0,145.26188253338458,40848.45,11141.0
709566,5947.22,67760.0,145.26188253338458,25005.36,5728.5
709595,9144.86,21150.0,145.26188253338458,37508.16,9198.2
709656,23594.68,76358.0,1602.7403598014905,10321.0,4822.0
709659,2302.82,0.0,145.26188253338458,29351.86,6839.0
709724,29589.94,0.0,145.26188253338458,35582.81,26538.0
709726,2827.56,0.0,145.26188253338458,26951.72,10319.0
709747,3339.76,0.0,145.26188253338458,54312.51,0.0
709844,5973.98,41611.0,145.26188253338458,0.0,0.0
709869,5088.69,0.0,1116.2090444711564,6877.0,0.0
709920,4327.1,69040.0,145.26188253338458,42482.88,7782.4
709948,5244.4,68131.0,145.26188253338458,49514.06,11838.9
709982,16344.61,57029.0,145.26188253338458,29323.63,0.0
710003,5644.47,33137.0,145.26188253338458,0.0,0.0
710005,3323.86,12762.0,31.630224736677444,29456.0,0.0
710029,45708.65,31264.0,145.26188253338458,25113.29,13845.3
710053,4531.37,23705.0,26.60413888616335,22857.39,5132.0
710069,8476.77,74001.0,145.26188253338458,42577.68,5584.0
710115,2396.22,0.0,20.45689673319409,42574.41,7741.0
710145,3341.68,0.0,8024.428947368597,1980.0,0.0
710203,4191.97,77048.0,145.26188253338458,0.0,0.0
710255,8467.27,16370.0,39.34371271079278,38155.27,11277.3
710364,10004.03,0.0,145.26188253338458,37661.65,0.0
710473,5248.98,0.0,145.26188253338458,0.0,0.0
710515,13727.8,0.0,617.7848512247255,10882.0,4788.0
710598,6293.96,45430.0,340.97992281812816,12398.0,0.0
711129,13441.01,80744.0,145.26188253338458,0.0,0.0
711214,9778.98,0.0,145.26188253338458,44545.08,5913.0
711248,5083.79,62088.0,57.29626132055957,29640.84,0.0
711263,2429.28,26736.0,417.4610169491533,7537.0,0.0
711285,11981.98,21514.0,145.26188253338458,0.0,0.0
711319,8388.72,87123.0,145.26188253338458,1132.67,0.0
711363,4064.11,0.0,414.51196441877886,8180.0,0.0
711490,4825.26,0.0,97.02906835811253,17906.7,8928.1
711500,8034.52,0.0,396.72616341991375,19145.0,0.0
711510,2566.4,67778.0,145.26188253338458,50339.77,7063.0
711541,2684.58,98121.0,145.26188253338458,43312.23,0.0
711552,9718.46,0.0,57.35069367535575,34855.88,15040.8
711565,20096.89,92766.0,207.9283275853924,13690.6,0.0
711567,5308.29,82601.0,145.26188253338458,46668.18,9256.8
711571,2523.07,43072.0,145.26188253338458,24121.39,0.0
711577,5319.84,25714.0,145.26188253338458,43387.92,10801.0
711605,41103.24,30845.0,12955.684455958595,5683.0,0.0
711625,9012.92,67840.0,145.26188253338458,32259.91,10850.0
711680,26413.55,24631.0,153.49575778707583,56860.17,23900.9
711775,6689.02,56980.0,145.26188253338458,0.0,0.0
711795,6647.85,0.0,40.73109288131496,36402.63,9713.5
711823,7398.87,27383.0,145.26188253338458,31028.11,18523.1
711853,11039.32,0.0,705.2129630709996,16895.0,7429.0
711864,6661.18,55663.0,145.26188253338458,43793.44,3201.0
711874,2335.88,22087.0,145.26188253338458,31545.0,6123.7
712026,6846.15,0.0,145.26188253338458,33486.3,5916.0
712062,4570.67,27538.0,45.645672361336096,28029.33,0.0
712114,3235.36,75690.0,167.45694838343738,17527.0,4063.0
712130,4130.63,28321.0,145.26188253338458,27662.15,7668.0
712132,7069.74,63867.0,145.26188253338458,0.0,0.0
712220,6073.24,22103.0,4889.851323529419,1759.0,0.0
712236,2430.51,83140.0,52.06299908057674,16895.72,5606.9
712248,4407.97,66152.0,145.26188253338458,34643.18,12253.0
712362,4686.47,58089.0,37.32612065253444,31786.02,0.0
712426,18399.83,0.0,145.26188253338458,33891.11,6840.0
712521,2849.25,63326.0,145.26188253338458,19392.31,10959.2
712584,2716.19,0.0,50.64610638953645,37708.94,17277.5
712590,8256.3,62902.0,168.9935603865637,43883.53,0.0
712605,6089.77,70892.0,61.4027163133498,45900.39,12489.8
712636,10439.5,88233.0,990.3619233268367,9470.32,7676.0
712874,16261.17,41671.0,145.26188253338458,0.0,0.0
713039,6685.8,31517.0,263.1750533830858,12776.05,0.0
713085,6806.49,37839.0,50.78764044254734,48791.82,19162.5
713094,23594.68,76358.0,113.142078268775,44752.73,23019.2
713132,6285.48,32390.0,145.26188253338458,58247.51,12307.9
713236,9988.79,33157.0,145.26188253338458,41105.38,12572.3
713257,2374.8,57338.0,19.465224069632708,40087.81,15844.8
713299,6722.7,0.0,207.6909501802855,32436.91,16558.5
713329,4685.5,77678.0,34.29345014417544,41755.54,0.0
713406,21768.7,35124.0,357.19013546318223,44569.1,0.0
713423,4121.25,0.0,15.858999661577684,39226.01,15534.2
713465,9112.04,25198.0,66.6820186752995,44083.38,11821.7
713520,2541.52,0.0,145.26188253338458,25430.76,8453.1
713580,4853.53,0.0,71.53597921201087,21454.49,7895.0
713636,4212.8,10097.0,145.26188253338458,41817.62,4474.0
713831,9435.54,0.0,145.26188253338458,36376.34,11186.9
713853,10080.37,60944.0,64.83501177109106,34431.89,15597.2
713981,6117.03,0.0,161.51284985037853,26759.04,0.0
713998,4549.08,0.0,145.26188253338458,28270.31,2204.0
714121,8169.51,40803.0,145.26188253338458,37817.93,26231.4
714123,5595.39,74454.0,156.18345645590531,34744.86,0.0
714161,26416.25,85537.0,145.26188253338458,0.0,0.0
714163,6521.37,72608.0,470.2911057692313,4871.0,0.0
714206,6950.1,21687.0,145.26188253338458,31421.09,13943.6
714270,5437.44,28343.0,145.26188253338458,31252.34,11067.5
714316,3527.4,26156.0,58.07821042565093,42958.69,15077.0
714379,10820.0,37433.0,220.64114597300443,21526.74,23055.2
714536,7573.34,87615.0,145.26188253338458,43733.49,16847.3
714555,4299.84,44388.0,145.26188253338458,50996.95,13644.6
714757,6671.77,0.0,35.57984463014065,33687.77,19122.9
714825,5157.05,43906.0,145.26188253338458,39327.07,5594.0
714840,33279.77,59130.0,52059.06878571461,2044.0,0.0
714939,2819.11,88067.0,145.26188253338458,53745.23,24648.7
714944,7636.28,0.0,58.07024771291442,50108.79,12390.6
714962,10083.49,11828.0,63.39177878887917,41598.33,6275.0
715015,4884.16,21766.0,145.26188253338458,45957.05,10579.0
715184,6715.29,0.0,253.8848854914391,14010.04,0.0
715255,2915.65,83218.0,149.99467935165612,15779.0,8814.0
715271,21569.34,23909.0,145.26188253338458,31438.37,8075.0
715300,9120.07,63878.0,55.66113899794667,42846.25,14088.0
715369,2797.76,63223.0,145.26188253338458,50864.11,14230.6
715462,4792.83,20647.0,145.26188253338458,38770.41,0.0
715514,5595.76,68004.0,241.805730071034,15012.0,7569.0
715555,5297.63,14775.0,778.268870076206,12887.83,5016.0
715640,2681.33,0.0,145.26188253338458,46888.23,30501.6
715645,4882.07,0.0,145.26188253338458,33493.43,13870.5
715668,4698.35,26411.0,6267.901133040975,615.87,0.0
715678,7653.28,57446.0,145.26188253338458,52777.79,16248.7
715689,3683.79,0.0,26.301376441400187,26830.67,14786.6
715764,4253.28,0.0,38.95671579743324,31837.72,27911.1
715792,17263.64,96917.0,145.26188253338458,40556.1,11197.5
715797,15000.84,62473.0,17662.279354838713,2891.0,0.0
715817,5271.37,13215.0,145.26188253338458,50960.77,34744.2
715947,7268.74,24445.0,145.26188253338458,37331.99,4714.0
716019,9080.64,33897.0,1141.3338842975215,7312.0,0.0
716068,11030.66,35773.0,145.26188253338458,53200.53,13369.2
716197,3460.67,14262.0,248.71578170123416,14457.0,7407.0
716236,5421.54,85447.0,267.5837491379661,8757.18,0.0
716294,2641.45,29305.0,20.198365422687715,41177.57,8486.0
716360,3000.44,77041.0,18.192278302701705,46990.37,0.0
716362,2484.75,42012.0,145.26188253338458,37358.19,33043.3
716371,9487.72,56233.0,145.26188253338458,0.0,0.0
716393,5065.94,43460.0,145.26188253338458,52047.15,24544.6
716435,4962.21,23300.0,145.26188253338458,0.0,0.0
716533,9112.04,25198.0,145.26188253338458,37106.52,5366.0
716548,18131.19,0.0,145.26188253338458,48231.69,17824.9
716589,9816.53,37256.0,546.6107475209769,12504.0,0.0
716690,8216.39,0.0,145.26188253338458,37714.46,15143.6
716750,3630.27,0.0,145.26188253338458,21698.97,20578.9
716785,5597.12,37995.0,58.02304317613356,28755.47,0.0
716812,5838.9,81082.0,145.26188253338458,36539.41,5791.0
716863,10439.5,88233.0,145.26188253338458,41369.38,18251.4
716932,6766.56,20046.0,145.26188253338458,23552.35,6305.0
716948,3423.82,99816.0,145.26188253338458,49536.17,14152.5
716961,8826.96,28463.0,145.26188253338458,33661.02,2393.0
717026,5946.67,81139.0,145.26188253338458,35592.18,5193.0
717100,1898.68,0.0,145.26188253338458,42026.97,28201.7
717150,7292.95,0.0,145.26188253338458,41640.87,4006.0
717229,27937.75,13624.0,145.26188253338458,34502.19,4739.0
717232,5794.68,52979.0,145.26188253338458,47987.84,30192.8
717250,10552.17,47761.0,323.7814341557733,46616.81,14180.2
717308,7712.44,63624.0,145.26188253338458,42476.23,11571.9
717359,14666.23,0.0,3034.679109977328,3850.0,0.0
717407,7805.31,21073.0,145.26188253338458,49730.16,21315.7
717459,8828.83,86721.0,145.26188253338458,41572.76,16326.1
717521,12913.5,62448.0,145.26188253338458,35782.4,23239.4
717565,3417.95,72460.0,145.26188253338458,48634.83,23993.9
717632,32144.65,19066.0,231.7263065484106,40777.83,9493.1
717660,4293.01,0.0,145.26188253338458,38159.3,0.0
717700,4315.79,41252.0,145.26188253338458,48468.9,16584.0
717762,2574.02,34990.0,170.57322076978957,4061.0,0.0
717772,5282.54,38606.0,145.26188253338458,0.0,0.0
717780,2796.8,77362.0,18.4101762570034,34353.99,19441.0
717806,4652.91,0.0,145.26188253338458,42464.82,13159.4
717891,12324.27,0.0,66.06731852395815,54547.27,6027.0
718029,5068.26,31475.0,145.26188253338458,48471.85,12910.2
718031,4639.04,0.0,145.26188253338458,31586.4,11208.1
718199,7627.03,0.0,3106.9932477678767,4892.0,0.0
718227,24238.66,0.0,145.26188253338458,28448.49,7009.0
718409,6039.02,0.0,145.26188253338458,31202.94,19899.2
718454,8415.68,55308.0,6507.888135593275,3903.0,4226.0
718491,27279.34,76530.0,1203.4081718160176,14242.08,0.0
718516,8481.31,67197.0,153.9617517456781,24823.5,7230.0
718655,2452.74,52785.0,258.24522115384616,13960.0,0.0
718745,9295.41,0.0,96.89659687732942,25894.69,3821.0
718752,21404.36,0.0,145.26188253338458,33787.64,41542.3
718764,8276.44,0.0,145.26188253338458,57956.83,23740.5
718887,4734.26,0.0,145.26188253338458,46637.05,10331.8
718922,2822.73,0.0,16.290800138300202,34572.94,6692.0
718962,2535.27,86933.0,15.148056265817193,26848.86,30286.3
718972,13599.92,22775.0,145.26188253338458,40360.14,15524.9
719135,25464.82,13663.0,145.26188253338458,51874.27,11574.8
719162,10972.07,24164.0,1040.88513320338,5662.17,9507.6
719192,5459.22,83208.0,145.26188253338458,42083.48,25647.5
719213,6333.03,71737.0,145.26188253338458,43175.46,7976.2
719242,2435.15,64341.0,14.58973090004202,42231.38,15379.2
719300,25002.02,21927.0,4034.366622458015,6093.0,3974.0
719383,5028.58,70828.0,145.26188253338458,40773.5,11453.2
719576,3549.02,36168.0,519.9594460797438,11483.0,4809.0
719633,4250.78,27608.0,145.26188253338458,0.0,0.0
719673,4517.91,25261.0,145.26188253338458,45515.71,18165.9
719706,10208.93,35482.0,145.26188253338458,37021.77,5564.0
719719,5028.74,0.0,841.8392141874339,2673.0,0.0
719736,14435.67,60880.0,145.26188253338458,44438.97,13127.0
719824,24610.78,72786.0,145.26188253338458,24030.53,10793.0
719850,14226.5,65726.0,145.26188253338458,0.0,0.0
720007,4697.15,0.0,145.26188253338458,35963.2,13239.2
720079,2574.02,34990.0,33.273032163929095,36984.43,0.0
720131,12280.77,88340.0,40022.15223214319,2611.0,0.0
720146,5332.46,68931.0,152.7038420197868,37018.01,5379.0
720178,2648.47,26540.0,145.26188253338458,0.0,0.0
720197,7577.07,0.0,145.26188253338458,33210.44,18462.5
720300,3748.99,82189.0,145.26188253338458,38694.08,9344.3
720465,5505.17,15648.0,145.26188253338458,35599.4,8358.1
720514,4165.17,55897.0,145.26188253338458,50956.5,5127.0
720536,6852.0,0.0,145.26188253338458,0.0,0.0
720557,10110.96,96506.0,62.64290745892693,41743.51,0.0
720626,3664.22,0.0,55.233262025901965,41097.78,0.0
720765,2665.45,52266.0,145.26188253338458,39296.15,0.0
720939,21423.64,0.0,93.99657813766548,42899.74,6007.8
721088,5363.53,64604.0,56.03401645796066,45274.87,9855.0
721225,3498.77,58484.0,145.26188253338458,35447.32,2866.0
721300,8736.5,53173.0,70.3546056260342,38747.99,21975.2
721364,5548.03,67798.0,145.26188253338458,0.0,0.0
721366,20215.39,77058.0,447.6465245281034,37592.05,8654.5
721372,14226.5,65726.0,145.26188253338458,42499.33,7594.0
721377,2224.09,0.0,145.26188253338458,49335.35,30374.7
721406,13995.69,48245.0,145.26188253338458,32204.04,15661.7
721423,3455.17,0.0,145.26188253338458,36360.22,7389.1
721437,2396.22,0.0,54.9271904006297,24736.37,13556.7
721438,4045.34,77237.0,20.251167849374177,53199.73,2903.0
721456,8509.85,26057.0,939.1539760129012,6219.0,0.0
721494,20395.97,92850.0,647.693911553085,15305.78,7429.0
721639,2713.56,0.0,145.26188253338458,11162.94,0.0
721664,2472.47,63860.0,12.697494273509564,43529.28,19765.7
721688,11009.13,51643.0,145.26188253338458,37511.27,37100.9
721707,15102.23,0.0,145.26188253338458,34488.38,5999.0
721713,8324.23,0.0,145.26188253338458,36382.31,16963.2
721786,6645.93,21144.0,52.21166611422252,45148.13,34070.7
721973,11905.07,0.0,145.26188253338458,30911.83,26894.3
721984,4558.97,37709.0,44.79930926422327,36859.23,22972.9
722003,13736.13,16181.0,117.33083671883776,30731.67,6416.3
722089,2569.69,79297.0,31.997081519588463,38402.48,5363.0
722120,11274.91,0.0,81.64108714800376,35743.79,0.0
722154,7703.4,36765.0,91687.20652174114,1689.0,0.0
722169,2620.6,10237.0,145.26188253338458,42703.36,27766.9
722324,5923.21,36685.0,145.26188253338458,35942.16,3515.0
722368,12280.77,88340.0,145.26188253338458,38333.58,3524.0
722399,2485.89,0.0,145.26188253338458,44800.6,18663.7
722518,2956.36,40901.0,28.002032759432005,36363.59,8363.8
722538,3311.16,21246.0,21.94409814961752,47746.35,22840.0
722566,4723.45,29193.0,145.26188253338458,53199.03,9954.0
722629,4757.24,67486.0,145.26188253338458,43346.52,24644.9
722976,4617.39,16764.0,40.53264430014432,34896.73,6535.0
722988,2941.83,64431.0,145.26188253338458,34223.08,8911.0
723015,7259.33,16367.0,145.26188253338458,57533.13,0.0
723055,4864.53,37406.0,145.26188253338458,32070.42,13637.2
723061,6081.05,0.0,145.26188253338458,48233.3,8903.4
723091,6237.51,0.0,54.30044958380703,27620.17,6583.0
723112,7288.3,59414.0,145.26188253338458,40333.53,18526.3
723186,5757.44,88997.0,48.07291005807429,34928.53,6165.5
723208,2590.21,18746.0,559.4240532544379,5462.0,0.0
723262,4362.93,58842.0,4815.935836693556,5838.0,0.0
723298,7553.23,69959.0,145.26188253338458,48060.46,20158.3
723347,7713.82,0.0,91.6632706989262,33897.32,6171.2
723390,4655.21,30383.0,145.26188253338458,1606.31,0.0
723438,7375.57,33345.0,53133.21809210643,744.0,0.0
723457,6650.46,0.0,442.6901945288754,10952.0,2897.0
723476,7469.56,48088.0,145.26188253338458,36274.71,0.0
723591,2693.66,29038.0,145.26188253338458,43462.04,3816.0
723672,6305.93,0.0,145.26188253338458,50230.88,0.0
723691,18380.39,50407.0,91.99621461442683,54189.39,11030.4
723707,6883.69,84869.0,859.088277866424,6067.0,0.0
723715,6008.18,43543.0,1612.4894852941238,6542.0,3055.0
723820,6514.43,77135.0,135.4652273737225,16510.39,0.0
723912,9780.85,0.0,136.90089413539215,38730.32,17021.1
723968,24610.78,72786.0,387.7257987937526,14780.31,15231.6
723969,2856.95,0.0,37242.38392857225,142.0,0.0
723978,3499.14,37273.0,145.26188253338458,48802.63,11718.2
724028,2754.46,25151.0,46.29913039473787,26152.31,4687.0
724033,3261.02,0.0,38.389688759877465,40315.17,20347.8
724071,5704.68,37675.0,268.8339042864525,12010.0,3835.0
724139,7126.47,30895.0,145.26188253338458,55706.81,2735.0
724168,2374.81,0.0,26.07080648136638,35869.79,7199.1
724222,2799.75,65351.0,18.40083459377702,38674.73,16335.6
724272,2759.98,92296.0,145.26188253338458,42322.21,22066.6
724378,4170.69,29462.0,145.26188253338458,29392.3,3797.0
724414,5272.93,24423.0,42.36058849941234,37438.19,4390.0
724424,3677.78,32314.0,145.26188253338458,41221.28,12418.5
724435,2674.73,56342.0,19.22462516688788,39882.55,0.0
724510,4996.56,25915.0,6079.14800000006,2548.0,0.0
724513,5906.94,43440.0,1475.387614051097,3185.0,0.0
724599,4900.55,22976.0,145.26188253338458,0.0,0.0
724626,6473.33,0.0,145.93169311156274,17941.77,5040.7
724660,5411.94,81531.0,145.26188253338458,27549.57,8719.1
724720,4713.4,0.0,145.26188253338458,35573.55,11728.3
724723,3028.78,0.0,67.22436606871396,21113.57,5178.0
724781,33473.35,33190.0,145.26188253338458,45598.85,9383.0
724818,5233.99,63259.0,145.26188253338458,44363.42,0.0
724979,5189.29,82166.0,168.66547985134886,25512.71,9390.9
724987,2615.3,24914.0,33.745209983031685,30349.42,15910.0
724989,7094.17,23032.0,145.26188253338458,45073.77,20208.6
725004,11121.62,44299.0,851.263379001818,8054.0,0.0
725086,7887.96,76590.0,92.26482464236275,22163.83,9823.0
725100,2453.57,29735.0,145.26188253338458,36157.03,23774.4
725120,12904.94,27778.0,145.26188253338458,46335.25,16157.8
725129,8257.67,23815.0,145.26188253338458,36425.35,3657.0
725182,7255.95,88891.0,145.26188253338458,20609.91,5399.8
725294,5627.3,61486.0,145.26188253338458,41347.53,14930.2
725326,3272.01,0.0,145.26188253338458,47216.15,19994.8
725413,9102.9,73759.0,145.26188253338458,20263.26,3289.0
725510,8084.85,60662.0,113.57894348579129,20253.52,18716.9
725575,3605.97,13199.0,145.26188253338458,35822.85,11148.0
725580,5018.89,54500.0,3774.508619505519,3505.0,3267.0
725705,4794.93,46143.0,145.26188253338458,32476.42,4720.0
725795,10626.81,27339.0,145.26188253338458,37580.54,8767.9
725807,3410.2,59662.0,19.985939826525183,41089.97,11387.0
725835,16224.54,32184.0,145.26188253338458,44875.3,5427.0
725962,10515.97,21499.0,2746.8957895992403,3550.0,4419.0
726065,9816.53,37256.0,145.26188253338458,39760.15,3174.0
726077,2644.68,54000.0,3447.529285714314,2472.0,0.0
726139,4821.42,26583.0,145.26188253338458,44900.17,0.0
726268,12232.78,35133.0,94.48794184660314,36264.43,14571.1
726309,2563.58,0.0,301.1608303830068,7092.0,0.0
726472,8532.72,0.0,145.26188253338458,0.0,0.0
726499,13197.93,0.0,146.97265873685802,16336.26,4323.0
726544,9009.22,32260.0,280.46158154344806,17415.67,0.0
726684,7019.18,26806.0,145.26188253338458,43214.65,9091.5
726688,11435.23,12470.0,104.13637860616208,30265.8,4242.0
726701,10536.08,92983.0,145.26188253338458,41859.55,10215.0
726732,4740.2,0.0,145.26188253338458,28330.52,12878.2
726735,6870.61,0.0,107.71232232441476,29351.02,0.0
726848,7933.82,76505.0,145.26188253338458,37500.47,8936.3
726873,28328.47,20799.0,145.26188253338458,38199.23,13729.2
726932,2150.18,0.0,15.445074127525585,35851.54,5990.0
726980,8184.59,69114.0,210.66289122642075,43509.53,3757.0
727047,5849.32,0.0,2364.3430786268023,6086.0,3487.0
727053,5272.7,60260.0,336.06361429793776,26823.61,16292.5
727072,10660.9,60642.0,145.26188253338458,0.0,0.0
727091,33473.35,33190.0,1918.0177001569875,13321.0,0.0
727095,8491.47,0.0,53.68948430570954,41415.89,0.0
727175,5253.49,12811.0,22.35991671836301,33182.57,9876.2
727179,2745.13,91757.0,4479.757600596136,2519.0,0.0
727197,4260.34,26991.0,145.26188253338458,0.0,0.0
727348,21590.44,62477.0,250.4378331539564,34414.63,12982.9
727363,3705.29,84493.0,145.26188253338458,0.0,0.0
727415,2393.92,0.0,12.222847350935483,39703.4,0.0
727428,2946.0,89410.0,172.4050024050025,14451.0,0.0
727446,4880.71,52819.0,50.1002820754151,17011.96,0.0
727497,2784.91,20814.0,44.800441470294416,26142.95,2756.0
727507,2452.36,0.0,65.2175883424408,28595.0,13503.0
727573,19045.5,0.0,145.26188253338458,39480.03,6589.0
727595,15488.43,33799.0,145.26188253338458,42330.83,10158.0
727648,4282.95,40864.0,145.26188253338458,41121.37,20632.3
727686,3600.93,25147.0,145.26188253338458,16404.5,5656.3
727847,12692.67,40117.0,145.26188253338458,38218.37,19915.4
727873,2064.46,0.0,94.24596431251572,13381.0,11640.0
727952,4724.79,23986.0,476.9215569690272,10885.0,0.0
728009,34931.0,35005.0,145.26188253338458,0.0,0.0
728021,12741.85,73054.0,145.26188253338458,28863.07,6474.0
728043,4829.57,34819.0,118.89876230945632,17776.57,0.0
728085,2955.5,56502.0,145.26188253338458,42849.34,29211.9
728135,7469.15,0.0,145.26188253338458,23754.96,5253.5
728228,13776.74,62634.0,145.26188253338458,40877.42,4769.0
728302,14181.64,0.0,145.26188253338458,45917.94,21205.9
728316,3245.33,46435.0,127.75511755823996,20508.41,0.0
728386,11836.3,0.0,14546.294612794642,3960.0,3691.0
728486,2563.86,0.0,145.26188253338458,26867.34,6302.3
728563,2891.73,56761.0,124.96968351507849,12073.22,0.0
728568,26338.59,60970.0,145.26188253338458,44386.0,21553.4
728586,5227.1,93087.0,100.24703261366444,42122.95,0.0
728655,4548.29,0.0,145.26188253338458,40208.91,12806.0
728679,2599.29,33947.0,145.26188253338458,51568.24,19454.4
728687,8725.29,69772.0,145.26188253338458,0.0,0.0
728748,5221.14,60445.0,163.160625,23586.88,3845.0
728818,5191.45,86451.0,140.94189774181072,20803.54,0.0
728837,3508.57,20978.0,145.26188253338458,46833.54,7934.0
729084,16699.46,81400.0,145.26188253338458,35311.99,5389.0
729094,5330.59,84240.0,145.26188253338458,49638.78,16321.1
729154,12341.83,72503.0,145.26188253338458,40283.64,6678.5
729161,7411.81,0.0,137.5061959632207,24680.14,14118.2
729173,2548.84,47346.0,145.26188253338458,49726.84,9146.6
729205,7762.59,23827.0,56.119109664197886,38505.1,18154.2
729293,8685.92,87544.0,260.3750068439899,40001.81,9192.0
729394,8168.71,20819.0,52.97935402974753,33777.73,13813.5
729418,2895.21,72014.0,1695.3235026738014,1806.0,0.0
729444,2551.23,79751.0,211.636125,10898.0,0.0
729518,4953.09,21385.0,40.551380141042216,33894.58,12010.0
729537,11264.36,34923.0,145.26188253338458,16181.22,2456.0
729542,7096.6,67735.0,145.26188253338458,0.0,0.0
729561,5308.29,82601.0,228.58964723926405,15362.0,0.0
729581,5905.97,59848.0,145.26188253338458,43581.91,17318.5
729677,6153.39,23939.0,145.26188253338458,43904.06,4945.7
729752,4376.36,63774.0,145.26188253338458,0.0,0.0
729762,5059.99,70999.0,423.1148568155785,5166.0,3507.0
729805,31642.1,89057.0,552.7017591715241,16995.12,17048.1
730008,6676.73,56875.0,145.26188253338458,0.0,0.0
730088,4219.02,62396.0,145.26188253338458,40206.42,7443.0
730214,20936.33,20309.0,145.26188253338458,33010.33,22573.2
730246,2572.51,21104.0,112.11536119402987,17663.0,6512.0
730370,16963.84,0.0,306.9381345177665,43249.72,8581.1
730388,3907.03,0.0,145.26188253338458,53530.86,0.0
730561,2480.39,0.0,453.8056892230576,6272.0,0.0
730641,5503.44,76839.0,145.26188253338458,47014.62,22577.9
730715,6852.36,26313.0,145.26188253338458,58577.1,8149.1
730726,7952.84,0.0,145.26188253338458,46351.39,0.0
730737,5608.17,20392.0,145.26188253338458,42873.05,9524.9
730742,5070.35,23840.0,136.75632420316276,17292.0,5621.0
730748,7880.34,23129.0,900.4270285499633,14291.66,0.0
730768,20120.56,32869.0,145.26188253338458,0.0,0.0
730771,5313.47,0.0,145.26188253338458,46923.76,12896.0
730795,24258.71,0.0,145.26188253338458,0.0,0.0
730901,2885.33,62579.0,2256.7402500000144,3210.0,0.0
731001,4913.12,48295.0,168.5643599721768,22425.55,7523.0
731160,4582.9,66991.0,145.26188253338458,27008.77,24445.1
731238,5544.91,79619.0,145.26188253338458,51321.44,13740.8
731254,2659.71,0.0,26719.105045872147,1021.0,0.0
731286,17776.82,86205.0,145.26188253338458,0.0,0.0
731373,4669.23,76157.0,113617.9300000025,2308.0,0.0
731494,3758.95,58300.0,145.26188253338458,25956.82,5247.0
731510,2174.11,16997.0,145.26188253338458,44659.3,13165.0
731540,6554.22,25222.0,145.26188253338458,30979.52,7227.0
731593,4525.28,32802.0,145.26188253338458,42819.1,15897.3
731696,4118.59,69379.0,65.89801773604593,31520.93,0.0
731819,3288.66,0.0,24.41445104340398,42356.74,4554.0
731958,2308.47,0.0,47.14853953332217,34098.34,13303.4
732009,5181.62,97131.0,145.26188253338458,35704.32,13593.5
732013,4361.37,79583.0,145.26188253338458,43003.83,16171.7
732081,7754.67,0.0,145.26188253338458,37257.23,4759.0
732113,2461.8,12222.0,62.93444306959589,17785.64,4021.0
732144,2837.11,90893.0,26.843821394625436,35896.46,6615.8
732213,26197.41,18495.0,203.92480822177825,48015.89,4893.0
732231,21101.21,61347.0,145.26188253338458,37043.7,4482.0
732304,5715.79,69451.0,240.7226942307693,24648.3,4343.0
732362,4995.17,10787.0,145.26188253338458,34849.07,5134.0
732368,10541.11,59965.0,145.26188253338458,44821.48,26506.6
732377,8571.48,56202.0,6840.940670553979,2126.0,0.0
732488,7613.05,24982.0,145.26188253338458,52610.12,14200.9
732524,8586.8,38676.0,145.26188253338458,33375.77,9983.4
732602,9816.53,37256.0,177.55016996689872,19238.78,6847.6
732606,8209.6,68022.0,145.26188253338458,40712.03,0.0
732694,16468.22,0.0,267.5800453467634,26282.02,6542.0
732808,18708.76,0.0,88.63296702345824,42179.42,6410.6
732813,16979.8,35095.0,145.26188253338458,48718.2,5278.2
732862,2476.59,71551.0,145.26188253338458,0.0,0.0
732863,11772.79,51008.0,145.26188253338458,34736.79,9842.2
732880,7373.23,44938.0,145.26188253338458,0.0,0.0
733046,4455.84,0.0,145.26188253338458,24765.54,9843.6
733096,12521.42,39007.0,145.26188253338458,40486.38,14368.5
733181,8293.48,70258.0,45.14612924971218,36396.43,16090.1
733226,5754.75,34847.0,260.32600388333475,21159.2,7848.9
733324,2725.36,36650.0,17.987906273620563,35657.44,7650.0
733338,3919.37,66676.0,343.4742016806724,4855.22,0.0
733350,2710.81,31998.0,145.26188253338458,57022.15,29659.4
733370,8092.88,50825.0,145.26188253338458,47715.46,10831.9
733434,7039.26,24239.0,145.26188253338458,0.0,0.0
733467,25093.57,36007.0,145.26188253338458,0.0,0.0
733497,9156.32,59624.0,606.5438838475504,11241.0,0.0
733515,3096.51,21604.0,794.8144514767947,7295.0,0.0
733582,2734.44,54010.0,23.603308013205567,44965.91,18370.4
733601,4637.54,0.0,2329.4065596330274,2617.0,0.0
733603,8323.07,97245.0,145.26188253338458,31078.39,15207.6
733608,8717.05,83846.0,145.26188253338458,28544.83,5985.0
733627,2553.67,73935.0,41.53628877127679,23231.87,0.0
733658,4605.27,0.0,29.06161047717843,55207.88,17080.9
733693,5121.84,57161.0,145.26188253338458,41220.84,22363.0
733728,12519.8,34179.0,333.12551636324764,33527.57,9334.7
733746,5171.27,0.0,42.70405529126784,35487.24,22411.7
733889,7536.07,69674.0,145.26188253338458,49084.61,4764.0
733903,27542.37,50494.0,256.4172131461148,31595.66,4249.0
733906,5363.08,36357.0,145.26188253338458,35488.54,11587.8
733907,14244.73,31189.0,7877.767348484866,692.0,0.0
734035,5110.76,22565.0,145.26188253338458,51324.96,13015.2
734077,2420.71,31710.0,145.26188253338458,37899.28,5511.0
734119,4315.67,89797.0,145.26188253338458,0.0,0.0
734192,4605.04,22571.0,27.06745931844473,51379.52,32414.2
734224,9079.82,20290.0,147.06848125625888,52708.33,13607.4
734226,8286.96,40001.0,145.26188253338458,25652.61,13374.1
734307,5454.59,66334.0,145.26188253338458,37178.03,15705.4
734458,2555.52,25385.0,35.3985062845346,30000.27,0.0
734459,7993.0,39448.0,145.26188253338458,25407.21,15692.1
734490,2436.88,48875.0,145.26188253338458,44018.22,0.0
734556,8178.24,29057.0,739.9501586462195,14861.07,0.0
734647,11280.73,45743.0,211.31937499251543,43435.58,0.0
734727,6778.84,0.0,145.26188253338458,37978.86,2985.0
734752,8852.69,67969.0,145.26188253338458,43045.58,13449.1
734791,11196.46,0.0,153.9232287394116,45521.8,16388.4
734801,3567.5,0.0,18.12716211795332,40293.02,12022.4
734824,5009.81,0.0,24.20999139414803,45033.85,18671.3
734838,6555.36,21853.0,145.26188253338458,29023.25,6950.2
734880,3593.13,18213.0,145.26188253338458,39394.03,5783.6
734938,3700.68,36710.0,148.01746734461298,18956.2,0.0
734952,5386.97,93893.0,186.7916904164767,16390.62,3982.0
735000,9538.77,0.0,616.8400844504823,11065.0,0.0
735038,19045.5,0.0,145.26188253338458,49536.82,14951.5
735171,6410.97,61709.0,145.26188253338458,0.0,0.0
735263,18892.2,0.0,126.10715990409815,41309.66,7735.0
735266,5979.72,57693.0,145.26188253338458,45737.0,17374.3
735304,3873.65,28142.0,43.24923145160059,39010.28,13087.9
735341,10461.58,0.0,50.95133807289749,44176.69,10001.6
735515,8902.74,46833.0,145.26188253338458,38267.4,19173.8
735605,6636.86,47274.0,663.1409526416659,6436.0,0.0
735627,2779.85,38893.0,19.842739385800797,29128.32,10932.7
735666,8835.16,22373.0,145.26188253338458,43775.85,13101.6
735676,8665.96,41163.0,178.08103817137714,15254.98,10314.0
735770,6006.21,85510.0,89.44023627519114,26248.13,8576.0
735790,7325.89,52920.0,33.488657393588454,46046.3,20502.9
735846,4109.79,86657.0,145.26188253338458,47547.29,26884.1
735964,2861.72,90083.0,145.26188253338458,38530.97,3158.0
735966,2311.38,24641.0,78.77350169314279,15071.21,0.0
736004,6047.03,20396.0,825.2115964606204,7579.0,0.0
736109,7704.25,49088.0,145.26188253338458,49435.35,9310.0
736219,15725.25,0.0,104994.80945122182,516.0,0.0
736220,21480.82,15505.0,31445.85280748672,2724.0,0.0
736258,3123.08,0.0,3238.4210227272847,4715.0,0.0
736389,5021.69,69678.0,145.26188253338458,26248.81,3641.0
736414,2352.37,0.0,145.26188253338458,33717.44,5346.0
736459,5894.91,39381.0,145.26188253338458,22294.56,8220.0
736518,7950.57,70610.0,145.26188253338458,38170.77,13075.6
736615,4064.67,26161.0,145.26188253338458,26880.07,24886.2
736646,7285.03,44788.0,39.90379523632063,48080.88,12004.1
736685,23984.62,79655.0,145.26188253338458,52052.19,21958.3
736813,5291.4,57338.0,4986.302065404506,4174.0,0.0
736829,3703.93,21975.0,145.26188253338458,37693.5,9950.9
736970,2383.73,0.0,145.26188253338458,28956.06,0.0
737027,49221.43,63035.0,145.26188253338458,0.0,0.0
737221,5156.07,0.0,199.9906715360528,14717.3,0.0
737451,7771.02,58467.0,145.26188253338458,0.0,0.0
737474,3517.39,51814.0,145.26188253338458,34713.08,9097.2
737477,9337.9,76381.0,56.024729232085946,45981.09,3560.0
737509,2510.59,0.0,82.88473575195145,12676.12,0.0
737519,7238.5,0.0,145.26188253338458,40080.44,11612.3
737534,23055.57,41727.0,170.14229030979754,33480.07,15018.3
737542,20842.6,0.0,145.26188253338458,36043.04,4808.9
737602,11154.68,31409.0,3119.891340996174,4186.0,0.0
737604,33473.35,33190.0,145.26188253338458,24781.75,28511.7
737676,2215.91,0.0,145.26188253338458,0.0,0.0
737755,2844.85,80306.0,145.26188253338458,40295.02,4247.0
737756,7984.09,0.0,145.26188253338458,47020.95,9189.0
737764,2626.28,41990.0,145.26188253338458,43775.4,12069.6
737791,4722.24,0.0,145.26188253338458,34290.1,17515.1
737842,20579.69,0.0,145.26188253338458,42707.9,24148.5
737906,5278.2,62074.0,37.00542247474602,23958.62,5318.1
737940,3705.29,84493.0,19.767872385830135,47160.59,16740.4
737949,3087.25,41273.0,39.95171989562209,27385.5,2508.0
738005,5616.85,48602.0,32.50285766377069,47254.54,16599.0
738096,15488.43,33799.0,145.26188253338458,34740.07,6146.5
738141,5217.51,39854.0,93.39737471922793,20273.27,5366.0
738204,4954.29,45329.0,27.203219036921528,25839.79,16151.0
738253,10481.94,39102.0,145.26188253338458,0.0,0.0
738279,8281.74,19189.0,42.25928878988965,46410.76,21427.7
738320,2310.88,0.0,145.26188253338458,31660.28,0.0
738332,5469.54,67099.0,26.681895335036945,36795.08,0.0
738427,4983.18,21497.0,30.115698506462657,43023.89,23865.9
738431,18745.4,27229.0,145.26188253338458,47402.47,7593.0
738432,6262.66,30110.0,39.08504983653799,44970.91,7879.0
738435,3764.47,92600.0,145.26188253338458,33100.6,0.0
738459,2580.85,46900.0,18.380424800425622,32803.84,10342.7
738467,3451.1,0.0,145.26188253338458,45131.54,0.0
738473,13466.92,11432.0,145.26188253338458,30725.12,5211.0
738567,2728.84,40516.0,105.16593812691376,71555.43,7550.6
738597,3963.39,88701.0,34.954132242055046,17352.29,7886.0
738651,9034.31,18846.0,226.33833138856477,20118.75,5031.0
738652,5619.65,41878.0,32.56338955730634,55890.81,14074.9
738732,2453.34,0.0,72.75504549886254,17142.15,13768.4
738874,7433.82,55561.0,432.6352856763226,11341.0,9444.0
738890,11836.3,0.0,145.26188253338458,1781.02,0.0
739005,2759.98,92296.0,13.208058363765726,45993.2,25161.1
739021,11232.98,0.0,251.2329316366757,24322.79,5110.0
739084,2514.59,43860.0,145.26188253338458,31762.93,8069.3
739138,2630.01,0.0,14.841446276008572,45590.42,5814.0
739227,29328.04,32006.0,7042.588552631607,7797.0,0.0
739284,8104.43,58172.0,145.26188253338458,42714.72,15241.3
739345,23207.27,45039.0,145.26188253338458,32353.03,11867.1
739352,18898.33,0.0,145.26188253338458,35986.99,7493.6
739513,9031.21,0.0,691.5506958041958,12048.0,4225.0
739617,11814.48,0.0,466.546056475171,16601.0,4260.0
739684,7992.78,35434.0,1346.8904432132988,5579.0,0.0
739704,2609.83,58139.0,145.26188253338458,21081.21,0.0
739767,8733.53,83210.0,77122.70443548558,1817.0,0.0
739781,29037.48,0.0,145.26188253338458,40049.64,2489.0
739808,14635.45,0.0,145.26188253338458,51291.3,21457.4
739820,5562.46,59649.0,145.26188253338458,39672.23,18827.2
739933,4794.12,70012.0,145.26188253338458,36475.91,17358.4
740025,12731.95,40870.0,145.26188253338458,43400.54,5197.0
740063,29676.81,33992.0,145.26188253338458,49001.32,8905.0
740083,24338.51,73692.0,145.26188253338458,50275.3,3367.0
740090,2574.02,34990.0,145.26188253338458,40724.5,3744.0
740105,10280.81,73661.0,145.26188253338458,39955.87,5509.0
740326,8509.85,26057.0,23295.714375000003,985.0,0.0
740349,3265.16,25820.0,145.26188253338458,0.0,0.0
740407,6928.6,22907.0,2322.2580348944034,5238.0,0.0
740422,29412.29,0.0,145.26188253338458,31830.95,30602.3
740509,2471.53,95697.0,145.26188253338458,0.0,0.0
740577,11820.11,86801.0,145.26188253338458,22576.7,4503.0
740603,5878.45,25398.0,111.4013338248427,21088.65,0.0
740608,6913.57,26714.0,145.26188253338458,32634.1,13607.8
740703,2437.08,34759.0,145.26188253338458,31900.55,0.0
740754,10834.87,34612.0,264.7026079409561,21520.75,9006.0
740762,4719.45,89642.0,145.26188253338458,32852.25,13406.7
740763,17085.41,20053.0,110.10778554655084,37661.52,7187.7
740814,6298.18,89411.0,145.26188253338458,46403.98,10621.0
740918,2482.2,31093.0,52.680412371134025,36109.4,15479.4
740992,5329.08,43671.0,145.26188253338458,43589.5,19130.2
741031,5217.51,39854.0,145.26188253338458,37835.03,6194.0
741138,24709.6,24213.0,413.98924059929504,23582.12,0.0
741244,13110.55,73597.0,2840.532696873768,3622.0,0.0
741313,5794.57,70524.0,145.26188253338458,34999.520000000004,7611.0
741384,2487.65,38667.0,145.26188253338458,0.0,0.0
741421,8002.31,0.0,145.26188253338458,41652.61,23482.0
741422,7495.68,0.0,145.26188253338458,28044.31,11881.2
741428,4883.34,40171.0,70.52066062295754,19756.9,7047.1
741470,6459.64,24290.0,145.26188253338458,0.0,0.0
741483,4528.74,90034.0,145.26188253338458,46879.92,14911.7
741657,7542.71,0.0,145.26188253338458,0.0,0.0
741677,2987.95,0.0,17.4086272012157,42154.37,11110.0
741700,5435.77,0.0,145.26188253338458,21183.14,8839.0
741725,3265.16,25820.0,145.26188253338458,15038.85,8741.9
741801,24186.24,14710.0,145.26188253338458,56063.52,14418.0
741842,5484.59,47611.0,145.26188253338458,40098.6,23798.3
741848,2748.85,32437.0,145.26188253338458,0.0,0.0
741892,5714.17,23726.0,69.81001894471892,22320.41,11122.0
741926,29706.78,0.0,145.26188253338458,0.0,0.0
742002,3915.8,0.0,31.83506325730578,26990.92,4383.0
742009,15265.81,58361.0,145.26188253338458,56933.87,8317.0
742062,4876.32,22236.0,145.26188253338458,58368.24,5802.6
742064,2600.64,0.0,128.65730550284638,12284.0,4717.0
742281,11714.78,21102.0,145.26188253338458,42516.6,23797.0
742319,5012.08,48328.0,64.3965432881004,35724.39,5625.9
742321,22332.44,49078.0,145.26188253338458,11082.06,0.0
742356,5936.01,0.0,145.26188253338458,0.0,0.0
742359,3536.43,28248.0,411.95647340425575,8007.0,0.0
742493,3499.14,37273.0,145.26188253338458,36804.18,32585.0
742509,2506.26,17193.0,145.26188253338458,31183.81,23751.6
742612,5303.76,0.0,40.5257615130615,34358.71,5315.0
742666,17771.55,0.0,29484.617045454543,2254.0,0.0
742669,5659.14,52389.0,145.26188253338458,41310.53,18092.9
742673,2637.6,54378.0,145.26188253338458,0.0,0.0
742732,20230.97,48448.0,145.26188253338458,35206.29,14667.6
742749,2404.46,45949.0,145.26188253338458,38234.92,0.0
742822,8533.83,26049.0,221.7983957105017,21443.21,10467.1
742854,4762.82,0.0,95.09192137070676,19442.2,5531.0
742886,4528.5,70340.0,145.26188253338458,42507.96,18352.1
743001,4111.89,65085.0,61.32301254375334,23787.54,12588.2
743018,2778.32,66030.0,15.962078355448526,42732.58,19104.6
743108,2332.1,0.0,145.26188253338458,0.0,0.0
743121,3934.71,84229.0,145.26188253338458,43361.18,11918.7
743241,3873.65,28142.0,16.563180793857136,37645.52,6391.6
743256,7842.38,51001.0,145.26188253338458,27690.51,7573.4
743257,13668.36,0.0,145.26188253338458,0.0,0.0
743263,5207.99,81839.0,26.47110261659078,54361.23,24260.9
743320,7511.66,0.0,145.26188253338458,0.0,0.0
743335,7212.52,0.0,16453.561250000002,2325.0,0.0
743481,8277.64,79780.0,145.26188253338458,0.0,0.0
743510,4196.65,0.0,35.601696904619146,25046.35,3276.0
743610,2514.59,43860.0,145.26188253338458,33849.11,11313.1
743734,7531.7,82157.0,145.26188253338458,41595.01,4206.0
743766,8716.37,28743.0,136.0610643766546,50318.49,3837.0
743768,5146.9,93752.0,33.17775514589228,42105.96,18239.0
743798,9031.21,0.0,145.26188253338458,21111.97,7732.0
743835,8426.06,0.0,145.26188253338458,44796.5,5139.0
743849,2405.62,63032.0,145.26188253338458,34276.5,11884.0
743879,4770.74,28666.0,28.68514247684689,34566.6,15056.5
743953,7405.42,22044.0,145.26188253338458,0.0,0.0
744117,7519.13,96306.0,254.8423718583633,20467.01,3551.0
744135,2935.99,73847.0,25.685408757094653,27600.45,6294.7
744138,2864.54,91368.0,145.26188253338458,40195.6,5154.7
744181,35984.1,0.0,1986.4181034482772,18559.0,0.0
744204,10552.17,47761.0,145.26188253338458,38403.26,13352.9
744228,10960.94,29815.0,15154.329924242482,3087.0,0.0
744234,6732.97,0.0,145.26188253338458,40358.67,0.0
744304,6627.15,82377.0,145.26188253338458,5017.08,0.0
744320,10215.78,18150.0,360.6150580270797,20588.0,0.0
744406,5497.66,28128.0,374.095059656973,14565.0,10893.0
744441,7516.83,31477.0,145.26188253338458,0.0,0.0
744528,8923.15,98044.0,145.26188253338458,30483.38,20977.6
744567,2927.07,75685.0,18.98708609389218,38521.48,6414.0
744608,8932.32,60909.0,145.26188253338458,28319.07,10277.0
744612,11085.88,69090.0,145.26188253338458,18969.28,4025.0
744675,4521.19,39426.0,145.26188253338458,41236.53,0.0
744698,4929.55,25632.0,80.69631564784503,29887.94,10453.8
744711,8150.57,0.0,555.8937496107133,14290.0,0.0
744731,3344.81,33243.0,145.26188253338458,0.0,0.0
744746,21159.3,0.0,145.26188253338458,0.0,0.0
744778,3801.75,33043.0,145.26188253338458,29676.84,0.0
744789,2893.74,82611.0,43.57814412516263,54153.59,0.0
744837,2582.41,76731.0,145.26188253338458,0.0,0.0
744860,5470.18,24910.0,145.26188253338458,19192.84,5739.9
745028,15610.9,0.0,21748.00954198481,2349.0,0.0
745080,5007.22,0.0,145.26188253338458,0.0,0.0
745290,5461.97,42650.0,145.26188253338458,24452.59,21486.6
745336,4791.08,29111.0,145.26188253338458,0.0,0.0
745354,22062.55,0.0,361.5663903364753,47862.02,0.0
745383,5133.4,28647.0,607.814987024223,8936.0,0.0
745420,15055.54,83283.0,145.26188253338458,29135.22,17280.5
745454,2755.75,49648.0,780.9384704968974,4278.0,0.0
745565,7019.18,26806.0,145.26188253338458,0.0,0.0
745600,5768.83,92509.0,145.26188253338458,28825.73,6790.6
745636,3256.77,0.0,117.73245483717623,14359.68,2557.0
745668,8018.5,58843.0,145.26188253338458,38345.98,6080.0
745729,5225.25,67423.0,145.26188253338458,40057.51,3793.0
745738,4863.27,0.0,37.19477896639586,23391.19,14992.0
745769,6978.72,53808.0,52.14211709990503,37471.17,0.0
745792,5732.69,39337.0,39.22476192559081,36793.42,13978.4
745811,5640.02,41396.0,25.353555593871626,38895.78,37716.9
745830,2780.73,94943.0,145.26188253338458,50008.08,3696.0
745870,18321.42,88592.0,145.26188253338458,0.0,0.0
745901,2522.41,0.0,66.31227672140598,35478.04,13375.0
745908,3694.14,96170.0,145.26188253338458,35010.33,0.0
745920,13727.8,0.0,187.24740746277016,28713.65,7316.0
745938,8476.81,55217.0,145.26188253338458,0.0,0.0
746031,47155.63,39891.0,236.1715535741729,43376.41,20021.2
746060,4167.09,0.0,145.26188253338458,41294.07,6292.8
746061,22332.44,49078.0,110.83925647929075,33931.61,13776.0
746171,5260.62,31006.0,145.26188253338458,36354.38,12488.5
746226,4089.04,43177.0,645.1727377521614,3095.4,0.0
746235,6732.2,0.0,145.26188253338458,0.0,0.0
746296,16320.77,0.0,145.26188253338458,25057.99,4172.0
746314,2727.74,0.0,134.22469531924074,12036.13,0.0
746377,2719.26,81799.0,9605.12806451634,4552.0,0.0
746385,5876.37,97026.0,2089.164009740264,4523.0,6652.0
746402,3688.11,0.0,145.26188253338458,43171.18,9379.0
746502,6328.18,0.0,121.23374389838516,34506.2,0.0
746520,2370.62,0.0,145.26188253338458,33711.0,2522.0
746536,3016.44,25630.0,145.26188253338458,50090.69,0.0
746554,2858.99,0.0,145.26188253338458,39607.56,28196.0
746580,8237.04,23940.0,1297.0317515099262,3577.42,0.0
746677,5221.14,60445.0,145.26188253338458,44932.21,0.0
746772,2772.44,79663.0,145.26188253338458,24505.12,21815.7
746796,9378.63,36067.0,1047.4908047735655,8526.2,0.0
746807,5275.06,81850.0,32.55424419836694,34039.72,6590.0
746837,3230.58,62873.0,145.26188253338458,40047.53,38042.0
746853,2748.85,32437.0,2516.714673913056,5130.0,0.0
746863,4746.76,54050.0,145.26188253338458,0.0,0.0
747187,2906.3,72211.0,25.65217443873752,20264.6,0.0
747227,13081.31,89948.0,25949.337771739345,634.0,0.0
747304,4617.84,41167.0,145.26188253338458,25457.68,13117.6
747315,3834.21,0.0,145.26188253338458,39297.79,0.0
747339,5780.18,51066.0,145.26188253338458,42310.51,10755.9
747395,3587.36,16049.0,145.26188253338458,42751.07,17655.7
747483,4858.07,0.0,1359.8125383435631,5300.0,3663.0
747509,7529.86,52774.0,348.3424743766324,16694.41,0.0
747571,2556.61,23867.0,145.26188253338458,32232.96,7269.4
747578,25585.73,0.0,145.26188253338458,42763.25,26155.9
747604,3858.87,0.0,384.3426096052394,8974.0,5923.0
747609,9438.92,86946.0,145.26188253338458,28376.74,0.0
747655,6981.08,34835.0,145.26188253338458,0.0,0.0
747668,2909.55,88944.0,20.123860359000343,47957.95,18426.3
747681,3286.44,30706.0,145.26188253338458,40341.58,6779.2
747704,5866.07,75952.0,145.26188253338458,43809.96,25367.0
747759,5229.74,77357.0,64.99070858528086,28623.74,0.0
747816,4872.77,69247.0,145.26188253338458,0.0,0.0
747926,5686.74,26409.0,31.541343249108003,46769.15,11048.5
747939,8595.67,34621.0,37.70580445919377,53548.44,7761.0
747993,4774.75,0.0,42.532094198842906,33556.25,11869.3
748019,1994.77,0.0,145.26188253338458,58467.12,8703.0
748033,8106.22,81580.0,1197.8827125506084,9408.0,8559.0
748055,2203.44,0.0,27.714125232169877,39907.57,10672.3
748105,6817.43,43947.0,145.26188253338458,0.0,0.0
748174,6986.6,0.0,145.26188253338458,0.0,0.0
748198,7995.41,25239.0,145.26188253338458,37373.35,5262.0
748299,27890.06,46546.0,145.26188253338458,35769.93,29457.2
748586,7492.16,31723.0,992.9696441539604,3683.0,5829.0
748635,11513.16,0.0,145.26188253338458,31548.72,15175.3
748649,3436.13,30817.0,14.549316435138191,45479.49,24708.6
748682,8140.0,0.0,45.6095913542722,33035.3,6127.5
748701,3545.41,0.0,32.54294759060284,34792.47,16193.8
748717,5394.0,27568.0,112.88012567654349,47139.11,0.0
748810,7606.71,47778.0,127.00351078623326,28966.59,20445.1
748831,4281.06,23712.0,280.87915228645403,10909.7,8483.5
748890,5938.51,44190.0,52.32281070616466,32819.87,0.0
748914,8543.25,99180.0,17551.329737335924,1545.0,3485.0
749033,2478.24,24186.0,145.26188253338458,46479.89,6123.0
749112,6613.97,0.0,165.307734358951,49873.5,40424.1
749212,8879.79,52583.0,110.77960960304064,28988.24,13881.0
749257,7952.84,0.0,17278.491666666774,1573.0,0.0
749328,5514.34,23218.0,31.74909850934616,31926.0,8025.0
749362,4456.02,29550.0,145.26188253338458,0.0,0.0
749418,10442.43,30786.0,145.26188253338458,0.0,0.0
749430,41787.9,46587.0,279.4397159785574,40228.93,13657.8
749441,6106.94,16654.0,145.26188253338458,32394.28,16108.2
749459,5339.49,67796.0,94.74913219765476,21351.42,0.0
749566,5317.81,74092.0,146.0991795566596,39671.06,0.0
749684,2628.17,0.0,25.43502717751559,33974.98,7538.0
749705,4690.79,43367.0,145.26188253338458,48609.95,0.0
749801,4050.28,82758.0,145.26188253338458,39866.84,5681.0
749817,2434.09,0.0,145.26188253338458,47924.08,4875.0
749827,2147.66,0.0,63.88632862905968,20052.92,12423.6
749883,10314.52,99759.0,145.26188253338458,50353.36,20219.7
749972,8742.47,37224.0,180.73287399679432,36379.51,29649.5
750130,16525.38,24414.0,145.26188253338458,45156.13,8792.8
750152,5838.9,81082.0,145.26188253338458,38048.62,4246.0
750153,27789.69,33806.0,145.26188253338458,0.0,0.0
750154,3193.46,52653.0,145.26188253338458,0.0,0.0
750162,4014.45,37384.0,164.6252247022697,8228.0,0.0
750171,8304.69,0.0,145.26188253338458,45310.73,17298.7
750199,21418.36,21897.0,145.26188253338458,25969.07,19606.1
750247,5897.56,29227.0,145.26188253338458,0.0,0.0
750280,7423.9,36639.0,145.26188253338458,44554.39,16467.1
750300,5033.69,77031.0,19.52377807484358,49368.42,14818.1
750324,2435.54,40921.0,145.26188253338458,39621.21,0.0
750384,5754.85,29460.0,145.26188253338458,33694.74,0.0
750454,3673.53,69555.0,335.79725770097747,15406.04,2992.0
750457,2957.1,94362.0,292.5837625372731,11138.0,0.0
750578,4372.49,23124.0,145.26188253338458,4251.0,3140.0
750649,2551.23,79751.0,11.319209899133478,49885.68,0.0
750665,12476.65,0.0,145.26188253338458,74926.14,22057.4
750688,3528.04,31278.0,145.26188253338458,44542.43,52258.2
750710,5259.71,28447.0,145.26188253338458,27067.69,6572.0
750739,5356.14,60752.0,145.26188253338458,25273.88,5654.4
750776,4935.19,29560.0,360.41303521408565,10463.65,3515.0
750862,8319.12,49734.0,145.26188253338458,32328.35,24144.5
750893,15114.4,28513.0,145.26188253338458,0.0,0.0
750922,4964.63,52679.0,145.26188253338458,0.0,0.0
750955,5499.45,88768.0,145.26188253338458,45419.56,0.0
750974,2731.4,43386.0,25.132646913252422,40664.2,13434.9
751223,15978.91,33871.0,602.7388628612771,13853.0,12692.0
751270,2749.41,71445.0,808.4328544575775,4308.11,0.0
751351,7835.93,49390.0,145.26188253338458,34146.96,12059.4
751594,3223.22,0.0,52.983642955256826,22303.43,0.0
751602,9102.27,26049.0,145.26188253338458,35386.95,10103.3
751612,5066.83,40215.0,32.629589931967026,41089.41,8216.7
751616,3954.34,18375.0,188.67030209018705,24095.61,9049.7
751628,5162.37,0.0,145.26188253338458,26755.12,24810.2
751664,7034.35,23158.0,145.26188253338458,35728.81,23917.9
751718,20474.15,95621.0,167.8555809868646,37494.92,14521.7
751779,11885.97,0.0,145.26188253338458,54505.99,11593.0
751820,5217.51,39854.0,40.84683616433185,40347.91,4947.0
751823,2887.78,62018.0,145.26188253338458,46296.86,9403.2
751824,4472.33,53519.0,145.26188253338458,31412.72,12416.4
751829,4966.74,0.0,47.07292928908248,21197.86,7382.1
751990,3933.81,25927.0,145.26188253338458,43127.43,15530.6
752047,2619.34,78618.0,43.62877221803913,31506.16,5510.0
752107,2530.71,89451.0,145.26188253338458,38608.93,17696.6
752140,8323.07,97245.0,145.26188253338458,40090.94,18452.2
752217,23405.99,71941.0,266.65680740867134,20837.45,13168.6
752259,10330.44,56480.0,67.03450740282462,26618.63,27797.3
752274,2435.69,32931.0,145.26188253338458,46311.2,10247.0
752331,4592.15,73604.0,145.26188253338458,48406.92,0.0
752462,5625.31,97095.0,145.26188253338458,37720.3,2430.0
752548,5017.85,79814.0,106.33753977101198,25857.07,6321.3
752580,2500.24,0.0,43.45075894642622,24951.82,0.0
752609,8066.07,17950.0,145.26188253338458,33009.11,0.0
752663,16301.97,19614.0,145.26188253338458,39186.55,17899.7
752688,4556.07,25617.0,145.26188253338458,44210.07,0.0
752704,5309.44,22404.0,27.777635079350524,37202.62,4415.0
752729,2682.91,0.0,17.518827250495104,37233.15,16697.2
752826,8166.88,0.0,145.26188253338458,28363.48,8229.7
752874,4122.96,24732.0,145.26188253338458,39902.5,4503.0
752885,4834.71,38713.0,145.26188253338458,0.0,0.0
753038,10706.67,55436.0,107.5454984520124,29437.8,11427.0
753089,2560.08,88059.0,145.26188253338458,35820.16,16507.4
753130,4386.28,10621.0,1805.630300751888,7507.0,0.0
753141,5823.16,88359.0,187.5576583678464,25540.74,15460.4
753149,5206.76,21594.0,145.26188253338458,36471.29,8603.2
753219,11009.13,51643.0,145.26188253338458,42831.77,18061.4
753306,3011.27,0.0,913.6185337064647,1679.43,0.0
753452,7126.26,22490.0,145.26188253338458,53176.34,17252.0
753456,10103.65,72334.0,250.8729421768709,12023.1,5084.4
753473,4254.62,11904.0,145.26188253338458,38323.62,0.0
753533,2620.17,31911.0,145.26188253338458,41738.64,7907.8
753637,2855.69,99612.0,60.86461674711934,21330.48,13032.6
753814,8658.86,62464.0,145.26188253338458,42079.42,12108.9
753864,40224.01,48587.0,28619.422319688398,1741.0,3703.0
753887,12298.69,17101.0,71.55130980179636,35436.75,4238.0
753977,4270.03,0.0,194.75195556555207,22750.31,6321.3
753987,4458.11,17622.0,145.26188253338458,67115.02,7557.0
753994,9034.31,18846.0,145.26188253338458,51634.39,6268.1
754042,15417.73,84376.0,145.26188253338458,37177.62,3924.0
754163,2356.07,0.0,145.26188253338458,0.0,0.0
754175,4772.94,20993.0,109.45276020942408,16199.91,9416.4
754264,4645.84,0.0,145.26188253338458,28146.07,8605.0
754292,5979.72,57693.0,145.26188253338458,34010.72,10684.0
754338,4951.66,46896.0,145.26188253338458,53939.46,50270.0
754416,14274.55,0.0,259.23510080404407,21582.38,15370.6
754436,5391.78,63633.0,86.27339640176758,29181.01,5081.0
754517,7699.63,23577.0,145.26188253338458,42764.81,19205.9
754539,4467.71,0.0,43.42634203195989,30986.76,10254.3
754599,13464.6,83392.0,145.26188253338458,56568.1,20032.8
754774,4642.02,0.0,145.26188253338458,33357.69,26826.9
754850,8563.97,91147.0,145.26188253338458,0.0,0.0
754936,3731.5,0.0,3197.17723004698,3461.0,0.0
755014,9688.33,20009.0,145.26188253338458,45170.78,8105.4
755015,2242.24,0.0,586.6792831541228,9433.0,5108.0
755070,3954.34,18375.0,145.26188253338458,31507.46,11751.5
755073,36293.15,18047.0,342.68315065693673,28206.22,23608.6
755082,8935.27,63326.0,47.96913544838137,36809.69,8997.2
755145,17786.28,99790.0,18050.024652456068,550.0,0.0
755276,4772.94,20993.0,40.6077941875752,36286.55,9810.8
755290,21423.64,0.0,165.80674751013018,39349.19,12027.4
755337,9426.38,38910.0,145.26188253338458,42163.58,0.0
755362,6889.62,30814.0,110.45713419776516,20883.18,6400.0
755367,2175.74,0.0,145.26188253338458,30164.47,12403.0
755374,2878.77,79189.0,145.26188253338458,46278.33,10992.3
755406,6674.46,92653.0,145.26188253338458,20107.41,7183.9
755533,2396.22,0.0,145.26188253338458,40606.14,8121.0
755538,5229.68,26540.0,30.30554597086773,40190.53,14440.0
755582,2734.15,34865.0,145.26188253338458,0.0,0.0
755668,31215.69,0.0,145.26188253338458,24824.23,12718.7
755759,11660.57,21506.0,103.14053793598156,33551.33,19096.9
755867,19259.84,35973.0,173.30817171783585,35799.79,8214.0
755977,51337.91,72794.0,145.26188253338458,28526.61,19094.2
756043,9816.53,37256.0,145.26188253338458,0.0,0.0
756065,8556.42,0.0,52.62020400460983,40897.98,9551.0
756280,28435.64,0.0,145.26188253338458,0.0,0.0
756317,9095.74,0.0,156.6516770342642,19454.78,27886.0
756341,6412.37,58776.0,37.25728479632391,32847.65,40656.4
756355,9032.37,0.0,145.26188253338458,33358.37,18117.5
756481,3059.06,0.0,16.00373186383929,39730.1,6431.5
756496,4303.64,74057.0,145.26188253338458,41289.19,21118.1
756515,5089.69,62474.0,145.26188253338458,33353.56,2701.0
756526,15417.68,69841.0,145.26188253338458,0.0,0.0
756543,4841.06,23449.0,30.437163242245106,48237.46,14802.5
756559,5021.15,61987.0,145.26188253338458,0.0,0.0
756592,6199.96,0.0,145.26188253338458,0.0,0.0
756636,5060.3,0.0,1461.2416930379768,2360.0,0.0
756646,8205.39,85840.0,145.26188253338458,39426.94,5530.9
756663,2651.62,33201.0,41478.91285714377,2185.0,3605.0
756668,5802.07,97541.0,145.26188253338458,15345.17,0.0
756791,4639.04,0.0,145.26188253338458,29838.92,0.0
756833,7840.17,58414.0,145.26188253338458,50537.91,9687.0
756862,11469.63,10384.0,145.26188253338458,28002.34,9199.8
756867,7587.34,0.0,79.45162548951168,25706.48,28518.0
756891,12097.91,0.0,145.26188253338458,40663.62,3483.0
756892,2744.52,94648.0,145.26188253338458,37479.66,16027.6
756907,5021.15,61987.0,37.61045270783312,35229.48,6852.0
756928,8044.87,71391.0,145.26188253338458,40324.7,23919.6
756929,3709.92,0.0,145.26188253338458,37981.84,9111.0
756967,9904.98,0.0,145.26188253338458,40784.69,8381.0
756973,4862.91,36839.0,145.26188253338458,0.0,0.0
757010,2483.67,75615.0,145.26188253338458,34515.35,3688.0
757041,8334.32,49851.0,75.42352340290488,31818.83,12726.2
757047,4014.45,37384.0,35.68185655412685,43222.58,9377.0
757060,5802.07,97541.0,145.26188253338458,0.0,0.0
757127,5459.22,83208.0,145.26188253338458,0.0,0.0
757270,4737.87,0.0,199.83235432330827,18560.36,0.0
757387,3230.58,62873.0,145.26188253338458,31749.48,9159.9
757416,13270.94,28727.0,145.26188253338458,0.0,0.0
757420,2902.62,23893.0,145.26188253338458,34762.05,10081.4
757446,4130.38,0.0,145.26188253338458,45060.1,8996.2
757547,9816.53,37256.0,55.300069658196406,43286.01,0.0
757634,5178.7,66943.0,28.685329128677047,40166.38,15381.9
757691,5332.46,68931.0,47.51176352842384,35016.8,8466.0
757696,22195.8,78965.0,145.26188253338458,52717.59,9993.0
757704,7821.19,0.0,145.26188253338458,0.0,0.0
757834,17569.16,41463.0,145.26188253338458,43018.08,8328.1
757879,14019.83,31739.0,115.23476631346968,31270.16,12919.1
757885,7647.45,91512.0,145.26188253338458,35509.26,0.0
757938,4860.62,25854.0,54.43051348393894,33096.84,5547.0
758113,5886.22,0.0,37.84330348335825,40016.88,0.0
758165,2160.92,0.0,1215.184572719803,34802.8,8244.4
758210,8560.16,28120.0,68.37368043276555,30623.63,5516.0
758262,3215.2,24191.0,36.36101118826085,43712.83,11008.0
758322,10255.8,0.0,145.26188253338458,0.0,0.0
758328,8435.18,64692.0,372.08782403770647,25116.26,9254.9
758372,4786.05,0.0,44.5999389814238,30555.98,0.0
758389,3040.25,0.0,145.26188253338458,34643.55,0.0
758432,2750.54,34200.0,145.26188253338458,39830.19,12920.0
758635,3919.37,66676.0,717.3174243690462,3453.0,0.0
758656,3342.18,0.0,145.26188253338458,12283.22,9389.8
758695,9549.11,55986.0,103.93746670033084,32538.16,24600.2
758738,2499.41,0.0,145.26188253338458,29679.57,2202.0
758789,19504.47,0.0,426.9088240585276,19764.92,12511.0
758840,18943.27,58851.0,145.26188253338458,30744.89,20461.1
758927,8591.6,38984.0,330.4925876484228,16738.3,3837.0
759017,8838.09,82664.0,46.94259351330638,52931.53,28171.0
759093,7398.87,27383.0,145.26188253338458,32926.64,4950.0
759132,5366.78,0.0,145.26188253338458,0.0,0.0
759223,6057.07,27681.0,213.0962090835488,16493.76,18214.6
759310,19597.06,64559.0,70126.73431372704,3487.0,0.0
759311,4220.61,32471.0,145.26188253338458,37394.89,10634.0
759322,8382.48,25998.0,63.63373022888221,32451.19,14898.1
759370,5251.15,0.0,145.26188253338458,39506.44,13030.2
759417,8838.09,82664.0,145.26188253338458,28536.02,31580.7
759518,5638.54,74286.0,145.26188253338458,22867.53,0.0
759551,35440.14,74560.0,145.26188253338458,40313.62,11828.2
759603,6325.03,0.0,189.19110167176584,43272.13,17224.4
759785,7618.44,41900.0,145.26188253338458,41683.75,11384.0
759847,10103.66,46667.0,145.26188253338458,27401.73,7801.0
759899,10896.05,29365.0,145.26188253338458,42148.92,15789.7
759983,3615.89,0.0,145.26188253338458,0.0,0.0
759991,2646.57,23170.0,145.26188253338458,42254.88,0.0
760061,2776.32,0.0,145.26188253338458,38439.47,13172.0
760077,8382.48,25998.0,145.26188253338458,0.0,0.0
760111,7302.78,30492.0,268.3404060402689,24868.23,19738.1
760155,3122.98,72916.0,50.0710595904311,48191.55,3362.0
760158,4076.63,29549.0,240.18885391444752,13836.0,2417.0
760166,6961.95,0.0,85.64044111369246,27066.17,3357.0
760176,5033.39,68331.0,145.26188253338458,33846.8,0.0
760196,12550.88,22234.0,145.26188253338458,33554.27,8025.6
760424,46302.08,0.0,717.223969908177,41288.4,15251.0
760508,7630.35,0.0,145.26188253338458,30682.19,0.0
760614,8458.53,57394.0,217.01751095386496,24486.78,0.0
760645,6102.95,0.0,145.26188253338458,33744.11,3271.0
760672,7159.81,67206.0,63.47092356765251,39053.53,5780.0
760835,9057.94,91025.0,145.26188253338458,34467.95,6801.0
760842,4799.62,0.0,34.90166792179176,42269.26,4172.4
760876,7228.01,25926.0,46.93332078168134,39627.48,6192.1
760975,5463.91,44305.0,145.26188253338458,21971.13,7666.5
761007,4650.06,28215.0,145.26188253338458,0.0,0.0
761015,4045.34,77237.0,145.26188253338458,42449.6,7246.6
761114,5809.26,26975.0,145.26188253338458,49102.85,7596.0
761150,4250.28,0.0,239.24621395157573,15897.15,12877.9
761240,4650.06,28215.0,145.26188253338458,57437.88,24500.7
761305,17790.41,26000.0,145.26188253338458,0.0,0.0
761403,4715.32,0.0,145.26188253338458,31913.69,15397.6
761423,15114.4,28513.0,74.28413693553946,41791.53,23639.8
761444,5846.42,0.0,145.26188253338458,0.0,0.0
761459,8414.08,59828.0,145.26188253338458,46405.5,15946.1
761510,2471.15,65176.0,145.26188253338458,35116.2,0.0
761600,6105.8,0.0,2052.133517495404,4335.0,6203.0
761613,12552.65,10147.0,145.26188253338458,49030.23,18490.9
761674,7540.05,67018.0,145.26188253338458,35317.4,14077.7
761694,6925.18,88893.0,119.76738687514808,28646.49,10436.2
761966,5570.22,85718.0,145.26188253338458,45882.71,9481.0
762044,4842.28,35127.0,29.19835987305867,27920.78,18605.9
762072,19190.32,39034.0,346.8296122441907,20472.09,0.0
762117,7176.59,27071.0,248.29980536325348,30575.12,14875.9
762255,2656.52,0.0,104.48596982758622,14315.0,13024.0
762259,2925.73,30752.0,25.612347221689248,35593.31,12505.0
762272,4513.44,34558.0,145.26188253338458,27918.68,3502.0
762355,3508.57,20978.0,145.26188253338458,37654.31,8192.0
762446,2325.26,0.0,145.26188253338458,0.0,0.0
762474,5427.17,27677.0,588.5077391562696,12393.0,5784.0
762485,2491.32,36631.0,145.26188253338458,45563.08,13897.0
762562,2652.06,0.0,561.9206075851408,4589.0,0.0
762671,14246.15,0.0,318.8171988620341,18896.09,0.0
762681,7475.78,29633.0,145.26188253338458,40997.83,29154.0
762715,5757.49,81491.0,119.52042735350612,14040.07,0.0
762951,5113.9,92427.0,145.26188253338458,46768.18,6258.0
762971,12817.41,28651.0,2400.797801915843,6910.0,0.0
762990,8447.89,61337.0,145.26188253338458,0.0,0.0
763000,2893.31,30406.0,125.79109227348538,22032.57,0.0
763061,4126.61,34080.0,145.26188253338458,25695.89,7930.6
763071,8275.9,48197.0,145.26188253338458,33413.57,10616.0
763084,4594.29,39053.0,145.26188253338458,36087.74,0.0
763113,5325.72,0.0,145.26188253338458,38721.58,9909.0
763132,4132.59,0.0,145.26188253338458,40172.39,13424.3
763177,4818.64,0.0,145.26188253338458,35266.4,3931.0
763183,2683.49,84895.0,145.26188253338458,28724.65,4588.5
763224,8759.59,28280.0,3761.471,6847.0,7225.0
763241,8509.85,26057.0,145.26188253338458,46334.5,0.0
763248,5558.3,37473.0,528.5574033868874,8256.0,0.0
763341,15162.07,71366.0,63.79643296432966,38182.31,8103.7
763403,8658.86,62464.0,145.26188253338458,35556.47,30215.3
763406,25997.75,62262.0,145.26188253338458,51572.59,17750.6
763520,5107.16,35625.0,57.24232234924907,27402.32,27467.6
763591,8496.36,88895.0,145.26188253338458,47927.77,9799.5
763615,7633.82,0.0,46.12908422070353,39306.36,4556.2
763618,6781.27,0.0,533.9006794650566,6880.889999999999,0.0
763621,7758.59,96162.0,389.7608420386202,11545.33,0.0
763702,8177.05,54695.0,145.26188253338458,47664.03,0.0
763761,2423.26,15585.0,145.26188253338458,50845.12,5772.2
763797,9445.93,76837.0,57.187826244171774,40597.8,31624.8
763806,2227.07,27972.0,145.26188253338458,0.0,0.0
764167,14635.45,0.0,85.02211125258637,47545.72,4553.0
764227,2674.73,56342.0,145.26188253338458,0.0,0.0
764302,3475.07,0.0,4270.708922558964,3357.0,0.0
764305,2725.36,36650.0,17.891817030705926,34652.07,20487.3
764513,12741.85,73054.0,145.26188253338458,32331.93,0.0
764544,4861.49,12153.0,1638.4523084025857,37285.35,16232.1
764555,10083.49,11828.0,145.26188253338458,37218.19,5728.5
764578,6960.92,74487.0,145.26188253338458,39828.59,27491.1
764595,18708.76,0.0,145.26188253338458,43548.1,14577.0
764634,3141.25,43499.0,145.26188253338458,64393.71,14303.2
764703,7611.21,0.0,249.3820994802469,13372.59,14165.7
764844,4571.61,79453.0,1315.2687729900183,4723.0,0.0
764869,2471.53,95697.0,145.26188253338458,43966.63,11007.0
764889,5351.85,54817.0,74.26239432996552,28215.53,9562.7
764896,2520.03,0.0,19.31604926604928,39395.09,15489.9
764980,9408.34,0.0,145.26188253338458,31797.03,5111.0
765079,8676.7,76214.0,145.26188253338458,36020.07,24045.2
765127,4384.85,23480.0,145.26188253338458,37860.8,11627.0
765202,9788.71,31930.0,128.97363224846947,22389.65,13006.1
765223,9075.77,37722.0,69013.66770833486,1143.0,0.0
765252,4749.13,0.0,145.26188253338458,38833.87,9212.2
765261,4838.88,0.0,145.26188253338458,27481.7,0.0
765293,9080.64,33897.0,145.26188253338458,35025.22,5506.0
765323,5318.9,25134.0,45.36384099822025,44491.99,17775.3
765338,27990.36,22971.0,639.6401296416495,22890.1,0.0
765408,20101.65,23638.0,1057.9815789473696,15843.0,2742.0
765428,7452.23,0.0,145.26188253338458,46266.98,4721.0
765446,9783.63,0.0,145.26188253338458,0.0,0.0
765481,3561.04,0.0,145.26188253338458,37613.93,6604.4
765518,2289.62,0.0,145.26188253338458,55810.73,37471.1
765542,3061.8,88362.0,1694.980283114262,3167.0,0.0
765655,2540.41,70125.0,352.7005135032339,11806.0,6963.0
765747,2396.19,39062.0,145.26188253338458,51603.6,13070.1
765793,2857.99,85300.0,145.26188253338458,31136.43,0.0
765877,2736.94,78889.0,145.26188253338458,46527.96,8618.4
765924,12157.33,57449.0,145.26188253338458,33445.67,24040.9
765955,9942.3,67890.0,145.26188253338458,29239.33,11182.0
765973,4931.22,0.0,145.26188253338458,0.0,0.0
765989,3644.83,82477.0,145.26188253338458,46704.13,0.0
766012,12877.78,0.0,145.26188253338458,0.0,0.0
766024,7627.66,93004.0,145.26188253338458,35076.96,24413.1
766091,6177.11,61040.0,25620.967613636574,1302.0,0.0
766262,5659.14,52389.0,1006.6209064327504,6060.0,6181.0
766335,7482.49,48992.0,145.83647582126537,24131.52,4121.0
766355,5318.9,25134.0,681.4315549315563,3616.0,0.0
766401,5181.62,97131.0,145.26188253338458,0.0,0.0
766530,3742.58,0.0,19.696842737671822,52450.74,4330.0
766562,5635.29,59325.0,484.7627934198536,18081.55,14082.0
766691,8281.74,19189.0,1304.0703623813667,4272.73,0.0
766733,12298.69,17101.0,99.50131773770262,22192.19,9561.8
766766,4216.2,0.0,145.26188253338458,0.0,0.0
766775,3148.42,0.0,23.876941137360014,17767.69,0.0
766777,6047.03,20396.0,145.26188253338458,33327.55,13333.1
766861,5493.7,44369.0,283.94229679977354,12662.0,0.0
766886,5272.52,85607.0,36.30205214976789,33906.59,0.0
766909,7851.58,48943.0,145.26188253338458,0.0,0.0
766927,4457.94,54704.0,18.72187487055813,48690.16,12856.1
766969,7595.34,20538.0,145.26188253338458,39636.8,16039.8
767006,45708.65,31264.0,355.8760121471885,25621.26,4128.7
767058,6234.31,0.0,76.77203609986508,31106.98,16441.0
767089,7671.85,62582.0,145.26188253338458,39300.86,6597.0
767175,25030.38,26292.0,31944.366083916157,4289.0,0.0
767331,2938.08,40987.0,145.26188253338458,29114.76,0.0
767366,73225.96,39547.0,6151.789642473538,14559.87,7734.9
767385,5574.62,20075.0,145.26188253338458,32855.770000000004,17062.0
767416,8596.92,53736.0,145.26188253338458,34215.05,5621.0
767428,7025.65,48117.0,145.26188253338458,40783.05,3840.0
767456,5039.39,0.0,145.26188253338458,0.0,0.0
767494,2787.42,38667.0,145.26188253338458,0.0,0.0
767507,7772.47,58345.0,76.15670644135139,38306.15,12547.5
767534,8579.89,21829.0,145.26188253338458,39493.76,11819.9
767648,10396.53,34948.0,223.2353724968823,24458.56,7828.0
767672,8704.28,38072.0,145.26188253338458,36005.46,5196.5
767678,7291.6,84629.0,145.26188253338458,0.0,0.0
767728,4795.39,33068.0,924.7890190207844,4522.0,2642.0
767752,29199.81,67739.0,145.26188253338458,46109.87,17055.7
767767,8456.46,89918.0,131.7599206010416,47167.72,0.0
767774,7919.2,82877.0,145.26188253338458,0.0,0.0
767857,8341.62,0.0,701.5417741935485,11714.0,23409.0
767864,6005.21,26876.0,1058.2080704860005,1853.0,4133.0
767894,2487.36,22331.0,25.98601502683364,39197.39,4267.0
767907,5757.44,88997.0,145.26188253338458,36697.51,3608.0
767908,8084.85,60662.0,81.46000800530011,40599.12,11282.2
767971,40636.67,31267.0,145.26188253338458,0.0,0.0
768010,9492.34,0.0,155.15638322645367,21507.08,12831.0
768012,5108.04,26784.0,145.26188253338458,30062.54,13872.3
768030,4354.4,0.0,63.651640394720005,21530.01,16426.5
768072,13478.8,0.0,145.26188253338458,46174.6,12046.0
768078,4376.36,63774.0,1872.651113716296,50112.31,6826.7
768113,13024.13,0.0,145.26188253338458,46984.41,9614.0
768255,5015.01,48567.0,138.64531607410672,12921.59,4902.0
768313,33288.16,91541.0,7323.7965039180335,7207.0,3659.0
768354,3691.77,37202.0,145.26188253338458,55465.25,5505.0
768365,29199.81,67739.0,678.7251574022579,45759.67,2626.0
768415,15641.26,32370.0,100.450781568909,51103.44,0.0
768518,4270.03,0.0,145.26188253338458,39584.81,26368.8
768748,2604.85,0.0,12.296775034920415,37512.87,4172.4
768959,6179.7,0.0,2237.688988095241,4568.0,4870.0
768996,10552.88,77627.0,145.26188253338458,22375.39,12840.2
769023,2113.86,0.0,145.26188253338458,28001.16,0.0
769030,8535.11,53223.0,145.26188253338458,26438.28,17823.9
769166,7714.62,0.0,145.26188253338458,0.0,0.0
769346,7142.55,24417.0,91.49980520984695,33840.97,16480.2
769361,8828.38,61246.0,145.26188253338458,42360.03,16578.1
769495,8059.89,72309.0,983.1323994653014,10035.0,0.0
769521,24127.5,14072.0,123.8748184869702,42950.92,24478.5
769560,5167.36,30376.0,21.28611928709439,39704.76,16690.8
769602,6627.17,90751.0,145.26188253338458,0.0,0.0
769623,4834.71,38713.0,140.3650294304805,41757.52,4565.0
769669,8578.36,78077.0,211.93800230139215,15558.69,0.0
769709,2396.22,0.0,145.26188253338458,34026.04,21405.4
769731,4381.88,20394.0,32.763073044625415,33335.69,16048.7
769763,5169.5,12430.0,145.26188253338458,25047.41,8276.4
769891,7294.85,0.0,145.26188253338458,39970.27,9015.5
769976,4004.55,0.0,136.41681962419116,25900.87,0.0
770094,4209.28,26435.0,145.26188253338458,45016.34,30286.0
770327,2674.73,56342.0,145.26188253338458,38584.32,17877.1
770362,4460.42,0.0,303.61666853157294,9483.51,0.0
770452,13736.13,16181.0,209.03429018136345,34301.64,3711.0
770524,9227.57,0.0,18271.58978300192,2527.0,0.0
770568,2555.85,22881.0,234.7077952029525,8218.0,3653.0
770591,7615.38,34095.0,145.26188253338458,24519.59,20473.5
770634,9177.95,29098.0,145.26188253338458,29750.76,14639.5
770651,4594.29,39053.0,5646.181313131325,1482.0,0.0
770702,5184.95,49312.0,3785.0135,3104.0,0.0
770727,5890.53,76875.0,233.59711830277925,11282.48,3268.0
770968,5745.42,0.0,145.26188253338458,43698.59,9741.3
771035,4016.13,10074.0,145.26188253338458,58488.54,11879.5
771056,5791.01,33799.0,145.26188253338458,45265.5,20154.3
771133,8152.24,0.0,145.26188253338458,0.0,0.0
771220,2410.11,16258.0,145.26188253338458,0.0,0.0
771259,4766.65,70432.0,145.26188253338458,26352.25,0.0
771285,5267.76,39722.0,145.26188253338458,32730.37,22131.2
771307,2316.8,0.0,145.26188253338458,33924.23,0.0
771353,9033.25,30004.0,272.4230562670414,21510.25,16953.7
771667,7078.95,23222.0,145.26188253338458,31976.94,2895.0
771713,5441.42,85702.0,64.44139945663932,38606.8,4621.0
771753,7590.91,52348.0,145.26188253338458,0.0,0.0
771757,8564.77,95697.0,145.26188253338458,33920.33,15999.8
771872,3731.5,0.0,271.4584440605903,12243.0,18293.0
771880,5284.31,37640.0,4159.827066858396,3567.0,0.0
771901,2550.66,69230.0,42.35627388535034,23869.17,14675.6
771932,8382.63,19683.0,9702.938530655409,6871.28,0.0
771943,6940.97,0.0,145.26188253338458,30836.4,29300.9
771960,13865.83,53484.0,145.26188253338458,56132.48,0.0
771976,5717.22,52391.0,9721.049534161551,3092.0,0.0
772019,8145.99,62534.0,145.26188253338458,34781.06,9609.0
772025,9902.39,0.0,2019.9547410581265,8133.0,0.0
772081,9095.05,37937.0,861.2140911449346,7455.0,0.0
772152,3031.59,27435.0,145.26188253338458,26077.5,3514.0
772181,8485.33,32607.0,145.26188253338458,30167.1,5049.0
772194,22261.02,50398.0,145.26188253338458,29239.29,7421.0
772237,5619.69,0.0,145.26188253338458,38993.37,9505.4
772362,18690.34,0.0,471.2609906051401,25851.37,8812.0
772370,2516.21,48829.0,145.26188253338458,38171.01,17795.0
772381,6880.47,63935.0,145.26188253338458,32699.2,10750.2
772395,6052.0,32330.0,214.56823700825657,18161.0,6502.0
772397,4561.27,29327.0,145.26188253338458,42149.32,10980.1
772437,4626.8,79487.0,145.26188253338458,39879.22,11059.9
772438,7861.8,30374.0,145.26188253338458,48064.1,2431.0
772484,15014.09,32961.0,96.56605351170572,45148.97,0.0
772532,5416.41,53249.0,269.19793709150343,12043.0,6589.0
772608,9263.18,23377.0,8647.214066496188,2452.0,0.0
772628,15769.11,29977.0,145.26188253338458,44559.88,8702.0
772827,2588.44,0.0,90.48235902543676,20798.52,4804.0
772834,12280.77,88340.0,145.26188253338458,36567.07,0.0
772952,2162.42,0.0,145.26188253338458,24872.46,18058.1
772960,2679.69,84450.0,145.26188253338458,38323.68,19707.8
773012,7406.88,38169.0,145.26188253338458,48769.77,13279.1
773019,5116.62,26173.0,630.366662916293,8756.0,0.0
773086,4118.59,69379.0,202.47176304211203,31533.42,5316.2
773095,6269.59,61040.0,674.050176730486,5761.0,0.0
773112,5330.59,84240.0,145.26188253338458,46153.05,20394.0
773219,4819.18,74730.0,192.4676886379553,9224.41,2941.0
773261,5018.73,0.0,145.26188253338458,39360.9,0.0
773290,2891.27,80590.0,145.26188253338458,31441.57,17390.7
773293,4909.84,61402.0,30.245506020944624,35005.66,4764.0
773364,10656.88,72540.0,145.26188253338458,40654.87,5411.2
773390,4879.38,67163.0,145.26188253338458,42720.28,6822.0
773397,6369.26,34498.0,145.26188253338458,40815.35,9542.0
773418,15415.04,89464.0,145.26188253338458,33384.35,0.0
773546,36707.43,24804.0,145.26188253338458,30229.74,13230.0
773571,22658.54,23665.0,5013.356496261895,12947.08,0.0
773593,2315.09,0.0,145.26188253338458,0.0,0.0
773598,5484.59,47611.0,49.31687077042085,36279.31,11194.8
773648,5741.7,45820.0,145.26188253338458,51853.97,5874.8
773676,2867.31,23376.0,2367.801244343897,3621.0,0.0
773739,8427.17,46503.0,164.85339389554363,26031.11,15421.9
773805,3936.79,19245.0,35.73376026433194,48560.0,5584.0
773844,2472.47,63860.0,206.32179926840453,8131.0,0.0
773857,4770.55,12964.0,145.26188253338458,0.0,0.0
773865,13057.01,0.0,73.99117612811577,57747.43,0.0
773943,2632.55,95854.0,14.66487517284113,44796.15,4381.4
773973,5550.15,62219.0,39.0689799814858,45378.68,15882.2
773986,9463.11,69654.0,81.9483407251113,39254.51,0.0
774103,21205.38,24930.0,145.26188253338458,48208.55,0.0
774168,5181.62,97131.0,125.77862779871424,5507.1,4256.0
774226,7507.46,60920.0,86.47755395728866,24326.76,3637.0
774234,4869.6,23811.0,24.502736459008265,39610.59,19685.3
774249,4502.98,0.0,145.26188253338458,2766.85,0.0
774272,2491.32,36631.0,145.26188253338458,48661.74,12243.6
774275,6334.47,0.0,145.26188253338458,21122.25,9152.0
774321,10408.97,20228.0,145.00603225855707,23197.82,0.0
774326,2725.36,36650.0,145.26188253338458,32241.14,24908.3
774386,3046.25,0.0,240.25091832325003,16034.0,11351.0
774724,4605.04,22571.0,30.39557073235421,35749.46,18460.4
774931,19731.34,33588.0,3922.624782135087,7601.0,0.0
775158,7179.23,23179.0,2068.751802631579,3644.0,0.0
775160,15552.4,0.0,82.78923450279437,42169.03,19086.9
775170,12880.75,24571.0,145.26188253338458,29237.66,0.0
775176,5979.72,57693.0,145.26188253338458,48465.93,11480.0
775185,6314.6,0.0,145.26188253338458,46699.87,26112.9
775193,4014.45,37384.0,30.857753428465536,35862.26,21124.9
775304,6159.01,97658.0,335.2112903225812,21965.0,0.0
775407,6537.05,0.0,2303.111245173748,2502.0,0.0
775440,8427.72,20662.0,38.8420454511974,37048.96,9830.6
775520,20531.65,12503.0,145.26188253338458,20904.15,0.0
775562,3208.23,52367.0,145.26188253338458,8133.9,0.0
775573,5926.73,23091.0,145.26188253338458,50154.5,26460.1
775639,9404.45,51593.0,145.26188253338458,52546.02,35487.4
775678,7179.23,23179.0,23053.539149560165,704.0,0.0
775724,6991.25,19019.0,102.21234905977794,37697.67,15918.0
776139,2694.6,26744.0,145.26188253338458,47889.78,7680.0
776153,3557.2,39075.0,325.1635361883303,7166.84,0.0
776187,74228.52,0.0,145.26188253338458,48628.99,15733.0
776317,2502.64,0.0,165.84306463326098,7337.0,3562.0
776399,15114.4,28513.0,145.26188253338458,0.0,0.0
776443,30141.62,0.0,145.26188253338458,30994.4,0.0
776453,12547.43,32857.0,145.26188253338458,43715.55,8530.0
776464,26462.76,0.0,145.26188253338458,39444.21,3155.0
776466,41787.9,46587.0,6088.855688622755,9792.0,0.0
776547,25107.1,24410.0,145.26188253338458,29939.7,19765.7
776613,3792.13,97212.0,145.26188253338458,50198.54,9609.0
776736,5433.21,29629.0,44.16519210939886,29209.23,0.0
776782,8193.75,12780.0,426.5752032520329,9337.0,3850.0
776795,5860.48,36889.0,36.59583243039795,52144.26,29837.3
776830,5218.97,21371.0,145.26188253338458,0.0,0.0
776931,15638.58,49214.0,768.0755819690514,12623.0,5038.0
776956,4589.94,32510.0,115.14124204478291,30062.83,33281.1
777108,7378.51,0.0,54.12182532505377,29428.44,11880.3
777118,2711.9,0.0,145.26188253338458,52371.46,12112.5
777171,2506.02,61402.0,145.26188253338458,48732.37,13571.7
777197,16909.93,65620.0,120.21870422743706,45305.48,0.0
777231,9602.08,0.0,145.26188253338458,40647.36,10510.0
777300,25464.82,13663.0,145.26188253338458,54594.47,25909.8
777351,6943.74,0.0,145.26188253338458,43345.81,15355.0
777418,5396.31,62039.0,352.416022544284,10016.0,4943.0
777514,2150.91,0.0,36.16512373166599,24376.0,4488.0
777531,7360.87,52380.0,145.26188253338458,40261.68,7163.0
777540,2393.92,0.0,145.26188253338458,44372.78,20007.0
777544,5377.01,35637.0,584.9802235469451,12424.0,7608.0
777549,2886.45,10312.0,145.26188253338458,33167.73,8666.0
777561,6552.4,56188.0,33.119142312720186,41227.71,16018.1
777714,5408.91,80192.0,145.26188253338458,44230.15,21083.0
777861,12522.54,44341.0,11040.403623188517,1292.0,0.0
777871,4748.79,0.0,145.26188253338458,37907.85,10425.3
777875,8496.35,44624.0,74.34713631568853,35357.23,10318.0
777931,8169.75,32799.0,145.26188253338458,37971.55,5374.0
777990,3288.21,0.0,145.26188253338458,32721.96,6648.1
778027,15362.35,48115.0,1402.983590492077,8877.0,0.0
778030,6227.37,0.0,145.26188253338458,42422.6,8956.9
778031,2927.52,20852.0,26.985158153923877,38476.88,18276.9
778066,2541.63,23692.0,44.295477478911366,20123.62,8192.0
778168,2349.96,0.0,145.26188253338458,37859.08,0.0
778310,8972.14,89689.0,145.26188253338458,48859.01,0.0
778317,2803.8,43775.0,21.05844337564921,43869.25,4957.1
778393,4633.45,50250.0,145.26188253338458,17999.29,8234.6
778426,4916.37,66982.0,71.09544301390238,23661.68,0.0
778590,6535.56,0.0,145.26188253338458,36076.38,19246.9
778865,9294.09,67544.0,145.26188253338458,59873.25,25606.3
778920,3423.97,29958.0,18.84189605627772,37720.44,5855.0
778952,2124.17,0.0,145.26188253338458,46656.32,29529.1
779046,4551.06,0.0,25.24432087583433,43011.68,14723.2
779066,8564.77,95697.0,145.26188253338458,43841.85,9335.0
779082,4508.86,83777.0,121.97397813600152,37838.29,7286.0
779085,2505.42,60546.0,145.26188253338458,50582.87,16995.9
779106,2541.52,63546.0,145.26188253338458,55958.23,18225.4
779159,9031.21,0.0,145.26188253338458,29756.93,6725.0
779171,8490.28,28677.0,145.26188253338458,33137.52,12376.6
779184,3730.14,75132.0,145.26188253338458,47575.44,11667.9
779211,5633.95,37595.0,145.26188253338458,21598.73,18190.6
779247,4122.57,75272.0,145.26188253338458,35666.54,4369.0
779291,7579.53,33906.0,145.26188253338458,45241.07,4653.1
779412,2379.74,0.0,68.00854212339497,14714.0,8306.0
779427,9708.5,39930.0,68.93073085015679,38154.06,6917.0
779434,4633.1,0.0,145.26188253338458,34365.77,17614.7
779435,4645.84,0.0,423.7563348604757,11957.0,0.0
779444,2436.01,87462.0,145.26188253338458,0.0,0.0
779468,7601.95,47519.0,1650.304371530533,7501.0,0.0
779573,7433.82,55561.0,145.26188253338458,45000.82,8519.6
779679,4349.31,75648.0,145.26188253338458,35639.09,3637.0
779882,3106.48,22076.0,145.26188253338458,56044.17,6929.3
779929,2778.9,73570.0,97.6069125902166,20654.76,3414.0
779977,4984.62,86305.0,145.26188253338458,36501.68,0.0
780104,7060.21,85412.0,145.26188253338458,1613.1,0.0
780140,2676.87,54480.0,145.26188253338458,35130.94,0.0
780150,2821.1,70047.0,145.26188253338458,44555.29,22767.5
780236,7840.17,58414.0,145.26188253338458,44808.97,0.0
780266,7356.38,33089.0,1014.2578821455572,6269.0,0.0
780298,15467.79,77517.0,136.68955461293746,22300.89,0.0
780389,8200.79,25381.0,145.26188253338458,0.0,0.0
780423,2674.08,68787.0,145.26188253338458,48561.81,13175.2
780428,5884.31,0.0,45.536180493275936,34588.48,16501.5
780504,5223.43,16513.0,145.26188253338458,53909.79,20468.7
780525,2754.14,58705.0,145.26188253338458,0.0,0.0
780529,4041.24,23818.0,2652.972302158284,4931.0,3042.0
780631,4331.46,82302.0,7699.592045454561,1459.0,0.0
780728,4520.34,0.0,30.16535212812638,57568.64,6995.8
780855,5535.96,84863.0,145.26188253338458,0.0,0.0
780944,5085.84,31546.0,145.26188253338458,34068.97,4132.0
780973,3700.68,36710.0,145.26188253338458,30041.29,13448.1
780991,8718.06,89096.0,2470.5682453416207,3228.0,4366.0
781052,6503.14,0.0,145.26188253338458,39866.39,18591.5
781062,5619.07,50335.0,37.94589691690595,23055.8,15408.1
781110,6135.08,43579.0,145.26188253338458,39569.07,16093.0
781187,6451.26,30857.0,145.26188253338458,39275.41,15991.8
781219,9468.51,0.0,145.26188253338458,35039.51,7012.9
781227,2395.57,21986.0,414.07247829518553,7012.0,0.0
781293,30763.26,41279.0,4274.192978226676,9234.08,0.0
781347,4142.56,48263.0,145.26188253338458,37392.22,13130.9
781354,8473.46,0.0,110.13258134624128,32289.74,30677.8
781355,3011.77,77912.0,145.26188253338458,45474.92,3165.0
781463,4636.55,26802.0,145.26188253338458,50036.64,7731.1
781480,7035.97,86642.0,51.363402814445045,27985.49,18884.1
781495,3852.43,0.0,145.26188253338458,39525.49,4770.9
781519,14318.45,22697.0,145.26188253338458,30542.45,0.0
781570,2489.17,47888.0,15.697388396225223,47910.28,17212.9
781621,2795.55,69809.0,145.26188253338458,31119.65,17594.8
781647,3353.38,63398.0,145.26188253338458,35758.71,0.0
781777,10925.82,98542.0,145.26188253338458,43549.86,10553.4
781797,8888.14,58789.0,7892.720217338421,30304.89,35547.1
781924,2548.84,47346.0,145.26188253338458,39351.75,14942.6
781963,24084.54,65196.0,3027.154648760333,6691.0,0.0
781970,3515.83,15144.0,26.504752472793587,46139.95,8885.0
782078,3323.09,70410.0,331.5218248906707,9181.0,0.0
782100,6240.66,0.0,145.26188253338458,41271.8,4887.0
782124,5678.05,0.0,145.26188253338458,42101.76,21135.9
782241,2855.93,50738.0,145.26188253338458,48051.36,19518.6
782282,8625.84,50446.0,145.26188253338458,38994.89,0.0
782284,8447.89,61337.0,170.34294482255712,42061.06,6813.4
782318,2513.97,50450.0,145.26188253338458,0.0,0.0
782329,4502.98,0.0,145.26188253338458,46998.95,19131.0
782393,4821.42,26583.0,106.12225621522532,43113.36,14901.7
782485,3713.79,81190.0,145.26188253338458,41462.89,0.0
782503,7443.83,89285.0,145.26188253338458,0.0,0.0
782515,20940.3,0.0,145.26188253338458,33190.61,24302.3
782523,4547.89,33531.0,4234.642474489812,2142.0,0.0
782549,2803.92,23220.0,145.26188253338458,29441.18,9957.9
782596,9928.87,75425.0,49.94649206707977,35150.01,15150.7
782606,4579.61,40160.0,145.26188253338458,0.0,0.0
782654,5290.13,27179.0,145.26188253338458,36591.07,7191.5
782719,8634.36,25073.0,145.26188253338458,54022.67,31929.9
782804,12624.96,12439.0,145.26188253338458,0.0,0.0
782818,13770.98,59207.0,145.26188253338458,37304.49,21290.0
783145,8581.28,27689.0,145.26188253338458,30379.6,3652.0
783165,16553.23,98912.0,145.26188253338458,0.0,0.0
783255,2545.06,0.0,145.26188253338458,20478.97,17680.9
783300,10083.49,11828.0,145.26188253338458,39683.91,12255.3
783363,3086.72,92147.0,94.906395309657,13897.51,4220.0
783438,10004.75,0.0,18258.66875,2808.0,0.0
783515,5669.97,43416.0,145.26188253338458,9962.96,19780.9
783604,4272.59,81132.0,145.26188253338458,35962.15,0.0
783610,9320.28,21033.0,553.1998048621842,4660.4,0.0
783789,7193.1,30886.0,53.60926320689993,34909.75,13641.1
783791,5611.93,0.0,83.4751288791084,32192.69,3198.0
783928,6701.77,18400.0,39.94483907893944,46619.03,2593.0
784113,5016.64,0.0,145.26188253338458,40311.22,3551.0
784185,2604.85,0.0,14.07797693082208,49938.59,5763.0
784271,6943.56,25612.0,145.26188253338458,36296.68,22816.0
784356,5508.32,96021.0,282.4052064800079,13085.0,5414.0
784380,2396.22,0.0,191.0485583224117,6141.0,0.0
784490,22855.61,20832.0,100.09127694011416,33810.04,27714.4
784537,4860.58,41126.0,145.26188253338458,30342.57,21022.8
784570,5169.5,12430.0,70.11770717205503,15236.29,10512.7
784597,32098.32,31503.0,145.26188253338458,0.0,0.0
784608,8793.52,72897.0,145.26188253338458,43678.15,29364.7
784710,20700.86,0.0,1543.262642973857,12039.0,0.0
784782,14120.04,95715.0,81.03227257004498,42587.94,27199.8
784787,4674.71,35830.0,145.26188253338458,0.0,0.0
784804,4250.28,0.0,145.26188253338458,36099.55,0.0
784838,4858.07,0.0,145.26188253338458,42452.85,9022.7
784847,11277.72,98138.0,145.26188253338458,50394.36,6279.0
784945,5228.92,92472.0,145.26188253338458,38045.87,3934.0
784946,2555.52,25385.0,145.26188253338458,35786.95,9784.9
784962,5860.02,38684.0,55.757436384933314,38225.78,5432.1
785076,2519.92,0.0,145.26188253338458,43860.18,30140.9
785114,3534.34,19861.0,209.14949740596649,9320.0,4540.0
785129,10700.5,75313.0,888.7323649878654,6571.0,4742.0
785185,5213.37,65167.0,81.70303604090991,26700.48,4399.0
785223,3796.55,20217.0,22.856410641270312,31521.99,9790.0
785389,20467.72,89025.0,145.26188253338458,0.0,0.0
785398,2450.88,82695.0,145.26188253338458,51037.95,28833.0
785738,6369.26,34498.0,37.60149158617299,39507.17,3118.0
785826,8087.22,0.0,145.26188253338458,62037.19,8513.9
785836,4938.89,36913.0,145.26188253338458,42842.53,0.0
785965,2989.91,0.0,848.1739507772021,6957.0,3110.0
785992,10408.97,20228.0,59.9901163188505,47264.49,23155.3
786230,7635.88,30262.0,145.26188253338458,806.4100000000001,0.0
786255,12313.16,0.0,145.26188253338458,33938.82,4463.0
786287,8200.79,25381.0,198.511474268282,38381.32,13936.8
786330,2415.06,0.0,145.26188253338458,0.0,0.0
786391,3230.58,62873.0,145.26188253338458,29906.91,12652.1
786442,39561.08,60500.0,145.26188253338458,33186.93,19589.0
786525,5279.48,92589.0,27.73009041851541,40896.06,16856.7
786613,5256.92,77693.0,145.26188253338458,47927.69,16111.3
786624,7750.12,22668.0,42.777678979188806,44368.24,33447.9
786703,4250.28,0.0,145.26188253338458,41176.09,11433.5
786709,2443.93,0.0,13.777189592754596,44881.63,9785.0
786710,8377.5,0.0,46.362333116347536,39045.02,6249.1
786827,2402.17,43246.0,113.54468401968408,14973.0,3683.0
786966,2719.51,14030.0,182.7751081786099,25278.67,6832.4
787001,7890.6,0.0,34.5480452232674,46985.62,0.0
787018,10787.12,44695.0,145.26188253338458,0.0,0.0
787086,4305.81,24188.0,118.25588036117384,14047.94,0.0
787172,5113.87,94415.0,145.26188253338458,0.0,0.0
787249,7591.83,99359.0,145.26188253338458,0.0,0.0
787276,10633.5,80046.0,52.866234880679976,46894.57,4681.0
787277,4419.12,24046.0,1324.2847290640434,3799.0,0.0
787322,5409.96,0.0,145.26188253338458,0.0,0.0
787416,4330.39,60475.0,145.26188253338458,49327.92,8347.8
787472,4506.66,0.0,76.37011891644279,27069.6,16218.0
787525,5372.91,50405.0,145.26188253338458,45017.44,9450.6
787548,2638.14,79699.0,145.26188253338458,43299.14,8033.2
787571,3309.12,72140.0,269.51640831870543,9338.22,11495.0
787606,3588.93,0.0,30.132944455519947,39979.24,12917.0
787625,2345.08,0.0,13.173275288475796,45593.33,26560.1
787651,5439.8,61546.0,145.26188253338458,0.0,0.0
787660,22800.54,68771.0,145.26188253338458,39205.57,14855.4
787763,6883.67,64600.0,42.42764279948802,40520.19,15068.6
787833,2389.98,27615.0,20.58990263763498,29083.65,12813.6
787875,11490.34,0.0,145.26188253338458,53012.89,3176.0
787899,9106.87,74143.0,145.26188253338458,0.0,0.0
787911,6874.85,0.0,145.26188253338458,0.0,0.0
788001,13450.96,0.0,76.37074715647478,51209.15,21302.3
788091,3387.2,73268.0,145.26188253338458,48610.97,19947.6
788159,5375.84,69050.0,145.26188253338458,51165.27,15578.6
788217,10148.42,44856.0,841.3476605087834,8233.0,0.0
788283,2312.33,16143.0,145.26188253338458,2958.66,0.0
788292,11140.3,27679.0,145.26188253338458,46860.67,16961.3
788325,10498.93,30352.0,166.07911285429495,30474.01,6701.3
788332,4738.99,0.0,145.26188253338458,38186.35,23042.3
788354,6488.9,95025.0,145.26188253338458,31585.5,4164.0
788407,4582.65,0.0,36.378148107873,43374.13,0.0
788460,4930.95,70412.0,51.99846153846156,18436.3,13271.5
788515,6729.87,0.0,46.60810606539753,36353.71,5365.6
788555,8456.46,89918.0,105225.26931818412,367.0,0.0
788759,3508.57,20978.0,18.010430378821123,48518.49,29517.7
788870,10097.2,68997.0,145.26188253338458,46053.61,16663.6
788947,2558.76,0.0,145.26188253338458,35924.5,12939.6
788997,12232.78,35133.0,145.26188253338458,39147.23,20721.4
789001,13092.59,0.0,145.26188253338458,38144.27,16401.7
789004,3401.88,41972.0,145.26188253338458,44703.18,12725.7
789052,2917.54,51622.0,145.26188253338458,43552.29,4543.0
789057,9384.65,25370.0,4685.905950752406,4099.0,0.0
789120,14517.44,74871.0,60.28642866759329,44413.71,12215.1
789148,7422.19,23617.0,145.26188253338458,40537.35,11940.0
789149,21101.21,61347.0,145.26188253338458,45089.03,11759.7
789157,3995.36,0.0,3797.672916666681,2480.0,0.0
789190,3824.43,62530.0,145.26188253338458,28440.24,14205.9
789206,7996.6,43657.0,72.37908545355359,37533.04,3643.0
789288,2472.47,63860.0,145.26188253338458,20857.37,21251.5
789303,4876.47,0.0,20.29345123628984,41072.16,23302.8
789421,4217.86,0.0,37.99273717097634,51190.6,0.0
789431,2430.8,0.0,145.26188253338458,0.0,0.0
789444,5049.12,0.0,25.75649597495529,43015.53,32749.3
789465,4322.24,0.0,394.0103896103898,8333.0,0.0
789573,15306.13,83868.0,145.26188253338458,35381.55,7616.0
789624,3350.24,74770.0,145.26188253338458,42090.61,12246.4
789797,3788.81,0.0,145.26188253338458,44644.91,2355.0
789826,5394.7,65978.0,145.26188253338458,50315.61,33140.6
789859,3713.79,81190.0,145.26188253338458,48341.48,18650.4
789892,12174.59,52797.0,145.26188253338458,43587.08,23145.8
789932,5392.5,0.0,140.86385692201992,41863.74,36534.6
790089,2448.81,87802.0,22.80607394366198,34396.66,28485.3
790094,2451.99,65828.0,27.179466660997804,35864.94,0.0
790123,3479.26,66711.0,22.07432272703043,35015.94,0.0
790165,21423.64,0.0,111.40532092524948,55937.99,10598.2
790178,12883.12,77469.0,145.26188253338458,46407.32,17722.2
790240,3074.11,0.0,145.26188253338458,27479.31,10654.0
790287,4770.98,76194.0,333.3156665709637,10880.25,5374.0
790303,3490.03,90985.0,145.26188253338458,44226.64,19108.3
790341,3237.5,27982.0,19.137879376801735,49938.22,17243.7
790346,6326.68,0.0,562.1319863680629,10169.0,7382.0
790366,2671.3,45525.0,145.26188253338458,0.0,0.0
790450,6470.54,48638.0,145.26188253338458,34957.57,7928.0
790475,12913.5,62448.0,239.0370161879261,32824.59,12981.0
790649,5389.5,66429.0,145.26188253338458,38476.73,5046.4
790734,7487.74,0.0,145.26188253338458,34449.02,2746.0
790740,2747.77,0.0,809.2544782140952,8312.0,0.0
790813,2708.02,53807.0,145.26188253338458,30882.84,10716.0
790940,8404.4,48315.0,145.26188253338458,0.0,0.0
790943,2236.09,0.0,2194.013037634417,1490.0,0.0
791132,2454.36,74624.0,145.26188253338458,28491.95,11322.8
791202,16473.17,22828.0,104.2805806905897,30030.28,10540.4
791280,7285.03,44788.0,76.57109583400124,50232.08,5309.0
791282,8093.9,59839.0,951.9678302900124,6472.0,4420.0
791342,4194.91,0.0,145.26188253338458,48687.56,0.0
791355,4678.42,83102.0,145.26188253338458,38264.29,0.0
791466,11578.13,0.0,112.7746957150596,27960.43,10118.4
791678,5109.5,21277.0,145.26188253338458,44174.75,5627.0
791765,4285.58,47823.0,145.26188253338458,36847.67,12990.0
791809,8458.91,25448.0,145.26188253338458,46658.46,36264.0
791852,4745.18,50549.0,68.16866061506937,31317.17,0.0
791978,6503.4,22081.0,60.16828172170023,39596.65,0.0
792086,5326.5,22268.0,34.756425673614174,40895.97,8596.0
792094,2274.67,0.0,145.26188253338458,0.0,0.0
792103,13891.74,42305.0,211.64235029927627,40528.75,0.0
792229,5309.44,22404.0,133.7975214314482,28682.63,10153.5
792277,18591.55,14209.0,145.26188253338458,0.0,0.0
792332,6687.59,23772.0,145.26188253338458,41020.87,6199.7
792361,11981.98,21514.0,212.0858687745503,19306.38,6749.0
792383,5096.67,22886.0,21.230470004184586,43890.18,13037.8
792412,5384.67,13103.0,438.5627956621349,10774.98,0.0
792418,8133.16,32021.0,44.92676518883417,45057.36,4536.0
792514,5465.6,54422.0,26.364480563303847,33130.84,22983.9
792695,5181.62,97131.0,145.26188253338458,25990.73,23282.1
792698,8586.66,0.0,69.29114551859335,29592.87,7879.3
792707,7635.42,0.0,145.26188253338458,31922.51,9817.3
792795,4929.55,25632.0,145.26188253338458,36157.69,13558.0
792873,4407.77,0.0,145.26188253338458,46293.43,26490.3
792898,5551.4,36918.0,39.98962561427285,33208.75,33978.2
792915,10484.92,61108.0,63.83291115311909,37644.12,8536.7
793094,3861.49,93272.0,145.26188253338458,35487.08,15732.0
793125,5479.56,56005.0,115.606540889228,19303.65,10782.0
793126,7996.01,93459.0,124.94033048652584,40667.25,13279.1
793134,2581.02,35795.0,15.852330551255305,29928.89,6551.2
793154,9707.65,30430.0,145.26188253338458,48905.9,3931.0
793178,6057.07,27681.0,145.26188253338458,34810.01,5184.0
793180,2300.69,25905.0,354.5251266535329,5621.0,0.0
793285,8086.01,70811.0,145.26188253338458,26805.77,19828.5
793318,4362.77,0.0,19.6262007468849,40695.04,17841.0
793328,10288.92,96337.0,229.2708058608059,30061.5,11862.0
793384,18591.55,14209.0,145.26188253338458,56969.14,5080.6
793423,13917.38,67267.0,145.26188253338458,41353.35,9953.6
793473,3000.44,77041.0,62.97935500195529,26329.08,4742.0
793549,5539.35,80727.0,45.33649835862664,34875.63,22993.7
793608,4433.69,0.0,662.6932227682237,3633.0,0.0
793618,5350.21,41336.0,145.26188253338458,44019.16,16619.6
793619,9320.09,40269.0,160.34809076468397,22243.05,10668.5
793645,3748.14,0.0,145.26188253338458,36948.96,3383.0
793662,3323.86,12762.0,145.26188253338458,23831.59,11253.2
793742,4126.61,34080.0,434.4677079727711,3759.56,0.0
793761,8044.73,44320.0,145.26188253338458,44532.72,13638.2
793801,7268.74,24445.0,145.26188253338458,0.0,0.0
793838,8256.3,62902.0,145.26188253338458,39913.03,38006.5
793892,2382.71,0.0,160.51848468069426,5269.0,0.0
793904,15656.03,71731.0,145.26188253338458,36090.68,14533.1
793980,6617.14,0.0,145.26188253338458,34561.14,0.0
793995,5680.47,90353.0,145.26188253338458,43930.98,12863.8
794024,2827.56,0.0,145.26188253338458,36920.86,11836.5
794136,6993.84,0.0,27.028193371148483,40371.04,22498.2
794202,5285.31,22627.0,160.43929691203505,15057.34,3302.0
794248,9599.95,0.0,759.9179679028421,10962.0,0.0
794286,4082.17,57506.0,36.38448718355706,36961.31,9464.9
794323,2522.41,0.0,68.40607547347385,42638.45,0.0
794334,17208.06,29734.0,145.26188253338458,0.0,0.0
794348,4755.48,0.0,229.22868940501135,16934.41,0.0
794480,14024.36,81872.0,319.77082708645696,18839.39,12578.0
794496,3199.82,78784.0,72.47288112455118,49644.84,6543.6
794502,8798.8,77026.0,145.26188253338458,41273.46,0.0
794523,5631.45,17291.0,145.26188253338458,28546.37,12969.9
794552,9264.57,55837.0,122.20915481080829,45097.38,6686.1
794602,7611.21,0.0,145.26188253338458,44827.79,14667.6
794620,4768.96,51144.0,989.0172727272728,6667.0,0.0
794625,16468.22,0.0,145.26188253338458,0.0,0.0
794677,9100.79,38898.0,145.26188253338458,40935.48,18815.7
794723,2534.31,21606.0,145.26188253338458,29699.11,19621.8
794752,5875.04,55836.0,145.26188253338458,29005.92,6600.6
794784,2298.38,0.0,145.26188253338458,42213.97,15874.7
794863,9095.05,37937.0,145.26188253338458,30229.86,0.0
794951,8738.4,43597.0,682.0062722736996,12435.0,3854.0
795084,19378.91,21159.0,544.9007503331821,15092.98,0.0
795129,2433.21,23737.0,19.0040973755256,39047.04,24890.7
795155,2719.51,14030.0,145.26188253338458,0.0,0.0
795174,6183.11,23712.0,1587.1224009001617,32258.55,8304.9
795230,13979.09,33617.0,145.26188253338458,36472.34,13182.2
795235,8609.16,79090.0,13662.362608695652,1548.0,0.0
795283,8349.52,45428.0,66.37094951140423,41784.96,14987.2
795446,35444.31,96853.0,195.16025267762868,37848.06,20420.0
795468,14510.44,41433.0,72.35861592206058,43980.94,14946.4
795486,6393.87,0.0,145.26188253338458,32006.74,3813.0
795492,2926.89,92381.0,145.26188253338458,61155.82,0.0
795512,3683.47,12454.0,39.39797930760981,37988.17,17400.9
795554,5534.82,81945.0,145.26188253338458,0.0,0.0
795607,5200.08,90167.0,1027.999205632789,7474.0,4432.0
795714,7687.3,0.0,145.26188253338458,0.0,0.0
795743,43019.01,0.0,145.26188253338458,0.0,0.0
795820,6889.1,0.0,75.51773277552702,30250.59,0.0
795840,11436.43,0.0,2303.907800570325,23081.31,19352.2
795908,7591.83,99359.0,3314.6147727272883,5489.0,0.0
796099,3810.24,0.0,145.26188253338458,45155.21,4363.0
796104,2121.65,0.0,34.53119124237312,19485.01,16786.4
796213,7412.03,52497.0,70.28851669793038,24971.64,8873.0
796281,2239.65,0.0,11.490044668625703,42274.42,20417.4
796347,6104.5,18690.0,38.330666873102295,33179.53,4536.0
796429,3059.18,0.0,145.26188253338458,0.0,0.0
796484,15147.93,41082.0,145.26188253338458,26871.43,4501.1
796508,5059.62,41869.0,145.26188253338458,31782.34,5673.4
796541,6755.08,29881.0,38.31326510633405,29829.08,9062.4
796544,2545.06,0.0,1703.5519897304357,2652.4,0.0
796627,6537.05,0.0,426.6088414089042,5460.0,0.0
796670,4035.68,21359.0,145.26188253338458,48289.51,9336.0
796692,5292.2,67899.0,145.26188253338458,28613.43,15082.2
796705,9065.26,40006.0,5582.93571428575,8046.0,0.0
796900,23594.68,76358.0,323.9174565204311,25481.0,11869.0
796943,2546.87,86595.0,145.26188253338458,0.0,0.0
796990,7153.67,59522.0,126.82333498474878,20895.19,0.0
797078,14635.45,0.0,145.26188253338458,38829.92,16617.4
797120,5306.16,42871.0,2053.815906680812,6983.0,0.0
797158,2885.33,62579.0,145.26188253338458,40279.62,23670.2
797187,9472.96,0.0,6665.954116059401,63.33,0.0
797216,7374.08,0.0,145.26188253338458,50964.52,5253.0
797326,3942.73,65404.0,416.20450689289527,9040.0,8474.0
797391,5421.05,29981.0,145.26188253338458,0.0,0.0
797398,5170.98,53603.0,233.4821823249985,29498.48,12772.3
797432,5811.92,83318.0,841.8058730158763,6815.0,2891.0
797675,6861.75,30816.0,145.26188253338458,24100.21,27424.6
797685,4079.13,0.0,54.58947538879893,26867.77,18126.8
797704,38410.6,71644.0,2735.4062825182123,11793.0,0.0
797714,8026.28,87421.0,145.26188253338458,55348.29,2551.0
797845,6277.84,21024.0,145.26188253338458,40915.07,17031.1
797854,7917.12,0.0,2296.4891125827817,4736.0,0.0
797897,10339.6,67134.0,145.26188253338458,41464.24,22166.0
797902,26999.68,0.0,408.0201383406848,40513.4,4442.2
797991,9035.67,34337.0,145.26188253338458,37421.83,11690.2
797992,3157.55,46655.0,459.5317982456148,7892.0,0.0
798029,13144.49,0.0,1227.0431841432232,10132.0,2328.0
798216,4854.75,29834.0,145.26188253338458,39625.96,0.0
798248,4458.11,17622.0,145.26188253338458,35956.93,13201.2
798279,34931.0,35005.0,526.8866949880988,26263.62,0.0
798351,2144.92,0.0,145.26188253338458,35398.26,12098.5
798352,2534.99,25163.0,145.26188253338458,0.0,0.0
798375,5746.06,50798.0,145.26188253338458,42763.29,11556.7
798433,15173.97,22448.0,145.26188253338458,50720.57,5321.9
798525,10175.24,0.0,145.26188253338458,42350.53,9747.2
798533,32871.75,78487.0,145.26188253338458,41372.56,21882.0
798662,8092.88,50825.0,59.40116634491634,32558.9,34912.5
798672,4656.67,29070.0,60.01951172716425,24255.67,6921.7
798708,9095.15,65103.0,836.414651045605,7450.0,2519.0
798752,2453.57,29735.0,76.93754725085911,20960.0,5104.0
798814,8609.16,79090.0,127.14145334879836,35906.58,12906.9
798817,5595.39,74454.0,145.26188253338458,36584.69,19517.4
798832,6503.4,22081.0,145.26188253338458,36169.02,0.0
798854,4491.91,0.0,109.90984568149516,20144.5,0.0
798869,55277.45,40740.0,74177.46047794145,410.0,0.0
798871,4726.87,13037.0,145.26188253338458,29113.55,13458.8
798881,2530.71,89451.0,19.6130333972444,37325.28,12467.8
798954,3092.63,31168.0,145.26188253338458,52929.2,8456.9
799064,5379.48,24702.0,941.2800575263672,3429.0,5417.0
799148,10436.57,24177.0,327.93974259641897,20374.25,0.0
799157,7613.71,25944.0,145.26188253338458,33315.9,4587.0
799399,4969.36,21827.0,85.49285444947212,31726.26,0.0
799437,5927.39,33561.0,145.26188253338458,40224.97,17877.1
799510,3933.81,25927.0,91.8606827618416,22794.71,0.0
799622,8161.94,32967.0,145.26188253338458,0.0,0.0
799630,8112.32,87403.0,126.08391977630484,23518.02,19668.1
799655,8542.22,50117.0,145.26188253338458,37060.49,4124.0
799657,2552.91,33124.0,1721.3278633005032,4163.0,0.0
799690,8032.4,27658.0,48.322792999042406,47823.31,19113.6
799781,15118.9,58883.0,145.26188253338458,56570.25,24854.4
799857,4617.84,41167.0,145.26188253338458,35434.07,0.0
799919,5389.5,66429.0,56.8404240564484,32389.81,21077.3
799967,2336.29,21564.0,13.11160253699789,45400.4,25466.4
799992,5575.75,91416.0,41.04998419976872,35138.21,6764.0
800016,5205.75,31275.0,42.98875676189312,34222.0,10028.0
800075,4492.23,21137.0,18.718166316834125,41382.16,26032.4
800094,4815.53,80355.0,145.26188253338458,41894.97,0.0
800137,14082.64,0.0,70.01542288060256,31880.88,30848.2
800196,21892.94,58149.0,73990.02870370398,2547.0,0.0
800220,4049.81,42512.0,223.9667651515153,9629.0,10192.0
800268,5229.99,18129.0,263.6666229281768,11102.0,0.0
800357,5453.86,30855.0,145.26188253338458,44169.69,19175.7
800433,5288.24,28884.0,93.37304566563472,22070.84,0.0
800450,7019.18,26806.0,48.61927311486507,50408.35,0.0
800481,4372.49,23124.0,145.26188253338458,44883.06,3734.0
800499,10676.59,55510.0,168.89043376633882,39080.91,25985.5
800571,4961.41,55702.0,145.26188253338458,42283.63,16261.8
800610,15808.76,86347.0,145.26188253338458,34928.87,0.0
800726,4626.8,79487.0,41.31725011947423,42622.75,15911.7
800800,3721.39,0.0,57.684942880197056,22791.96,9874.0
800831,9350.87,0.0,205.5404418259196,20427.46,8075.0
800878,6612.62,28792.0,39.78502526942516,58054.59,9352.0
800923,5075.66,23082.0,38.504475800333786,40178.86,11463.5
800945,16473.17,22828.0,145.26188253338458,0.0,0.0
800998,2213.19,0.0,1479.513461538471,2290.0,0.0
801146,22332.44,49078.0,145.26188253338458,43744.36,4945.0
801176,5497.66,28128.0,145.26188253338458,49198.76,12020.0
801227,13865.83,53484.0,145.26188253338458,43118.91,8614.6
801241,8622.84,97361.0,145.26188253338458,0.0,0.0
801338,3954.34,18375.0,145.26188253338458,45524.75,16663.0
801368,3157.74,58248.0,145.26188253338458,37572.63,11017.6
801391,9123.91,70737.0,145.26188253338458,19140.27,21318.6
801483,9805.83,47197.0,58.9241572725407,49103.2,27559.5
801542,14010.53,36523.0,38741.23825757662,515.0,0.0
801607,2829.31,25860.0,145.26188253338458,0.0,0.0
801738,57520.5,48367.0,943.8831867716876,41394.35,10106.2
801788,21312.38,70734.0,145.26188253338458,38312.24,4147.0
801821,4941.65,0.0,145.26188253338458,30958.69,3786.0
801832,2693.76,0.0,145.26188253338458,0.0,0.0
801882,4454.1,0.0,145.26188253338458,33949.52,3865.0
801948,3176.36,64706.0,1341.8650462963014,4527.0,0.0
801953,6395.35,72667.0,1107.5819270248471,43213.58,0.0
802002,11447.51,27362.0,145.26188253338458,43583.68,8616.5
802023,3726.73,0.0,145.26188253338458,0.0,0.0
802084,4082.17,57506.0,577.2179945764472,8129.0,3639.0
802196,6689.02,56980.0,145.26188253338458,40987.31,11903.8
802200,2811.96,62537.0,145.26188253338458,32389.66,4647.0
802206,2860.75,27907.0,145.26188253338458,31428.64,4225.0
802305,11308.47,0.0,145.26188253338458,44525.57,9841.0
802316,5565.89,90607.0,145.26188253338458,46148.86,26651.3
802336,3063.11,0.0,73.8552238707376,18523.68,13740.3
802425,7200.66,0.0,46.31438322167955,37376.85,11454.0
802452,2569.69,79297.0,145.26188253338458,37144.43,11568.3
802470,6423.74,0.0,145.26188253338458,37512.83,7208.6
802478,19964.4,0.0,145.26188253338458,39833.88,7293.0
802519,6240.9,68332.0,145.26188253338458,0.0,0.0
802535,2469.09,0.0,340.5963151927444,11700.0,4212.0
802556,19160.99,22705.0,145.26188253338458,30239.38,4086.0
802621,22448.69,0.0,145.26188253338458,32831.99,5785.0
802645,6259.48,0.0,145.26188253338458,32559.47,4484.0
802797,3768.37,85751.0,15.718192902983985,34484.41,0.0
802860,14396.24,0.0,145.26188253338458,43403.24,22523.9
802870,2463.24,99144.0,27.011157978224823,28286.93,10983.9
802958,2772.84,30606.0,145.26188253338458,0.0,0.0
802974,11790.5,25251.0,145.26188253338458,0.0,0.0
803084,4457.94,54704.0,1105.399524456526,5160.0,0.0
803150,4882.29,19715.0,145.26188253338458,34830.28,3218.0
803177,12321.84,26887.0,4849.897483824591,2380.0,0.0
803234,2576.38,24732.0,145.26188253338458,43305.15,10015.0
803252,8024.51,95191.0,145.26188253338458,0.0,0.0
803357,4187.78,52471.0,145.26188253338458,0.0,0.0
803407,8496.35,44624.0,145.26188253338458,41085.45,22763.4
803529,3440.36,23870.0,145.26188253338458,48242.64,24679.2
803586,3799.75,0.0,145.26188253338458,17585.17,5700.0
803587,30718.81,90607.0,1196.8026866340758,16349.35,0.0
803656,3371.53,0.0,121.7785172137394,8625.29,10938.3
803747,4611.25,0.0,74.57932692307699,27647.04,0.0
803796,5239.89,27978.0,145.26188253338458,34340.12,0.0
803830,2221.36,0.0,19.38959028507385,21397.17,8139.0
803844,7633.82,0.0,145.26188253338458,30614.91,2938.0
803956,3386.53,0.0,16.284168316344726,34760.07,5989.0
803976,29049.71,21070.0,145.26188253338458,28648.66,22699.2
804137,4770.55,12964.0,145.26188253338458,39849.73,14271.0
804239,4904.89,12902.0,130.2859175326755,33905.16,0.0
804259,6091.9,65252.0,145.26188253338458,38677.25,0.0
804328,6896.09,0.0,145.26188253338458,60100.99,6828.6
804368,7758.59,96162.0,136.79900633139687,15936.58,4468.0
804402,2430.51,83140.0,15.29469491737765,33850.9,17769.9
804438,7582.11,64801.0,84.15651455991825,35826.45,0.0
804510,6563.64,32375.0,145.26188253338458,0.0,0.0
804521,8970.65,12829.0,145.26188253338458,40715.18,22149.0
804534,7440.92,34137.0,32.35722216927183,33118.23,8187.1
804536,15122.99,0.0,145.26188253338458,51822.03,17903.4
804557,6044.02,93715.0,69.94195882237314,28875.19,5092.0
804710,5395.35,0.0,145.26188253338458,29859.67,31378.6
804770,2305.06,0.0,348.81712271973527,8271.0,22022.0
804784,4061.59,70129.0,62.09523839442414,18182.13,0.0
804816,2746.92,62302.0,145.26188253338458,7205.97,8859.7
804890,8319.53,61367.0,10845.1016071429,1361.0,0.0
804911,28421.57,42803.0,145.26188253338458,0.0,0.0
804930,2926.52,23656.0,145.26188253338458,40762.51,4476.4
805008,4717.63,20355.0,31.745885968599527,44260.94,15291.2
805013,6900.95,0.0,261.83438149688186,16314.0,3865.0
805110,4463.0,0.0,65.69729144037082,42952.25,18196.2
805140,9806.22,0.0,139.35200953081747,40597.87,6243.4
805159,9101.52,48029.0,145.26188253338458,38637.12,4581.0
805170,2551.23,79751.0,145.26188253338458,49588.77,21922.0
805226,2615.91,0.0,46.11406803400092,23949.45,12570.0
805349,4050.51,88454.0,133.46418383375166,48330.5,14494.2
805377,2199.52,0.0,145.26188253338458,31268.86,0.0
805431,2759.98,92296.0,145.26188253338458,43082.45,27135.8
805545,8622.84,97361.0,492.4638710686907,19421.62,0.0
805574,7100.33,31670.0,145.26188253338458,31352.66,11453.0
805598,13178.43,80237.0,705.2627364253956,16129.0,0.0
805816,9901.28,0.0,145.26188253338458,45593.34,22261.7
805890,5675.92,33257.0,145.26188253338458,38273.57,18767.6
805902,17666.57,0.0,76765.45297619216,2144.0,2670.0
805932,27440.61,84306.0,176.67934758960843,55213.41,22147.7
805977,10845.74,27279.0,63.82178448211004,45581.22,3300.0
806008,8997.04,54230.0,104.32560296846016,32294.28,14629.0
806030,3903.47,60068.0,354.71366390041493,12642.0,4653.0
806157,10408.97,20228.0,515.1208799403441,15209.07,0.0
806168,7910.87,77577.0,145.26188253338458,44474.47,8195.0
806196,7413.39,0.0,203.97160786974231,41739.27,12123.2
806283,5553.76,0.0,33.84347129238527,36310.64,0.0
806348,7027.76,0.0,145.26188253338458,24710.38,5629.7
806598,2941.83,64431.0,145.26188253338458,37909.55,7050.9
806639,5678.05,0.0,145.26188253338458,34514.88,4241.0
806815,7610.54,51878.0,45.68980267432191,50236.91,0.0
806839,4912.03,0.0,134.36067631571063,20963.28,7804.0
806850,4894.99,67436.0,129.85285118320834,24600.45,8215.6
806859,3979.59,0.0,175.89188321910382,19663.72,7381.5
806995,15394.87,35822.0,203.93146367133636,34270.53,15076.0
807058,4420.25,0.0,6126.802215189874,667.0,0.0
807074,3810.24,0.0,6046.685217391304,153.0,0.0
807134,5568.95,0.0,145.26188253338458,25232.11,8228.0
807152,3595.31,0.0,39.193059593023264,36369.54,5627.0
807211,5272.7,60260.0,98.54201975412312,16944.02,17552.5
807256,2585.44,0.0,145.26188253338458,34801.47,12381.0
807262,2452.73,32764.0,145.26188253338458,0.0,0.0
807289,9048.98,0.0,33.448217649322515,42421.63,0.0
807297,2239.65,0.0,19.94703992959533,25985.04,16363.2
807553,22207.83,40450.0,165.00407021243686,44907.75,20722.8
807570,5275.06,81850.0,145.26188253338458,52321.3,14272.8
807589,4898.96,55071.0,24.287502286421105,38924.64,20454.0
807681,2472.25,62006.0,12.593194796954318,43978.5,0.0
807769,15483.53,24661.0,145.26188253338458,31805.67,0.0
807902,3455.17,0.0,20.672683386607662,47320.36,0.0
807942,16728.34,0.0,145.26188253338458,0.0,0.0
807970,6678.9,47137.0,2244.4055547031003,4807.54,0.0
808005,4014.45,37384.0,145.26188253338458,48765.36,39342.6
808096,22103.51,0.0,145.26188253338458,43197.74,10351.3
808206,2867.31,23376.0,14.893407007296084,37046.37,0.0
808341,3808.12,94903.0,57915.158333334606,2805.0,0.0
808353,6866.09,0.0,145.26188253338458,31734.41,5587.9
808392,4254.62,11904.0,35.32853242941966,34400.92,10232.0
808399,4363.6,38925.0,52.59247437046104,41341.33,16617.0
808498,3056.99,78310.0,145.26188253338458,33384.06,0.0
808524,31642.1,89057.0,145.26188253338458,41150.71,0.0
808721,3839.14,70146.0,145.26188253338458,28727.69,15381.0
808920,3126.27,34510.0,98.28497416020676,16105.0,0.0
809016,4815.53,80355.0,145.26188253338458,20101.62,14543.6
809024,5599.38,35012.0,45.86977511446272,20704.61,0.0
809107,14567.27,0.0,451.87423937677056,16155.0,0.0
809207,2382.71,0.0,122.01026234567912,11687.0,0.0
809216,8649.7,94389.0,145.26188253338458,29327.42,15358.4
809218,8186.31,20369.0,40.084288933903935,29666.31,34769.4
809299,4191.97,77048.0,145.26188253338458,30139.61,24202.7
809301,9863.5,99654.0,145.26188253338458,0.0,0.0
809404,8291.66,85132.0,145.26188253338458,43175.45,12836.7
809449,2996.14,0.0,15.959614666152971,37212.66,20662.0
809587,8954.84,97736.0,145.26188253338458,48431.32,24071.2
809681,7757.13,0.0,10030.77155172414,40075.8,11509.5
809728,4987.64,19589.0,460.5722550177104,11789.0,4773.0
809733,8639.09,62082.0,145.26188253338458,41188.43,7566.0
810028,2826.8,24224.0,145.26188253338458,44361.85,8224.0
810071,5480.07,59311.0,34.692088378535885,41658.32,20970.3
810100,3644.83,82477.0,145.26188253338458,37826.86,0.0
810257,4966.85,0.0,145.26188253338458,44215.58,35951.1
810338,3435.25,64348.0,145.26188253338458,36911.6,4253.0
810448,3978.67,39101.0,20.24321562158772,41647.91,26190.8
810482,5061.18,59216.0,145.26188253338458,37328.54,23491.0
810503,10425.99,68563.0,532.2358531468532,15158.0,0.0
810517,8503.94,87771.0,695.4668503954657,10502.38,5348.5
810581,2357.5,0.0,145.26188253338458,41885.62,24272.5
810621,5288.17,42621.0,26.627363128029216,47711.68,14275.1
810668,26200.83,68507.0,551.3769833490927,34826.97,11377.4
810693,14941.9,22978.0,850.4278029003597,9359.0,4801.0
810755,2871.44,23803.0,145.26188253338458,38667.74,17360.3
810833,5595.39,74454.0,145.26188253338458,48157.4,5923.0
810899,9419.88,87840.0,145.26188253338458,44166.94,11884.8
810990,4099.66,18606.0,145.26188253338458,29733.26,21289.5
811022,4334.21,0.0,490.28511880165394,14200.0,0.0
811139,4475.42,84903.0,27.583878190623512,41692.28,0.0
811140,5499.45,88768.0,3201.4342105263318,7732.0,0.0
811162,5095.44,0.0,145.26188253338458,35443.65,10311.3
811289,8026.05,0.0,145.26188253338458,29604.8,7691.2
811333,20946.19,69738.0,145.26188253338458,29033.92,30217.0
811335,11701.07,32435.0,89.2367264541822,35936.01,21004.1
811429,2656.71,62777.0,145.26188253338458,0.0,0.0
811430,5078.45,35289.0,8024.390692640743,1442.0,0.0
811471,2968.08,91646.0,145.26188253338458,42256.92,0.0
811567,9111.76,54751.0,55.89773739533227,36638.42,0.0
811569,8838.09,82664.0,225.7412632841002,36811.56,21322.3
811612,4772.93,15323.0,1028.0012490165232,4198.0,0.0
811619,4605.04,22571.0,145.26188253338458,47808.56,12265.0
811684,4807.85,99874.0,108.6467080512052,20092.92,0.0
811746,6288.16,0.0,147.9633827150943,36152.65,13421.2
811748,15762.6,39032.0,3723.0472389991546,4004.29,0.0
811802,11797.99,91469.0,145.26188253338458,60939.28,14714.7
811959,3664.22,0.0,955.3145,4080.0,4758.0
812042,4872.77,69247.0,145.26188253338458,39005.31,0.0
812057,16301.97,19614.0,52.77618267514839,44567.79,7919.2
812149,9407.45,31485.0,145.26188253338458,34612.15,0.0
812152,5889.51,62007.0,145.26188253338458,38526.99,3056.0
812248,10517.16,46707.0,89.24976750385949,38467.43,31804.3
812282,5191.45,86451.0,145.26188253338458,41801.97,2980.0
812373,9928.87,75425.0,145.26188253338458,47069.05,12850.8
812417,10529.01,12688.0,145.26188253338458,26713.88,8846.0
812513,12157.33,57449.0,145.26188253338458,36220.82,26266.5
812599,12622.83,61844.0,145.26188253338458,36375.06,3310.0
812617,3193.46,52653.0,1567.386239354554,3942.0,0.0
812628,5137.35,93872.0,4719.293833892657,3788.0,0.0
812804,9743.35,24028.0,539.8182680631461,14285.0,3371.0
812894,21123.12,0.0,145.26188253338458,41403.32,6680.4
812899,8646.5,64125.0,145.26188253338458,33184.770000000004,28182.7
813320,2460.67,0.0,145.26188253338458,43870.69,7050.9
813352,28393.33,38772.0,145.26188253338458,0.0,0.0
813439,7090.47,45254.0,145.26188253338458,46679.78,14763.8
813455,13989.85,22354.0,207.21750695960597,38985.3,9494.3
813520,2593.4,0.0,145.26188253338458,32172.98,0.0
813567,15114.4,28513.0,108.50315276865408,51908.21,15056.4
813620,26939.51,96866.0,145.26188253338458,39672.61,14959.6
813652,8065.23,29692.0,145.26188253338458,39648.39,4972.0
813681,2710.12,0.0,145.26188253338458,29251.01,17161.7
813725,10677.25,45732.0,145.26188253338458,30728.19,0.0
813739,2867.31,23376.0,872.2855059176529,44573.53,5919.0
813868,8421.52,95139.0,989.9693397745572,4763.0,0.0
813931,2734.51,92157.0,145.26188253338458,45324.47,19528.3
814067,7035.53,0.0,145.26188253338458,42939.09,0.0
814112,13111.11,67197.0,259.16897644191715,20668.26,0.0
814236,2635.15,93884.0,48.97699150643637,21119.39,0.0
814490,5927.39,33561.0,138.16642256987095,22175.27,9078.0
814653,4864.53,37406.0,69.68420133437989,30901.98,12834.5
814698,7524.88,49530.0,339.71319727891193,13127.0,4467.0
814703,8311.85,44843.0,145.26188253338458,32254.61,12477.7
814748,6554.39,74424.0,145.26188253338458,44605.64,9456.3
814894,16159.54,29593.0,2766.525375234524,4947.0,0.0
815207,24261.02,66525.0,485.6284165691725,37027.07,3497.0
815248,3436.13,30817.0,452.7425637138123,3429.77,0.0
815328,13780.49,25708.0,182.2369251820301,32148.03,6192.1
815344,2414.07,0.0,130.55794191732116,11155.81,0.0
815381,19483.24,74300.0,145.26188253338458,0.0,0.0
815498,2467.13,23845.0,55.54816731642323,49923.2,11267.0
815541,8675.99,65933.0,60.94710388943029,41039.44,21836.7
815584,8168.71,20819.0,663.6546557352726,11188.0,0.0
815603,2379.83,69202.0,145.26188253338458,0.0,0.0
815626,4773.69,33701.0,145.26188253338458,43793.18,0.0
815643,18569.5,32756.0,81.91056894193761,46407.38,9568.2
815718,6940.07,0.0,145.26188253338458,33064.4,10175.9
815789,8927.13,96768.0,145.26188253338458,36406.18,7036.0
815796,25763.41,78804.0,474.7477231038489,21894.26,0.0
815804,3184.36,50989.0,18.623878093854486,32805.18,0.0
815834,5015.01,48567.0,145.26188253338458,52010.76,8135.0
815841,13869.93,28432.0,804.5970200254299,10269.0,0.0
815850,19237.77,35624.0,131.54733094285334,39107.11,18481.7
816110,6071.91,12201.0,145.26188253338458,43026.87,0.0
816122,3238.0,60244.0,208.41082491800205,9138.82,0.0
816196,5656.2,45586.0,40.06973584612698,39329.41,13721.5
816323,2397.04,22283.0,145.26188253338458,48272.87,17744.1
816330,3096.51,21604.0,660.4360050642791,2124.0,5983.0
816406,9904.98,0.0,145.26188253338458,0.0,0.0
816420,12421.86,58781.0,119.818471792053,22180.77,5090.0
816510,2614.47,65186.0,6751.992099056752,2395.0,0.0
816593,4398.05,0.0,145.26188253338458,37454.05,24080.1
816608,9816.53,37256.0,145.26188253338458,32691.4,0.0
816705,2810.96,20371.0,15.228869333581375,48927.9,42672.8
816763,3297.9,0.0,145.26188253338458,31846.49,4553.0
816881,4314.17,33488.0,113.68242067646106,40501.58,11297.5
816937,7868.17,57340.0,338.0142865549846,18840.0,7203.0
816983,7550.42,0.0,40.73887328524126,41459.43,5268.7
817041,22332.44,49078.0,145.26188253338458,0.0,0.0
817066,3548.4,0.0,145.26188253338458,43082.24,0.0
817069,5431.22,58161.0,417.4049620999442,17966.0,3608.0
817070,4282.95,40864.0,145.26188253338458,45961.69,13805.4
817074,9095.05,37937.0,364.7747326203212,17907.0,0.0
817102,9778.73,99364.0,145.26188253338458,32155.16,0.0
817135,5318.9,25134.0,1660.7343883661267,1804.0,0.0
817136,5319.31,37331.0,46.902585235050665,32331.32,0.0
817158,3498.63,41711.0,145.26188253338458,37980.79,5251.0
817168,7960.01,98350.0,145.26188253338458,50447.81,25300.0
817191,5325.72,0.0,194.6652045905186,34073.19,25233.9
817245,3044.0,24475.0,145.26188253338458,41195.16,17125.7
817288,22693.29,71879.0,1865.5519932432449,7729.0,4078.0
817298,21418.36,21897.0,7030.307014388516,5979.0,0.0
817375,9106.87,74143.0,145.26188253338458,30357.04,3415.0
817456,5163.84,88692.0,145.26188253338458,43390.92,24226.3
817520,8769.27,49665.0,145.26188253338458,33895.67,5921.0
817527,7782.13,70059.0,145.26188253338458,30053.17,4114.0
817573,9498.47,0.0,145.26188253338458,37178.31,0.0
817609,7986.19,74217.0,102.66833438996902,18582.32,8423.0
817613,9422.97,34115.0,145.26188253338458,43764.79,23765.4
817714,31803.31,25663.0,145.26188253338458,38026.02,5548.0
817744,6054.49,17200.0,145.26188253338458,38338.1,0.0
817822,8682.23,10540.0,145.26188253338458,41113.07,12375.7
817851,2451.54,48791.0,145.26188253338458,47394.7,19132.4
817932,10656.88,72540.0,145.26188253338458,28577.54,4064.1
818040,2969.59,46131.0,145.26188253338458,0.0,0.0
818077,7726.99,87620.0,65.71330085874877,36408.98,5274.0
818114,7720.16,67332.0,145.26188253338458,34708.85,0.0
818271,3808.12,94903.0,123.33307897071882,21934.0,3674.0
818329,2640.49,15776.0,418.9128585917136,6603.0,0.0
818391,5157.05,43906.0,906.124799422338,5660.0,4883.0
818454,6104.72,84822.0,137.41737897008943,18530.06,0.0
818484,5671.09,69668.0,52.22490029922848,25129.73,10578.7
818567,3848.48,42589.0,145.26188253338458,39165.51,0.0
818597,5124.98,0.0,51.73507023413221,26685.98,10520.6
818616,4250.28,0.0,145.26188253338458,47503.72,0.0
818864,27430.14,49331.0,145.26188253338458,39067.45,13489.1
818870,4904.89,12902.0,165.50659609873358,13015.0,0.0
818881,11009.13,51643.0,563.9764842105263,10949.0,0.0
818886,23893.3,39837.0,145.26188253338458,0.0,0.0
818940,10972.07,24164.0,161.80051916045494,23671.81,9936.7
818995,3208.23,52367.0,145.26188253338458,24505.7,0.0
819055,10831.13,23202.0,145.26188253338458,35689.27,9337.1
819077,2842.82,43793.0,145.26188253338458,34772.78,18471.8
819149,8071.33,72149.0,145.26188253338458,38168.14,0.0
819246,7705.28,25290.0,145.26188253338458,0.0,0.0
819255,5638.15,85896.0,848.5121289169896,6867.0,0.0
819267,17930.6,21708.0,145.26188253338458,38024.02,12329.1
819315,10714.21,55994.0,857.6067214912288,5385.0,0.0
819375,22093.62,24193.0,145.26188253338458,41187.99,16970.5
819448,5047.48,81741.0,1378.6456971813486,3811.0,5141.0
819497,9217.98,26351.0,98.1107994226311,30909.18,11203.0
819498,7417.41,67454.0,1992.166777041946,2155.0,0.0
819521,10083.49,11828.0,726.8875279789341,10485.0,0.0
819569,4644.9,0.0,145.26188253338458,43991.45,10549.4
819592,4344.99,0.0,145.26188253338458,35599.01,10545.2
819664,7200.66,0.0,63.797209977474,31989.83,3442.0
819718,4798.24,77846.0,145.26188253338458,36321.76,8253.6
819765,5261.12,90217.0,145.26188253338458,36517.42,8949.0
819809,8364.5,0.0,145.26188253338458,27180.81,23276.9
819842,19483.24,74300.0,218.7978590079401,54524.84,22341.3
819924,26243.86,55705.0,391.7261000545258,26675.35,7394.8
819969,2858.45,40706.0,14.156630770065767,43010.7,4127.0
820164,8382.63,19683.0,90.40016713086438,42833.06,20807.3
820187,5162.37,0.0,145.26188253338458,0.0,0.0
820204,2541.63,23692.0,145.26188253338458,41634.65,21507.0
820223,4145.71,25943.0,39.35612962794389,43062.63,16155.7
820265,2975.26,36548.0,1116.1047276464558,4657.0,0.0
820341,3139.17,31177.0,145.26188253338458,48004.0,18559.0
820344,3099.54,0.0,554.5745588235309,6041.0,0.0
820370,7486.09,0.0,125.84908966972031,33146.12,4560.0
820406,5741.73,86641.0,145.26188253338458,31231.3,6733.0
820454,5519.08,50406.0,145.26188253338458,34392.84,11151.1
820501,5577.24,77265.0,145.26188253338458,37590.41,5012.0
820541,9408.34,0.0,52.134951476454816,41299.78,15343.8
820542,3508.91,23629.0,36.34095461940075,25507.58,14255.8
821010,5505.06,86132.0,145.26188253338458,44526.7,14339.3
821043,4929.55,25632.0,28.319272566828538,46780.74,3916.0
821117,10097.69,48999.0,33.25450682926742,52309.51,9327.0
821137,3649.66,19013.0,23.31806191305565,39705.04,0.0
821202,2331.33,27398.0,145.26188253338458,38092.12,3641.0
821216,2667.27,94041.0,19.404938967997072,60589.47,8473.0
821296,10382.38,32821.0,79.01991709262579,30669.13,11051.0
821314,2961.31,22608.0,50.316385780721205,32046.52,15684.2
821325,5186.36,0.0,347.47088839941284,12455.0,3895.0
821379,4601.91,37308.0,245.8405187975063,15871.41,5670.0
821404,4926.28,49185.0,47.79211231367881,34071.06,0.0
821419,8395.81,0.0,913.676401311868,8542.0,0.0
821462,10453.26,73604.0,305.7472166721874,16525.41,0.0
821515,4105.58,39492.0,697.4263264039729,5630.0,0.0
821705,4447.42,13128.0,145.26188253338458,0.0,0.0
821712,10426.09,52342.0,145.26188253338458,0.0,0.0
821739,8937.12,0.0,145.26188253338458,49730.17,19701.0
821820,3028.78,0.0,145.26188253338458,27971.54,4103.0
821918,28799.95,33635.0,145.26188253338458,41711.0,21864.2
821944,5038.98,72919.0,297.5454648403797,13481.21,0.0
822051,2491.32,36631.0,145.26188253338458,36268.92,9824.0
822066,3199.7,0.0,76.32872137404583,16686.96,0.0
822102,8578.36,78077.0,195.72605074585212,16923.34,21117.3
822122,35013.54,0.0,308.1521341279633,35070.91,7018.6
822205,2539.99,54889.0,135.84492771319736,10061.0,3502.0
822211,9294.09,67544.0,145.26188253338458,53079.06,26522.3
822305,6480.68,42846.0,145.26188253338458,39967.41,10044.2
822507,5246.28,28909.0,145.26188253338458,45147.22,19611.3
822555,6751.44,0.0,145.26188253338458,35540.7,30436.1
822653,3269.01,26140.0,145.26188253338458,0.0,0.0
822665,8181.72,0.0,36359.51055194807,36416.2,10810.4
822694,4855.77,24149.0,110.81657975690278,32923.03,22514.5
822696,8502.24,12843.0,145.26188253338458,41894.0,0.0
822723,2822.59,25531.0,395.0226285115415,14578.78,0.0
822727,7086.18,0.0,145.26188253338458,28694.01,11272.7
822749,13107.93,49088.0,310.9940360889745,41989.41,24559.5
822765,9392.56,0.0,61.74241070785369,38491.08,20170.4
822811,2710.92,0.0,63.39200461272343,28967.42,6788.7
822901,7452.54,0.0,509.5236825674336,8557.0,5998.0
822956,15485.8,72026.0,145.26188253338458,40355.72,16008.8
822995,22523.71,69346.0,145.26188253338458,40315.29,0.0
823048,3919.37,66676.0,299.386825950471,14771.0,0.0
823112,5107.16,35625.0,145.26188253338458,50199.61,0.0
823113,21172.39,0.0,145.26188253338458,23897.93,5733.0
823208,11981.98,21514.0,84.83736453456798,43131.78,10917.9
823212,4448.64,23006.0,145.26188253338458,0.0,0.0
823257,8487.24,0.0,653.7601772712893,9327.91,0.0
823319,7356.38,33089.0,157.09870502194062,27900.35,0.0
823436,7695.12,50147.0,304.171410006498,18232.39,0.0
823453,22332.44,49078.0,1572.403665123459,12523.0,14553.0
823567,23594.68,76358.0,501.7921643573822,23416.98,14715.7
823590,14432.75,24561.0,145.26188253338458,29526.39,13812.1
823628,5377.91,34528.0,160.76646892130967,12894.98,0.0
823663,2753.16,75277.0,145.26188253338458,0.0,0.0
823665,10340.46,40882.0,145.26188253338458,35186.6,19418.0
823740,8007.4,0.0,86.7046489481944,27845.61,8099.0
823761,7627.66,93004.0,145.26188253338458,46055.8,14722.5
823768,61850.19,0.0,145.26188253338458,41487.73,0.0
823789,5914.95,50217.0,145.26188253338458,44079.17,9969.3
823816,8692.64,97768.0,55.83029970297171,29521.33,15487.9
823986,8237.04,23940.0,286.5935891406857,16229.94,0.0
823998,18269.54,0.0,124.2447631882942,45212.89,27937.8
824076,8323.53,59886.0,145.26188253338458,0.0,0.0
824133,3585.88,49080.0,43.24977116893845,33433.93,14890.3
824163,17530.04,0.0,145.26188253338458,39296.79,0.0
824216,2729.13,66900.0,65.8684162383291,57924.56,9598.8
824259,5069.07,50363.0,145.26188253338458,41538.87,14248.5
824315,2292.79,0.0,145.26188253338458,34491.58,34374.1
824351,2575.32,28700.0,145.26188253338458,51266.97,3966.0
824360,4991.58,56649.0,145.26188253338458,37308.43,5293.0
824414,5738.28,88055.0,145.26188253338458,35620.21,0.0
824462,15789.65,0.0,145.26188253338458,36002.12,27314.7
824486,7684.89,62192.0,145.26188253338458,34978.19,21502.3
824610,5329.13,99839.0,46.781044745607815,37552.03,5998.3
824668,4293.01,0.0,35.83726671850701,20128.34,15774.5
824712,17429.88,41775.0,113.42722507488232,42392.79,7819.0
824906,5743.4,61776.0,35.191417332087354,46584.16,10412.0
824917,3540.9,0.0,145.26188253338458,53609.51,3031.0
824990,3123.08,0.0,145.26188253338458,40308.74,18715.9
825165,8217.43,84815.0,100.94307450510549,25894.77,0.0
825217,12052.98,25419.0,108.15694213961724,31357.29,16662.3
825239,2442.21,0.0,17.986449730528108,31353.07,9658.0
825254,8474.63,58488.0,248.01010912239724,11813.76,3898.0
825315,2775.67,38222.0,145.26188253338458,46689.78,11827.5
825333,3304.76,23931.0,168.50028869435678,14799.0,12705.0
825336,2274.65,0.0,145.26188253338458,41687.44,11843.0
825464,2767.5,0.0,35.663240088027955,39811.9,16691.5
825465,13369.44,50800.0,145.26188253338458,26602.17,2798.0
825484,20215.39,77058.0,104.68232395744964,49690.06,4890.0
825490,4904.89,12902.0,145.26188253338458,38007.36,0.0
825517,5599.67,0.0,145.26188253338458,74026.14,23263.6
825569,6051.64,0.0,145.26188253338458,36837.26,7287.0
825593,5073.28,57709.0,145.26188253338458,53757.59,25194.3
825730,22986.15,84831.0,145.26188253338458,0.0,0.0
825809,4384.85,23480.0,108.88540343795356,28322.88,2414.0
825920,3818.47,25221.0,145.26188253338458,0.0,0.0
826113,2928.12,63127.0,284.4726643598622,6758.0,0.0
826136,13610.11,50144.0,145.26188253338458,39509.5,7915.0
826149,10242.41,0.0,145.26188253338458,38638.77,15491.4
826166,2590.65,25981.0,131.6607142857144,11394.0,0.0
826230,2831.59,17752.0,4454.872198275899,141.0,0.0
826271,3567.5,0.0,326.08055993789606,14527.41,6350.0
826304,4758.19,72805.0,145.26188253338458,34641.93,9241.6
826312,5169.5,12430.0,145.26188253338458,0.0,0.0
826556,10130.93,59232.0,6303.050198863637,2077.0,0.0
826589,13270.94,28727.0,145.26188253338458,27545.69,38956.1
826697,5389.5,66429.0,1272.972929249359,7521.01,0.0
826930,16468.22,0.0,145.26188253338458,0.0,0.0
826975,2500.84,56172.0,321.7884606345478,9881.0,3902.0
826984,7780.49,87128.0,145.26188253338458,0.0,0.0
827147,5318.9,25134.0,145.26188253338458,29072.83,6321.0
827164,5367.09,97742.0,145.26188253338458,42491.47,15259.6
827172,2677.28,0.0,145.26188253338458,48943.52,25020.7
827190,9472.97,0.0,145.26188253338458,39223.96,5061.0
827194,8255.76,54040.0,647.197680412372,5385.0,8968.0
827215,22658.54,23665.0,145.26188253338458,45290.31,10543.0
827275,30442.54,64321.0,145.26188253338458,30208.21,2536.0
827288,4118.59,69379.0,741.7526398026316,6295.0,0.0
827309,11255.46,88858.0,145.26188253338458,33350.93,0.0
827334,6285.31,0.0,62.79214287864841,28677.19,14903.0
827339,2789.75,15514.0,145.26188253338458,31517.66,0.0
827353,8937.12,0.0,294.08492454157,33283.09,0.0
827546,2695.18,32720.0,145.26188253338458,40078.38,17440.1
827668,20186.35,0.0,993.3155939926662,16636.66,5447.3
827731,2726.83,0.0,145.26188253338458,41458.81,4819.0
827790,12105.29,33345.0,1415.1054286324377,6631.0,10953.0
827815,5601.14,42360.0,145.26188253338458,0.0,0.0
827819,6333.03,71737.0,145.26188253338458,42466.39,8377.7
828026,14070.64,0.0,145.26188253338458,19182.39,0.0
828040,11124.6,0.0,1222.0542736757654,9662.0,0.0
828076,2624.1,11822.0,145.26188253338458,38134.12,32848.4
828109,13009.24,57591.0,1418.130194126432,10599.0,4665.0
828136,3742.58,0.0,145.26188253338458,33805.87,13314.5
828182,19253.03,39895.0,145.26188253338458,45995.64,10754.0
828232,15956.03,36354.0,145.26188253338458,30737.21,7354.0
828328,5608.17,20392.0,28430.30625000011,2058.0,0.0
828353,7942.45,12181.0,145.26188253338458,42208.04,13077.0
828481,4636.55,26802.0,145.26188253338458,38071.12,10775.1
828643,11490.34,0.0,128.55316312007463,30951.8,0.0
828731,12663.6,27739.0,145.26188253338458,27473.39,4797.0
828735,2449.32,47122.0,13.518737931072724,58607.37,17943.6
828776,4274.62,39621.0,55.0662565557744,24501.61,0.0
828816,12812.44,0.0,145.26188253338458,38213.8,3847.0
828817,8042.8,55411.0,145.26188253338458,32576.21,15662.9
828852,9868.6,0.0,317.1106735374213,48695.0,29932.6
828862,16301.97,19614.0,12687.034221748416,3918.0,4405.0
828884,2342.01,19581.0,145.26188253338458,0.0,0.0
828895,9657.58,0.0,145.26188253338458,44587.01,0.0
828918,6846.15,0.0,145.26188253338458,30764.93,20431.6
828924,19393.21,70503.0,928.127838723776,12544.0,3589.0
828959,5441.42,85702.0,145.26188253338458,30552.99,9011.7
828967,16261.59,60646.0,145.26188253338458,32765.79,0.0
828988,6701.57,56398.0,145.26188253338458,32798.99,4687.3
829003,2685.18,20608.0,145.26188253338458,34730.93,5050.0
829162,7091.74,0.0,145.26188253338458,49959.74,17987.3
829263,10972.07,24164.0,145.26188253338458,45174.34,25114.2
829291,5331.74,60986.0,145.26188253338458,38677.76,14414.1
829316,14065.3,25275.0,145.26188253338458,0.0,0.0
829476,4794.48,20862.0,189.56877613363088,39918.47,14732.2
829505,7286.79,65870.0,69.50039937076242,35960.11,10076.0
829588,2514.59,43860.0,145.26188253338458,50655.86,20344.6
829627,2860.11,51159.0,145.26188253338458,45721.24,4092.0
829663,8287.68,81367.0,132.15815272951812,20596.19,13347.1
829684,7908.45,94303.0,145.26188253338458,39756.93,4269.0
829861,6630.84,0.0,145.26188253338458,40116.01,9754.5
829863,6503.22,46298.0,145.26188253338458,0.0,0.0
829886,23740.12,28025.0,145.26188253338458,44077.85,19301.6
830024,4362.77,0.0,145.26188253338458,34290.8,9657.0
830071,4475.16,73019.0,1223.8511988012017,5532.0,0.0
830171,2551.31,79452.0,15.920588945965322,37325.91,6898.0
830223,5511.49,79027.0,145.26188253338458,37208.81,3258.0
830225,14032.59,0.0,7379.189381933439,31540.72,24875.5
830385,3738.44,27208.0,145.26188253338458,53336.01,21450.8
830394,3146.04,28089.0,145.26188253338458,0.0,0.0
830446,5712.38,24882.0,80.47634492714099,28888.87,19957.2
830503,7901.74,0.0,42.892635126292376,42636.68,20380.8
830547,4271.2,26245.0,608.2668747561463,4607.0,0.0
830564,6889.1,0.0,145.26188253338458,47106.62,13522.8
830673,2229.36,0.0,145.26188253338458,44640.4,3521.0
830743,8024.9,0.0,145.26188253338458,39721.64,0.0
830777,5592.46,62229.0,145.26188253338458,36499.97,18506.8
830811,6273.91,18577.0,145.26188253338458,52331.15,6514.0
830818,10083.49,11828.0,277.16081164528003,16565.13,10560.0
830836,22332.44,49078.0,145.26188253338458,0.0,0.0
830903,15762.53,44362.0,4078.442899338386,3500.0,2755.0
830931,4652.6,47590.0,145.26188253338458,50787.09,20746.1
830975,8470.04,0.0,155.55563792496193,28405.7,3412.0
831035,7517.08,0.0,145.26188253338458,49184.26,0.0
831087,4932.88,74809.0,145.26188253338458,35269.09,24258.7
831180,5447.81,0.0,145.26188253338458,46771.45,0.0
831253,5365.93,62808.0,38.6180976242321,38277.09,0.0
831341,4376.36,63774.0,9740.069512195158,2797.0,0.0
831404,8272.33,96689.0,145.26188253338458,26258.16,12104.9
831424,5078.45,35289.0,118.70552467436002,7533.57,0.0
831442,6005.85,13528.0,145.26188253338458,45597.77,3937.0
831545,8161.17,12266.0,1692.515369318182,6696.0,0.0
831644,4950.25,27400.0,1363.6537735849058,4285.0,0.0
831693,2434.68,96045.0,119.57724153397623,10551.0,7059.0
831696,11578.13,0.0,145.26188253338458,49573.13,9420.2
831780,4556.59,0.0,781.3131929220176,7642.0,5605.0
831797,7519.03,32397.0,371.0047697368425,13090.0,3864.0
831812,2972.46,0.0,131.92727235879457,24161.11,27886.3
831829,4257.48,49853.0,145.26188253338458,41632.79,4590.0
831854,5597.12,37995.0,298.6476171913071,11410.0,0.0
831860,2897.62,54337.0,145.26188253338458,45940.62,0.0
831928,11565.69,64642.0,1074.577281405118,13103.58,0.0
831948,5285.12,40783.0,145.26188253338458,31481.75,19036.1
831964,20294.39,0.0,145.26188253338458,42241.85,38307.9
831987,2810.46,26790.0,145.26188253338458,0.0,0.0
832046,2704.54,24173.0,413.5555509007125,8076.0,0.0
832062,5329.13,99839.0,145.26188253338458,53082.34,21233.3
832155,3964.81,88410.0,1553.8535969935608,5325.0,0.0
832301,20171.96,24804.0,145.26188253338458,39584.27,0.0
832367,4510.54,84300.0,145.26188253338458,40350.66,10064.0
832431,3774.86,66457.0,145.26188253338458,41700.26,19743.9
832566,24338.51,73692.0,145.26188253338458,47656.44,26953.4
832597,6895.31,28992.0,145.26188253338458,41588.87,13920.3
832625,4928.65,52507.0,145.26188253338458,31452.22,6883.0
832663,6236.02,57760.0,73.98415857675312,34565.26,12251.3
832665,3681.25,0.0,28.07982750729866,28354.46,7250.4
832745,2606.19,27800.0,145.26188253338458,40737.17,6492.3
832810,2721.59,43278.0,6422.717780172424,233.0,0.0
832864,8613.46,37277.0,62.40151046008497,44511.65,17693.0
832921,14585.38,0.0,145.26188253338458,44266.52,11605.2
832983,13027.42,76456.0,573.3530908360128,18128.0,7921.0
833024,4811.18,0.0,145.26188253338458,40275.33,3727.0
833052,9024.2,71499.0,65.54095920694209,40737.55,15686.4
833148,27069.5,22955.0,646.307907165378,20955.18,0.0
833165,3139.17,31177.0,145.26188253338458,0.0,0.0
833169,12472.12,36551.0,145.26188253338458,0.0,0.0
833197,8673.59,43963.0,145.26188253338458,39551.33,13526.1
833221,2771.66,59855.0,131.29862426995467,12971.0,3376.0
833233,10551.15,50941.0,145.26188253338458,51863.09,15324.2
833305,5807.99,70717.0,49.81724379139852,28222.23,10264.5
833317,7119.53,28227.0,145.26188253338458,44641.3,10594.4
833322,22103.51,0.0,145.26188253338458,36716.86,4992.0
833397,7294.4,83488.0,145.26188253338458,46190.36,11781.0
833436,5821.68,77563.0,145.26188253338458,39540.53,0.0
833547,4974.8,75644.0,9762.37634408606,1016.0,0.0
833569,4314.07,0.0,114.13848746602244,17180.4,3652.0
833576,8447.8,0.0,145.26188253338458,39190.54,15310.7
833627,4731.37,30686.0,361.9757383302944,17825.15,0.0
833679,4875.32,10743.0,59.26766214445901,32968.03,5310.0
833683,3567.5,0.0,145.26188253338458,26820.67,0.0
833701,4340.86,0.0,145.26188253338458,38145.57,16672.5
833704,3528.04,31278.0,145.26188253338458,28659.24,17839.7
833728,2503.66,53338.0,145.26188253338458,30369.87,0.0
833754,8273.11,0.0,2705.003120334436,4852.0,0.0
833765,5225.03,57733.0,145.26188253338458,32238.74,8129.4
833783,2778.32,66030.0,145.26188253338458,49200.7,21327.2
833793,9111.76,54751.0,477.1855486685032,16441.87,7553.0
833801,4944.09,53607.0,58.47928782837886,21124.46,5720.9
833844,5849.49,67511.0,128.84080037816312,23129.34,9885.9
833891,7222.85,0.0,145.26188253338458,38299.73,21470.0
833998,8875.97,69205.0,145.26188253338458,38570.44,5707.0
834012,7550.87,0.0,3317.898334670968,5647.0,0.0
834066,7897.02,0.0,92.56658252726506,24564.36,4717.0
834081,3515.46,0.0,145.26188253338458,36881.83,12596.4
834120,2695.18,32720.0,145.26188253338458,38727.47,20922.8
834270,4626.8,79487.0,145.26188253338458,41340.8,21106.4
834286,9259.72,0.0,145.26188253338458,53593.97,18920.8
834304,15374.18,42570.0,75.95116263331711,47250.87,13469.3
834306,8646.55,25964.0,145.26188253338458,42863.17,0.0
834453,5657.81,23550.0,145.26188253338458,46728.98,14865.3
834522,5181.62,97131.0,145.26188253338458,0.0,0.0
834523,6503.4,22081.0,145.26188253338458,36037.47,4581.0
834537,2535.32,0.0,8189.3079646019505,914.0,0.0
834544,2378.09,0.0,145.26188253338458,36713.13,9591.0
834550,5060.3,0.0,43.91413527005746,28097.79,26259.8
834571,3954.54,40175.0,145.26188253338458,26667.17,0.0
834576,35692.17,0.0,145.26188253338458,47672.94,3714.0
834615,2996.14,0.0,145.26188253338458,39693.92,2860.0
834726,4254.62,11904.0,82.57956785309135,35627.61,10440.5
834733,5568.95,0.0,145.26188253338458,37808.91,16505.0
834760,13061.52,0.0,145.26188253338458,52175.0,30190.4
834790,2551.23,79751.0,1269.816750000003,3147.0,0.0
834799,5697.18,27048.0,145.26188253338458,50744.66,9414.5
834891,3911.12,30821.0,145.26188253338458,0.0,0.0
834943,18065.27,0.0,145.26188253338458,42316.83,0.0
835009,5557.93,83576.0,145.26188253338458,31819.52,13943.9
835062,12883.12,77469.0,145.26188253338458,40952.01,19951.0
835133,2404.63,22239.0,342.7137641546279,7849.0,0.0
835149,3219.15,45892.0,53.19150693985461,20320.92,3382.0
835240,22103.51,0.0,167.15835824822904,38598.83,3599.0
835295,24127.5,14072.0,4057.501958134327,3046.78,0.0
835377,11986.59,87560.0,313.5646859411734,20521.79,16953.0
835440,2908.88,35895.0,32.98323099067007,28714.53,44462.3
835484,7771.16,21876.0,145.26188253338458,31737.21,0.0
835491,4673.2,53219.0,34.798735124107466,43373.52,11372.4
835508,7469.15,0.0,79.79292785414148,39086.48,0.0
835566,13579.3,0.0,745.8983034693101,11713.31,0.0
835683,2395.97,38460.0,13.152658769150564,40943.27,3447.0
835693,5757.44,88997.0,62.42174801577871,34522.82,12906.7
835760,3278.53,70247.0,145.26188253338458,33655.64,7598.1
835764,10179.72,14290.0,145.26188253338458,34117.67,15458.4
835779,11009.13,51643.0,145.26188253338458,38227.04,24844.4
835785,5555.83,74015.0,38.51639546132554,50396.13,38571.4
835796,4885.16,26372.0,145.26188253338458,50626.98,4522.0
835920,18484.81,36153.0,371.540670396599,43863.98,15286.4
835973,13080.79,0.0,145.26188253338458,30256.43,25742.5
835975,7511.66,0.0,145.26188253338458,0.0,0.0
836112,8193.56,54950.0,145.26188253338458,36653.34,21448.8
836226,4558.43,14665.0,327.01001375786205,11062.0,3970.0
836295,10213.99,60078.0,1274.958568448414,4189.49,7104.1
836343,4247.68,44537.0,42.74215265180547,24358.03,8711.5
836374,3185.17,13512.0,145.26188253338458,35221.23,0.0
836405,5623.61,31504.0,145.26188253338458,42907.55,3565.0
836443,6189.44,99074.0,44.674103741124426,46544.19,10463.8
836475,4540.38,59556.0,145.26188253338458,47320.86,0.0
836486,15936.58,0.0,145.26188253338458,33880.3,8432.2
836523,2816.76,66023.0,145.26188253338458,40070.49,3347.0
836550,8355.96,23666.0,110.87412389123163,34480.42,5344.7
836603,5498.94,22520.0,2515.179323308273,5066.0,3228.0
836622,7485.36,26380.0,134.9586255952264,26657.58,26522.4
836665,6898.46,70950.0,145.26188253338458,38798.73,20874.8
836706,3650.58,88842.0,145.26188253338458,42726.09,0.0
836713,2719.51,14030.0,145.26188253338458,35117.54,0.0
836720,18453.58,72215.0,921.0387939286206,15835.0,5712.0
836964,8114.41,30595.0,145.26188253338458,39844.62,6847.6
836984,4992.06,0.0,3796.0456250000057,4996.0,3312.0
837012,2661.82,29195.0,70.46755008195892,39687.23,30981.0
837031,4260.34,26991.0,115.99117585630744,44816.05,4393.0
837175,3618.69,50755.0,145.26188253338458,33141.75,7905.0
837215,7912.13,0.0,57.765711948281606,41061.74,7568.0
837237,5295.63,0.0,145.26188253338458,24758.25,20260.8
837269,29049.71,21070.0,601.4978613448003,23910.9,4348.0
837273,3230.58,62873.0,6991.077272727288,1438.0,0.0
837327,7145.3,92681.0,145.26188253338458,0.0,0.0
837360,10103.65,72334.0,67.65286794799593,38676.81,0.0
837408,2315.09,0.0,145.26188253338458,0.0,0.0
837517,6512.98,0.0,177.68868596770986,20827.23,3682.0
837526,5522.77,46971.0,638.1168249446042,5349.0,4315.0
837580,5325.72,0.0,57.11829222903488,34704.53,0.0
837615,21274.34,17932.0,145.26188253338458,0.0,0.0
837628,4330.77,39660.0,145.26188253338458,29020.53,10191.6
837641,2535.22,69259.0,16.321964868627763,57132.93,3297.0
837646,5121.56,0.0,145.26188253338458,29246.69,7996.1
837704,5780.18,51066.0,3740.719326241149,5383.0,0.0
837705,4004.55,0.0,111.50338834358948,33052.38,25535.9
837733,7614.67,16707.0,84.31740284561482,26285.66,7087.0
837810,8842.65,42142.0,145.26188253338458,27804.11,9642.1
837833,31162.69,83170.0,239.23000243975287,40751.77,12217.0
837932,9320.09,40269.0,145.26188253338458,43392.97,17774.5
838008,8485.33,32607.0,152.6113422466042,29660.05,5910.0
838032,13045.37,0.0,145.26188253338458,46355.72,6014.0
838160,8802.19,96390.0,40.86304048657146,35012.63,32724.0
838232,8591.31,0.0,37.327421445635984,66382.79,19167.6
838263,67907.27,78310.0,145.26188253338458,0.0,0.0
838270,23444.9,69906.0,145.26188253338458,42063.63,12070.6
838283,3330.67,45944.0,145.26188253338458,46196.15,16093.8
838482,2700.99,79292.0,145.26188253338458,41034.27,27544.3
838584,10395.71,0.0,63.75057375672044,38015.86,8978.3
838589,5936.34,42889.0,145.26188253338458,9763.01,0.0
838634,16798.86,55269.0,98.6186855310845,34426.34,7069.0
838650,8717.05,83846.0,145.26188253338458,41594.48,3526.0
838657,8473.46,0.0,57.49791596951106,35753.51,11695.0
838771,11955.4,71587.0,145.26188253338458,26598.65,0.0
838784,3768.09,43412.0,161.81890932622167,24864.02,0.0
838845,2520.12,0.0,191.5024670539005,16377.45,8356.2
838881,2477.71,44280.0,21.188171967433973,57833.23,6406.0
838885,3764.47,92600.0,145.26188253338458,45283.66,23501.1
838938,2435.15,64341.0,145.26188253338458,38143.22,0.0
838993,8311.85,44843.0,571.8264536801433,14043.35,0.0
839115,2404.46,45949.0,26.096318799496487,25642.68,16753.7
839132,7412.14,59940.0,296.16103995621256,17989.0,0.0
839263,5838.9,81082.0,145.26188253338458,42197.85,5434.0
839295,4631.01,78152.0,145.26188253338458,35912.770000000004,6773.5
839328,2674.23,33451.0,145.26188253338458,44214.44,18014.6
839356,2576.51,37574.0,145.26188253338458,41788.24,11787.0
839362,3939.01,60021.0,145.26188253338458,39050.06,9550.6
839412,9060.2,57078.0,145.26188253338458,24115.35,0.0
839422,3242.04,72330.0,98.6284880813469,34875.05,18419.7
839461,10892.91,68025.0,852.8340090090101,7903.0,0.0
839494,10455.49,28363.0,1421.8531482861429,6519.0,8525.0
839527,2574.02,34990.0,16.810365157230834,46463.05,5627.8
839579,6411.68,47606.0,293.8847699417322,15403.65,2760.0
839659,4209.28,26435.0,145.26188253338458,46912.36,6581.6
839694,7879.93,45703.0,145.26188253338458,28533.86,0.0
839748,2584.53,72731.0,10.238010026524204,46854.17,11515.4
839967,6242.6,75680.0,145.26188253338458,43451.7,11664.1
840008,19957.79,0.0,1544.3276128895504,8196.0,0.0
840021,8391.13,40211.0,145.26188253338458,31683.75,20616.9
840038,3483.63,42983.0,145.26188253338458,27791.24,2700.0
840059,12741.85,73054.0,68.81952387787386,38007.52,28920.6
840071,6282.08,42314.0,51.64322522522523,31345.24,22242.1
840088,25807.06,71210.0,538.0463186154111,46485.19,32161.800000000003
840120,8675.99,65933.0,145.26188253338458,44516.65,11164.8
840135,9752.7,37345.0,515.7043896078815,11493.0,0.0
840184,3386.19,67249.0,247.09303278688532,12758.0,5037.0
840262,4669.23,76157.0,145.26188253338458,28603.3,20156.3
840267,25805.27,22711.0,1151.8237520483287,32303.87,20635.9
840326,6198.79,24053.0,145.26188253338458,28183.55,12631.2
840376,10620.49,35601.0,76.6975618490614,38408.53,3163.0
840481,7610.2,38086.0,39.36533483239484,33373.65,13084.9
840515,8355.96,23666.0,145.26188253338458,49991.1,9240.2
840667,5207.64,21952.0,145.26188253338458,37198.61,11609.2
840741,8221.87,13376.0,145.26188253338458,34427.9,0.0
840866,15445.66,26990.0,98.3031483980764,32923.3,23365.9
840882,2774.8,0.0,145.26188253338458,35080.29,9940.7
840984,16570.09,23589.0,145.26188253338458,39241.5,9376.5
841204,3230.58,62873.0,145.26188253338458,23747.5,14962.5
841219,5363.41,64324.0,45.55727380904361,40666.82,7936.0
841249,2064.46,0.0,10.096619800969297,39538.33,19254.5
841324,26197.41,18495.0,145.26188253338458,0.0,0.0
841369,5308.62,40178.0,145.26188253338458,44318.88,3988.0
841373,13083.49,73060.0,145.26188253338458,38343.19,18568.7
841437,4900.55,22976.0,145.26188253338458,44528.59,5337.1
841456,9372.84,0.0,145.26188253338458,46470.16,11445.6
841631,2957.76,83318.0,26.37244479187024,29726.99,0.0
841636,7360.87,52380.0,145.26188253338458,33793.42,14523.6
841674,3096.51,21604.0,354.8590737833604,8976.0,0.0
841677,4686.47,58089.0,103.86217480357676,20435.29,5785.0
841770,15415.04,89464.0,14819.55118525026,3673.0,0.0
841916,12157.33,57449.0,145.26188253338458,30681.8,4845.0
841948,2545.07,71868.0,145.26188253338458,37229.94,6332.7
841957,5524.31,70360.0,145.26188253338458,0.0,0.0
842047,2202.34,0.0,145.26188253338458,0.0,0.0
842049,2155.21,0.0,145.26188253338458,39292.95,9456.2
842054,7854.77,36409.0,72.7047603550296,37893.24,4493.0
842064,4630.36,0.0,145.26188253338458,0.0,0.0
842066,3522.48,90804.0,27.353509221692946,42652.76,4650.0
842190,4931.22,0.0,145.26188253338458,0.0,0.0
842210,8022.69,53231.0,145.26188253338458,23188.39,0.0
842236,5219.89,64964.0,145.26188253338458,43888.53,8719.7
842279,9427.68,27824.0,248.44314593762044,18981.0,0.0
842379,5182.46,0.0,2091.2417821344347,37378.36,0.0
842390,4809.22,48029.0,145.26188253338458,28251.6,5506.2
842405,4760.94,0.0,81.41332977273049,26409.0,3686.0
842523,14635.45,0.0,145.26188253338458,0.0,0.0
842527,4315.67,89797.0,145.26188253338458,45111.23,17947.8
842582,34611.38,20090.0,145.26188253338458,30256.99,10271.0
842641,5085.84,31546.0,145.26188253338458,39154.66,5824.0
842770,9890.21,52408.0,151.58651104588424,20764.28,0.0
842793,10209.02,36568.0,74.81372923007737,33378.45,14131.0
842835,19160.99,22705.0,145.26188253338458,0.0,0.0
842848,14082.64,0.0,44058.54514285715,2675.0,0.0
842855,2981.88,0.0,145.26188253338458,26674.32,5789.3
842959,2627.83,31964.0,145.26188253338458,46551.0,19088.1
842980,5677.47,45345.0,858.4409900579955,6164.0,0.0
842982,2353.18,0.0,145.26188253338458,41372.16,12832.6
843037,2516.21,48829.0,145.26188253338458,53963.47,8084.5
843101,2975.26,36548.0,25.565266214148394,26013.45,0.0
843158,4853.1,17120.0,87.58548994788526,53871.56,16085.4
843212,2300.69,25905.0,145.26188253338458,47788.04,25358.9
843233,8441.67,50801.0,145.26188253338458,42405.13,0.0
843378,19872.26,0.0,536.0111906474466,30050.83,11002.2
843642,8509.02,56481.0,145.26188253338458,31627.26,0.0
843665,16963.84,0.0,145.26188253338458,33427.3,3508.0
843672,4335.68,30574.0,890.7260037523462,10583.0,2870.0
843737,2556.67,0.0,296.2490634920635,6718.0,0.0
843816,6273.91,18577.0,145.26188253338458,0.0,0.0
843836,4996.55,99761.0,86.24246926229513,20124.92,17138.5
843919,7653.28,57446.0,663.2115859449199,4156.5,0.0
843972,5207.2,21576.0,145.26188253338458,54712.76,0.0
844046,8512.13,61725.0,145.26188253338458,0.0,0.0
844125,5093.48,0.0,59.09905047094991,33124.01,18561.1
844145,74228.52,0.0,145.26188253338458,0.0,0.0
844152,4029.72,93621.0,24.837011144883483,39991.65,35218.6
844193,2938.08,0.0,145.26188253338458,40369.91,15670.0
844222,5389.5,66429.0,426.07050032488667,13802.04,8204.2
844348,3230.58,62873.0,22.92091134575312,24867.22,23651.0
844477,23990.15,69781.0,145.26188253338458,0.0,0.0
844479,7838.07,0.0,145.26188253338458,36186.86,5625.0
844540,5745.96,51335.0,145.26188253338458,43795.12,17925.8
844556,2571.26,29697.0,34.54680057424017,37353.28,3200.0
844582,5599.38,35012.0,145.26188253338458,41879.82,18259.0
844641,4671.42,0.0,19.33494571123481,38741.2,14413.1
844677,2546.87,86595.0,17.70501187180985,20551.41,26748.4
844749,2727.52,74592.0,145.26188253338458,43031.27,7420.0
844834,3690.7,59016.0,270.7931184668992,6435.0,0.0
844949,10972.07,24164.0,145.26188253338458,0.0,0.0
844959,8229.24,0.0,79.63076882290565,41301.54,27934.3
845041,4155.95,0.0,145.26188253338458,31932.13,15758.1
845061,9807.83,0.0,46.36689259550923,53039.94,20476.0
845176,8007.4,0.0,145.26188253338458,44915.45,30439.3
845180,4758.56,0.0,217.2360210122573,17186.0,0.0
845227,6582.45,0.0,145.26188253338458,41226.37,15868.0
845273,5470.06,54507.0,31.06325224350597,47495.84,18864.1
845275,5175.29,0.0,145.26188253338458,41331.3,20064.7
845319,3728.87,83632.0,145.26188253338458,39628.99,22654.9
845435,4330.39,60475.0,145.26188253338458,42810.75,19429.4
845488,6758.81,0.0,167.15897941483394,17418.93,13850.4
845580,2671.17,23305.0,145.26188253338458,44103.54,0.0
845613,4198.03,30598.0,4911.156891025659,3155.0,5754.0
845684,8901.68,0.0,75.9444386875401,58146.63,3166.0
845699,3300.68,0.0,145.26188253338458,53144.67,16112.3
845782,9708.5,39930.0,65.05516417990825,42106.61,15301.3
845807,14703.13,0.0,145.26188253338458,37483.34,28100.6
845819,2387.61,27592.0,21.489102292229703,33094.84,17293.8
845820,12941.73,77060.0,145.26188253338458,5875.25,0.0
845864,4013.85,15413.0,145.26188253338458,48529.03,20858.2
845945,4571.51,91485.0,145.26188253338458,41583.33,27633.6
845947,5555.83,74015.0,357.65043209876546,15031.0,9744.0
845994,3663.74,61894.0,62.54543115987786,21101.23,3144.0
846033,5048.23,29401.0,5025.28350000001,2159.0,2446.0
846046,3087.25,41273.0,145.26188253338458,39025.85,6245.0
846055,10418.31,27951.0,145.26188253338458,47498.84,25837.6
846119,4363.2,0.0,61.861234763558414,29805.56,12332.9
846125,8879.79,52583.0,36.37330485078648,45224.84,0.0
846194,2660.01,0.0,145.26188253338458,43994.99,23845.9
846215,2856.95,0.0,145.26188253338458,0.0,0.0
846243,8728.46,0.0,145.26188253338458,49152.1,19808.0
846277,5500.58,35396.0,145.26188253338458,41052.0,9922.9
846291,2982.2,79523.0,145.26188253338458,42431.09,0.0
846313,26453.94,42961.0,145.26188253338458,24924.78,0.0
846374,4583.1,22728.0,23.25450610127364,35706.91,15513.1
846458,16477.48,57264.0,246.4626512146346,23789.76,6806.0
846515,7887.82,32150.0,163.2098445595855,22481.81,10220.0
846717,7453.0,12195.0,145.26188253338458,0.0,0.0
846718,15042.58,22799.0,145.26188253338458,0.0,0.0
846732,6172.91,99960.0,32.957100124332634,42518.02,4206.0
846796,8613.46,26680.0,145.26188253338458,53595.87,16547.4
846864,7437.69,86863.0,145.26188253338458,37447.96,5871.0
846950,7672.68,0.0,135.96865218981532,34153.72,15370.8
846953,5364.47,53562.0,32.709454350053456,30654.18,18935.4
847136,7981.44,40639.0,33.29107724234554,54888.11,0.0
847183,2402.33,46210.0,145.26188253338458,49412.98,21764.5
847283,8992.78,0.0,145.26188253338458,0.0,0.0
847312,7316.65,30493.0,1486.4066326530642,8375.0,8805.0
847357,4962.21,23300.0,145.26188253338458,36800.53,10189.1
847359,5251.97,41991.0,145.26188253338458,46633.95,16240.0
847502,5091.1,20244.0,259.75,16335.02,6902.7
847559,4344.99,0.0,24.178284049468846,55944.51,5245.0
847579,4369.6,91775.0,20.707230179585995,44641.71,13402.9
847601,7736.65,68980.0,400.7394394512772,13490.0,4152.0
847609,7855.32,37229.0,145.26188253338458,31273.52,7088.9
847704,22332.44,49078.0,670.3037607587304,39509.24,12323.8
847724,7218.09,0.0,145.26188253338458,46523.73,16672.5
847771,4277.27,77265.0,145.26188253338458,34842.49,16421.7
847772,13220.8,29504.0,145.26188253338458,47396.32,0.0
847938,8427.17,46503.0,145.26188253338458,0.0,0.0
848003,4810.98,24711.0,145.26188253338458,52427.27,10774.9
848159,8672.23,0.0,145.26188253338458,46917.54,21352.2
848185,7980.3,15630.0,145.26188253338458,41611.86,5791.0
848248,4911.12,33700.0,145.26188253338458,37226.22,10834.6
848250,8007.4,0.0,145.26188253338458,39024.73,8518.9
848498,8667.09,31354.0,145.26188253338458,0.0,0.0
848562,3861.49,93272.0,145.26188253338458,51937.3,0.0
848574,5720.9,32224.0,145.26188253338458,10484.83,0.0
848615,9671.98,17103.0,120.11747806806136,34223.14,10854.7
848632,2493.59,37043.0,145.26188253338458,45169.14,10178.3
848694,2576.46,26854.0,93.5850308995194,17864.39,0.0
848736,7606.71,47778.0,145.26188253338458,22539.91,12466.6
848804,9517.08,0.0,145.26188253338458,37035.08,19657.8
848973,5709.23,0.0,58.02967803199073,30434.15,7068.0
848998,6480.1,18820.0,145.26188253338458,36371.59,7223.8
849105,8264.75,42045.0,241.69162616173497,35601.34,5032.0
849178,5678.05,68671.0,38.02835399139427,40782.81,19653.6
849298,11638.9,25370.0,145.26188253338458,40347.99,14845.0
849330,6753.43,44213.0,145.26188253338458,36316.99,0.0
849415,4665.13,0.0,145.26188253338458,33596.91,0.0
849425,2472.47,63860.0,145.26188253338458,39231.08,3002.0
849510,40440.76,0.0,145.26188253338458,32902.81,9131.8
849549,8260.64,33321.0,145.26188253338458,34595.25,0.0
849569,2821.35,73339.0,1160.5478024042095,3730.0,0.0
849587,2499.5,28082.0,25.83071199435999,26803.13,9220.7
849589,2640.59,59961.0,145.26188253338458,39162.42,7049.0
849616,22658.54,23665.0,2650.75868589744,9933.0,4434.0
849673,5332.62,74837.0,4533.555046583851,38154.21,0.0
849705,7255.58,39786.0,145.26188253338458,37562.5,12073.7
849813,7809.86,0.0,145.26188253338458,0.0,0.0
849884,2776.84,23830.0,145.26188253338458,35683.74,4105.0
850034,9112.27,0.0,145.26188253338458,34880.61,10999.6
850092,3444.97,0.0,47.81751096170155,29848.98,27087.4
850123,5396.37,40308.0,519.7946120689664,7831.0,11222.0
850170,2908.88,35895.0,24.28720790678027,40193.91,0.0
850245,2755.22,39393.0,44.42470170912609,18887.26,12240.1
850359,15759.62,55800.0,145.26188253338458,32516.33,9034.5
850414,2554.19,0.0,145.26188253338458,38106.21,13941.0
850418,4770.55,12964.0,145.26188253338458,46070.12,12942.0
850694,23594.68,76358.0,145.26188253338458,38991.38,12252.4
850721,3323.09,70410.0,57.036012884416486,21454.17,7060.4
850821,36946.06,75425.0,1132.6642598166177,19183.67,13033.6
850828,9223.99,18814.0,76.80801283952424,41465.38,8661.0
850953,10189.65,0.0,145.26188253338458,31948.57,10807.3
851021,15886.03,56362.0,630.5351185297956,17557.98,7016.7
851130,2478.58,65744.0,145.26188253338458,29841.55,0.0
851231,2467.62,19352.0,10.410334265701934,40849.44,0.0
851255,6042.62,0.0,145.26188253338458,44867.9,23418.8
851370,6625.47,0.0,145.26188253338458,0.0,0.0
851390,2530.64,25143.0,32.08631070929015,34077.2,12429.0
851421,24868.24,0.0,145.26188253338458,34211.0,3605.0
851499,6187.35,0.0,509.0269158527424,7917.0,6866.0
851549,2899.92,66524.0,145.26188253338458,26250.08,10859.6
851562,2674.73,56342.0,145.26188253338458,45293.51,17617.9
851563,3118.93,88782.0,41.63653370687891,34169.21,0.0
851830,4743.69,83413.0,145.26188253338458,40496.76,25489.0
851836,2808.61,83497.0,145.26188253338458,41332.5,5204.1
851845,7589.63,0.0,145.26188253338458,0.0,0.0
851871,5555.83,74015.0,145.26188253338458,36873.16,0.0
851901,22315.06,0.0,145.26188253338458,47328.02,0.0
851931,10747.03,66446.0,145.26188253338458,28405.0,16664.2
851979,39033.08,0.0,145.26188253338458,0.0,0.0
851981,12731.95,40870.0,145.26188253338458,40781.49,12297.7
851982,8382.63,19683.0,64.86796947050406,34134.42,0.0
851986,5181.62,97131.0,145.26188253338458,31204.85,4643.0
852006,24127.5,14072.0,145.26188253338458,62840.66,22609.1
852012,13197.93,0.0,145.26188253338458,0.0,0.0
852094,5168.15,81182.0,145.26188253338458,53770.04,7109.0
852253,9403.96,79440.0,202.80566978634903,21497.03,8780.0
852310,5033.69,77031.0,145.26188253338458,38928.88,16588.9
852323,2483.54,87492.0,145.26188253338458,39389.38,14653.2
852392,3861.49,93272.0,145.26188253338458,35441.79,19443.6
852394,5403.59,72633.0,145.26188253338458,53028.9,0.0
852520,2652.07,49625.0,15.691840019798406,32805.35,0.0
852571,3088.0,18558.0,145.26188253338458,42332.4,6840.0
852572,2347.59,0.0,4327.6280303030735,67.0,0.0
852573,2726.83,0.0,145.26188253338458,32782.84,15016.3
852597,3259.89,52782.0,145.26188253338458,40630.32,9433.3
852629,2319.82,14660.0,145.26188253338458,0.0,0.0
852786,6176.7,49529.0,1644.0171366067125,6531.0,0.0
852855,5913.2,0.0,47.52999365772877,20534.2,0.0
852863,7284.26,10334.0,145.26188253338458,39944.05,16602.0
852995,5926.98,58733.0,102.329003694226,24041.45,8270.6
853003,2725.36,36650.0,4990.416722408052,117.0,0.0
853037,7474.61,44186.0,145.26188253338458,0.0,0.0
853039,9567.71,81410.0,115.00850709977004,38549.2,0.0
853232,4834.71,38713.0,327.6096073517128,11590.81,6887.5
853266,6680.15,24432.0,447.55590805075934,21963.27,12285.4
853272,9971.02,57483.0,145.26188253338458,38557.73,15627.9
853417,10864.27,95579.0,145.26188253338458,28001.69,0.0
853421,2813.31,72333.0,32.70769708552317,29563.48,0.0
853438,22103.51,0.0,145.26188253338458,51777.2,7872.0
853540,9688.13,24584.0,221.51903641276445,14092.69,14351.5
853565,8061.2,57293.0,145.26188253338458,20196.89,0.0
853603,2876.82,40171.0,145.26188253338458,47475.48,8618.6
853608,6832.37,66627.0,145.26188253338458,44104.09,8510.1
853621,7664.81,0.0,1562.936117318436,4764.0,0.0
853641,4802.48,29809.0,145.26188253338458,34147.16,5671.5
853704,10721.61,25983.0,58.09891004196527,47969.65,8429.0
853826,6161.0,96988.0,37.46447250485641,48768.56,11785.7
853871,5780.18,51066.0,145.26188253338458,31830.36,11400.0
853894,5329.13,0.0,145.26188253338458,36291.55,20038.7
853957,2598.06,62566.0,145.26188253338458,38351.56,6891.3
854077,3554.85,58557.0,145.26188253338458,24430.27,10574.5
854243,7344.84,64371.0,145.26188253338458,43140.84,10514.6
854249,4691.04,0.0,145.26188253338458,44351.59,22336.8
854610,2728.04,44025.0,145.26188253338458,45703.1,20713.5
854704,3554.85,58557.0,145.26188253338458,28976.31,4443.0
854709,5332.46,68931.0,145.26188253338458,47010.81,4555.0
854742,8009.47,20961.0,145.26188253338458,0.0,0.0
854812,2753.16,75277.0,145.26188253338458,55302.53,7254.0
854831,6035.09,29587.0,207.90686161929187,19115.56,11157.0
854835,9366.82,60613.0,5530.990023727424,7463.38,0.0
854855,3430.32,54339.0,145.26188253338458,0.0,0.0
854884,7835.68,0.0,162.9837872338001,34838.54,5007.0
854902,2722.21,17576.0,145.26188253338458,36094.25,0.0
854969,2300.69,25905.0,208.9974738675962,6567.0,3110.0
854998,2714.65,88545.0,24.12894905596053,39178.4,10096.9
855007,7414.44,62473.0,145.26188253338458,33966.84,11675.4
855026,5318.9,25134.0,36.63237214322375,44147.1,26172.6
855050,4808.96,23554.0,248.94392178739304,11542.36,8315.0
855153,5755.18,97657.0,1359.3447152717924,6265.2,0.0
855190,9664.33,86054.0,963.7924726775956,13400.0,2862.0
855198,8510.53,0.0,145.26188253338458,55801.62,43526.7
855261,5264.43,24031.0,33.92732365833907,32757.47,3532.0
855351,3402.78,57428.0,145.26188253338458,0.0,0.0
855372,7408.84,76771.0,145.26188253338458,48127.24,5069.2
855381,10058.74,0.0,365.51139244707,22991.43,9469.6
855383,5593.43,96406.0,36.10344983082421,29266.66,26930.1
855384,12285.05,0.0,80.09436987023197,25917.27,25962.8
855394,3339.3,38821.0,148.06177113702637,11709.0,0.0
855400,7503.37,52464.0,145.26188253338458,42237.52,6670.9
855451,3554.85,58557.0,105.77610733695651,27713.48,25692.6
855506,9102.27,26049.0,145.26188253338458,36969.65,11017.0
855510,5995.41,28804.0,145.26188253338458,0.0,0.0
855530,16473.17,22828.0,145.26188253338458,37708.3,10503.2
855559,2442.42,57963.0,145.26188253338458,37990.08,21220.4
855602,3133.5,58850.0,326.4062500000002,11578.0,3708.0
855635,14635.45,0.0,145.26188253338458,42923.87,3837.0
855721,4312.87,21004.0,145.26188253338458,44615.75,18017.6
855883,8256.3,62902.0,145.26188253338458,29932.31,0.0
855922,3551.79,11607.0,145.26188253338458,45641.98,10155.5
855981,7931.72,23769.0,20877.96490384626,279.0,0.0
855998,5658.91,0.0,242.051033203125,15732.0,3974.0
856074,9117.44,0.0,145.26188253338458,44408.89,11405.7
856229,5139.56,73180.0,334.9493036543272,8291.0,4987.0
856348,12174.59,52797.0,145.26188253338458,44024.19,0.0
856364,8092.88,50825.0,58.44217315606207,36739.97,19643.0
856406,2744.17,16686.0,113.11372670807462,15665.0,15050.0
856483,5170.03,0.0,411.3036072362689,11539.0,6808.0
856496,38496.95,48409.0,4112.199809774658,10576.0,0.0
856502,12047.78,43324.0,145.26188253338458,40991.44,28516.4
856609,6085.3,44712.0,477.1502685284645,9746.0,6819.0
856654,3452.41,65773.0,145.26188253338458,40938.52,4670.2
856667,2912.25,93403.0,18.322351977936744,48583.18,11355.0
856705,4155.95,0.0,145.26188253338458,45785.38,4826.0
856782,2456.82,0.0,145.26188253338458,36211.97,4038.0
856818,9045.11,52572.0,780.7958573117868,5791.0,4574.0
856830,11606.85,45893.0,145.26188253338458,39037.14,17383.1
856942,7675.87,89586.0,145.26188253338458,42592.06,31494.0
857159,5574.96,54684.0,145.26188253338458,29834.84,12274.9
857161,7355.35,51789.0,145.26188253338458,39369.93,11182.0
857219,30909.22,57659.0,3635.402352309352,5416.17,0.0
857235,2897.78,0.0,145.26188253338458,0.0,0.0
857247,4516.81,0.0,145.26188253338458,39493.66,14673.7
857292,30154.68,73359.0,145.26188253338458,30135.12,4177.0
857353,4170.34,90310.0,31.93102052203976,39167.27,7234.0
857481,5384.02,30514.0,27.505720656180717,25262.87,7054.7
857497,2497.46,24825.0,10.855504525246111,40857.68,14664.2
857516,6688.86,57289.0,145.26188253338458,34267.33,20639.7
857538,7744.64,26444.0,145.26188253338458,26550.64,31062.8
857619,8274.15,69011.0,60.75611068640864,30856.45,2460.0
857629,5666.87,53907.0,145.26188253338458,45056.58,29062.2
857682,2635.51,77350.0,145.26188253338458,20680.78,16258.2
857708,9336.34,70177.0,145.26188253338458,44233.9,8866.0
857771,12315.09,68420.0,2237.5097149399426,2668.41,0.0
857814,3945.59,0.0,145.26188253338458,40368.66,15285.5
857845,3945.59,0.0,145.26188253338458,39169.57,0.0
857878,7951.78,75497.0,204.19877441323817,23977.62,0.0
857912,5926.73,23091.0,582.9832330219191,7733.0,0.0
857914,6921.0,67534.0,145.26188253338458,41405.99,7237.1
857942,2725.36,36650.0,145.26188253338458,29591.25,26785.3
857946,5706.96,83073.0,43.92777398969486,39252.87,12183.9
857949,8717.05,83846.0,145.26188253338458,0.0,0.0
857971,2466.58,0.0,15.432808641305154,20593.8,10986.7
858013,9460.18,0.0,258.411029538328,21678.71,0.0
858106,7708.88,71134.0,40.96056855121052,51354.48,22931.1
858125,12520.98,0.0,145.26188253338458,0.0,0.0
858196,2476.05,54831.0,145.26188253338458,41357.99,5278.2
858222,10127.77,23053.0,31505.42088068208,1935.0,0.0
858228,15304.52,40269.0,2951.470482564291,4173.0,3098.0
858266,5636.74,24516.0,32.939801183803326,32420.28,31889.8
858294,5897.75,39188.0,36.04836778506408,46314.87,9888.8
858341,4244.47,34220.0,145.26188253338458,36525.42,0.0
858352,3609.8,58297.0,27.00242444032591,29665.23,11077.0
858417,7706.03,0.0,48.85776732336467,34999.18,30146.5
858427,2500.84,56172.0,145.26188253338458,0.0,0.0
858445,8763.45,20132.0,145.26188253338458,39237.12,3660.0
858453,9618.31,80536.0,145.26188253338458,40151.06,5820.0
858557,4880.95,24398.0,31.362020413384545,44076.53,9250.4
858563,16681.33,55907.0,145.26188253338458,32244.94,11517.7
858626,8008.1,63775.0,145.26188253338458,39378.03,11546.9
858667,2595.75,47234.0,17.31881287358564,45780.44,4095.0
858669,2167.33,0.0,145.26188253338458,41639.21,8318.2
858674,3317.9,74142.0,145.26188253338458,44840.94,8046.1
858802,2621.12,26477.0,18.643528057598825,39534.57,0.0
858814,4458.11,17622.0,145.26188253338458,0.0,0.0
858817,15016.19,70619.0,448.5538461748311,16045.53,0.0
858957,5169.5,12430.0,145.26188253338458,41113.91,8547.0
858961,4772.94,20993.0,145.26188253338458,25005.8,4530.0
859144,7955.77,0.0,145.26188253338458,10416.88,0.0
859176,2885.41,92722.0,145.26188253338458,34847.44,19361.0
859196,5876.05,32848.0,145.26188253338458,0.0,0.0
859218,4014.45,37384.0,320.79272786980965,8406.0,0.0
859258,2933.96,0.0,107.45488661448933,13140.0,0.0
859343,5989.77,66839.0,231.926835952418,29003.22,0.0
859508,3803.8,26050.0,366.9810040705564,14513.6,4323.0
859516,23020.89,97460.0,145.26188253338458,29536.42,9695.7
859549,5391.08,21440.0,145.26188253338458,39183.47,13119.5
859553,22056.0,66851.0,667.4622344806247,19771.77,4069.0
859730,15023.6,28262.0,145.26188253338458,45406.87,33947.7
859821,8842.65,42142.0,58.582562937507205,27452.48,5679.0
859871,7320.07,0.0,487.9749573846349,13490.0,6731.0
859957,4443.74,46384.0,145.26188253338458,47351.17,11766.7
859972,2777.53,59124.0,145.26188253338458,31042.99,2967.0
860017,5821.79,60087.0,145.26188253338458,46486.63,21483.3
860032,15785.3,81119.0,844.8144428152493,16136.0,8901.0
860099,2523.17,0.0,64.64792148292355,18396.96,3760.0
860172,2810.46,26790.0,145.26188253338458,37721.64,6655.7
860206,13268.79,32762.0,402.0956730503128,24414.16,15397.0
860528,22762.21,70521.0,84777.61887755133,1484.0,0.0
860553,3693.44,85871.0,145.26188253338458,0.0,0.0
860602,2396.22,0.0,145.26188253338458,43155.36,8295.0
860657,8838.09,82664.0,80.9661731413111,31309.66,3898.0
860684,2764.03,33837.0,10.48776911481886,51215.14,0.0
860724,8583.27,18017.0,145.26188253338458,36665.94,13834.4
860809,2764.03,33837.0,14.64020185456604,43759.57,0.0
860848,2837.16,29242.0,145.26188253338458,41659.66,5095.0
860980,7992.78,35434.0,145.26188253338458,25560.18,8411.3
861058,9177.95,29098.0,145.26188253338458,35634.65,11377.0
861079,7752.93,41275.0,220.06984487844835,18645.41,0.0
861095,2443.93,0.0,145.26188253338458,35950.92,0.0
861104,7590.96,52823.0,185.02790744265255,55823.88,0.0
861156,10298.39,64825.0,4455.095231510747,33690.81,2476.0
861162,6126.57,61139.0,145.26188253338458,43143.28,4077.0
861191,7294.49,0.0,145.26188253338458,33647.31,0.0
861330,2777.34,65431.0,169.12397397397402,14608.0,9817.0
861336,5504.14,0.0,145.26188253338458,41484.89,9389.8
861415,5846.52,50320.0,145.26188253338458,44588.46,18359.2
861470,10963.96,55687.0,106.818423019432,16174.28,0.0
861480,7055.96,0.0,4340.604606741574,1617.0,0.0
861558,7145.3,92681.0,145.26188253338458,41209.81,0.0
861629,18732.2,70187.0,8297.637135922361,4977.0,0.0
861669,5633.74,65255.0,77.77053266164417,19428.63,15269.8
861675,12564.07,0.0,595.8790995322247,30779.9,7434.0
861696,6554.39,74424.0,145.26188253338458,39674.76,20675.5
861700,7325.92,20757.0,124.98258756076284,21895.63,6421.0
861867,8056.9,64304.0,1440.3764081632653,9598.0,5499.0
861877,5326.68,76717.0,35.998011464628526,30530.8,0.0
861879,8879.79,52583.0,143.03659187798448,22641.56,5605.0
861917,4039.32,34911.0,145.26188253338458,0.0,0.0
861924,4377.53,0.0,145.26188253338458,38516.56,15739.6
862096,3451.25,45609.0,22.86767451105922,45390.24,22198.2
862097,11572.1,0.0,2096.672430339533,43867.5,0.0
862100,6575.54,10517.0,145.26188253338458,42936.37,16463.5
862159,7432.86,58839.0,145.26188253338458,59287.27,11384.0
862212,8838.09,82664.0,207.24919800411192,11309.0,5296.0
862258,3011.34,39010.0,15.609696669595388,37931.12,0.0
862543,7380.98,65706.0,145.26188253338458,0.0,0.0
862576,5838.9,81082.0,43.88785237262693,32838.32,9361.3
862659,4741.81,0.0,145.26188253338458,27386.6,13087.2
862932,2821.95,38977.0,54.887902950768456,21936.03,0.0
862979,7231.0,67276.0,145.7589162441875,41520.41,0.0
863019,5278.65,29899.0,27.737598963077144,47714.57,10815.8
863035,8265.38,0.0,145.26188253338458,29743.41,17903.4
863070,32871.75,78487.0,145.26188253338458,66466.15,19326.8
863093,9927.05,19592.0,1385.787831463541,3149.0,0.0
863108,8002.31,0.0,145.26188253338458,36536.48,25340.9
863122,4395.89,28719.0,283.2803407485878,13427.0,3892.0
863219,22952.07,20031.0,145.26188253338458,32610.21,20606.1
863223,11981.98,21514.0,145.26188253338458,56577.47,12604.4
863259,4216.2,0.0,145.26188253338458,48807.55,12407.3
863262,35944.71,0.0,145.26188253338458,37540.49,5010.3
863280,2537.81,56621.0,94.43567510806623,45039.34,15091.9
863349,2308.65,20811.0,145.26188253338458,37577.33,0.0
863374,19363.53,49945.0,145.26188253338458,0.0,0.0
863384,8417.16,20215.0,145.26188253338458,39068.56,0.0
863392,24178.68,43704.0,4902.899000000003,7911.0,0.0
863432,8184.69,82680.0,145.26188253338458,35881.91,27080.0
863459,13780.49,25708.0,86.19231316266581,34895.63,11183.0
863490,7579.53,33906.0,145.26188253338458,0.0,0.0
863516,12168.74,14973.0,145.26188253338458,37492.73,27468.2
863599,7955.77,0.0,52.98233925704277,42721.13,31465.5
863626,4328.37,72531.0,145.26188253338458,29157.42,0.0
863744,8672.81,0.0,145.26188253338458,37612.29,20651.4
863751,9536.34,62421.0,122.65309830766483,26924.52,5641.0
863809,7048.54,20416.0,690.4769457863665,11454.0,4895.0
863884,12390.48,14382.0,105.54285011948622,33665.56,5029.3
863942,5392.44,75438.0,145.26188253338458,0.0,0.0
864084,10481.94,39102.0,145.26188253338458,47084.36,0.0
864128,24258.71,0.0,118.95007066264364,54912.87,27164.9
864161,2890.34,51906.0,145.26188253338458,40573.61,7841.3
864288,3020.42,78561.0,145.26188253338458,41022.02,21028.6
864318,10477.68,45259.0,145.26188253338458,39162.77,0.0
864324,3939.01,60021.0,96.70020513855262,41894.1,18192.1
864327,22103.51,0.0,145.26188253338458,37621.05,0.0
864456,2810.46,26790.0,41.032716,33792.2,3989.0
864485,2745.13,91757.0,15.220905927050062,54838.18,5437.8
864806,3155.46,36706.0,145.26188253338458,44375.02,18148.6
864845,2554.03,0.0,2540.111580381472,36947.59,19315.0
864967,6161.0,96988.0,114.1549501926472,15863.49,4478.0
865066,3686.72,0.0,195.02214492753623,8520.0,4004.0
865198,21312.38,70734.0,145.26188253338458,46025.69,0.0
865213,3900.91,95018.0,145.26188253338458,0.0,0.0
865352,2410.36,0.0,1867.901061571144,5336.0,0.0
865401,2885.0,77748.0,145.26188253338458,39734.79,14023.8
865406,9752.7,37345.0,145.26188253338458,33862.88,0.0
865411,4879.44,58580.0,785.0406699970619,8706.0,0.0
865429,58207.13,29295.0,145.26188253338458,44261.34,6584.0
865494,7255.95,88891.0,1036.1587441314562,5094.0,3757.0
865654,3853.47,0.0,79.46241610359093,31159.8,6594.9
865727,2510.63,0.0,189.29558975418325,12231.0,7814.0
865737,5555.56,41853.0,145.26188253338458,29358.34,6520.8
865759,2666.98,79251.0,104.76943029346351,16067.0,6399.0
865798,14837.5,0.0,145.26188253338458,0.0,0.0
865803,8355.64,57074.0,138.51810840517058,23946.76,25857.3
865855,38320.82,45277.0,145.26188253338458,36994.56,17426.0
865977,2606.21,28519.0,145.26188253338458,31042.8,12105.4
866073,23777.81,33032.0,145.26188253338458,35981.64,0.0
866168,2751.37,42585.0,145.26188253338458,35215.93,30935.8
866242,3649.19,0.0,145.26188253338458,40518.79,27006.6
866295,10155.3,28754.0,332.140188172043,29584.97,0.0
866302,4996.55,99761.0,145.26188253338458,35332.75,12158.1
866307,3861.49,93272.0,23.77593639929646,30432.81,21525.4
866362,6156.36,78824.0,3160.4379746835443,34744.62,13000.9
866403,15262.96,80757.0,145.26188253338458,47152.46,10510.8
866417,6864.65,96832.0,14914.269345238188,897.0,0.0
866455,21240.94,0.0,141.77112685070617,36088.81,20361.2
866501,7441.0,91915.0,545.3379961180648,10381.0,0.0
866604,5619.69,0.0,145.26188253338458,47114.91,4582.0
866606,7463.14,24599.0,145.26188253338458,45863.74,4315.0
866701,2730.31,36218.0,17.74052148309551,37472.27,7264.0
866815,5132.68,0.0,13381.630000000085,835.0,0.0
866983,41491.74,37748.0,145.26188253338458,27546.64,4086.0
866995,10388.55,61222.0,842.3772400770154,6894.0,7572.0
867046,9247.46,97030.0,8368.569173553737,2622.0,0.0
867056,2691.38,21959.0,145.26188253338458,46270.17,20206.3
867070,8622.84,97361.0,205.9856146183752,21534.72,9131.4
867112,21235.45,0.0,83.91659214332734,51200.03,16253.9
867284,13144.49,0.0,14946.226947040645,5386.0,0.0
867289,24186.24,14710.0,145.26188253338458,52854.46,11982.4
867301,20700.86,0.0,145.26188253338458,34669.9,10407.0
867327,8376.33,26448.0,48.28956502923042,48666.59,5749.0
867446,9787.81,10475.0,145.26188253338458,30736.14,0.0
867472,8456.72,84574.0,66.33415259112064,47399.49,8277.0
867532,2213.19,0.0,75.2622065217392,14232.75,3359.0
867561,35850.6,17588.0,16494.288655462184,4655.0,0.0
867624,7663.87,0.0,145.26188253338458,42613.25,21924.1
867757,13357.45,0.0,63.60444301133813,38461.7,15110.9
867780,3873.65,28142.0,145.26188253338458,35082.82,0.0
867801,2808.61,83497.0,18.709213203033944,37113.15,8183.3
867833,3288.21,0.0,145.26188253338458,49930.76,12881.5
867840,4627.09,29124.0,209.79973291925495,12425.0,0.0
868025,2530.71,89451.0,62.483707857568064,30909.59,16081.6
868037,8221.87,13376.0,145.26188253338458,54527.16,26791.8
868152,5284.51,71960.0,145.26188253338458,42793.71,20562.7
868154,17622.13,0.0,145.26188253338458,37644.42,0.0
868161,4960.97,18174.0,30.18174931244272,41000.14,13385.0
868230,11302.6,22361.0,63.10036071633422,38870.22,9600.0
868250,2356.7,0.0,145.26188253338458,27487.8,10279.1
868327,2357.8,0.0,145.26188253338458,0.0,0.0
868552,11318.09,38923.0,4164.418195564532,1547.0,5429.0
868568,28699.89,47730.0,145.26188253338458,44391.66,34822.3
868659,8798.8,77026.0,752.8274730426641,8969.0,0.0
868719,2842.82,43793.0,145.26188253338458,37818.95,10537.8
868744,7637.11,0.0,145.26188253338458,52626.21,16596.5
868767,3964.81,88410.0,145.26188253338458,42372.69,0.0
868830,7296.54,18884.0,145.26188253338458,26201.98,0.0
868912,2227.07,27972.0,145.26188253338458,40123.1,0.0
868926,7324.93,0.0,204.61220280612247,24592.0,0.0
869116,5609.08,44705.0,145.26188253338458,31404.64,20682.1
869133,20123.87,0.0,145.26188253338458,32236.55,14129.5
869164,2974.31,23333.0,145.26188253338458,35657.56,16714.2
869190,15641.26,32370.0,145.26188253338458,49706.57,20907.2
869226,10595.81,0.0,52.57637260379751,36357.25,19877.3
869265,4117.47,86101.0,145.26188253338458,72792.27,9568.4
869276,12300.01,74586.0,145.26188253338458,81549.84,15231.0
869283,4817.99,38157.0,140.009528674929,25116.28,0.0
869284,8382.63,19683.0,145.26188253338458,56106.59,24169.1
869471,14435.67,60880.0,145.26188253338458,51410.58,34362.6
869504,15190.65,0.0,145.26188253338458,33588.03,27654.5
869672,9672.7,0.0,644.6504260499094,8992.0,9046.0
869712,7247.74,23541.0,145.26188253338458,0.0,0.0
869743,3924.42,56480.0,178.98901634427952,19714.75,0.0
869799,4111.89,65085.0,145.26188253338458,23273.34,5766.0
869804,22305.32,0.0,145.26188253338458,42834.71,16207.9
869971,8396.33,0.0,145.26188253338458,45456.3,13852.9
870022,9566.84,53375.0,100.18591560071728,24794.63,4599.0
870039,24127.5,14072.0,145.26188253338458,47624.89,20372.0
870045,5641.36,39469.0,37.13116539635981,30002.26,0.0
870120,27789.69,33806.0,145.26188253338458,46594.76,20897.2
870169,10972.07,24164.0,734.9166044776123,8106.0,3892.0
870203,5502.73,0.0,44.82670658709363,46612.78,30957.8
870223,10213.99,60078.0,3281.783758802829,6027.0,4262.0
870281,25830.91,73760.0,51074.11782231855,36255.78,11702.1
870522,7089.68,52707.0,39.24601660392926,45028.77,5548.0
870574,5097.32,67233.0,92.49700711927774,30922.22,9292.0
870687,2897.28,75041.0,145.26188253338458,35602.08,8504.0
870764,3040.25,0.0,145.26188253338458,30808.16,7081.0
870857,3436.45,30509.0,145.26188253338458,44560.65,15510.8
870960,2464.24,72834.0,145.26188253338458,0.0,0.0
870998,4330.39,60475.0,19.881539738743797,49300.12,14625.6
871022,10737.68,50607.0,593.5264815749622,15993.0,6494.0
871045,9517.08,0.0,145.26188253338458,48541.72,3215.0
871074,9180.15,47663.0,145.26188253338458,38437.6,0.0
871094,5285.92,0.0,145.26188253338458,16300.06,20492.4
871124,3644.83,82477.0,145.26188253338458,44952.02,4791.0
871145,4848.9,0.0,24.24184335963181,42922.76,20474.1
871188,4974.24,0.0,605.8050050050058,6947.0,4670.0
871203,4334.06,23904.0,145.36252450379823,11722.0,6232.0
871206,8092.88,50825.0,145.26188253338458,40584.95,7992.4
871219,28511.03,27607.0,145.26188253338458,31728.63,0.0
871287,6832.37,66627.0,145.26188253338458,37167.08,3843.0
871329,4686.81,32646.0,145.26188253338458,0.0,0.0
871380,7507.46,60920.0,156.44708826551974,40804.67,4694.9
871445,5786.49,44784.0,145.26188253338458,50617.4,6032.5
871455,3211.07,16269.0,145.26188253338458,0.0,0.0
871606,13226.22,0.0,80.22382522899397,53749.83,4372.0
871627,7285.03,44788.0,496.43457196554806,8699.39,0.0
871739,4958.02,22842.0,511.2516032432135,10375.89,0.0
871740,8048.37,0.0,1217.2603798342543,3238.0,0.0
871972,5935.82,63833.0,145.26188253338458,51397.95,9621.6
871980,2911.92,20327.0,145.26188253338458,33735.76,3469.0
872069,7269.34,20407.0,1489.9534478885923,9677.82,0.0
872079,10787.12,44695.0,375.8399007254683,17252.7,9266.3
872158,6265.34,0.0,145.26188253338458,0.0,0.0
872234,2924.98,64459.0,145.26188253338458,40546.36,9065.0
872297,2628.56,84498.0,17767.118518518906,2044.0,0.0
872315,5551.39,56872.0,28673.453066038368,1330.0,0.0
872335,5745.42,0.0,145.26188253338458,32875.59,7576.0
872340,2859.53,99981.0,145.26188253338458,0.0,0.0
872341,8640.75,33402.0,145.26188253338458,0.0,0.0
872408,4801.66,18107.0,145.26188253338458,0.0,0.0
872619,5313.44,68558.0,206.9067140825036,23843.75,2318.0
872669,4729.59,29414.0,145.26188253338458,0.0,0.0
872676,14206.98,26056.0,145.26188253338458,44235.52,3314.0
872706,5232.33,0.0,145.26188253338458,0.0,0.0
872752,12275.34,52135.0,1043.6755415793166,13830.0,0.0
872774,8434.46,44216.0,145.26188253338458,33003.96,20866.3
872814,9756.04,67632.0,145.26188253338458,38456.24,0.0
872932,4236.3,25866.0,145.26188253338458,38738.33,6760.2
872946,3363.0,80138.0,145.26188253338458,26826.09,9874.0
873022,2619.87,26094.0,145.26188253338458,15357.59,7413.8
873045,8852.69,67969.0,145.26188253338458,34853.96,12950.6
873116,3113.34,85586.0,145.26188253338458,46050.94,9878.1
873169,11302.6,22361.0,83.65618515238978,43681.19,0.0
873177,5024.78,78772.0,145.26188253338458,37798.98,17063.9
873180,4700.01,11417.0,516.5623757904249,11031.0,5061.0
873297,10972.07,24164.0,686.6950531550074,14394.66,10166.9
873415,6089.52,21832.0,145.26188253338458,43510.17,5943.2
873426,14808.06,41440.0,145.26188253338458,0.0,0.0
873436,7778.01,25970.0,145.26188253338458,43848.29,4655.0
873458,5130.82,12940.0,145.26188253338458,42157.42,25115.3
873468,6769.32,0.0,145.26188253338458,28739.99,4854.0
873488,3417.2,42526.0,145.26188253338458,44794.16,19722.1
873498,5532.86,59768.0,145.26188253338458,16719.22,15486.5
873551,2320.52,0.0,357.6815033783798,7185.0,0.0
873554,5678.05,0.0,117.21688215465365,48720.49,10699.0
873578,2417.78,20200.0,145.26188253338458,0.0,0.0
873579,7423.9,36639.0,145.26188253338458,39919.04,8115.0
873761,2677.22,56536.0,81.70787240269246,30259.43,0.0
873886,2618.33,28663.0,145.26188253338458,42303.38,11551.2
873945,2734.33,30916.0,145.26188253338458,40950.48,9541.1
873965,32450.39,60455.0,145.26188253338458,21124.18,0.0
873977,2827.44,13610.0,145.26188253338458,36195.17,18176.7
874035,5293.72,0.0,247.338428059396,9098.0,3100.0
874044,8013.61,43196.0,145.26188253338458,41544.69,3752.0
874104,3920.51,0.0,145.26188253338458,28234.23,3720.0
874158,9918.7,37586.0,1185.30792316927,8897.0,5988.0
874161,4605.04,22571.0,202.12116402116425,9402.0,16623.0
874184,6630.84,0.0,145.26188253338458,52421.1,18715.0
874267,14024.36,81872.0,145.26188253338458,42098.0,13886.4
874336,2242.09,12131.0,145.26188253338458,46386.08,15026.8
874363,7094.16,72878.0,82639.41702127841,532.0,0.0
874374,2839.8,53071.0,14.961071915198268,55697.21,6874.2
874415,2597.86,49308.0,179.0668953795797,9246.0,0.0
874589,4792.83,20647.0,212.51007653061237,19170.33,0.0
874601,7281.25,0.0,790.9691220238107,5865.0,0.0
874612,3969.43,49544.0,145.26188253338458,6007.52,0.0
874614,2396.67,26222.0,145.26188253338458,25040.93,0.0
874780,8312.68,21442.0,145.26188253338458,27205.2,17082.0
874842,6292.74,26577.0,135.00558984306124,18386.71,5994.0
874876,7840.17,58414.0,485.30164782362937,16148.0,0.0
874937,5423.14,85018.0,100649.80169491748,2986.0,0.0
874938,2647.2,26441.0,145.26188253338458,0.0,0.0
874939,5640.73,67523.0,145.26188253338458,46470.97,16844.5
874984,3362.55,0.0,145.26188253338458,32328.59,9521.5
875086,3592.0,28013.0,102.7704254535289,17347.9,4332.0
875212,3580.08,71176.0,105.51611869995294,39171.43,11557.0
875232,8646.5,64125.0,145.26188253338458,32463.0,14481.8
875473,7275.92,27984.0,269.14169312884286,14957.0,7195.0
875483,7960.01,98350.0,145.26188253338458,46175.12,15226.2
875485,3969.43,49544.0,190.1492158278102,10791.94,8738.1
875560,9624.94,0.0,227.57975098466005,31852.32,6690.0
875657,3534.34,19861.0,145.26188253338458,42082.68,22942.0
875707,8082.88,53554.0,201.0461140072917,14947.57,5681.0
875789,22445.28,0.0,108750.36106194928,456.0,0.0
875796,5096.67,22886.0,187.1388119509089,19628.97,12461.7
875819,13776.74,62634.0,818.7089058938467,8666.0,3798.0
876006,4779.89,54194.0,25.368014802105453,44264.85,13174.6
876057,7983.43,36014.0,145.26188253338458,29537.0,3020.0
876062,7596.29,59847.0,19.781219567240363,73616.1,20798.5
876083,5398.1,73775.0,145.26188253338458,40979.19,19541.4
876207,4526.95,92921.0,145.26188253338458,56745.05,11780.8
876232,12022.39,25918.0,145.26188253338458,36735.69,9045.9
876243,21592.1,51204.0,145.26188253338458,0.0,0.0
876254,6560.82,0.0,59.20410055330027,36638.96,14770.6
876269,9171.0,60433.0,145.26188253338458,32985.13,2549.0
876319,2417.76,51808.0,145.26188253338458,27741.53,5479.0
876326,8178.52,0.0,145.26188253338458,27721.0,3991.0
876409,7035.76,77235.0,145.26188253338458,38074.04,4328.0
876426,3096.51,21604.0,145.26188253338458,50687.17,15562.7
876538,6889.56,0.0,145.26188253338458,50516.38,16226.0
876569,6239.26,0.0,34.54184311750716,39458.72,16896.7
876755,2937.42,83195.0,145.26188253338458,29229.16,7755.8
876757,3619.06,0.0,100.13115512118222,15714.73,0.0
876765,2726.8,31385.0,8294.016666666668,1904.0,0.0
876850,8478.28,53234.0,145.26188253338458,42342.49,14119.8
877008,2926.83,26242.0,269.770946969697,15706.0,0.0
877034,6707.99,0.0,25772.80368421053,2898.0,0.0
877101,2666.05,86321.0,25.243192705451023,29857.87,20727.1
877124,2519.57,41372.0,20.990027008521,35694.06,3452.0
877152,8837.33,62277.0,4778.704370370371,4219.0,0.0
877242,3636.94,34986.0,23.047541911468542,43013.27,7966.7
877251,3508.57,20978.0,145.26188253338458,43238.08,19215.5
877346,5219.75,48203.0,6569.685344827587,838.0,0.0
877352,4358.55,0.0,251.0896825480335,28355.94,0.0
877384,7583.14,44667.0,145.26188253338458,36143.65,24417.6
877419,2560.08,88059.0,145.26188253338458,19644.54,7527.8
877488,4984.62,86305.0,35.79517271094304,39953.34,12072.0
877595,3536.43,28248.0,145.26188253338458,33186.6,4682.0
877603,49423.8,85058.0,145.26188253338458,35212.37,11077.0
877609,6332.94,50843.0,79.83248871799596,34268.04,14610.0
877630,2462.86,0.0,42.19205388153572,23357.49,11871.0
877654,2647.52,37876.0,145.26188253338458,30674.47,19246.7
877730,7540.05,67018.0,145.26188253338458,48667.03,0.0
877945,5352.22,93606.0,145.26188253338458,46145.5,10176.4
878240,16936.27,39411.0,145.26188253338458,44580.63,2565.0
878281,2611.13,90349.0,145.26188253338458,57649.01,13875.7
878284,3884.86,0.0,400.3314229249014,8982.0,0.0
878327,7957.63,51125.0,145.26188253338458,0.0,0.0
878388,5522.52,85609.0,145.26188253338458,43761.55,3636.0
878510,2971.92,83873.0,218.46484962406032,17975.17,8988.9
878518,12265.6,35693.0,17488.062500000146,1300.0,0.0
878568,6047.03,20396.0,145.26188253338458,36095.81,17472.8
878575,20067.4,85165.0,145.26188253338458,40621.18,0.0
878582,8539.83,55478.0,84.34685292923825,24503.97,14916.9
878633,3936.79,19245.0,145.26188253338458,51369.51,0.0
878653,6005.21,26876.0,145.26188253338458,47145.3,17138.0
878816,2514.59,43860.0,8498.382870370453,225.0,0.0
878909,4991.47,12608.0,28.147445200216712,43864.54,0.0
878929,9048.98,0.0,2635.975818036712,30172.86,11639.7
879036,2351.88,12928.0,145.26188253338458,42910.18,25412.5
879177,9371.77,66325.0,145.26188253338458,38344.21,15232.3
879185,8355.51,49564.0,145.26188253338458,36158.18,9571.7
879260,2119.89,18287.0,14507.99718750032,2145.0,0.0
879265,8701.36,0.0,145.26188253338458,61637.93,7575.3
879416,3221.79,77882.0,19173.152445652595,633.0,4858.0
879462,5254.73,34476.0,145.26188253338458,46404.55,11730.6
879506,9028.82,65974.0,145.26188253338458,28455.19,3710.0
879542,8417.1,31756.0,145.26188253338458,42483.0,16537.1
879600,5214.97,65375.0,145.26188253338458,0.0,0.0
879601,4966.74,0.0,145.26188253338458,36394.61,2297.0
879638,2180.08,0.0,145.26188253338458,0.0,0.0
879787,8029.72,76081.0,38.53041071878527,33814.15,8800.8
879812,9075.77,37722.0,145.26188253338458,0.0,0.0
879844,5132.68,0.0,145.26188253338458,34695.22,8253.6
879892,4363.12,54514.0,308.83105365223014,13794.0,0.0
879904,2563.39,10860.0,145.26188253338458,55931.62,25964.5
879964,8502.24,12843.0,696.6441783897044,5608.0,5592.0
880033,2004.35,0.0,145.26188253338458,39214.44,22231.3
880065,21766.83,0.0,145.26188253338458,38026.07,15485.8
880099,4260.77,47746.0,145.26188253338458,0.0,0.0
880205,8026.05,0.0,145.26188253338458,28635.57,0.0
880402,32269.85,41520.0,10827.813246920388,34599.28,5669.6
880406,6109.14,0.0,38.16774673924209,22861.21,0.0
880436,2518.74,39317.0,145.26188253338458,33954.76,16625.0
880505,4496.98,0.0,145.26188253338458,28043.86,4393.0
880580,9075.77,37722.0,5718.048417721531,6708.0,0.0
880619,14722.22,43982.0,798.2308560733231,18551.7,0.0
880681,5794.57,70524.0,174.64333016803602,24933.98,4073.0
880709,13197.93,0.0,2204.688535469118,8036.0,3944.0
880740,13786.7,0.0,266.9629859519567,19275.26,3619.0
880805,13352.56,0.0,907.0132258064524,13990.0,10989.0
880849,3567.5,0.0,145.26188253338458,41917.94,4176.0
880897,2627.61,94962.0,145.26188253338458,0.0,0.0
880948,3691.77,37202.0,145.26188253338458,37383.64,0.0
881000,13494.76,0.0,145.26188253338458,37813.64,15846.0
881001,7630.35,0.0,112.92381740775782,33097.32,18602.5
881106,4908.21,33305.0,3975.214460059192,2632.0,0.0
881142,4046.94,13330.0,282.29428964568297,15610.93,13075.8
881156,5380.9,55350.0,826.3794530154283,11517.0,6914.0
881157,4731.37,30686.0,145.26188253338458,31364.6,14164.5
881198,5149.3,26877.0,145.26188253338458,37041.63,2670.0
881304,5881.81,86812.0,145.26188253338458,35636.29,5277.0
881362,20216.31,0.0,282.5842569047657,33471.76,8345.0
881399,13473.19,25302.0,145.26188253338458,0.0,0.0
881413,23895.68,0.0,145.26188253338458,40835.25,13159.0
881428,21740.03,30095.0,145.26188253338458,0.0,0.0
881584,7164.4,46623.0,369.0904728299224,12146.0,7389.0
881628,2742.84,64519.0,195.56504922644183,17850.71,0.0
881741,5791.61,80480.0,545.3915505675957,5923.0,3672.0
881749,17109.39,87139.0,145.26188253338458,33393.9,26039.5
881818,6966.69,41837.0,102.45077316264752,27561.92,13733.9
881828,18042.48,35704.0,112.53426520847572,34249.24,16507.5
881846,2387.86,0.0,145.26188253338458,39691.8,10858.5
881871,3086.01,73938.0,145.26188253338458,41612.83,9288.3
881943,4779.89,54194.0,82.40514947603097,21996.12,3619.0
881983,12817.41,28651.0,145.26188253338458,28384.35,0.0
882024,4594.26,0.0,2144.379667519188,4967.0,0.0
882025,4369.7,40774.0,20.36945438476845,44184.2,19153.9
882044,8732.09,51205.0,145.26188253338458,49221.65,0.0
882084,2652.7,82655.0,544.7686609152292,7476.0,0.0
882263,2853.51,38798.0,65.48245261073218,37045.91,18348.3
882353,8783.17,16994.0,145.26188253338458,36609.88,13486.3
882409,23142.15,0.0,524.3038618306714,25164.39,29590.1
882443,8838.09,82664.0,145.26188253338458,0.0,0.0
882466,10876.48,71255.0,58.04648496900225,37363.23,21388.3
882544,10714.21,55994.0,145.26188253338458,54495.95,10624.0
882590,36229.41,22220.0,145.26188253338458,42120.12,36003.5
882718,6751.78,42433.0,145.26188253338458,43563.05,7484.1
882725,13115.41,20705.0,145.26188253338458,33324.24,9720.9
882874,2599.31,29590.0,145.26188253338458,0.0,0.0
882911,20461.15,87502.0,157.15168970814133,41255.39,16265.3
883002,9551.17,57016.0,145.26188253338458,50027.76,17546.7
883025,11413.44,0.0,3591.2979310344967,3249.0,6736.0
883055,7173.91,75217.0,145.26188253338458,45750.83,15086.0
883056,3885.46,0.0,1399.53246710527,6681.0,0.0
883065,8509.85,26057.0,145.26188253338458,27009.71,8981.0
883155,11469.63,10384.0,145.26188253338458,37548.72,0.0
883174,8257.67,23815.0,145.26188253338458,44589.27,14366.8
883212,7902.68,0.0,54.50639077853365,41951.88,12694.4
883230,5004.14,86834.0,145.26188253338458,49927.75,3116.0
883242,4463.0,0.0,3035.394409937897,4025.0,0.0
883255,8028.18,56482.0,145.26188253338458,57772.28,19513.2
883349,4908.12,48207.0,145.26188253338458,0.0,0.0
883376,4605.04,22571.0,246.02453161592533,12053.0,0.0
883468,5759.91,85448.0,145.26188253338458,27618.92,5485.3
883489,3731.5,0.0,145.26188253338458,31527.87,0.0
883505,8157.93,86811.0,124.12540956271629,26128.26,0.0
883574,5386.51,41228.0,145.26188253338458,31319.04,28548.7
883606,9470.27,36121.0,145.26188253338458,0.0,0.0
883660,4863.27,0.0,19.376719797925112,41169.59,8512.0
883693,2450.88,82695.0,145.26188253338458,0.0,0.0
883702,10883.79,91123.0,77.06322090669839,24687.02,9409.4
883755,9067.66,78250.0,145.26188253338458,44111.48,0.0
883773,13151.83,68562.0,145.26188253338458,34067.21,0.0
883816,7546.61,31266.0,59.43866700041649,39494.24,11968.1
883841,7412.14,59940.0,145.26188253338458,33472.22,0.0
883852,8663.5,0.0,145.26188253338458,34122.05,18593.4
883916,23055.57,41727.0,145.26188253338458,0.0,0.0
883963,8507.13,46754.0,72.38810985844572,34745.25,4858.0
883968,11790.5,25251.0,145.26188253338458,39033.73,7969.0
884040,8406.39,42540.0,145.26188253338458,42997.66,11749.0
884062,7786.68,83000.0,38.72136955992576,56136.13,13756.0
884088,4836.05,0.0,145.26188253338458,35943.09,20943.7
884089,5926.73,23091.0,145.26188253338458,55689.49,17751.8
884433,8044.87,71391.0,145.26188253338458,32096.66,14079.0
884505,6880.63,0.0,61.018055677036266,40728.46,3677.0
884522,12741.85,73054.0,145.26188253338458,35019.09,18984.4
884530,4381.88,20394.0,691.1781331028538,4563.0,2864.0
884570,15956.03,36354.0,145.26188253338458,0.0,0.0
884611,7228.99,53214.0,17133.645129870165,519.0,0.0
884654,4479.6,36349.0,65402.16000000144,113.0,0.0
884691,3061.8,88362.0,27.03431186771966,32836.86,6220.0
884708,7765.23,56337.0,145.26188253338458,35334.35,20464.0
884844,4956.62,31562.0,145.26188253338458,48946.05,27008.5
884875,12045.67,55805.0,145.26188253338458,40240.15,8040.8
884909,9816.53,37256.0,145.26188253338458,50488.72,26160.7
884992,7119.53,28227.0,145.26188253338458,0.0,0.0
885007,5035.04,37405.0,145.26188253338458,39882.66,8728.6
885176,16531.7,75526.0,684.8467417005594,14190.79,3264.0
885210,4038.86,0.0,145.26188253338458,0.0,0.0
885274,8339.0,70534.0,145.26188253338458,44816.71,7949.0
885357,8717.85,36645.0,5082.2795879252535,31563.83,11565.0
885386,14635.45,0.0,25478.24761526239,2720.0,0.0
885474,8319.12,49734.0,145.26188253338458,43696.84,0.0
885480,8372.85,12590.0,67.23232710259816,47685.7,7738.7
885497,4313.34,0.0,414.3076578947376,6144.0,13196.0
885682,8714.92,0.0,53.33497314762186,26861.6,16529.3
885723,6620.44,25075.0,145.26188253338458,50386.66,9360.1
885739,3312.18,27431.0,145.26188253338458,28219.77,4480.0
885763,21941.86,26378.0,145.26188253338458,38050.32,10159.3
885848,3700.42,12287.0,51.375173069608216,26474.38,8334.0
885871,23435.73,42862.0,323.16799755692114,18803.74,12152.4
885888,7247.74,23541.0,145.26188253338458,44733.57,11987.3
885933,4650.06,28215.0,145.26188253338458,46689.92,17417.3
886086,10232.85,22821.0,91.48274070106744,35398.21,18973.4
886127,4784.77,0.0,145.26188253338458,23511.99,3722.0
886227,2727.74,0.0,3497.5120608899515,2856.0,0.0
886299,8022.69,53231.0,412.8216893796994,11599.0,8421.0
886361,9621.73,54872.0,13319.588305941928,1907.0,0.0
886439,14084.49,0.0,86.93257314503649,30644.27,13123.3
886677,5473.16,93870.0,145.26188253338458,44324.74,4360.0
886764,5470.06,54507.0,143.46590068047752,15137.92,2864.0
886803,7304.16,0.0,3559.437116154877,4784.0,4212.0
886876,15055.54,83283.0,261.4704474515627,21922.59,0.0
887026,4801.66,18107.0,145.26188253338458,0.0,0.0
887069,8159.14,40589.0,145.26188253338458,0.0,0.0
887117,2482.41,26100.0,180.4220728793311,11477.0,7414.0
887192,4704.18,0.0,684.9836569148937,7225.0,4438.0
887209,22103.51,0.0,145.26188253338458,45984.37,43635.1
887228,5743.4,61776.0,145.26188253338458,48992.29,11755.3
887266,2530.64,25143.0,145.26188253338458,43260.31,12533.2
887328,2862.56,76356.0,23.47947748197188,54133.88,18127.0
887464,6369.26,34498.0,145.26188253338458,23801.92,0.0
887511,12941.89,52369.0,143.78856448552614,26784.77,8462.6
887605,8828.83,86721.0,11718.265272727296,2649.0,0.0
887609,22067.73,15999.0,459.9255100467652,35324.19,18474.3
887705,5124.22,73740.0,145.26188253338458,0.0,0.0
887730,13113.14,28519.0,145.26188253338458,34584.99,21682.5
887748,3885.46,0.0,14.79363598557973,34064.59,7037.0
887892,7517.38,37695.0,145.26188253338458,38450.36,0.0
887995,2589.7,0.0,145.26188253338458,36954.23,6148.4
888049,14754.36,26486.0,129.4976578881558,37943.68,0.0
888115,6767.81,39650.0,51.17314759572759,39943.27,19087.2
888131,7320.99,99722.0,197.6918612393468,14632.97,11978.7
888291,2587.11,27861.0,15.157679684356513,37440.72,9051.6
888297,5507.16,74960.0,145.26188253338458,32301.53,5400.0
888316,2336.18,0.0,686.9272556391019,2683.61,7064.2
888357,21147.28,49721.0,145.26188253338458,39896.01,30938.0
888404,4387.31,48015.0,2555.3747074468088,3358.0,0.0
888417,4698.88,80358.0,145.26188253338458,32475.41,15201.1
888430,6731.05,0.0,776.4959702907722,5464.0,0.0
888506,2883.17,37741.0,145.26188253338458,31355.05,5247.8
888649,5047.48,81741.0,145.26188253338458,45992.04,12690.0
888901,6819.23,22492.0,1782.326494808459,413.11,0.0
889023,10408.97,20228.0,2560.157715633429,8599.0,0.0
889061,2416.54,18944.0,145.26188253338458,40896.32,24130.0
889501,2659.71,0.0,272.27688287648226,3910.87,0.0
889525,7575.65,0.0,20037.04528985515,3399.0,0.0
889569,13502.63,57222.0,145.26188253338458,45809.81,29275.9
889671,5477.21,21289.0,34.955433686003204,50914.38,22973.4
889687,2871.15,94178.0,145.26188253338458,47632.09,4076.0
889697,5757.49,81491.0,145.26188253338458,44206.32,15583.8
889786,8283.07,71034.0,145.26188253338458,31138.38,0.0
889796,7582.11,64801.0,145.26188253338458,45181.86,34158.2
889964,3954.34,18375.0,145.26188253338458,0.0,0.0
890051,6646.75,95815.0,145.26188253338458,26120.48,7647.5
890232,2753.31,28887.0,275.2932885906045,11613.85,0.0
890361,4915.39,0.0,155.02166042626737,6320.0,3383.0
890395,4463.0,0.0,145.26188253338458,45918.01,8314.0
890404,8123.02,0.0,851.2495836922208,11232.0,3431.0
890437,7851.35,32225.0,145.26188253338458,38325.89,0.0
890447,2128.62,0.0,145.26188253338458,22619.92,16171.7
890543,6558.88,19508.0,145.26188253338458,30013.97,16253.8
890595,5874.82,35301.0,35.24418858838129,35981.51,28648.2
890617,6966.14,0.0,145.26188253338458,41316.08,0.0
890646,5913.2,0.0,183.8932247290575,18134.71,0.0
890650,2540.55,37125.0,1053.3518553578242,1913.0,0.0
890673,2676.95,0.0,68.70490103013044,14023.64,0.0
890702,3900.91,95018.0,145.26188253338458,88201.82,37724.7
890753,4025.1,0.0,98.55381963078246,9411.61,11561.5
890839,5154.76,82730.0,145.26188253338458,0.0,0.0
890882,3645.46,19121.0,733.7828492647059,5620.0,0.0
890936,24261.02,66525.0,145.26188253338458,41871.45,13172.7
891012,13596.2,20128.0,145.26188253338458,25372.31,4299.0
891046,4253.28,0.0,63.387183308494784,42873.67,21080.8
891097,2781.45,56218.0,145.26188253338458,43852.61,26422.3
891105,13246.57,36898.0,145.26188253338458,0.0,0.0
891128,2562.6,92038.0,145.26188253338458,31619.27,17626.2
891179,8779.09,54726.0,145.26188253338458,36595.54,14232.1
891218,8533.83,26049.0,145.26188253338458,0.0,0.0
891233,4048.16,92801.0,145.26188253338458,0.0,0.0
891237,2448.86,0.0,16.076814328650293,39565.75,10654.1
891335,2802.62,34628.0,145.26188253338458,34733.76,0.0
891413,9747.99,0.0,145.26188253338458,44315.45,32777.4
891516,7901.43,99711.0,1003.2543889146588,8672.0,0.0
891604,12168.64,0.0,60.96401453107986,48060.47,21874.6
891647,7079.79,24245.0,145.26188253338458,30490.4,5492.9
891696,6496.2,89285.0,145.26188253338458,48162.93,12564.7
891727,12357.12,0.0,60.86511929180612,44110.4,7128.8
891790,2903.94,67763.0,145.26188253338458,50947.75,20289.3
891810,6819.23,22492.0,145.26188253338458,38037.22,13054.9
891903,2581.02,35795.0,145.26188253338458,29894.86,0.0
891927,12489.21,0.0,145.26188253338458,0.0,0.0
891931,5979.72,57693.0,494.4342973646458,12726.0,4999.0
892000,9378.9,51425.0,145.26188253338458,0.0,0.0
892022,8714.92,0.0,145.26188253338458,40486.46,15521.5
892066,5738.28,88055.0,2337.5805803571457,3109.0,4903.0
892068,5246.06,70301.0,145.26188253338458,38719.79,9154.2
892079,5934.74,87747.0,145.26188253338458,31524.29,14859.2
892199,10720.42,34837.0,142.7112903617974,28725.35,0.0
892219,5994.26,74284.0,145.26188253338458,42738.75,24171.8
892227,8693.63,17453.0,6376.95930466238,40561.81,22315.5
892258,24143.88,0.0,145.26188253338458,35225.2,0.0
892273,2194.67,0.0,145.26188253338458,0.0,0.0
892502,7623.58,69900.0,145.26188253338458,51462.77,20399.5
892517,6369.26,34498.0,145.26188253338458,0.0,0.0
892556,7834.15,36094.0,145.26188253338458,0.0,0.0
892616,2839.81,33252.0,26.554649552183754,34664.27,3647.0
892630,9853.77,44006.0,9540.122148541162,2980.0,0.0
892632,6739.32,0.0,145.26188253338458,47605.73,18188.4
892639,3731.5,0.0,145.26188253338458,0.0,0.0
892701,2776.63,0.0,145.26188253338458,37801.36,19917.5
892723,5386.33,33716.0,145.26188253338458,35682.95,0.0
892797,32467.66,37675.0,145.26188253338458,53737.77,6974.0
892967,8665.96,41163.0,145.26188253338458,32368.66,10277.1
892994,4318.09,0.0,145.26188253338458,49425.42,33267.9
893040,14917.33,0.0,180.84314633984332,30706.93,0.0
893057,4061.59,70129.0,27.60753299912103,34082.47,5116.7
893120,11747.65,58658.0,1322.8791392431126,11894.0,4841.0
893127,27789.69,33806.0,10977.52905844157,6409.0,0.0
893266,7367.65,25318.0,45.41723361434422,45704.2,3454.0
893294,10484.92,61108.0,145.26188253338458,42555.67,4922.9
893375,5931.28,56617.0,145.26188253338458,42401.04,21472.5
893376,3549.75,0.0,145.26188253338458,0.0,0.0
893427,4018.88,0.0,121.446471002194,15595.87,0.0
893549,7031.79,26255.0,145.26188253338458,39573.56,4418.0
893555,5179.55,0.0,3045.9759667025114,3483.33,0.0
893574,3141.33,24019.0,87.42950115903142,17540.04,2665.0
893632,18504.28,91268.0,420.1681030192436,21546.5,3501.0
893661,7345.9,79980.0,115.52745079452627,28911.92,3176.0
893725,17712.21,0.0,145.26188253338458,39962.52,27821.1
893771,5765.5,57846.0,145.26188253338458,33366.27,6726.0
893789,4571.51,91485.0,26.37006700767533,31555.52,3485.0
893863,30141.62,0.0,145.26188253338458,45108.52,0.0
893866,6273.91,18577.0,292.3872765577123,16076.0,9932.0
893909,5438.7,52721.0,200.76107402912635,34902.08,4681.0
894041,2255.31,58289.0,145.26188253338458,41983.8,19277.4
894048,5012.08,48328.0,145.26188253338458,44479.4,30659.3
894099,2885.0,77748.0,93.8681123419226,8685.36,3539.0
894111,4941.65,0.0,145.26188253338458,40467.02,9754.6
894175,3722.37,0.0,35.54714100702486,41468.38,2702.0
894322,16229.65,26030.0,359.69095341607374,19437.88,0.0
894340,5111.36,0.0,145.26188253338458,45802.32,43544.5
894436,4379.93,40896.0,145.26188253338458,34278.11,3781.0
894448,17103.79,51747.0,145.26188253338458,37470.75,27873.2
894466,4625.55,66670.0,145.26188253338458,29696.29,6631.0
894478,11473.48,66538.0,145.26188253338458,47182.39,5038.8
894532,10392.96,93495.0,648.9303301590924,9679.0,0.0
894608,2867.21,91810.0,11.242350276618986,50175.15,14871.3
894620,4683.44,25187.0,31.85479278473465,37473.12,6545.5
894691,3238.0,60244.0,158.91757429070873,14370.0,0.0
894724,7610.84,98701.0,1275.462167125806,8177.0,0.0
894788,2381.79,78185.0,145.26188253338458,43593.86,0.0
894799,6431.74,21238.0,145.26188253338458,39648.06,25327.0
894919,8696.71,56550.0,49.60333288189977,43878.64,7246.6
895080,16706.12,63933.0,17864.454492187524,3244.0,0.0
895085,7908.67,43630.0,145.26188253338458,33772.92,3009.0
895180,7305.94,83221.0,145.26188253338458,0.0,0.0
895185,4423.69,0.0,29.06367236367236,35424.09,0.0
895267,2361.88,18064.0,15.977824798984344,52169.69,14641.8
895346,10221.81,0.0,145.26188253338458,45592.33,4051.0
895433,22500.88,0.0,110.6416791281036,41534.54,4305.0
895451,9277.47,97729.0,145.26188253338458,39193.7,0.0
895537,2790.46,28786.0,22.1794628534098,34884.37,21877.2
895544,3218.61,68776.0,145.26188253338458,42571.99,0.0
895560,2453.57,29735.0,145.26188253338458,40021.16,14632.1
895601,4776.19,0.0,145.26188253338458,29379.49,3621.0
895651,5666.47,0.0,145.26188253338458,40267.73,0.0
895684,2637.6,54378.0,16.27766418157758,49438.54,15380.0
895725,4892.42,26660.0,145.26188253338458,53367.61,13569.7
895778,3479.26,66711.0,1191.6764779480798,1450.0,0.0
895821,22118.81,58645.0,145.26188253338458,0.0,0.0
895878,14413.38,56457.0,145.26188253338458,33086.67,9830.0
895921,5577.94,70190.0,145.26188253338458,43253.09,28742.5
895972,5586.97,19280.0,145.26188253338458,37354.91,5692.4
895994,2659.71,0.0,4233.114026162826,2524.0,0.0
896075,7292.4,0.0,40.98853835101935,42393.36,11704.3
896095,24868.24,0.0,145.26188253338458,31848.45,16561.3
896283,17223.89,85378.0,1111.7099646330682,10437.0,0.0
896331,3339.3,38821.0,145.26188253338458,45734.49,12179.4
896372,2333.61,25772.0,55.18845974419784,12652.76,0.0
896592,6071.91,12201.0,1354.6190966138302,45281.08,15885.9
896651,2430.96,0.0,153.8938081748283,14405.0,0.0
896685,11293.98,0.0,145.26188253338458,0.0,0.0
896790,5016.83,20868.0,145.26188253338458,38203.66,16539.9
896792,5285.08,85753.0,145.26188253338458,35183.88,14288.4
896853,7645.86,0.0,602.8381840437793,7163.0,6879.0
896861,7487.74,0.0,145.26188253338458,67559.45,4742.0
896947,4858.43,26480.0,145.26188253338458,49691.61,8881.0
896951,7689.7,42677.0,141.6212941020152,26500.37,6703.0
897229,2869.74,21234.0,34.1271364991931,21557.04,4952.0
897293,7477.18,48552.0,145.26188253338458,43992.76,8130.1
897387,4754.65,30886.0,145.26188253338458,36060.41,4074.0
897545,6141.96,0.0,562.3282775919738,14030.0,2792.0
897673,2242.24,0.0,139.17246539468763,18061.34,12845.5
897716,2597.86,49308.0,145.26188253338458,38466.29,9806.0
897728,4095.2,32180.0,6941.554179566582,1615.0,0.0
897734,2581.11,29757.0,145.26188253338458,0.0,0.0
897772,8123.96,12617.0,145.26188253338458,78320.62,16563.9
897835,5847.42,23496.0,29.958441824590167,33426.38,10416.0
897904,5718.28,46133.0,145.26188253338458,32120.38,14458.0
898000,3595.31,0.0,145.26188253338458,49975.71,6465.7
898119,9061.95,42743.0,145.26188253338458,0.0,0.0
898122,4681.53,14606.0,499.8805802047782,8807.0,0.0
898149,3833.07,0.0,88.20673527545095,17922.56,4434.0
898162,8391.13,40211.0,145.26188253338458,28452.31,7305.5
898229,9654.52,67772.0,145.26188253338458,55999.14,0.0
898417,8396.33,0.0,145.26188253338458,36476.87,20918.9
898423,5597.12,37995.0,145.26188253338458,36293.83,25771.1
898427,7751.86,0.0,174.08227816949065,44547.66,25484.5
898437,4582.16,49558.0,145.26188253338458,37247.55,13520.5
898438,6371.32,23797.0,145.26188253338458,27803.59,6423.0
898495,4196.43,24641.0,145.26188253338458,48636.41,26023.0
898514,8269.08,20225.0,537.3675133531158,7620.0,0.0
898552,2389.77,58652.0,32.976592626384345,30014.3,12477.2
898587,3790.19,66169.0,1273.6713365045357,3357.3900000000003,0.0
898630,4194.66,25581.0,145.26188253338458,44007.6,17652.9
898698,7535.43,37496.0,55.32825186829251,46394.08,12939.4
898787,3808.12,94903.0,145.26188253338458,49391.76,19836.0
898788,4483.84,32983.0,145.26188253338458,23456.3,10080.2
898887,16468.22,0.0,145.26188253338458,0.0,0.0
899009,4111.2,32210.0,25.34995413456228,50344.89,24502.6
899271,9035.67,34337.0,145.26188253338458,0.0,0.0
899287,6743.12,0.0,92.03415765069556,30725.32,5204.0
899509,3755.26,34624.0,19.879042211441558,57120.6,6754.5
899543,8595.98,94242.0,145.26188253338458,0.0,0.0
899592,5646.32,39841.0,145.26188253338458,28130.02,13999.0
899734,6102.31,42800.0,145.26188253338458,0.0,0.0
899760,6172.39,0.0,212.5097722020469,81505.97,8956.0
899825,9031.21,0.0,145.26188253338458,44130.05,18661.8
899871,5069.07,50363.0,26.560384502750484,57609.22,3555.0
899883,8788.53,91171.0,720.0479124579125,11653.0,3194.0
899958,8708.02,0.0,145.26188253338458,30948.83,17187.4
900083,18321.87,21189.0,145.26188253338458,26889.51,10157.0
900133,7710.91,77642.0,100.8360536410364,37096.52,27231.5
900151,3241.59,89196.0,18.15422370429851,44518.72,0.0
900325,6045.63,82399.0,379.4980996331119,5556.14,0.0
900331,2592.44,72421.0,145.26188253338458,0.0,0.0
900359,4838.98,0.0,210.33197443632915,15940.0,0.0
900460,3954.34,18375.0,22.8010543244046,30048.19,6020.0
900501,61134.68,0.0,145.26188253338458,38165.79,4892.5
900505,13334.27,47950.0,196.07587939226133,18908.3,3354.0
900726,9103.9,65733.0,63.68161207812918,31315.64,6644.3
900753,13151.83,68562.0,145.26188253338458,26750.81,7360.6
900795,4280.75,52679.0,40.50559829178004,29562.75,12144.4
900801,5880.26,0.0,4362.388008130098,3019.0,0.0
900853,2542.85,37072.0,145.26188253338458,44173.82,6756.4
900894,3589.71,79298.0,145.26188253338458,36858.13,20074.5
900977,4254.62,11904.0,145.26188253338458,0.0,0.0
901002,4540.99,0.0,135.72954591982972,28414.21,9765.2
901049,2685.18,20608.0,117.6579471788716,18972.67,5690.5
901231,5272.32,0.0,45.44352138286065,38884.38,13640.1
901442,8044.87,71391.0,145.26188253338458,32712.08,20243.1
901461,13798.48,42780.0,3701.4540911318018,4636.0,6426.0
901478,5015.01,48567.0,145.26188253338458,0.0,0.0
901520,7680.75,66795.0,145.26188253338458,47513.9,14079.5
901550,5353.93,61894.0,107.7576206231045,20005.05,12232.0
901578,12941.89,52369.0,232.58901455469345,15758.07,0.0
901582,8564.77,95697.0,145.26188253338458,0.0,0.0
901690,6661.18,55663.0,145.26188253338458,47587.12,9034.5
901747,8044.87,71391.0,206.45275609927603,16667.96,2288.0
901758,5454.89,0.0,145.26188253338458,33418.51,17273.8
901775,4414.58,0.0,145.26188253338458,37422.83,13844.5
901780,7462.93,70263.0,31.35952009265208,39757.85,5705.7
901819,8162.62,66140.0,145.26188253338458,47975.18,20162.1
901857,5411.95,0.0,88.19602944984692,27784.45,0.0
901887,5783.18,72354.0,484.0683458186826,5644.0,0.0
901954,2434.85,0.0,145.26188253338458,56922.64,8219.5
901978,4109.79,86657.0,128.78376974587928,19273.0,0.0
901987,2721.75,22885.0,145.26188253338458,33155.75,0.0
902015,4089.04,43177.0,33.95401362710862,34352.55,18832.8
902040,5598.01,51737.0,145.26188253338458,56641.92,5161.0
902083,29328.04,32006.0,145.26188253338458,48535.1,10798.2
902148,5260.92,60101.0,145.26188253338458,46750.98,15762.4
902192,7268.1,38179.0,145.26188253338458,32552.44,4274.0
902200,28119.29,68211.0,145.26188253338458,0.0,0.0
902241,7618.44,41900.0,145.26188253338458,30703.21,5880.0
902277,7355.35,51789.0,217.7456905641198,27199.25,33246.2
902298,7116.55,0.0,145.26188253338458,39388.08,9052.3
902421,10720.42,34837.0,468.90917697248585,19818.16,13718.0
902515,6238.05,0.0,35.09735485213531,46030.0,10214.4
902555,8012.37,58058.0,342.4089743589747,12253.0,6146.0
902562,9766.22,75651.0,145.26188253338458,41818.54,8031.3
902608,8618.3,46379.0,145.26188253338458,67588.68,27131.3
902634,5553.52,96587.0,1820.6899401197609,7628.0,0.0
902679,4719.45,89642.0,145.26188253338458,41261.72,0.0
902690,4538.12,49821.0,145.26188253338458,28195.42,10586.0
902693,4974.8,75644.0,145.26188253338458,30441.89,5738.0
902742,2652.07,49625.0,1833.3438446969728,4003.0,0.0
902833,5155.53,77857.0,145.26188253338458,0.0,0.0
902852,2682.42,24823.0,82.0621322604979,12113.0,0.0
902966,41787.9,46587.0,145.26188253338458,48078.38,4780.0
902993,8018.5,58843.0,145.26188253338458,0.0,0.0
903006,2619.03,60477.0,35.571934910097646,13324.16,0.0
903146,5789.35,75845.0,145.26188253338458,39482.39,0.0
903209,10348.01,34244.0,62.41556214966862,43883.8,10344.0
903290,9321.28,0.0,56.84542999973268,30268.58,0.0
903327,7258.99,60969.0,145.26188253338458,34140.59,8493.0
903359,2321.05,0.0,6.359410241615327,63004.47,33931.4
903379,9927.88,58703.0,145.26188253338458,45139.36,14254.0
903496,2619.48,93987.0,145.26188253338458,38028.55,10548.5
903534,16473.17,22828.0,145.26188253338458,27990.58,16543.6
903641,8657.97,68727.0,188.6369309838473,40548.87,0.0
903648,5389.5,66429.0,145.26188253338458,47028.76,0.0
903679,26113.36,80409.0,61426.70075188317,4385.469999999999,0.0
903797,3600.93,25147.0,145.26188253338458,39902.08,17502.6
904114,2335.88,22087.0,21.621698889154704,34179.18,26156.0
904283,2611.97,53904.0,145.26188253338458,39568.85,16885.8
904300,2263.28,0.0,69.90436808583857,35258.92,18810.3
904304,16589.71,59414.0,104.64993631387844,42991.39,4310.0
904317,5918.33,94846.0,145.26188253338458,0.0,0.0
904367,4150.84,53787.0,57.34159172798016,19708.85,3068.0
904370,4836.89,39310.0,1997.132183257924,4526.0,0.0
904378,8737.84,61281.0,95.338037824588,34957.69,5577.0
904397,30850.59,25503.0,602.3088630953972,27373.52,10862.3
904410,8415.64,0.0,145.26188253338458,0.0,0.0
904501,2991.42,35605.0,21.361502919953185,59371.3,5191.0
904512,13736.13,16181.0,52225.910937500434,658.0,0.0
904602,2913.32,20075.0,145.26188253338458,35861.9,10855.0
904669,2846.65,66880.0,145.26188253338458,48642.45,18784.1
904693,9343.2,75909.0,257.10253388184265,10486.35,2329.0
904704,21531.33,0.0,226.43987293446477,24327.22,0.0
904736,10963.96,55687.0,150.35939613453965,23101.88,7616.0
904741,4416.21,61953.0,145.26188253338458,42779.31,8816.0
904802,3579.77,84598.0,471.6684896397383,9922.52,0.0
904805,4974.87,48139.0,41.769023656026114,36607.56,8762.7
904920,10915.36,0.0,145.26188253338458,42490.19,11779.7
904974,3837.45,21880.0,4721.357022471911,2733.0,0.0
904992,3653.7,74126.0,246.1122969980319,13790.0,0.0
905161,19393.21,70503.0,145.26188253338458,0.0,0.0
905180,4144.87,64478.0,145.26188253338458,41842.25,15470.4
905213,4237.37,29465.0,145.26188253338458,33062.68,23103.1
905288,5714.23,79719.0,145.26188253338458,0.0,0.0
905320,2471.53,95697.0,145.26188253338458,49873.75,7633.0
905360,7744.64,26444.0,571.0694141414151,15853.0,0.0
905469,4475.16,73019.0,4596.904502814282,290.0,0.0
905478,2321.88,0.0,145.26188253338458,35784.98,8759.0
905497,5161.79,0.0,145.26188253338458,0.0,0.0
905569,2439.93,50876.0,145.26188253338458,38006.61,15572.4
905634,5790.46,52443.0,145.26188253338458,25470.53,3164.0
905787,14514.01,88753.0,145.26188253338458,35649.79,3534.0
905806,20455.25,0.0,145.26188253338458,45201.59,9706.0
905854,32961.15,66014.0,200.968968863904,32874.62,4633.0
905907,5560.28,0.0,145.26188253338458,54156.22,9062.9
905909,2957.1,94362.0,145.26188253338458,38498.91,20708.8
906158,7331.51,0.0,145.26188253338458,41648.67,4043.0
906178,6111.05,22944.0,191.41279069767452,12311.81,6442.0
906262,5284.31,37640.0,145.26188253338458,34449.93,27823.0
906267,13464.6,83392.0,72.68732455193263,39652.4,21888.0
906274,2618.81,0.0,170.370849300419,14033.8,2892.0
906316,6481.53,30689.0,30.93033796740173,48701.57,25213.2
906346,6091.9,65252.0,33.590080130198366,29874.75,14216.0
906396,4606.27,0.0,30.70986894378741,33180.86,10608.0
906428,10018.66,30720.0,222.62875633157995,45602.85,0.0
906468,3528.04,31278.0,145.26188253338458,33559.66,24040.4
906564,5357.76,0.0,145.26188253338458,11887.12,0.0
906615,8607.48,0.0,145.26188253338458,39678.27,0.0
906623,5243.45,96535.0,80.0032570770886,35617.2,18999.4
906715,8392.62,0.0,126.29777815647596,35934.55,0.0
906780,2914.96,37803.0,145.26188253338458,38165.34,10436.0
906826,6051.8,0.0,28.827196583918216,37162.81,15029.0
906836,5744.23,68987.0,145.26188253338458,36224.97,0.0
906848,5143.65,58443.0,145.26188253338458,56502.83,13569.3
906852,2668.73,52344.0,145.26188253338458,54605.14,23284.1
906884,7920.11,89284.0,145.26188253338458,0.0,0.0
906946,7388.18,28812.0,145.26188253338458,18849.21,0.0
907015,7154.09,28204.0,869.5447385947407,4046.0,5239.0
907025,12157.33,57449.0,145.26188253338458,31003.63,16132.1
907038,6725.04,0.0,249.75982905982917,17795.0,4090.0
907077,10208.93,35482.0,145.26188253338458,34452.23,11115.0
907157,5709.36,75650.0,69.65752792763884,27942.95,0.0
907209,11121.62,44299.0,145.26188253338458,51781.93,7858.0
907252,14862.76,0.0,145.26188253338458,29966.44,0.0
907324,2311.21,24400.0,95.71042092126176,14313.49,0.0
907544,4433.97,50653.0,145.26188253338458,25628.52,21728.5
907595,4177.88,14108.0,6284.03653846157,2924.0,3193.0
907636,6439.33,0.0,145.26188253338458,35928.43,6463.8
907743,5029.64,0.0,3187.1850694444493,1186.0,0.0
907858,28435.64,0.0,145.26188253338458,43429.47,13844.9
907934,6921.97,16483.0,145.26188253338458,37417.53,17350.1
907945,16152.9,0.0,145.26188253338458,0.0,0.0
907950,4979.08,0.0,145.26188253338458,31806.37,4854.5
908006,4059.57,11621.0,408.6439740761174,7575.0,0.0
908120,9269.68,27849.0,145.26188253338458,41164.47,3621.0
908123,5437.91,23339.0,145.26188253338458,35285.73,32778.2
908201,2927.07,75685.0,145.26188253338458,0.0,0.0
908246,7326.54,62338.0,145.26188253338458,46754.26,6156.0
908248,12516.92,12607.0,145.26188253338458,0.0,0.0
908301,5686.96,30242.0,315.1427732793525,10545.0,0.0
908374,7258.63,88082.0,145.26188253338458,50868.84,7094.6
908404,10359.02,84583.0,145.26188253338458,34855.01,20911.1
908519,7755.21,0.0,145.26188253338458,52799.03,19322.0
908580,4371.19,56718.0,145.26188253338458,48170.42,10835.0
908643,2470.12,0.0,64.44052290384604,21429.45,0.0
908728,5463.91,44305.0,145.26188253338458,41784.72,20921.9
908729,4949.53,0.0,39.68385615583776,29672.2,32599.6
908759,5935.57,90263.0,31.698383099135597,35836.97,32089.4
908801,2795.32,0.0,1471.5747115384638,2947.0,0.0
908844,9709.75,0.0,145.26188253338458,49048.4,10922.0
908882,2530.33,50577.0,297.1590894465898,9144.0,0.0
908994,5511.49,79027.0,145.26188253338458,0.0,0.0
909020,5150.42,65629.0,98.4943886746584,17794.37,4166.0
909066,3587.36,16049.0,444.13581321725457,4916.02,4018.5
909068,19185.07,35322.0,1530.2776551573447,6851.0,0.0
909075,8123.96,12617.0,137.3273508126266,46854.88,13468.2
909106,10392.96,93495.0,3873.482368958479,3808.0,0.0
909134,4463.0,0.0,25.135553415915226,48694.85,19085.5
909238,5170.45,35334.0,318.9298529743129,13570.0,19118.0
909242,7854.96,25378.0,50.49428406883423,44490.14,22388.7
909260,11692.01,40548.0,145.26188253338458,36050.9,0.0
909262,7863.03,0.0,145.26188253338458,51882.97,0.0
909328,13883.33,0.0,155.44982115686662,21202.73,17386.9
909385,4564.51,12626.0,31.632986823118426,33475.85,22594.8
909476,4330.39,60475.0,40.298788089966905,31619.99,27520.6
909483,16979.8,35095.0,145.26188253338458,39610.73,0.0
909503,2481.84,77993.0,145.26188253338458,27603.92,9274.0
909543,7783.78,48689.0,145.26188253338458,47392.45,29484.8
909547,5759.01,30968.0,721.1110291595212,7199.0,0.0
909677,4463.0,0.0,33.54574921129152,41780.48,13482.0
909727,2531.74,31993.0,174.31182721327974,11918.0,0.0
909800,7341.86,0.0,153.64295133474,19095.84,5916.0
909845,2471.28,29918.0,40.729743886139545,28252.23,5234.5
909854,4838.98,0.0,145.26188253338458,0.0,0.0
909880,14514.01,88753.0,145.26188253338458,14981.13,0.0
910028,5334.78,74606.0,145.26188253338458,0.0,0.0
910056,9547.71,34919.0,145.26188253338458,33435.61,6500.0
910092,2592.44,72421.0,145.26188253338458,0.0,0.0
910093,5757.44,88997.0,16165.12000000006,1686.0,0.0
910142,7672.68,0.0,145.26188253338458,38771.18,12733.3
910157,5447.2,68815.0,229.3818092319052,14251.12,8720.0
910336,4595.04,0.0,6136.059512195122,898.0,4850.0
910373,2688.86,32808.0,145.26188253338458,0.0,0.0
910391,8346.98,48259.0,145.26188253338458,41451.21,6472.0
910416,20266.5,21542.0,7397.272500000028,3494.0,4453.0
910492,7223.69,0.0,960.2122619177696,10383.94,3429.0
910576,3237.92,60097.0,145.26188253338458,37654.63,3415.0
910645,12902.56,86584.0,1135.624403183026,9737.0,5763.0
910716,14827.91,0.0,145.26188253338458,45664.68,9492.4
910809,7879.93,45703.0,815.9360141843973,7438.0,0.0
910875,3966.13,72439.0,145.26188253338458,34582.77,3884.0
910969,8717.56,0.0,145.26188253338458,63009.73,14421.7
911003,6529.43,13476.0,100.09303899718331,29936.06,0.0
911089,7524.44,21941.0,145.26188253338458,37711.28,0.0
911372,3528.04,31278.0,145.26188253338458,33780.48,11235.0
911503,18370.57,49659.0,90.61526886225118,36034.27,12269.7
911525,2619.34,78618.0,145.26188253338458,49778.79,43852.6
911585,2862.56,76356.0,17.280539304434882,37928.63,15806.1
911655,5652.72,16171.0,34.53361065578801,39589.35,3397.0
911663,5824.22,73976.0,145.26188253338458,29069.9,6341.0
911668,2538.63,18608.0,145.26188253338458,25357.67,14069.7
911723,26511.6,28773.0,5749.693404634591,6089.0,0.0
911744,2725.36,36650.0,266.6192441704644,7735.0,3619.0
911812,8717.05,83846.0,145.26188253338458,37201.28,19625.5
911852,7804.6,0.0,388.006492474632,12489.37,0.0
911906,9082.83,34430.0,145.26188253338458,43110.31,29151.7
911920,7865.18,75490.0,145.26188253338458,32726.35,5880.0
911971,2361.74,0.0,31.571944110411845,27571.41,0.0
912064,5898.73,53998.0,39.06977729575666,44901.25,23424.8
912128,8982.85,43490.0,126.83485726885652,21000.55,6853.3
912220,4097.37,20079.0,145.26188253338458,0.0,0.0
912252,12465.92,33604.0,145.26188253338458,39594.6,2419.0
912293,5426.86,23105.0,145.26188253338458,39995.17,7337.0
912352,8427.17,46503.0,1577.393358974359,5391.0,0.0
912396,15512.25,54833.0,145.26188253338458,31878.01,22095.8
912420,2199.74,0.0,12.945627848482244,45265.04,22443.1
912539,5380.09,0.0,127.21333265672784,23402.4,17697.1
912588,7799.44,0.0,145.26188253338458,42114.3,6218.0
912633,60556.19,0.0,4202.62568449741,10765.0,5469.0
912712,22103.51,0.0,171.66222286054736,41850.19,34855.5
912757,5489.21,50943.0,145.26188253338458,34437.86,11234.7
912797,5292.63,0.0,58.47649358773852,43239.4,0.0
912864,34611.38,20090.0,218.1859171941007,48595.82,4172.4
912939,15120.21,20656.0,628.6333156146184,9807.31,0.0
912940,37150.83,17774.0,9847.533006535965,2273.0,0.0
912957,3304.76,23931.0,145.26188253338458,35371.92,18272.3
912984,10408.97,20228.0,145.26188253338458,0.0,0.0
913060,10831.13,23202.0,145.26188253338458,28319.72,13564.1
913153,12280.77,88340.0,13068.4578717202,4398.0,0.0
913156,16796.34,66776.0,25473.673545706373,30949.46,25825.1
913233,2670.64,52572.0,145.26188253338458,37885.85,21250.5
913340,2619.87,26094.0,145.26188253338458,40169.91,5731.0
913449,2628.66,83838.0,44.17631187583167,23436.62,3018.0
913522,9080.6,69853.0,78.86153785144944,32992.07,21771.4
913571,4661.98,0.0,145.26188253338458,45663.49,0.0
913721,7731.71,37386.0,145.26188253338458,40511.94,15745.3
913809,2926.83,26242.0,145.26188253338458,0.0,0.0
913866,9772.74,59325.0,57.16756255168569,40244.63,0.0
913895,26570.34,0.0,145.26188253338458,41469.98,7983.0
913949,4889.25,42536.0,145.26188253338458,49427.95,14358.8
913981,5251.98,59537.0,19.649368074703517,40356.41,13851.0
914044,18211.14,53690.0,143.66691954559607,38864.1,11369.4
914074,16675.9,57844.0,6720.688443135844,3415.0,0.0
914088,8564.77,23506.0,55.21383445074783,33999.97,7429.0
914152,2496.14,0.0,145.26188253338458,33971.2,7605.0
914255,4217.86,0.0,145.26188253338458,0.0,0.0
914316,5452.63,17723.0,145.26188253338458,37999.32,13735.7
914352,7999.25,0.0,27034.502314815407,3058.0,0.0
914368,2320.52,0.0,145.26188253338458,43638.91,5145.0
914514,2617.18,98338.0,145.26188253338458,0.0,0.0
914609,10551.15,50941.0,83.7159251060623,41378.44,0.0
914799,4374.04,34516.0,250.43523137254903,13685.0,0.0
914920,6811.58,0.0,145.26188253338458,0.0,0.0
914937,13502.63,57222.0,80.56549613121187,37736.03,4499.0
914959,7457.34,43406.0,145.26188253338458,0.0,0.0
915009,27287.5,0.0,145.26188253338458,0.0,0.0
915147,5600.01,63621.0,145.26188253338458,48907.68,3841.0
915156,2544.34,41059.0,145.26188253338458,41227.06,17666.4
915164,5643.72,33317.0,145.26188253338458,0.0,0.0
915194,7432.86,58839.0,145.26188253338458,25648.26,4784.0
915198,14166.2,67588.0,145.26188253338458,35859.41,11482.1
915243,7155.47,76506.0,304.2870599429117,16238.19,7962.9
915286,11360.46,0.0,145.26188253338458,35215.55,9601.9
915287,3815.85,38651.0,10551.403409090932,2821.0,0.0
915439,5470.06,54507.0,145.26188253338458,30916.97,10485.7
915571,4334.06,23904.0,145.26188253338458,26561.22,4130.0
915638,5461.97,42650.0,48.43619001110312,38654.76,6297.0
915846,2378.67,54753.0,145.26188253338458,42957.66,2936.0
915902,8716.37,28743.0,166.59292413063628,23304.24,0.0
915927,5821.68,77563.0,145.26188253338458,0.0,0.0
915933,2652.29,0.0,145.26188253338458,28922.17,7533.0
915948,2756.47,43540.0,145.26188253338458,42335.64,14937.8
916000,2434.0,23033.0,145.26188253338458,42830.17,26503.1
916003,5947.22,67760.0,145.26188253338458,0.0,0.0
916020,6010.5,49311.0,145.26188253338458,37671.85,19526.3
916131,4439.68,75453.0,145.26188253338458,35279.92,20766.9
916269,22103.51,0.0,145.26188253338458,50452.33,2989.0
916300,2872.05,57749.0,145.26188253338458,42054.98,21247.6
916317,8146.27,92777.0,6068.139897959222,1477.0,0.0
916358,2886.45,10312.0,45.15077697336094,21429.07,4336.0
916478,6745.89,53058.0,122.51015092462062,47548.06,9078.6
916594,10828.37,11033.0,145.26188253338458,40729.42,18043.6
916634,5163.23,35577.0,5239.79318813719,1890.0,0.0
916713,5285.12,40783.0,1285.531654005065,36419.42,8700.0
916843,8092.88,50825.0,8430.083333333334,49825.75,14820.0
916851,8277.64,79780.0,145.26188253338458,36198.67,11011.2
916880,16007.95,45302.0,145.26188253338458,38035.32,0.0
917191,7377.23,0.0,145.26188253338458,32895.85,16444.9
917192,6064.34,0.0,145.26188253338458,48608.62,10598.0
917346,2414.77,0.0,62.93043239229461,46906.05,21688.5
917352,5000.62,43723.0,156.5929288827372,25372.02,0.0
917423,5801.83,0.0,30.11062127468378,34133.21,0.0
917585,8658.86,62464.0,195.89776239669428,56508.26,0.0
917610,3993.88,17672.0,29.703330648239582,28561.15,0.0
917630,4282.95,40864.0,39.6073766130667,24779.51,0.0
917685,22806.47,10337.0,12897.988146885653,41692.84,21090.7
917725,5568.95,0.0,145.26188253338458,38585.29,2698.0
917779,2675.03,55479.0,145.26188253338458,44957.86,11042.0
917798,9638.07,35230.0,145.26188253338458,48816.65,9665.0
917870,26243.86,55705.0,145.26188253338458,29730.53,0.0
917972,5241.14,48345.0,45.84937102446399,42729.57,6450.5
917983,9369.64,99185.0,145.26188253338458,34052.9,5796.0
917998,8773.51,0.0,145.26188253338458,41763.2,17015.0
918017,12875.6,26121.0,1289.3262002743486,12659.0,0.0
918021,7892.09,28672.0,145.26188253338458,36561.74,8173.8
918042,9426.97,26263.0,145.26188253338458,43665.4,23513.9
918048,7521.19,0.0,51.37139659012868,22633.1,9942.6
918053,6997.01,55873.0,145.26188253338458,46442.79,10689.6
918112,2530.71,89451.0,145.26188253338458,49329.28,6268.1
918163,13736.13,16181.0,68.05639571817956,49224.56,28925.6
918272,2885.41,92722.0,145.26188253338458,35902.16,7368.2
918276,5206.03,71661.0,1496.378320558589,45292.73,0.0
918326,3011.34,39010.0,83.62287735849058,41975.95,10154.0
918341,2659.71,0.0,145.26188253338458,25351.28,12122.7
918350,8583.27,18017.0,145.26188253338458,0.0,0.0
918397,2373.8,0.0,915.8953488372114,1989.0,0.0
918404,2870.0,70974.0,145.26188253338458,0.0,0.0
918478,4915.39,0.0,145.26188253338458,49933.61,21866.8
918479,6269.14,0.0,145.26188253338458,37283.12,3301.0
918564,5448.56,85296.0,145.26188253338458,26294.48,0.0
918631,15266.48,25852.0,145.26188253338458,57625.19,11134.0
918756,7053.3,52982.0,145.26188253338458,45172.93,23009.0
918807,3049.84,0.0,145.26188253338458,38693.76,41956.3
918964,5548.03,67798.0,3420.6603885135264,4775.0,4447.0
918984,7130.29,12062.0,45.97489144682221,44354.03,9513.3
919055,8663.92,29218.0,11057.100699300756,3204.0,0.0
919117,2719.51,14030.0,145.26188253338458,37353.98,7493.6
919285,10484.92,61108.0,145.26188253338458,25364.8,9112.4
919329,23536.75,33747.0,145.26188253338458,40613.99,6497.0
919338,14510.44,41433.0,252.53115210581285,22483.1,0.0
919340,3214.98,53984.0,20.315635939323226,37794.68,18179.2
919437,11320.83,41692.0,145.26188253338458,56351.44,15112.6
919463,16515.01,51725.0,145.26188253338458,0.0,0.0
919506,4869.6,23811.0,4752.417112299478,2234.0,0.0
919557,6545.8,55366.0,145.26188253338458,30488.82,8082.0
919668,4762.16,36529.0,94.94855598790244,13383.23,3061.0
919748,13869.93,28432.0,104.946929760007,28830.12,9058.0
919818,4591.63,83297.0,145.26188253338458,38394.47,11916.0
919823,21590.44,62477.0,145.26188253338458,49510.5,18422.4
919832,2807.05,80915.0,47.029334812378096,36178.61,0.0
919888,27934.62,76912.0,785.5750970784023,26688.93,8282.0
919889,2615.85,54314.0,145.26188253338458,36291.76,15157.4
919894,5608.82,28483.0,28.751114858254084,37829.47,19848.8
919922,4957.16,0.0,315.06092740601434,13477.23,0.0
919951,8501.28,98003.0,145.26188253338458,36511.55,8156.0
920068,11972.78,0.0,145.26188253338458,0.0,0.0
920100,15114.4,28513.0,141.41249570642736,30165.05,8909.0
920102,2491.26,25965.0,145.26188253338458,0.0,0.0
920118,8641.05,22193.0,88.0446734643744,32604.38,11394.3
920145,6403.58,28095.0,101.53374022589058,27152.39,14639.5
920162,12045.67,55805.0,145.26188253338458,29214.11,28220.4
920171,7782.13,70059.0,2124.5156694091274,5092.0,0.0
920175,10498.93,30352.0,52.72601851044997,71501.93,19549.9
920197,22103.51,0.0,23050.803285714428,2517.0,0.0
920211,9976.25,74115.0,183.53854160366143,36934.38,4625.0
920321,2780.85,88704.0,145.26188253338458,44203.62,8152.9
920326,7176.59,27071.0,116.92692110255555,38837.17,8693.0
920545,4686.47,58089.0,145.26188253338458,40110.01,25594.7
920637,3384.47,54603.0,145.26188253338458,31593.1,2806.0
920657,9470.62,22514.0,298.2310570330834,14499.56,3491.0
920716,7098.91,0.0,649.9420108695656,9076.0,5848.0
920792,12520.98,0.0,99.8941573770492,45198.28,19775.4
920840,2700.68,89362.0,145.26188253338458,37972.79,21264.8
920954,4804.36,51962.0,104.27616431187865,39517.26,12106.8
920966,4633.34,27132.0,40.91026766815439,42448.55,22755.8
921059,15663.66,31789.0,549.1428365606276,10655.51,4434.0
921102,5201.25,0.0,145.26188253338458,32305.92,13386.4
921130,5169.5,12430.0,145.26188253338458,39850.96,2773.0
921191,3445.86,0.0,1821.0505308880424,1617.0,0.0
921278,5346.92,10511.0,145.26188253338458,44564.17,25241.5
921298,11058.22,69792.0,78.79761630517541,49381.01,15152.7
921357,6265.34,0.0,145.26188253338458,52198.19,14006.4
921375,13197.93,0.0,145.26188253338458,31853.31,19154.4
921392,3574.99,51950.0,1105.823177966102,4305.0,0.0
921403,9080.6,69853.0,562.115269376449,10017.24,0.0
921410,7715.1,48784.0,145.26188253338458,0.0,0.0
921489,9051.91,26308.0,145.26188253338458,38627.42,13096.7
921530,10793.76,24195.0,145.26188253338458,28378.29,11128.3
921563,4893.29,0.0,43.04964507952067,34180.13,12351.7
921624,22399.13,78494.0,12166.194122023857,2934.0,0.0
921705,2505.42,60546.0,14.896678616147986,26429.6,9344.2
921776,6611.12,0.0,337.4907412587413,7115.0,0.0
921777,23594.68,76358.0,145.26188253338458,27887.34,15233.7
921886,10089.79,63657.0,145.26188253338458,27315.15,14422.4
921899,3312.32,26285.0,145.26188253338458,48961.42,12641.4
921903,14941.9,22978.0,145.26188253338458,0.0,0.0
922000,3146.04,28089.0,15.78694650359649,56613.45,13640.1
922047,17651.96,22510.0,318.24185127559224,19035.7,0.0
922161,3964.53,14616.0,145.26188253338458,39687.59,24577.1
922188,4039.32,34911.0,145.26188253338458,36999.11,20587.6
922206,8201.33,81785.0,140.531305748033,26730.66,11324.7
922210,16870.39,61063.0,145.26188253338458,33851.89,27094.8
922347,5764.78,22134.0,469.67515625,9574.0,4697.0
922351,5504.14,0.0,34.463901449911845,57169.58,18601.8
922388,4505.4,81079.0,35.86872404406547,45722.28,8546.2
922484,2498.35,31357.0,145.26188253338458,45920.91,10814.8
922614,7792.07,36776.0,686.6503017865778,12028.0,8031.0
922634,3157.74,58248.0,145.26188253338458,22072.85,3410.0
922665,5424.26,67414.0,145.26188253338458,0.0,0.0
922703,5775.52,0.0,25096.009523809684,3432.0,0.0
922741,6162.37,0.0,6885.505255102084,3419.0,0.0
922786,7559.21,0.0,145.26188253338458,36875.12,7125.0
922815,21504.34,60228.0,145.26188253338458,45746.21,3337.0
922926,2926.52,23656.0,145.26188253338458,31585.94,22285.1
923041,7282.22,50886.0,145.26188253338458,24267.16,3265.0
923062,2855.93,50738.0,145.26188253338458,48253.63,12664.0
923108,7748.81,79528.0,167.7596375894658,20019.58,21821.9
923164,2321.05,0.0,18.14155165583477,47026.96,5591.7
923201,6459.64,23235.0,145.26188253338458,38520.88,0.0
923234,3008.1,80681.0,145.26188253338458,44802.0,14263.4
923268,2457.58,52926.0,501.31335692995634,5512.0,4785.0
923293,3985.55,75007.0,19.934413009279822,46315.29,9601.1
923333,5705.55,76522.0,145.26188253338458,44428.32,7353.0
923336,7155.34,16916.0,145.26188253338458,29110.42,11878.5
923406,4152.65,0.0,110.36240352410076,23798.61,0.0
923527,36181.03,0.0,145.26188253338458,34962.88,5854.0
923560,3985.4,77739.0,145.26188253338458,40125.69,12178.0
923680,9429.08,75638.0,145.26188253338458,37047.95,7581.0
923761,2659.71,0.0,145.26188253338458,40534.41,20696.0
923766,5343.12,64460.0,145.26188253338458,0.0,0.0
923799,8395.27,62989.0,145.26188253338458,33062.23,23828.0
923959,43290.5,23203.0,305.59497193738423,33385.38,15167.0
924031,7261.62,0.0,1571.1270302311816,4171.0,0.0
924037,6081.48,0.0,145.26188253338458,31257.97,12268.3
924056,4100.47,51193.0,145.26188253338458,47936.73,8776.7
924089,3570.76,56168.0,145.26188253338458,35033.33,4354.8
924132,3544.54,40658.0,18.81979979964448,34679.59,11775.0
924153,8595.73,76763.0,145.26188253338458,24191.2,10444.3
924173,9075.77,37722.0,145.26188253338458,32758.04,7814.7
924217,7685.65,0.0,32493.385135135337,1607.0,0.0
924268,2506.26,17193.0,40.02617554401728,41847.85,17724.4
924405,14032.59,0.0,3349.1033238884074,6348.0,3610.0
924469,4720.61,26277.0,145.26188253338458,35459.8,13069.0
924489,4737.87,0.0,42.88568966372383,38152.73,3101.0
924493,5209.95,37940.0,38.15136203866432,41818.28,14291.1
924630,12302.76,43817.0,145.26188253338458,29593.25,12194.7
924634,5498.94,22520.0,30.39238491823138,38132.63,26039.5
924643,14754.36,26486.0,145.26188253338458,37583.25,23909.0
924719,5090.45,25226.0,145.26188253338458,55727.4,2192.0
924724,4428.03,58577.0,96.05328234203397,41775.13,15604.0
924736,4804.51,23604.0,145.26188253338458,0.0,0.0
924787,2004.35,0.0,9.841568408520716,25671.97,8312.5
924793,5431.21,57125.0,145.26188253338458,48686.8,16314.8
924794,6545.8,55366.0,145.26188253338458,41396.29,0.0
924796,9022.08,0.0,145.26188253338458,0.0,0.0
924878,7834.15,36094.0,667.683238636365,14078.0,0.0
924936,18534.61,16154.0,145.26188253338458,37767.46,9384.0
925164,13014.23,55067.0,1649.3728993055556,9219.0,11447.0
925198,3824.43,62530.0,3216.3985023041514,501.0,0.0
925254,6423.74,0.0,145.26188253338458,42058.83,17929.2
925340,3945.24,28855.0,145.26188253338458,43693.43,34428.2
925353,9192.59,37388.0,57.81430090197304,40839.68,0.0
925385,2571.26,29697.0,145.26188253338458,49344.19,27064.3
925413,4883.12,53305.0,36.011427717062986,43624.57,0.0
925433,4762.16,36529.0,145.26188253338458,44819.0,39692.7
925504,15695.54,97750.0,145.26188253338458,35314.6,20564.5
925573,24967.76,66825.0,199.67293298978112,44931.23,3852.0
925609,2659.71,0.0,23.637549306062823,47303.75,0.0
925767,6947.52,0.0,364.8172637030647,14144.0,4143.0
925819,3746.75,41479.0,145.26188253338458,42211.12,4713.0
925850,10928.41,74965.0,1528.3025478927204,6363.0,0.0
925918,2329.46,20934.0,25765.239393939963,2452.0,0.0
925978,27929.96,88105.0,145.26188253338458,36943.16,5644.9
925979,16280.2,0.0,16536.937847866455,1461.0,0.0
926058,9067.66,78250.0,6562.516655651041,2483.0,0.0
926083,2742.84,64519.0,145.26188253338458,35471.61,20562.5
926106,6732.2,0.0,145.26188253338458,58160.87,30390.4
926129,13736.13,16181.0,371.3109101905798,23675.1,7518.3
926175,7295.33,34062.0,145.26188253338458,30988.0,28050.5
926250,4945.07,78796.0,56.77766296107559,14204.34,2328.0
926277,8404.4,48315.0,145.26188253338458,57404.34,0.0
926300,2498.35,31357.0,145.26188253338458,25901.79,10491.7
926315,6325.03,0.0,1262.4695315348172,4508.0,4091.0
926451,23675.03,46268.0,145.26188253338458,32498.81,10842.0
926494,7019.18,26806.0,145.26188253338458,40212.25,10729.0
926531,2425.49,66841.0,145.26188253338458,0.0,0.0
926609,5169.5,12430.0,145.26188253338458,44420.81,7948.0
926611,2894.58,28204.0,145.26188253338458,45263.9,6663.0
926867,2913.48,76638.0,493.2375695732844,1967.0,5080.0
926874,4515.45,21500.0,593.5675570228091,7383.0,0.0
926961,4135.78,0.0,145.26188253338458,39818.05,14458.7
926967,5850.45,24317.0,19123.112686567165,1572.0,0.0
927026,5657.69,98917.0,145.26188253338458,72199.45,25801.0
927165,6656.15,26628.0,145.26188253338458,0.0,0.0
927202,2637.94,63422.0,12.08005585554842,53044.44,0.0
927305,2771.05,50071.0,26.19099193114021,47573.26,9007.9
927339,9587.59,84539.0,145.26188253338458,42881.86,9674.8
927401,8929.61,44329.0,145.26188253338458,39990.2,11852.2
927446,7329.89,0.0,196.58640026452449,14653.29,3709.0
927559,3056.99,78310.0,145.26188253338458,0.0,0.0
927676,9060.2,57078.0,145.26188253338458,40680.41,17355.2
927703,11790.5,25251.0,145.26188253338458,32356.22,9948.0
927721,3942.92,38820.0,290.7797279094832,12068.0,9854.0
927848,9656.21,29504.0,70.55463178776925,43867.53,31895.7
927887,8704.28,38072.0,145.26188253338458,42660.89,9977.0
927937,6466.3,0.0,148.9579818320284,45460.25,24379.0
927943,3857.95,0.0,145.26188253338458,51924.87,21597.7
927975,2345.26,51397.0,11.35378691718693,46340.13,2205.0
928082,5007.67,51523.0,145.26188253338458,47248.04,11111.4
928116,20446.6,71467.0,182.288260826024,36364.65,20717.7
928153,7573.35,0.0,145.26188253338458,43935.47,13345.0
928188,5490.78,49480.0,145.26188253338458,0.0,0.0
928238,8189.97,72191.0,145.26188253338458,26292.67,6807.0
928291,6073.24,22103.0,28.51543132058968,46483.75,24150.8
928292,2389.31,20484.0,15.889457110582072,49046.96,18063.3
928294,4383.15,84491.0,30.84987331081081,47327.05,0.0
928354,2578.27,34946.0,145.26188253338458,36204.53,7510.0
928438,2121.65,0.0,73.78070217225613,23024.0,2885.0
928644,13023.93,64985.0,174.00517762038106,25563.76,15925.7
928734,32069.88,24851.0,2670.0515967153324,10063.0,0.0
928804,6846.15,0.0,145.26188253338458,42411.08,11683.1
928868,2132.77,0.0,145.26188253338458,31225.12,4499.2
928916,2467.98,0.0,145.26188253338458,39895.32,4740.0
928922,16060.07,0.0,145.26188253338458,41876.6,14459.6
928942,5326.5,22268.0,142.21732790718656,37185.51,14225.8
928957,2480.49,50516.0,26.797614678356,29071.99,15559.1
928964,13770.98,59207.0,82.59460719256438,42712.31,17623.9
929009,5768.83,92509.0,89.79917164692574,31026.24,0.0
929097,9472.97,0.0,145.26188253338458,40198.85,19623.2
929231,2393.04,28646.0,145.26188253338458,0.0,0.0
929282,6383.61,0.0,84.56513946488458,33028.67,0.0
929302,11533.48,41098.0,145.26188253338458,44350.76,0.0
929410,15119.56,47725.0,145.26188253338458,61628.08,16032.5
929451,4657.16,18024.0,145.26188253338458,41401.6,16750.4
929455,7396.72,41045.0,8727.810775862083,3079.0,3405.0
929701,4953.36,0.0,145.26188253338458,40300.75,9203.6
929707,8408.31,84091.0,38362.914375,3098.0,0.0
929712,2520.12,0.0,248.0165552200176,11481.51,8042.7
929728,2514.43,23504.0,145.26188253338458,51786.1,6228.2
929871,14194.15,88178.0,417.542291263701,36719.77,0.0
929880,5994.42,0.0,56.2898331858316,25915.66,14962.5
929885,13432.0,68956.0,145.26188253338458,35330.84,17022.1
929913,12687.15,63918.0,97.62898792816776,48503.23,12501.1
929980,3974.14,0.0,145.26188253338458,36822.07,6125.6
930041,7590.05,10375.0,145.26188253338458,0.0,0.0
930089,8558.04,13908.0,520.7587552097813,14604.0,3824.0
930209,2227.07,27972.0,145.26188253338458,43205.65,3822.0
930325,23554.39,31157.0,145.26188253338458,36922.46,4710.1
930337,2685.74,45754.0,145.26188253338458,0.0,0.0
930489,5200.08,90167.0,145.26188253338458,41319.69,9972.8
930502,2496.77,0.0,20.40639540872307,36019.06,3303.0
930562,5686.92,63143.0,145.26188253338458,41190.23,33461.1
930584,4185.76,0.0,145.26188253338458,31544.16,7111.7
930620,3059.18,0.0,1220.3286338797814,1612.0,6365.0
930718,4037.55,21586.0,145.26188253338458,50899.33,16873.9
930774,12168.74,14973.0,489.7372206703912,18162.0,4127.0
930848,4470.18,0.0,145.26188253338458,46258.32,38833.4
930887,4887.34,66707.0,145.26188253338458,0.0,0.0
930893,7755.21,0.0,145.26188253338458,29541.64,18205.8
930900,5470.06,54507.0,145.26188253338458,37482.92,27460.7
930921,2735.54,99205.0,145.26188253338458,42962.13,21485.7
931054,8583.85,53944.0,1057.0530533063447,7035.0,0.0
931097,5800.77,0.0,47.89939634109557,31074.26,12542.4
931135,5687.9,99747.0,145.26188253338458,40000.73,0.0
931170,13452.19,32356.0,145.26188253338458,0.0,0.0
931183,2991.7,0.0,145.26188253338458,30472.62,12251.2
931238,7405.27,58779.0,145.26188253338458,0.0,0.0
931244,6532.01,24919.0,145.26188253338458,40076.25,18473.1
931247,2864.54,91368.0,145.26188253338458,37538.28,0.0
931537,6275.16,0.0,145.26188253338458,28892.48,11745.0
931622,2710.81,31998.0,93.98468014640709,18736.73,9788.8
931657,10357.63,52735.0,145.26188253338458,33722.7,16232.2
931701,19357.8,25561.0,145.26188253338458,0.0,0.0
931828,7844.25,0.0,145.26188253338458,0.0,0.0
931834,5338.53,48696.0,145.26188253338458,0.0,0.0
931914,14866.45,24279.0,145.26188253338458,45490.52,23775.3
932100,6756.65,33288.0,145.26188253338458,0.0,0.0
932233,2939.94,97735.0,54.01943652045508,37039.29,2924.0
932244,12584.01,83013.0,4175.603318181827,3837.0,0.0
932249,7183.07,14390.0,145.26188253338458,33157.0,13440.6
932261,7099.57,16121.0,145.26188253338458,0.0,0.0
932270,6986.6,0.0,145.26188253338458,57156.82,21162.7
932323,2466.58,0.0,145.26188253338458,0.0,0.0
932363,3838.11,76375.0,210.66318045112803,13241.0,3415.0
932405,4027.7,27782.0,145.26188253338458,40156.68,3567.0
932453,6925.18,88893.0,145.26188253338458,38665.35,12458.0
932513,2364.43,46264.0,145.26188253338458,21428.14,14723.1
932526,10570.79,92044.0,319.5487687380946,19696.87,10694.0
932572,4165.35,17161.0,145.26188253338458,43793.92,5884.3
932599,6186.27,37138.0,2960.649322552452,1648.0,0.0
932623,12174.59,88184.0,145.26188253338458,38171.53,5037.0
932745,2506.2,92056.0,52.64762420000921,35778.45,0.0
932748,1940.98,0.0,116.3249466367468,8469.49,3588.0
932823,3863.31,47199.0,145.26188253338458,43128.26,7655.1
932973,5980.85,22946.0,145.26188253338458,55626.61,24625.5
933053,6568.76,25876.0,609.7136729677044,10268.0,5195.0
933187,27776.29,88220.0,145.26188253338458,39044.53,5231.0
933208,22337.16,0.0,145.26188253338458,43958.24,0.0
933233,3940.12,92539.0,145.26188253338458,40705.35,11444.0
933251,33451.79,85689.0,4488.935055147065,7049.0,0.0
933259,15519.67,23402.0,8840.931562792633,26419.96,8648.8
933552,4224.83,0.0,330.6309927101202,9244.0,3911.0
933642,7218.02,32312.0,50.00988272841512,38435.97,10118.0
933656,7805.31,21073.0,145.26188253338458,41182.32,27427.9
933682,11833.77,16552.0,841.75510913343,9507.0,3961.0
933707,2346.68,22932.0,145.26188253338458,33203.67,14119.0
933779,9333.33,89513.0,434.8786573223039,8033.01,0.0
933807,8986.61,66267.0,201.6677586546108,17585.34,3568.0
933848,2851.65,0.0,23.31532914897049,47550.81,0.0
933968,2725.32,45025.0,13.716981756505197,40860.2,27847.8
934134,7724.68,29056.0,145.26188253338458,42160.98,21563.6
934150,8590.33,63110.0,145.26188253338458,0.0,0.0
934212,2691.7,34322.0,145.26188253338458,43093.96,19870.2
934235,2279.7,23253.0,9.20747428384264,42045.06,13707.9
934267,5332.46,68931.0,145.26188253338458,44221.45,0.0
934271,5237.94,31756.0,2867.77215,5588.0,0.0
934280,5015.01,48567.0,145.26188253338458,30210.49,0.0
934529,3794.96,19794.0,109.57507198683676,31356.41,12199.9
934577,4953.09,21385.0,145.26188253338458,0.0,0.0
934604,9816.53,37256.0,145.26188253338458,41187.71,0.0
934893,6618.02,20068.0,145.26188253338458,45765.28,0.0
934912,5601.68,11920.0,163.2503912363069,22931.86,4968.0
935068,4369.6,91775.0,145.26188253338458,53996.84,0.0
935110,5633.53,90289.0,404.1084408778257,15674.0,3199.0
935161,16793.97,0.0,101.120428810864,43889.86,7360.6
935235,5332.46,68931.0,145.26188253338458,43013.29,22773.4
935253,4270.03,0.0,67.36518628976488,29094.1,19831.3
935274,11700.64,0.0,145.26188253338458,40044.05,11467.4
935313,13955.57,90279.0,4103.477215359848,2282.0,6901.0
935328,11830.95,92931.0,145.26188253338458,43154.12,22905.9
935420,8009.47,20961.0,145.26188253338458,41145.18,36401.3
935504,4803.94,0.0,45.60757890246631,44885.09,24912.1
935570,15031.56,59456.0,150.74926226129966,21743.67,8601.0
935665,31221.75,42780.0,145.26188253338458,0.0,0.0
935738,5432.86,49919.0,21.646876821650874,50392.4,24828.6
935836,2582.19,68074.0,145.26188253338458,0.0,0.0
935862,16068.35,70140.0,2268.8385880077394,3719.0,6486.0
935876,4386.28,10621.0,23.88301294402954,45974.52,0.0
936010,9378.9,51425.0,26333.06538461548,4497.0,0.0
936044,16979.8,35095.0,145.26188253338458,0.0,0.0
936088,4198.03,30598.0,69.90545408923631,42682.55,0.0
936211,2590.1,22398.0,145.26188253338458,55882.71,2578.0
936214,4179.49,60010.0,145.26188253338458,35906.97,11994.7
936232,5092.79,46922.0,145.26188253338458,0.0,0.0
936273,18196.64,57177.0,145.26188253338458,34877.52,10443.5
936305,8270.63,44656.0,145.26188253338458,24612.26,5893.8
936319,2425.49,66841.0,145.26188253338458,43417.14,32443.1
936440,5528.21,36088.0,135.12031138392865,30764.95,0.0
936547,4898.67,33938.0,145.26188253338458,47033.88,9184.6
936570,8105.91,38893.0,145.26188253338458,46984.23,6689.9
936603,7637.11,0.0,4806.112327586207,1122.0,3244.0
936612,4938.21,76283.0,185.9016522788454,27668.32,9971.2
936723,4832.12,0.0,152.80258176304966,26656.62,0.0
936761,14019.98,36733.0,722.6793814432997,9402.0,0.0
936860,6277.01,0.0,145.26188253338458,0.0,0.0
937030,2274.78,0.0,145.26188253338458,47640.39,0.0
937065,2736.94,78889.0,145.26188253338458,41826.93,13768.2
937071,18975.46,65999.0,885.2304320040905,12546.0,0.0
937127,5233.95,69231.0,145.26188253338458,49021.94,0.0
937163,5398.1,73775.0,145.26188253338458,38056.41,17721.1
937228,12734.21,25023.0,145.26188253338458,35824.56,12094.9
937250,5785.22,31320.0,36.58452801988501,31829.35,5779.8
937254,11546.17,81081.0,145.26188253338458,0.0,0.0
937312,3343.88,0.0,145.26188253338458,36482.7,0.0
937385,5285.31,65096.0,145.26188253338458,36500.86,12127.7
937418,9277.23,71416.0,145.26188253338458,42917.24,14383.9
937430,7666.52,87864.0,145.26188253338458,55671.9,9850.0
937476,6686.13,22244.0,34.7648916166101,41106.56,3789.0
937484,3571.35,73853.0,489.6854808414736,7511.0,0.0
937512,35862.99,26376.0,325.96547975974653,33497.74,5149.0
937638,4900.34,0.0,145.26188253338458,28066.8,15525.9
937645,3498.63,41711.0,18.419711977429007,45283.64,6027.0
937662,20239.38,36116.0,145.26188253338458,43732.07,7514.5
937742,8093.41,0.0,145.26188253338458,48694.77,7134.5
937788,12743.35,99583.0,145.26188253338458,46969.89,10815.7
937849,8429.49,98796.0,2478.5960123523246,391.67,0.0
937862,3226.85,83252.0,22.723857344060505,38630.35,7949.6
937911,17840.2,0.0,145.26188253338458,46132.27,8273.0
937922,11793.13,32214.0,69.30180914344349,39554.53,9960.4
937946,30718.81,90607.0,359.2824087029897,34745.46,9147.3
937956,11900.54,97205.0,145.26188253338458,41643.37,20398.3
937976,5558.3,37473.0,7773.101532567127,2406.0,0.0
938031,7381.91,54878.0,145.26188253338458,46253.62,0.0
938093,7532.26,41458.0,137.44175431930898,36006.68,19355.1
938126,8229.24,0.0,145.26188253338458,0.0,0.0
938323,4422.41,0.0,145.26188253338458,44160.93,15715.5
938324,2722.99,20867.0,145.26188253338458,40339.88,2719.0
938482,6992.53,94652.0,209.12846120230523,25158.25,0.0
938516,5841.53,0.0,145.26188253338458,39609.22,9752.7
938603,2935.84,0.0,12.726390572459886,35598.23,15956.2
938628,9801.29,0.0,145.26188253338458,56566.35,12016.0
938636,2620.39,24721.0,145.26188253338458,38215.11,8829.0
938719,3939.01,60021.0,18917.61381578989,1475.0,0.0
938822,10171.34,70200.0,148.33661368558165,31352.01,15936.9
938830,7430.35,61568.0,145.26188253338458,0.0,0.0
938873,7614.67,16707.0,145.26188253338458,33850.0,28763.5
938914,16344.61,57029.0,145.26188253338458,56392.56,22879.8
938981,5337.35,0.0,584.7906994196528,6682.0,0.0
939074,3508.57,20978.0,145.26188253338458,0.0,0.0
939094,23554.39,31157.0,145.26188253338458,40757.22,13291.0
939098,13024.13,0.0,145.26188253338458,35713.39,8154.4
939103,6788.08,0.0,43.69690022010272,39818.49,51764.5
939204,2688.86,89771.0,145.26188253338458,0.0,0.0
939238,26864.2,81713.0,1025.101024533037,16252.0,0.0
939289,4236.47,59038.0,833.8608444780014,4471.6900000000005,5211.7
939319,6798.27,32517.0,145.26188253338458,34211.67,6539.8
939320,7296.54,18884.0,1051.9698880842668,8832.0,0.0
939333,6403.58,28095.0,145.26188253338458,0.0,0.0
939399,30859.36,69872.0,145.26188253338458,36760.25,6416.3
939428,14267.93,17157.0,119.78605224055684,25485.13,3667.0
939431,16068.35,70140.0,486.63150230664576,22917.61,7945.8
939466,9035.67,34337.0,145.26188253338458,33580.35,14228.6
939474,2594.59,0.0,145.26188253338458,0.0,0.0
939485,2413.89,0.0,145.26188253338458,27466.41,17234.9
939521,4270.03,0.0,1100.9378031551691,4505.0,0.0
939562,4297.02,86860.0,22.79828098471987,53546.97,5931.8
939571,36946.06,75425.0,145.26188253338458,29589.65,16503.0
939593,6624.61,0.0,145.26188253338458,0.0,0.0
939683,2867.31,23376.0,145.26188253338458,44394.0,8244.1
939741,8065.23,29692.0,145.26188253338458,21361.57,3770.0
939752,5719.79,54585.0,27.417373860741208,37894.85,0.0
939760,4607.24,17343.0,145.26188253338458,0.0,0.0
939766,6793.77,22250.0,71.77002257532348,34068.27,17631.9
939856,12898.59,37449.0,397.383295725669,9924.72,4122.0
939932,5808.93,43282.0,145.26188253338458,37902.7,3967.0
939961,6503.4,22081.0,145.26188253338458,38313.73,12561.4
939992,2863.05,41077.0,94.71133047339973,13470.54,9256.7
940156,8622.84,97361.0,226.326142296242,43999.29,23207.0
940187,7943.51,60214.0,502.08632244285405,8164.0,0.0
940200,9152.49,60423.0,889.7351340553996,11010.0,0.0
940213,18688.31,0.0,145.26188253338458,44992.0,18830.9
940249,8694.0,48893.0,147.9205511634845,24135.3,4182.0
940256,7282.97,40858.0,145.26188253338458,39685.43,3916.0
940523,6057.07,27681.0,145.26188253338458,0.0,0.0
940711,5395.09,86640.0,145.26188253338458,40067.27,7540.7
940760,10548.54,27458.0,145.26188253338458,35656.25,17161.8
940796,2719.51,14030.0,145.26188253338458,37072.73,16109.2
940822,2637.15,50512.0,145.26188253338458,42584.98,6090.0
940874,6829.41,0.0,145.26188253338458,0.0,0.0
940901,2921.68,0.0,145.26188253338458,0.0,0.0
940904,3038.11,31532.0,36557.47747252828,2163.0,0.0
941064,3423.97,29958.0,145.26188253338458,26959.67,15833.0
941092,7840.17,58414.0,721.0032879818608,7741.0,0.0
941109,6997.83,56940.0,145.26188253338458,27172.9,14701.1
941122,2427.77,24409.0,145.26188253338458,38908.54,15036.6
941127,2989.91,0.0,145.26188253338458,29699.99,0.0
941170,6289.95,24477.0,25.70651536980084,46115.77,4596.0
941194,4991.54,93416.0,2711.1787202380983,1728.0,3774.0
941324,14134.35,90844.0,5232.289807302248,4918.0,0.0
941361,5257.24,56154.0,145.26188253338458,38962.46,0.0
941380,9460.18,0.0,50.25390188384874,45247.61,7719.7
941545,16547.64,46593.0,1826.211026002823,10511.0,7827.0
941621,6265.34,0.0,539.5420785655302,14685.35,0.0
941679,8750.71,25806.0,145.26188253338458,39866.58,4097.0
941683,12383.53,40602.0,145.26188253338458,44402.79,6663.3
941719,10346.32,0.0,500.99367192164016,14707.23,0.0
941852,40235.97,77143.0,263.4289537912198,52149.76,7421.4
941865,3747.06,0.0,145.26188253338458,38300.7,0.0
941882,9753.31,17514.0,145.26188253338458,39284.03,8776.0
941984,4377.53,0.0,62.40425128886113,30854.82,0.0
942017,13559.39,98036.0,1004.949916747889,8765.14,0.0
942083,2899.7,65247.0,6584.760472832852,43687.16,12805.5
942102,5285.27,23422.0,126.82757747886345,45178.8,11685.3
942189,15626.28,50461.0,11882.483750000045,5473.0,0.0
942191,6048.57,0.0,444.9868415748456,8892.0,4420.0
942194,8586.53,0.0,3561.458465909099,242.0,0.0
942287,5815.05,0.0,145.26188253338458,0.0,0.0
942355,2547.37,26047.0,145.26188253338458,44206.26,14661.0
942403,7654.23,0.0,269.02204622051045,34654.39,5600.0
942413,7480.71,52513.0,41.89598577105828,25531.47,5160.4
942535,21255.5,73457.0,134.0624665200557,35642.88,15662.4
942601,20096.89,92766.0,145.26188253338458,30613.22,15551.9
942681,2476.59,71551.0,145.26188253338458,34530.05,6767.0
942703,8742.47,37224.0,59.92333628787225,35571.29,23511.9
942779,6696.9,57240.0,145.26188253338458,37461.18,10084.0
942819,7679.68,12677.0,145.26188253338458,34811.16,12574.4
942926,4883.81,58682.0,145.26188253338458,27864.41,5559.4
942952,22103.51,0.0,145.26188253338458,0.0,0.0
942984,4089.43,28506.0,150.99459303619503,15221.09,6188.3
943048,4175.95,23060.0,42.06056917000412,29997.61,6452.4
943056,2471.53,95697.0,145.26188253338458,0.0,0.0
943068,3833.07,0.0,145.26188253338458,26139.53,13499.5
943195,15860.04,0.0,145.26188253338458,23608.94,0.0
943211,9555.17,96269.0,145.26188253338458,25704.9,11330.1
943236,5620.59,21142.0,698.1901361315943,3776.0,2617.0
943380,9085.2,0.0,162.92386302222368,38554.29,5236.4
943393,48356.96,52499.0,145.26188253338458,0.0,0.0
943425,5254.02,95017.0,1639.0746153846185,5329.0,0.0
943460,5979.72,57693.0,145.26188253338458,41301.23,7385.0
943553,6507.75,0.0,145.26188253338458,48361.0,7799.5
943602,8215.39,0.0,921.7061526639344,7707.0,3060.0
943647,32269.85,41520.0,433.208108058406,37981.24,12067.7
943668,5623.76,77912.0,346.96964164976373,6114.0,2798.0
943756,8193.09,54840.0,145.26188253338458,41037.48,18830.9
943775,2363.3,27839.0,145.26188253338458,39921.1,5973.0
943804,2458.75,0.0,39.619908320334346,37605.59,13268.9
943997,5316.76,28559.0,307.69262723957524,12670.0,0.0
944035,2395.57,21986.0,19.042755924660906,38889.73,15430.6
944093,3808.12,94903.0,145.26188253338458,40468.96,14134.1
944124,5354.37,17099.0,145.26188253338458,56139.77,0.0
944243,9220.01,0.0,735.853567784258,11190.0,0.0
944261,4014.33,54054.0,26.5022919821923,41954.27,8433.6
944355,2602.25,38166.0,145.26188253338458,54203.15,26569.8
944454,6980.33,0.0,425.7721340240644,8652.0,3582.0
944491,7550.87,0.0,145.26188253338458,12046.62,13828.2
944506,20314.44,42218.0,145.26188253338458,37082.17,8214.2
944541,19116.57,0.0,123.21727855477856,36052.97,6758.0
944636,32677.34,39393.0,145.26188253338458,40432.38,18222.9
944702,29830.39,0.0,145.26188253338458,32480.77,0.0
944750,6285.02,0.0,36.00375883994406,43034.34,8864.0
944810,2479.92,31678.0,145.26188253338458,34646.51,4969.0
944821,3528.04,31278.0,42.07293055228834,30074.65,0.0
944855,2393.92,0.0,145.26188253338458,43148.27,21177.4
944980,8277.75,45257.0,145.26188253338458,29481.23,9894.7
945014,4984.62,86305.0,88.25874193720526,29580.94,12804.0
945015,32306.29,36301.0,145.26188253338458,46199.81,6185.0
945037,18726.15,0.0,232.8329728164601,27135.81,5804.0
945050,4889.77,46819.0,145.26188253338458,0.0,0.0
945064,13770.98,59207.0,145.26188253338458,42307.38,0.0
945091,2605.57,60252.0,16.54498042854244,41699.86,0.0
945133,12298.69,17101.0,145.26188253338458,56502.71,9676.7
945166,2836.68,61029.0,145.26188253338458,31440.45,13065.1
945199,4650.06,28215.0,182.26717139175275,17165.0,0.0
945379,2927.73,51991.0,212.3088973509934,12676.0,0.0
945430,2778.9,73570.0,145.26188253338458,34930.83,0.0
945455,15483.53,24661.0,929.5211266447373,20022.01,0.0
945479,4853.1,17120.0,31.706095351967463,45093.04,3826.0
945485,5080.24,70784.0,145.26188253338458,41713.74,27770.5
945703,9840.08,94590.0,759.0087066779382,15970.0,0.0
945761,3731.5,0.0,734.0985447358986,8304.0,3332.0
945765,17497.52,0.0,145.26188253338458,37232.61,3463.0
945780,9372.84,0.0,70.5679867489836,36933.06,21643.0
945834,2453.41,83772.0,214.9875120038417,8125.0,0.0
945974,10963.96,55687.0,66.53773277467414,36877.67,7470.0
945996,26763.83,84178.0,151.37404656448138,33969.32,18053.1
946001,8278.72,16924.0,146.28838109992256,25399.36,8387.0
946061,2611.15,13424.0,145.26188253338458,32138.41,6997.7
946070,12349.7,67248.0,145.26188253338458,48416.6,6423.9
946172,3919.37,66676.0,145.26188253338458,27501.34,20751.8
946258,4867.38,20123.0,54.39245924225031,25618.78,8614.0
946439,30591.61,11276.0,145.26188253338458,0.0,0.0
946525,8836.03,63909.0,145.26188253338458,41146.24,6587.3
946645,11318.13,79270.0,2958.193662728265,8295.21,10740.7
946771,2744.17,16686.0,145.26188253338458,30722.24,17552.1
946816,26220.03,24743.0,145.26188253338458,56654.42,12014.8
946932,5720.9,32224.0,316.0957462912509,21023.0,0.0
946956,2417.76,51808.0,145.26188253338458,0.0,0.0
946963,2414.64,79271.0,211.23180903077383,10117.67,18855.6
946998,3133.5,58850.0,145.26188253338458,34574.19,30292.0
947001,14947.92,22139.0,145.26188253338458,39363.67,20858.2
947026,21528.57,11538.0,130.60644489481135,39608.71,16573.5
947099,4928.4,61785.0,145.26188253338458,38013.16,15390.5
947123,4574.92,32906.0,1146.8721153846182,3879.0,4266.0
947158,2509.27,74045.0,49.42439965463279,20590.56,0.0
947234,4458.11,17622.0,160.7756298784706,12777.0,0.0
947367,5757.44,88997.0,28.495826916827173,36773.88,27147.2
947408,4505.41,67801.0,145.26188253338458,41827.89,0.0
947467,4196.43,24641.0,145.26188253338458,29233.5,14756.0
947497,15839.09,44930.0,173.590795399952,26020.97,4944.0
947620,2506.2,92056.0,22.44751074814976,47016.29,13539.4
947635,4739.86,35039.0,45.23835493933961,36339.51,0.0
947641,5261.04,43573.0,176.60991446702857,14579.0,0.0
947679,2637.15,50512.0,163.9515840572306,7528.0,0.0
947711,5568.95,0.0,35.549431955311945,50205.49,8721.5
947750,2726.39,48039.0,61.10354599042122,34098.89,5973.6
947763,17822.56,42696.0,1871.471346375148,7829.0,0.0
947778,4049.42,62864.0,145.26188253338458,0.0,0.0
947863,2580.85,46900.0,17.162658142517753,30816.47,11875.9
947868,4300.9,88590.0,145.26188253338458,37472.69,11512.4
947876,4479.02,94656.0,677.570581896552,51787.22,11606.0
947906,10970.13,38873.0,56.318769747073375,44244.3,9119.0
948051,3167.89,61638.0,77.985098064783,58426.6,27243.8
948053,4514.25,50146.0,145.26188253338458,43845.4,9480.0
948117,5989.77,66839.0,145.26188253338458,37339.07,12309.3
948145,3621.69,13457.0,145.26188253338458,28942.17,13780.7
948325,3401.88,41972.0,50.109750060534346,33445.4,4330.0
948327,4742.11,63891.0,1523.6533010563437,3070.0,0.0
948404,4447.42,13128.0,145.26188253338458,23678.63,26965.4
948489,2916.38,85817.0,145.26188253338458,37527.23,29356.3
948576,13117.52,84311.0,145.26188253338458,37833.68,16718.0
948591,3847.35,23459.0,79.66205752212392,27943.91,7793.0
948616,7542.71,0.0,145.26188253338458,42378.72,20231.0
948658,4429.19,20868.0,182.1212993421054,20597.5,5895.0
948662,3225.4,29606.0,145.26188253338458,35383.22,7869.8
948693,12731.95,40870.0,61.65034293219185,38230.47,17760.8
948714,2544.97,91169.0,145.26188253338458,45418.64,21637.1
948747,5926.96,0.0,145.26188253338458,33126.520000000004,13085.3
948783,2199.62,0.0,145.26188253338458,36579.73,21346.8
948785,8514.39,48428.0,145.26188253338458,33705.34,14780.5
948815,4821.21,63391.0,36.43168883598159,45007.46,24852.0
948825,2795.55,69809.0,145.26188253338458,41215.08,0.0
948831,7007.27,0.0,37.744509973102055,37461.11,0.0
948950,7522.07,47727.0,145.26188253338458,36237.87,3450.0
948961,7908.45,94303.0,145.26188253338458,0.0,0.0
949134,3193.82,93405.0,145.26188253338458,37976.73,7159.2
949175,5153.92,0.0,145.26188253338458,41218.55,25340.3
949290,25674.15,66550.0,142.82982395976228,43603.88,15013.5
949406,10357.63,52735.0,145.26188253338458,32361.36,3382.0
949612,3560.63,76769.0,3998.861384615385,1500.0,6053.0
949628,2563.58,0.0,145.26188253338458,0.0,0.0
949821,16570.09,23589.0,620.1041883116887,17525.0,7540.0
949829,2757.38,50414.0,145.26188253338458,31150.96,24788.6
949890,3694.15,87485.0,145.26188253338458,35047.92,8960.6
949952,5773.9,52278.0,145.26188253338458,52220.16,0.0
949974,2721.59,97719.0,194.6659514011368,16891.0,2982.0
950029,3203.3,68370.0,145.26188253338458,38502.33,15079.7
950107,16973.74,69497.0,1536.053330578516,14543.0,9553.0
950193,7661.39,66726.0,145.26188253338458,29498.79,14850.4
950213,12875.6,26121.0,145.26188253338458,27181.26,11089.0
950216,2842.03,92629.0,153.8853211689662,9174.0,4551.0
950252,5744.23,68987.0,2143.8077198364085,3783.0,12310.0
950304,4792.81,24395.0,145.26188253338458,7657.5,0.0
950336,6631.67,32918.0,56.07508501983026,41739.39,0.0
950356,9233.19,42600.0,145.26188253338458,44282.11,2826.0
950390,2459.17,21190.0,188.1399840700917,8696.11,0.0
950391,5875.21,46417.0,47.553140085905824,38170.31,3426.0
950393,5548.03,67798.0,81.26127407704655,33231.36,14126.0
950403,5344.99,22908.0,44.43607302295919,34254.31,26190.1
950437,8634.36,25073.0,145.26188253338458,37307.27,14072.0
950445,3944.23,33282.0,145.26188253338458,47337.42,41847.0
950446,15481.25,0.0,145.26188253338458,53499.04,0.0
950467,2425.3,0.0,38.58205995414964,41644.13,9936.0
950593,9095.74,0.0,57.77233668604046,33494.77,9881.6
950660,8007.4,0.0,145.26188253338458,47836.12,9224.5
950707,19685.41,51524.0,145.26188253338458,35873.46,9047.8
950832,5096.67,22886.0,145.26188253338458,45361.67,24380.4
950896,6877.82,0.0,2106.043875838934,5595.0,0.0
950914,4775.48,14254.0,77.74544119155692,25371.72,15259.8
950915,4860.91,39429.0,41.088450190825554,36514.65,18392.0
950933,2540.69,42557.0,16.50673813905967,52330.63,23353.1
950947,6838.77,15871.0,145.26188253338458,0.0,0.0
950961,7281.44,0.0,145.26188253338458,0.0,0.0
950980,5220.69,68867.0,145.26188253338458,20708.2,8798.0
951116,6756.65,33288.0,563.8265317786932,14383.0,0.0
951226,4492.23,21137.0,145.26188253338458,44443.89,13547.0
951353,5600.5,68665.0,329.14059145556064,19907.8,3535.0
951389,7519.03,32397.0,145.26188253338458,35088.090000000004,14048.6
951458,8614.69,64220.0,50.002176211944125,40734.7,21632.9
951546,10914.2,71656.0,233.07750365675295,24895.63,4496.0
951616,5733.21,79955.0,145.26188253338458,31672.87,6990.1
951624,6503.4,22081.0,145.26188253338458,53890.87,11650.8
951712,2615.14,57023.0,15.62302323830474,38041.98,8675.4
951719,11772.79,51008.0,145.26188253338458,42316.87,11612.0
951746,16702.7,0.0,1141.6639513108614,9638.0,4913.0
951781,5643.8,41043.0,47.8057265123878,27754.73,23330.1
951879,3832.9,97729.0,286.68206967213115,16657.0,4913.0
951941,5871.61,0.0,43.07274699920345,40119.91,7226.0
951954,2456.82,50979.0,17.758573593753727,33526.31,10811.5
952003,2656.0,31796.0,145.26188253338458,35195.82,13006.5
952026,2840.85,0.0,145.26188253338458,36282.83,6990.1
952077,11537.51,0.0,145.26188253338458,22173.49,0.0
952093,8119.83,46618.0,145.26188253338458,48797.96,12889.6
952163,12779.06,0.0,145.26188253338458,0.0,0.0
952222,8845.71,77077.0,145.26188253338458,34331.61,29819.0
952244,8346.02,40105.0,145.26188253338458,0.0,0.0
952322,5674.38,26225.0,33.69957142299282,39346.9,9009.0
952326,23144.13,59821.0,145.26188253338458,53596.68,13163.0
952393,6140.24,34112.0,719.0976256684492,9892.0,0.0
952434,10280.81,73661.0,145.26188253338458,0.0,0.0
952493,4772.94,20993.0,145.26188253338458,55037.01,5134.0
952532,2771.96,0.0,144.07686830713172,13327.63,8922.0
952545,2491.32,36631.0,145.26188253338458,37189.7,13406.0
952573,7588.36,76516.0,1257.7201889020105,8207.65,0.0
952582,2616.61,72302.0,191.74114635615348,11190.0,2600.0
952602,16261.17,41671.0,531.3346686838665,18550.51,0.0
952629,4490.6,0.0,145.26188253338458,56917.81,4349.0
952641,8873.53,53503.0,145.26188253338458,30167.5,18039.8
952672,2683.49,84895.0,158.43963927531547,17034.0,0.0
952696,20096.89,92766.0,1064.02159123876,11132.0,14655.0
952717,7985.14,52339.0,145.26188253338458,41235.22,11964.3
952730,2616.41,22000.0,145.26188253338458,42537.26,12108.7
952859,5639.94,73168.0,145.26188253338458,0.0,0.0
952911,15284.33,48885.0,598.3248015873023,18000.0,6706.0
952938,8427.72,20662.0,47.69256219873519,44427.07,19846.0
952955,7840.17,58414.0,145.26188253338458,47621.72,0.0
952959,8902.74,46833.0,145.26188253338458,39147.17,5218.0
953097,4807.85,99874.0,145.26188253338458,36452.27,11613.0
953198,13770.98,59207.0,77.79724981839493,49212.98,9556.8
953210,3933.81,25927.0,395.5483884297521,9816.0,6594.0
953281,5070.23,0.0,145.26188253338458,25636.1,4201.0
953307,5568.95,0.0,2674.561513157905,8068.0,2535.0
953341,7028.94,18120.0,145.26188253338458,42117.46,10510.0
953420,9587.33,39266.0,2541.3038852578134,7142.0,0.0
953431,9552.93,97732.0,145.26188253338458,31853.5,11285.0
953448,5792.67,87382.0,379.88702461520097,8198.0,0.0
953612,2311.38,24641.0,257.6566323933628,5756.0,13200.0
953614,19160.99,22705.0,145.26188253338458,45056.74,13986.0
953673,9560.05,19429.0,145.26188253338458,32120.81,6817.2
953693,26223.81,0.0,145.26188253338458,26744.87,13733.9
953757,8930.14,0.0,2279.371398601401,5609.0,5694.0
953784,3980.84,92539.0,344.58654545454567,8856.0,4416.0
953795,8042.8,55411.0,145.26188253338458,33731.7,12531.0
953892,2522.26,0.0,113.26585875984269,9123.0,12012.0
953927,2397.54,0.0,385.8474867724877,10507.0,0.0
954174,5237.48,33554.0,150.32832417215158,36619.44,0.0
954231,3600.93,25147.0,145.26188253338458,39595.01,6136.0
954293,11373.99,87810.0,3813.386114513177,6803.0,0.0
954329,6414.08,0.0,426.7998055420524,8191.0,0.0
954424,4698.76,0.0,34.61637238517371,46219.25,16051.2
954453,2050.62,0.0,145.26188253338458,37402.76,15872.6
954454,14472.58,22012.0,145.26188253338458,0.0,0.0
954558,3919.37,66676.0,57.24730384604612,32180.23,9501.9
954570,8478.82,0.0,149.21382319616208,22031.94,3441.0
954587,36860.91,22854.0,6959.085594827588,6886.0,0.0
954599,5597.12,37995.0,145.26188253338458,0.0,0.0
954718,5677.31,0.0,2896.181900768694,24408.05,9670.0
954750,3942.92,38820.0,27.34725684837798,41013.92,13543.9
954773,2758.33,22158.0,145.26188253338458,0.0,0.0
954836,28511.03,27607.0,145.26188253338458,33207.35,24584.1
954952,3844.57,26262.0,145.26188253338458,28615.11,13135.8
954973,7462.93,70263.0,45.48935758643188,36060.18,6726.0
955087,16473.17,22828.0,229.9314359464627,20779.88,0.0
955130,5688.2,44833.0,1220.3328761755524,5907.0,2420.0
955138,7545.55,0.0,145.26188253338458,0.0,0.0
955178,4880.95,24398.0,51.42587968709409,41769.06,9203.8
955292,2585.56,64592.0,63.5642133244725,15163.89,11495.1
955424,14065.3,25275.0,185.3677686547225,31513.57,6254.8
955448,9199.54,0.0,387.9644251877531,17308.65,4277.0
955463,37243.63,53602.0,145.26188253338458,28018.97,12446.9
955479,9416.91,70602.0,145.26188253338458,40236.33,9769.5
955533,5607.25,39507.0,7081.820934256075,668.0,0.0
955567,5553.19,33255.0,926.8012574302712,7470.0,0.0
955633,4531.37,23705.0,145.26188253338458,35521.14,14286.1
955649,5801.13,48927.0,145.26188253338458,33285.08,4536.0
955652,32104.7,89546.0,5703.960036993769,50038.71,34991.5
955666,2847.97,96357.0,12.008865920070976,48242.09,18138.8
955716,3746.75,41479.0,145.26188253338458,39342.45,30285.6
955720,8749.5,52373.0,145.26188253338458,53727.78,17276.7
955750,23893.3,39837.0,145.26188253338458,41427.96,7199.1
955773,5226.29,76646.0,475.07783081520927,11279.0,0.0
955991,4782.35,81687.0,145.26188253338458,37766.22,23800.5
956005,4655.61,88240.0,24.724489058529105,41516.53,11660.3
956071,8870.67,91580.0,145.26188253338458,38988.52,7372.0
956081,2734.51,92157.0,150.82221164452915,13661.26,23506.8
956144,7725.54,96748.0,145.26188253338458,40852.22,38514.7
956191,5217.51,39854.0,81.87549012020843,30375.81,11044.2
956233,19644.76,67326.0,145.26188253338458,0.0,0.0
956402,2615.91,0.0,145.26188253338458,40762.09,4520.0
956438,8556.58,52440.0,145.26188253338458,54301.78,19571.3
956477,10419.17,80192.0,145.26188253338458,25142.89,4471.0
956558,7107.66,0.0,210.5759659090909,20019.0,0.0
956619,4639.98,28358.0,145.26188253338458,26720.05,4425.0
956630,8879.79,52583.0,4720.08254854369,2931.0,0.0
956843,6612.22,0.0,47.46159942419785,39987.82,13432.7
956861,5375.82,66844.0,145.26188253338458,59657.85,8637.4
956908,2671.82,62452.0,145.26188253338458,29541.69,0.0
956946,12269.42,60774.0,145.26188253338458,52122.96,16885.0
957008,4773.69,33701.0,83.8359868933861,46176.06,12104.0
957061,5414.9,57452.0,145.26188253338458,43778.51,26861.1
957127,4911.0,32903.0,145.26188253338458,27957.51,0.0
957214,7860.09,21726.0,145.26188253338458,34294.35,10468.4
957276,5531.63,50648.0,145.26188253338458,24226.7,23415.6
957325,2458.56,0.0,1489.8302158273457,3987.0,0.0
957377,9007.43,41539.0,102740.99843750226,530.0,0.0
957413,4358.55,0.0,145.26188253338458,39398.91,12120.1
957419,3557.37,17272.0,145.26188253338458,35914.44,19693.1
957452,2632.55,99841.0,145.26188253338458,46156.56,10324.6
957557,3343.93,40794.0,145.26188253338458,36039.47,11164.4
957571,8693.65,88294.0,145.26188253338458,42065.11,10357.0
957572,6474.83,0.0,145.26188253338458,51023.29,17799.9
957628,13357.45,0.0,145.26188253338458,29891.14,27760.5
957686,2393.92,0.0,145.26188253338458,35581.89,19145.5
957764,12741.85,73054.0,145.26188253338458,46983.11,3133.0
957881,2552.91,33124.0,145.26188253338458,36965.75,8424.0
957901,3919.37,66676.0,270.4427538880355,18365.92,2328.0
957912,4015.34,80055.0,72.1301996180877,37563.72,0.0
958005,7704.25,49088.0,145.26188253338458,62308.33,9917.8
958026,5561.29,92678.0,163.66934404463703,23655.31,5933.7
958059,4949.39,0.0,145.26188253338458,39172.01,4984.0
958143,4865.85,21498.0,145.26188253338458,42868.2,11097.9
958224,4330.39,60475.0,145.26188253338458,27404.79,6513.2
958243,4569.88,0.0,28.58813528239248,43767.28,28520.9
958274,3873.65,28142.0,145.26188253338458,44539.24,3982.0
958283,23187.15,58466.0,11754.596875,3284.0,0.0
958299,19849.74,0.0,473.6788663332356,16501.05,11310.0
958472,4479.6,36349.0,85.72086154921584,27413.11,0.0
958491,4970.36,49714.0,39.66059550529048,37878.71,13882.6
958518,5996.07,0.0,3174.901668278537,3732.0,0.0
958544,22261.02,50398.0,145.26188253338458,45891.76,15809.8
958687,8605.5,47589.0,145.26188253338458,30802.02,2820.0
958709,3731.5,0.0,145.26188253338458,40313.06,14704.1
958743,2805.18,98859.0,2945.035570469817,2271.0,3910.0
958767,4439.9,88613.0,145.26188253338458,37447.92,25014.2
958791,3964.53,62638.0,145.26188253338458,36043.54,18040.4
958800,4467.71,0.0,67.53222526835414,32208.45,0.0
958839,4083.56,13483.0,1060.6020398481985,6310.0,0.0
958869,10972.07,24164.0,145.26188253338458,0.0,0.0
958915,16798.86,55269.0,346.0164160153496,38648.3,0.0
958923,4747.73,42165.0,145.26188253338458,43075.66,38209.0
958931,6352.96,80587.0,64.06635317260776,32422.09,10165.8
958941,6714.07,0.0,843.8827651515157,5840.0,8227.0
959027,7150.11,24124.0,145.26188253338458,0.0,0.0
959044,8060.16,23671.0,145.26188253338458,31951.26,0.0
959059,2465.62,51641.0,145.26188253338458,29592.24,9266.3
959137,4069.78,0.0,38.272576900978805,35077.67,11593.8
959179,33473.35,33190.0,145.26188253338458,0.0,0.0
959192,4638.95,0.0,145.26188253338458,49488.71,6266.2
959280,2891.72,21979.0,18.707423100918824,38273.72,5519.5
959364,4714.04,46097.0,169.64334588764245,15385.72,0.0
959402,10484.92,61108.0,65.86103255251508,26244.89,18158.3
959453,8467.39,21139.0,1267.330788682341,5070.0,2311.0
959478,2939.94,97735.0,27.27887248754366,27281.34,17687.2
959514,2248.45,24910.0,189.3158592848904,9215.0,0.0
959673,11572.1,0.0,102.05084643386382,39074.95,24962.2
959728,3979.39,0.0,108.05113260182266,16451.260000000002,5838.0
959778,12105.29,33345.0,19210.568913043557,1430.0,0.0
959793,30118.66,68906.0,145.26188253338458,42621.6,0.0
959821,9312.59,75986.0,145.26188253338458,40037.17,12325.9
959977,9453.0,91942.0,519.0049638989173,9771.0,4836.0
960005,2921.68,0.0,145.26188253338458,42500.51,11385.7
960050,8622.84,97361.0,145.26188253338458,0.0,0.0
960082,7595.34,20538.0,42.47874912661347,48607.65,0.0
960195,2254.93,0.0,145.26188253338458,30221.55,20692.9
960253,4222.98,0.0,3821.6223966942152,1529.0,4578.0
960309,3459.23,0.0,88.72500650003172,20396.64,4715.0
960417,17625.54,77803.0,911.5797421122244,10189.0,3746.0
960441,29577.28,0.0,145.26188253338458,32415.65,10146.1
960555,4607.24,17343.0,145.26188253338458,0.0,0.0
960629,3635.03,35056.0,145.26188253338458,43128.49,16166.5
960678,4270.03,0.0,145.26188253338458,0.0,0.0
960708,3567.5,0.0,24.00231334273418,32934.72,19150.1
960761,13881.04,17961.0,145.26188253338458,0.0,0.0
960913,6098.46,74257.0,27.299459882410368,36241.23,9775.1
960934,5008.79,0.0,145.26188253338458,19547.0,8023.7
960959,28824.06,0.0,145.26188253338458,0.0,0.0
961177,5898.73,53998.0,175.0891654739444,11293.66,0.0
961213,11288.17,96399.0,1971.3789712918692,5532.0,2304.0
961218,2524.65,0.0,145.26188253338458,31231.47,16959.0
961264,19688.32,83879.0,145.26188253338458,0.0,0.0
961331,17006.0,58620.0,137.35010407339277,46688.93,16197.8
961427,2954.39,62461.0,145.26188253338458,41055.33,2532.0
961440,32613.69,45173.0,145.26188253338458,0.0,0.0
961455,5073.28,57709.0,145.26188253338458,0.0,0.0
961463,2807.05,80915.0,86.96827518886343,26527.82,9525.0
961512,5799.06,65538.0,145.26188253338458,0.0,0.0
961533,14435.67,60880.0,121.5946295327621,20243.88,13856.4
961595,7949.28,63688.0,145.26188253338458,32555.37,19438.9
961639,11315.2,11885.0,60.32481541259212,37853.23,4526.0
961650,5279.2,77167.0,145.26188253338458,8357.279999999999,0.0
961682,6846.15,0.0,73.44100108155138,38464.06,15219.2
961837,8310.7,67541.0,145.26188253338458,38434.62,3602.0
961961,26197.41,18495.0,145.26188253338458,34858.62,3367.0
961965,29830.39,0.0,239.8205402964693,25255.13,8835.0
961978,10148.42,44856.0,145.26188253338458,50350.71,17622.5
962011,2168.52,0.0,145.26188253338458,31728.38,20247.8
962055,4490.6,0.0,145.26188253338458,0.0,0.0
962267,4386.28,10621.0,152.9288939267543,18029.13,6304.0
962278,4318.43,17572.0,384.4768558419392,9132.0,3686.0
962455,7396.28,71135.0,145.26188253338458,48487.57,7679.0
962472,5534.58,71560.0,3258.260806451613,5043.0,0.0
962480,4362.93,58842.0,145.26188253338458,0.0,0.0
962566,4160.16,0.0,124.81163899391755,12690.0,0.0
962600,15014.09,32961.0,145.26188253338458,0.0,0.0
962637,5093.01,29638.0,40.72033948426781,29855.78,13354.7
962657,3142.88,0.0,27.484355708181937,36479.89,0.0
962661,4055.4,0.0,22.889980067041144,35071.2,9930.0
962730,2757.38,50414.0,145.26188253338458,29037.26,11926.3
962801,5657.03,0.0,39.24259693215273,26723.88,12823.2
962989,18205.67,0.0,145.26188253338458,46168.61,0.0
963016,5999.38,26303.0,145.26188253338458,57492.74,17290.0
963036,2633.01,21861.0,145.26188253338458,41832.82,6450.5
963067,25253.1,44096.0,145.26188253338458,36921.52,4675.9
963100,5004.26,39161.0,145.26188253338458,27379.8,4204.0
963170,8573.46,46703.0,1616.380630165295,6952.0,0.0
963410,5272.01,98110.0,145.26188253338458,30155.11,14301.4
963464,3748.99,82189.0,32.511460184560406,34494.87,3653.0
963473,11077.69,78011.0,145.26188253338458,38743.71,13418.4
963487,3350.69,94395.0,20.10894410938724,44131.32,10431.0
963502,8331.65,0.0,59.38325756776917,41558.05,35192.8
963523,9384.48,0.0,145.26188253338458,42737.74,6264.3
963541,3756.64,0.0,127.36147129853242,16342.12,0.0
963595,2879.63,40525.0,41.7522251912036,32905.61,0.0
963619,4167.99,0.0,193.7982611464968,21467.0,3760.0
963642,6778.84,0.0,59.23686831445185,36598.81,9147.0
963644,7215.82,0.0,198.119506238466,22369.97,7295.0
963690,14651.62,74915.0,522.0462026552133,11593.0,0.0
963757,8819.02,99845.0,145.26188253338458,34149.9,7746.3
963814,3436.13,30817.0,145.26188253338458,50721.77,2956.0
963921,2427.77,24409.0,145.26188253338458,0.0,0.0
963985,2933.96,0.0,145.26188253338458,48225.75,2791.0
964047,4923.95,31093.0,41.38211368073975,38637.44,27111.4
964151,18269.27,55761.0,252.3698169500935,23420.14,0.0
964159,3975.32,67895.0,145.26188253338458,43791.15,0.0
964206,8092.88,50825.0,6961.27541241166,1263.0,9221.0
964744,8098.51,0.0,236.68477460164985,20266.11,10432.0
964789,5615.07,19949.0,145.26188253338458,27955.97,8487.3
964791,3733.03,21542.0,161.66374728099666,8329.0,3260.0
965012,8744.73,61706.0,145.26188253338458,41633.89,16480.6
965066,4838.21,73769.0,351.64210473914807,8622.0,0.0
965079,10010.14,66371.0,64.67311385629499,34437.59,8242.2
965116,10581.28,42513.0,145.26188253338458,22710.02,3000.0
965154,4127.5,0.0,502.68184851518254,8914.0,7360.0
965254,3373.87,28989.0,281.73474033401993,7690.0,0.0
965482,8720.46,25752.0,90.62475336322872,33972.32,12024.8
965590,7582.11,64801.0,145.26188253338458,17667.69,5185.0
965605,3588.88,42836.0,145.26188253338458,104569.09,36847.4
965674,3732.31,75774.0,145.26188253338458,45490.98,22309.8
965688,6386.28,23751.0,145.26188253338458,21534.67,5743.0
965691,8106.0,20815.0,145.26188253338458,0.0,0.0
965698,5011.26,75248.0,34.854572998380306,44336.08,3383.0
965713,22103.51,0.0,13240.341055798686,44960.58,20259.6
965751,33473.35,33190.0,2115.265365304712,11868.0,0.0
965758,4411.66,0.0,80.73211725186758,28404.57,12026.9
965948,9801.29,0.0,145.26188253338458,51600.89,11682.0
966059,3129.11,48056.0,145.26188253338458,47883.93,11495.9
966089,2523.65,43204.0,1242.5345098920882,4197.0,0.0
966117,4363.12,54514.0,145.26188253338458,35710.49,22162.5
966142,9817.03,0.0,462.7086712293391,15739.0,10543.0
966204,3991.73,54964.0,99.42505948291944,22717.54,12501.4
966210,2300.69,25905.0,140.03643968871597,11535.0,3341.0
966227,3123.08,0.0,240.5072508615237,13587.0,0.0
966285,4711.85,0.0,38.4087323979311,42953.57,4082.0
966350,23142.15,0.0,145.26188253338458,12078.93,0.0
966372,6617.14,0.0,145.26188253338458,37525.22,0.0
966389,9332.49,58007.0,93.4554816318692,34317.64,6961.6
966391,8006.22,63762.0,152.201578125,30909.85,21750.7
966512,9344.43,0.0,321.9459587442029,12626.86,5462.0
966580,7109.3,69700.0,145.26188253338458,23928.25,29442.5
966688,4836.39,0.0,145.26188253338458,0.0,0.0
966698,9029.94,0.0,899.9694451523663,8938.39,0.0
966729,2497.91,29465.0,29.24202668462748,35638.46,0.0
966797,10937.18,21450.0,145.26188253338458,34192.54,19980.2
966891,8544.41,28224.0,93.1993034055728,41113.62,0.0
966920,8575.96,39946.0,266.68435536042404,11242.28,4526.0
966949,5505.06,86132.0,145.26188253338458,0.0,0.0
966953,15512.56,39794.0,145.26188253338458,44451.97,20724.6
967017,3500.45,89398.0,145.26188253338458,52448.61,11101.1
967032,5045.87,28056.0,201.267208092612,18949.61,0.0
967035,5503.44,76839.0,145.26188253338458,42958.61,14019.2
967093,7425.27,36259.0,145.26188253338458,45288.05,7499.3
967150,5064.13,78735.0,145.26188253338458,36508.45,6955.0
967233,8105.91,38893.0,145.26188253338458,0.0,0.0
967241,6857.52,0.0,145.26188253338458,41169.42,6579.7
967253,2424.42,27093.0,145.26188253338458,21367.56,0.0
967274,9403.88,56410.0,1180.7417268661854,9137.0,0.0
967298,4996.56,25915.0,31.14934652356001,42747.17,11787.2
967300,6364.9,41986.0,1015.9716472303232,6956.0,4371.0
967347,4868.81,31447.0,166.83920982631844,18009.0,8346.0
967443,16728.34,0.0,145.26188253338458,41701.99,9851.5
967462,8608.16,21450.0,145.26188253338458,33812.79,8664.0
967490,11814.48,0.0,145.26188253338458,43876.9,11583.0
967500,16979.8,35095.0,1610.6099272349293,6927.0,4220.0
967502,11513.36,16266.0,619.5149484029484,14359.0,4292.0
967628,7732.39,34430.0,51.73997217140072,40850.24,6487.0
967634,4869.24,55593.0,32314.04727272798,47.0,0.0
967637,15320.22,36637.0,145.26188253338458,41409.53,19347.7
967693,7486.02,0.0,145.26188253338458,20033.59,30512.1
967727,6869.19,0.0,1489.4580297029702,6091.0,0.0
967738,5924.67,78387.0,145.26188253338458,0.0,0.0
967772,3189.67,0.0,145.26188253338458,28627.73,10869.5
967819,36293.15,18047.0,145.26188253338458,0.0,0.0
967838,2859.53,99981.0,145.26188253338458,26912.15,12349.8
967883,4067.0,28466.0,145.26188253338458,46795.5,25075.7
967904,7899.22,40032.0,73.16753005066953,34325.06,27142.3
967966,8609.16,79090.0,81.5772138359773,37103.5,0.0
968034,5502.73,0.0,145.26188253338458,81289.04000000001,12222.2
968064,24660.49,22070.0,860.249651162791,14556.0,15532.0
968090,6134.39,43875.0,145.26188253338458,33685.67,0.0
968225,15031.56,59456.0,145.26188253338458,34894.52,6321.3
968253,16280.2,0.0,132.4488387298097,42748.17,0.0
968312,15467.79,77517.0,197.38981015313624,31069.92,8144.0
968325,2399.18,20992.0,26.826599883589136,30691.27,18536.3
968370,5570.22,85718.0,145.26188253338458,46773.74,14652.2
968447,2914.96,37803.0,145.26188253338458,29023.38,0.0
968450,6089.52,21832.0,145.26188253338458,34720.87,4377.6
968484,6298.18,89411.0,51.325326248339486,37645.03,4408.0
968497,18569.5,32756.0,258.3521059653136,27475.69,25428.9
968608,5512.34,45971.0,145.26188253338458,37681.38,16056.0
968632,2404.92,63455.0,145.26188253338458,44450.28,7269.4
968638,10297.0,0.0,262.88435174304743,18590.61,9497.0
968666,5956.55,48993.0,126.33375461227811,24027.65,0.0
968671,4944.09,53607.0,34.33552616557834,39602.4,17888.9
968764,2521.63,53243.0,259.9985734463279,6516.0,0.0
968807,13197.93,0.0,145.26188253338458,25565.85,9768.0
968828,5626.57,59782.0,436.3381126062323,9473.0,0.0
968842,22056.0,66851.0,145.26188253338458,5082.13,0.0
968867,2491.32,36631.0,145.26188253338458,0.0,0.0
968943,2691.22,82108.0,145.26188253338458,47608.26,33199.7
969053,2619.03,60477.0,23.587451638055256,38729.58,0.0
969092,8237.38,70882.0,145.26188253338458,44776.45,12420.6
969165,20766.67,0.0,1535.9340526849053,11654.0,3806.0
969219,6366.23,44368.0,4722.914532520343,4672.0,0.0
969277,7644.76,43838.0,60.82169989537319,34586.92,0.0
969313,8004.21,54008.0,145.26188253338458,59910.35,30137.8
969318,4347.59,81412.0,145.26188253338458,85676.55,12235.3
969342,9191.67,77603.0,145.26188253338458,33344.72,6665.2
969350,8256.3,62902.0,145.26188253338458,51877.44,23750.4
969360,2423.76,22319.0,145.26188253338458,39224.04,3935.0
969378,9756.04,67632.0,84.95454241816974,34704.8,9114.3
969483,3842.03,27906.0,56.06709957286885,24711.78,6100.9
969485,2436.88,48875.0,145.26188253338458,35336.15,20310.7
969500,8207.78,35349.0,145.26188253338458,42363.54,2764.0
969586,14710.43,22872.0,318.3962469460851,52591.75,26647.8
969616,2640.52,97666.0,145.26188253338458,34970.3,20455.2
969617,14641.52,0.0,1076.2932599355538,9787.0,0.0
969626,7694.06,32303.0,56.1127697410486,26412.13,0.0
969632,8427.17,46503.0,145.26188253338458,40386.0,47124.4
969653,5407.75,22555.0,145.26188253338458,21475.51,0.0
969687,9983.13,0.0,62.41483307078614,39762.2,11257.1
969689,4920.77,0.0,145.26188253338458,39023.11,29186.9
969732,3647.25,20694.0,145.26188253338458,53392.2,0.0
969764,19606.36,0.0,111.89911497967272,36703.61,5382.0
969800,8343.41,63354.0,145.26188253338458,0.0,0.0
969810,2514.59,43860.0,145.26188253338458,36697.98,8633.0
969860,7607.0,0.0,145.26188253338458,0.0,0.0
969913,5431.37,49345.0,145.26188253338458,42983.44,13438.8
969924,7602.66,0.0,145.26188253338458,65248.54,2963.0
969933,5479.56,56005.0,145.26188253338458,37732.24,8014.2
969938,14260.91,0.0,145.26188253338458,19002.12,2392.0
970014,2630.01,0.0,320.3048548548553,8806.0,4113.0
970092,2944.18,73601.0,145.26188253338458,40229.34,8500.0
970102,9696.55,86830.0,145.26188253338458,51545.01,21236.3
970152,4344.52,48054.0,1629.1950000000002,7173.0,0.0
970154,5278.18,73742.0,145.26188253338458,46087.72,24840.6
970195,20380.07,33175.0,191.5873971071528,35269.12,3033.0
970351,2409.7,0.0,46.109754861528565,45406.29,21962.1
970401,7572.24,12876.0,145.26188253338458,0.0,0.0
970576,10839.51,26367.0,354.22389563027144,17692.81,8448.0
970637,9075.77,37722.0,64.04287335477986,32624.63,0.0
970639,2178.52,0.0,22.4983674277792,37905.07,12762.8
970706,2311.12,0.0,145.26188253338458,41579.55,34573.2
970746,2224.77,0.0,145.26188253338458,47102.88,2707.0
970783,3592.0,28013.0,83.02686545740097,16969.38,3447.0
970964,3687.17,0.0,145.26188253338458,47834.06,26420.9
970976,5159.37,0.0,145.26188253338458,26181.08,14350.5
971030,3692.58,0.0,145.26188253338458,0.0,0.0
971097,6872.04,0.0,145.26188253338458,22157.55,11778.4
971107,23228.24,53243.0,145.26188253338458,32485.11,5606.0
971142,2609.83,58139.0,145.26188253338458,38559.93,14090.6
971157,2614.47,65186.0,145.26188253338458,37690.67,0.0
971164,6793.77,22250.0,145.26188253338458,41455.59,28418.6
971318,8306.55,89834.0,145.26188253338458,54470.87,10834.6
971370,5261.04,43573.0,145.26188253338458,68166.86,13108.6
971488,7813.41,25859.0,43.74809630459126,41229.74,21920.1
971528,2619.34,78618.0,145.26188253338458,33270.19,5652.5
971581,27666.3,61886.0,145.26188253338458,34173.85,17335.6
971582,5945.62,65602.0,145.26188253338458,33872.9,4618.0
971599,4468.51,0.0,145.26188253338458,22278.34,12744.2
971608,12157.33,57449.0,4785.834178170878,6416.75,0.0
971609,5889.51,62007.0,267.0398944099379,16869.0,0.0
971627,6862.51,54780.0,54.045383113875474,31692.4,19792.1
971637,2771.96,0.0,26.09694218393325,37457.81,10032.0
971670,3667.37,62375.0,471.6666842847085,10345.0,0.0
971902,4376.08,0.0,145.26188253338458,0.0,0.0
971987,9095.05,37937.0,52.68777308517004,41269.56,7330.2
972121,6439.0,19831.0,27.57024822473176,59261.44,16495.0
972129,28799.95,33635.0,145.26188253338458,40584.82,23385.2
972157,5781.02,69512.0,31.1284227183476,50335.58,9762.0
972222,2446.91,29152.0,86.74008242256292,38109.37,8384.7
972298,8873.2,28558.0,145.26188253338458,38605.87,10872.0
972462,13024.13,0.0,145.26188253338458,0.0,0.0
972581,3964.53,14616.0,27.62879340904824,28931.19,14199.0
972636,5838.9,81082.0,58.6844588324597,40206.63,11632.6
972648,2919.71,41456.0,42.68063307750535,43587.18,13880.9
972673,12521.42,39007.0,132.2342060568886,23260.3,3453.0
972686,3873.65,28142.0,145.26188253338458,72915.84,6397.3
972732,2337.35,28806.0,145.26188253338458,38889.95,12420.5
972787,7584.36,87473.0,589.2489144316737,13046.0,0.0
972791,2990.33,73137.0,432.6653475158572,4730.0,0.0
972795,9624.52,25629.0,97.76588358838112,33350.53,7615.0
972954,13466.92,11432.0,645.8317960846153,9710.0,2907.0
972964,14932.1,39049.0,569.9155617366573,16290.95,4056.0
972994,9426.97,26263.0,145.26188253338458,49884.57,6292.8
973059,2912.24,0.0,907.226970128027,8027.0,0.0
973060,3118.98,23008.0,31.20245195312072,25794.59,0.0
973070,9880.39,36576.0,145.26188253338458,0.0,0.0
973104,8257.67,23815.0,2417.6868048128395,7087.0,8496.0
973111,2725.19,81605.0,145.26188253338458,33894.33,28831.9
973112,12741.85,73054.0,145.26188253338458,37258.06,0.0
973168,2487.78,69236.0,145.26188253338458,39483.32,19229.9
973357,9028.31,76514.0,46.3311173035907,43720.35,9610.4
973407,5811.61,0.0,1474.446930027805,4488.0,5048.0
973485,2870.0,70974.0,145.26188253338458,42386.8,12905.5
973524,3135.41,55855.0,145.26188253338458,46648.45,18711.8
973609,7813.41,25859.0,30556.01410714286,736.0,0.0
973728,16515.01,51725.0,145.26188253338458,36010.41,15033.4
973846,16172.94,64388.0,391.9389452018414,27690.79,9068.0
973860,7519.13,96306.0,145.26188253338458,37351.36,8262.1
973897,2747.43,83502.0,20.64461039629439,32921.32,10972.0
973921,4991.04,54189.0,87.87169407236264,20928.88,6103.0
973951,4590.81,28354.0,145.26188253338458,45045.99,18834.9
974041,3097.92,0.0,15.1505730667984,49927.39,12800.6
974114,5079.84,83288.0,145.26188253338458,56395.02,29251.3
974189,3359.29,16891.0,145.26188253338458,0.0,0.0
974209,6521.37,72608.0,145.26188253338458,28352.41,21938.7
974265,7316.65,30493.0,1034.0386874032015,4764.0,3896.0
974330,3215.2,24191.0,145.26188253338458,35842.18,17739.8
974441,5739.82,0.0,251.50471788715495,24219.34,0.0
974500,4715.47,0.0,22.95449701790325,44707.27,0.0
974606,11277.72,98138.0,145.26188253338458,34965.25,6753.0
974617,7854.77,36409.0,64.73112266439283,36617.64,3484.0
974630,8566.42,99652.0,145.26188253338458,41979.69,11546.3
974715,10114.99,74001.0,3906.8479894179936,5938.0,0.0
974738,10745.98,39135.0,145.26188253338458,0.0,0.0
974758,2396.22,0.0,172.98660996835466,12513.0,2902.0
974777,8940.58,95351.0,145.26188253338458,36374.91,27021.8
974829,2685.43,75329.0,71.09602588962338,25763.97,0.0
974848,4425.75,63597.0,254.3935039370079,9419.0,0.0
974875,33053.27,44246.0,145.26188253338458,80832.16,34977.5
975181,7724.05,46988.0,265.36881118222914,13843.85,0.0
975199,2829.31,25860.0,145.26188253338458,46518.77,5076.0
975212,13576.14,94153.0,145.26188253338458,0.0,0.0
975218,7596.14,56225.0,1803.897918022127,3624.0,0.0
975298,5095.44,0.0,145.26188253338458,39623.56,0.0
975309,2606.05,0.0,145.26188253338458,40977.36,21397.2
975387,2627.76,20943.0,13.650798440124111,40335.78,2594.0
975407,16388.1,0.0,145.26188253338458,33037.64,19468.1
975412,2719.43,37703.0,21.09175284384695,40381.01,0.0
975466,7582.11,64801.0,8013.909700772251,2704.0,0.0
975477,14349.86,73222.0,145.26188253338458,34376.59,5463.0
975497,2615.3,24914.0,145.26188253338458,43102.81,11162.5
975531,1898.01,0.0,5208.824436090259,2699.0,0.0
975613,3636.94,34986.0,220.26334041282288,10677.54,7541.1
975614,4558.97,37709.0,145.26188253338458,30655.97,3105.0
975692,4834.8,32017.0,145.26188253338458,0.0,0.0
975749,9339.34,69442.0,145.26188253338458,57556.01,28197.6
975767,2453.34,0.0,14.87371604921867,41393.52,22708.6
975846,13372.02,88706.0,145.26188253338458,33839.09,14926.5
975918,10719.08,86036.0,145.26188253338458,45618.12,16820.3
975944,7123.08,21835.0,145.26188253338458,45309.57,20347.1
975949,2573.72,29500.0,634.8779905384098,35400.16,0.0
976004,7751.93,67787.0,1714.820878787879,3460.0,8665.0
976007,20474.15,95621.0,145.26188253338458,36584.48,7214.3
976153,5703.29,41438.0,145.26188253338458,38343.63,11146.1
976307,15272.8,40571.0,145.26188253338458,34550.77,2953.0
976330,8694.0,48893.0,91537.78846154048,2643.0,0.0
976413,4348.14,0.0,101.21626913265308,46120.08,19102.6
976423,2891.27,80590.0,11.260345235995084,46825.99,2510.0
976489,5062.37,0.0,141.54925105205112,26404.36,6601.0
976513,4273.59,82214.0,145.26188253338458,38247.35,17614.2
976529,2551.35,88126.0,145.26188253338458,30174.17,0.0
976596,5678.05,0.0,145.26188253338458,43691.1,6303.0
976605,5039.87,35984.0,145.26188253338458,44608.51,14664.2
976623,4754.45,0.0,145.26188253338458,59067.73,5829.2
976636,2749.19,0.0,145.26188253338458,14854.45,11830.5
976695,3238.0,60244.0,18.043320946905283,54672.94,9044.0
976700,11925.72,28014.0,145.26188253338458,35813.48,4485.0
976831,2978.85,64586.0,145.26188253338458,0.0,0.0
976834,2769.25,40506.0,8892.459677419374,2415.0,0.0
977037,3494.15,35001.0,713.9567549916051,4189.0,0.0
977080,3118.93,88782.0,145.26188253338458,41801.59,38494.1
977178,25030.38,26292.0,159.01349756678297,32607.65,20730.9
977236,16301.97,19614.0,6959.320526315823,3179.0,0.0
977244,56675.94,77237.0,145.26188253338458,46912.27,35839.3
977274,11211.59,41121.0,107.87308886639462,38538.93,0.0
977303,7331.51,0.0,56.509368598880805,47926.31,4086.0
977305,2530.71,89451.0,145.26188253338458,54220.2,6928.0
977363,2927.73,51991.0,214.7062130811579,7563.309999999999,0.0
977377,8984.04,0.0,303.42499444814587,15751.44,0.0
977523,3843.97,43987.0,17.818336158316455,42182.43,0.0
977550,24127.5,14072.0,145.26188253338458,19406.94,3638.0
977676,3044.0,24475.0,4782.1807747489365,1651.0,0.0
977693,2887.74,0.0,187.88326203208567,5152.0,6171.0
977916,9635.58,90334.0,145.26188253338458,43134.99,16166.6
978040,18039.11,0.0,3836.990180652689,7309.0,6300.0
978048,2500.83,25899.0,66.62795255474455,29767.38,9442.0
978130,3940.12,92539.0,145.26188253338458,35561.94,0.0
978349,7260.83,0.0,57.231399060181225,41777.59,19152.6
978484,5603.74,95284.0,145.26188253338458,37969.23,0.0
978654,4340.86,0.0,145.26188253338458,35007.59,20107.7
978676,5595.76,68004.0,24.280656454882116,45972.24,2818.0
978712,11638.9,25370.0,39214.14,3520.0,0.0
978907,16107.19,63288.0,145.26188253338458,0.0,0.0
978934,10506.77,0.0,145.26188253338458,0.0,0.0
979010,4868.81,31447.0,145.26188253338458,32399.46,7871.7
979053,9095.05,37937.0,59.95516041293417,38747.86,23487.3
979075,4837.93,0.0,458.1848598858334,9267.0,0.0
979115,9180.15,47663.0,171.2005737759362,41691.69,12292.6
979135,2279.75,0.0,45.19309103153869,30511.57,0.0
979168,6042.62,0.0,145.26188253338458,0.0,0.0
979262,7805.31,21073.0,145.26188253338458,46553.85,0.0
979309,4312.77,43386.0,145.26188253338458,42482.71,8706.3
979330,3677.91,31349.0,241.3066490509061,14684.01,0.0
979355,7256.58,29053.0,145.26188253338458,44453.46,11605.2
979389,8547.59,51179.0,37.68396275413575,43846.91,12635.0
979449,6366.23,44368.0,145.26188253338458,25331.78,29296.1
979467,8501.65,0.0,145.26188253338458,38221.76,6416.3
979548,7431.66,27688.0,145.26188253338458,50525.21,7333.0
979575,2365.35,0.0,11.293323528565365,35690.03,0.0
979598,8099.84,25949.0,145.26188253338458,33074.82,2928.0
979634,3187.35,0.0,145.26188253338458,48172.53,17318.1
979639,3482.69,65162.0,25.614774446922944,44919.73,11202.4
979644,2530.33,50577.0,145.26188253338458,43976.92,13753.5
979703,9075.77,37722.0,145.26188253338458,41592.42,31664.9
979776,5335.02,0.0,145.26188253338458,38067.7,0.0
979901,7928.83,0.0,145.26188253338458,26206.31,3154.0
979983,11269.23,65448.0,256.99043351674214,14617.92,9059.2
980145,9162.06,29723.0,145.26188253338458,0.0,0.0
980198,4376.36,63774.0,57.44727971075652,34743.1,10875.1
980338,12655.53,26149.0,81.03861259338318,34149.8,5041.0
980414,4898.67,33938.0,145.26188253338458,33968.93,2894.0
980478,4165.25,58299.0,32.143442339894136,42585.58,19155.0
980494,9638.07,35230.0,1601.2269230769268,7649.0,4349.0
980575,7329.89,0.0,145.26188253338458,36874.9,21493.6
980651,5055.9,88989.0,145.26188253338458,32894.85,5956.5
980761,2776.77,70793.0,145.26188253338458,43690.42,5691.0
980788,8750.64,59047.0,142.93099240740466,42436.32,11175.7
980837,4240.93,49746.0,124.5873312478538,17761.48,14840.0
980856,4254.62,11904.0,145.26188253338458,49095.33,14021.0
980915,4984.1,0.0,38.06678649748063,37660.15,11173.9
980935,5010.45,10892.0,52.14739193786161,39823.76,0.0
980952,4918.92,29256.0,145.26188253338458,38173.62,5228.0
981091,2809.77,74713.0,145.26188253338458,30622.84,10799.0
981117,4692.1,0.0,99.06197821266755,17237.05,8850.0
981150,6408.79,49988.0,145.26188253338458,45565.88,7643.7
981160,5332.46,68931.0,145.26188253338458,44265.94,12237.2
981195,13881.04,17961.0,145.26188253338458,28810.75,8973.0
981198,9743.35,24028.0,1811.985096807068,3994.0,0.0
981201,5421.52,25778.0,28.94792112636498,32159.28,13955.4
981220,2346.68,22932.0,137.60976158344593,15675.44,4660.7
981304,23950.37,39335.0,133.50030924465912,41328.15,9824.9
981343,4594.26,0.0,145.26188253338458,38372.65,17163.6
981395,6054.49,17200.0,25.463616883495984,38611.22,7337.8
981427,17041.44,22249.0,145.26188253338458,39867.79,12047.5
981434,6796.84,17937.0,145.26188253338458,38635.17,0.0
981508,5786.49,44784.0,145.26188253338458,24020.2,4201.0
981536,9087.59,0.0,55.76352071523196,41422.68,18787.6
981581,4517.91,25261.0,145.26188253338458,47002.41,5358.0
981664,2722.21,17576.0,145.26188253338458,39698.05,8205.0
981674,4864.38,88079.0,145.26188253338458,38858.76,11233.0
981691,20492.74,27317.0,271.2649286343762,22490.54,0.0
981737,2868.6,40046.0,32.96376324902928,34498.5,6534.1
981848,5032.39,30735.0,145.26188253338458,48420.69,3583.0
981851,20123.87,0.0,145.26188253338458,35747.91,16748.5
981920,5608.32,67176.0,145.26188253338458,36209.87,12435.1
982017,2300.33,0.0,12.100660312549545,44670.98,11239.0
982059,5206.03,71661.0,145.26188253338458,43989.89,5793.0
982096,8060.16,23671.0,54.541413684489584,34667.2,15393.8
982202,4726.87,13037.0,232.39595231681068,14658.0,0.0
982296,2893.81,61809.0,145.26188253338458,37590.57,11131.9
982416,3536.65,31727.0,18.48899888282026,41717.88,24410.7
982433,9087.59,0.0,1138.548175057209,7234.0,0.0
982446,5372.91,50405.0,145.26188253338458,37955.06,8764.7
982501,6979.54,0.0,276.88559886964754,14261.0,4183.0
982508,3419.11,40272.0,36.20155938614703,45128.61,4070.0
982528,3614.08,0.0,443.1697910367533,10703.09,0.0
982535,2545.52,29250.0,145.26188253338458,40970.96,17790.4
982542,7693.12,54665.0,145.26188253338458,19161.21,7087.0
982543,2872.98,36844.0,2859.9210000000003,1422.0,3313.0
982578,5866.42,26608.0,145.26188253338458,34983.91,12036.0
982608,4921.75,0.0,364.7739502111764,13536.22,13098.6
982715,6652.47,34886.0,145.26188253338458,43654.71,23599.4
982895,5399.58,71186.0,145.26188253338458,0.0,0.0
982969,3561.6,0.0,145.26188253338458,48146.7,24683.3
983130,20492.74,27317.0,992.0225596816986,13789.0,3290.0
983199,6966.32,27972.0,8921.778245614034,2928.0,0.0
983242,6948.33,40598.0,145.26188253338458,52007.23,13125.3
983353,4422.88,21124.0,145.26188253338458,0.0,0.0
983416,6796.84,17937.0,131.77208022606072,38203.31,19646.0
983440,22305.32,0.0,145.26188253338458,0.0,0.0
983450,3245.48,35592.0,145.26188253338458,0.0,0.0
983524,2695.96,25544.0,45.202228816595785,48545.7,4730.0
983551,9031.21,0.0,145.26188253338458,22482.1,23120.3
983713,7126.6,17483.0,145.26188253338458,39641.61,3957.0
983809,7025.04,24726.0,143.60154421126126,44643.64,3830.0
983810,3071.78,47528.0,145.26188253338458,0.0,0.0
983822,3861.49,93272.0,23.14467930328373,34306.65,4625.0
983855,3230.58,62873.0,402.490055751508,7267.0,0.0
983872,5504.14,0.0,3639.512862318855,2307.0,0.0
983900,5480.1,58651.0,53.09836104740062,39613.29,0.0
983968,6904.08,0.0,42.08040397360947,45596.23,20172.8
984055,8392.62,0.0,512.7730666220294,11976.0,0.0
984086,10110.96,96506.0,56.74646074646076,37249.52,9798.0
984115,2824.68,82875.0,19.83465862598788,40277.41,3590.0
984180,4434.03,83220.0,145.26188253338458,0.0,0.0
984290,2736.53,39492.0,87.56883204554231,25107.43,4436.0
984409,7275.89,0.0,48.964726109482456,43363.7,10854.0
984429,16936.27,39411.0,145.26188253338458,36812.62,7008.0
984545,5498.94,22520.0,145.26188253338458,38485.64,4359.0
984636,4719.76,37057.0,145.26188253338458,47203.17,6260.0
984713,3997.48,0.0,1971.73,2713.0,4552.0
984798,3829.09,74775.0,23.267777746947843,28182.58,9187.4
984824,5500.01,86073.0,418.3461343428737,14754.0,0.0
984878,2433.09,0.0,25.78438584538082,45344.5,16174.6
984968,9015.92,0.0,145.26188253338458,0.0,0.0
985115,2489.34,46051.0,344.1701136363637,3242.0,0.0
985183,3457.15,0.0,145.26188253338458,36349.45,6840.0
985211,6714.07,0.0,145.26188253338458,24956.98,6553.1
985266,2991.7,0.0,145.26188253338458,51053.48,17552.8
985320,10083.49,11828.0,1280.3132595083523,6449.81,0.0
985341,7771.02,58467.0,145.26188253338458,23077.79,8147.0
985374,4742.62,78596.0,25.979587701894307,36326.11,14877.1
985427,2754.46,79507.0,2024.7943743286933,3978.96,0.0
985516,8495.16,23791.0,46.15354181861483,43510.59,7411.9
985622,4787.81,45225.0,145.26188253338458,0.0,0.0
985707,16702.7,0.0,1164.340240641712,9273.0,12440.0
985757,6832.11,0.0,3379.024593495935,49126.05,11236.6
985765,7295.33,34062.0,37.75872241969334,58715.35,23247.3
985839,2549.45,0.0,30.431189255301057,41544.2,0.0
986018,7188.61,0.0,145.26188253338458,38604.49,0.0
986055,10828.37,11033.0,145.26188253338458,40293.8,0.0
986086,2221.36,0.0,10.425031501530077,51076.02,22935.3
986126,6237.51,0.0,145.26188253338458,0.0,0.0
986143,3472.37,0.0,145.26188253338458,33540.95,16734.4
986208,9075.77,37722.0,134.0298938330947,21329.75,10295.0
986217,2359.42,19864.0,145.26188253338458,38953.03,28540.2
986288,3484.14,34307.0,145.26188253338458,39877.19,8443.6
986421,2504.91,88264.0,145.26188253338458,23208.61,20211.1
986461,6273.91,18577.0,152.1104472357471,25048.52,2334.0
986507,9061.77,37970.0,133.2881744912351,30473.4,8020.0
986551,4297.02,86860.0,145.26188253338458,44334.66,10283.6
986623,14710.43,22872.0,382.7645979027213,21575.99,10431.4
986792,7200.66,0.0,691.8851088101103,10727.0,0.0
986825,4592.15,73604.0,145.26188253338458,36013.73,9680.5
987122,10852.96,67696.0,102.8153216052491,24498.4,0.0
987153,4742.11,63891.0,145.26188253338458,34585.44,7189.6
987171,3837.62,0.0,21.056620252707877,33793.43,13295.3
987205,35862.99,26376.0,145.26188253338458,37979.58,0.0
987221,2359.42,19864.0,12.763223572861923,33791.41,4248.0
987347,25401.52,36800.0,145.26188253338458,40345.51,12858.7
987425,3450.33,39248.0,145.26188253338458,41140.12,38573.1
987482,2803.6,60707.0,145.26188253338458,35990.4,0.0
987530,20067.4,85165.0,145.26188253338458,34238.25,5380.0
987612,4475.05,97949.0,26.15772932547564,47037.12,12519.1
987921,2034.99,0.0,145.26188253338458,50707.57,16074.0
987978,8151.72,0.0,304.8542827868853,17060.0,10444.0
988043,23020.89,97460.0,145.26188253338458,26947.48,6623.4
988149,6104.85,62455.0,175.38530106257394,16668.96,0.0
988178,3871.07,0.0,145.26188253338458,55788.05,14951.1
988223,4932.88,74809.0,9526.46137566147,953.0,0.0
988234,10796.45,30761.0,145.26188253338458,0.0,0.0
988249,2619.34,78618.0,145.26188253338458,43191.39,22857.0
988307,2063.39,0.0,145.26188253338458,46841.03,0.0
988345,14134.35,90844.0,145.26188253338458,41586.63,3474.0
988419,2395.57,21986.0,261.13978596316593,14779.0,0.0
988510,4112.63,0.0,145.26188253338458,45709.67,12725.5
988552,11981.98,21514.0,145.26188253338458,0.0,0.0
988594,9206.43,55542.0,1050.8746846659035,2861.0,0.0
988638,13727.8,0.0,145.26188253338458,22056.93,4249.0
988691,26122.13,83385.0,444.8238797266092,22227.43,4384.0
988728,14228.23,31650.0,1637.2332755359434,9500.0,0.0
988839,4878.95,43358.0,145.26188253338458,0.0,0.0
988921,5181.62,97131.0,145.26188253338458,43632.17,15030.8
988927,6185.34,21020.0,145.26188253338458,0.0,0.0
989040,2348.03,0.0,145.26188253338458,0.0,0.0
989048,4929.81,0.0,20.96609256764184,43783.05,7239.0
989067,2308.69,0.0,560.7842834960087,7535.0,8061.0
989081,3530.01,0.0,145.26188253338458,0.0,0.0
989134,5224.33,83389.0,145.26188253338458,38755.65,7641.8
989148,2429.37,74241.0,46.4032680935685,29375.28,4497.0
989154,5977.79,79140.0,35.39556203610675,34750.04,16345.7
989220,2586.81,0.0,145.26188253338458,0.0,0.0
989262,7347.41,29491.0,176.34904903544555,22685.97,7301.7
989406,7615.37,90918.0,1006.74032959073,6215.0,4120.0
989429,8874.55,84731.0,145.26188253338458,0.0,0.0
989473,2602.21,28995.0,1721.9119833212485,34132.99,6524.6
989478,7131.73,0.0,45.66430360753669,43405.39,0.0
989527,5181.62,97131.0,601.1733312142417,7431.0,10999.0
989528,3370.07,0.0,35.55624913282768,35639.35,0.0
989568,2493.59,37043.0,145.26188253338458,28979.04,11905.4
989658,2999.34,28564.0,145.26188253338458,0.0,0.0
989666,5384.73,0.0,145.26188253338458,42369.64,19343.0
989746,18767.55,0.0,145.26188253338458,34342.08,4932.4
989802,2478.58,65744.0,145.26188253338458,47174.4,6252.0
989816,3588.88,42836.0,21.810058606757547,46198.23,6961.0
989837,41787.9,46587.0,72746.82114467428,579.0,0.0
989986,8275.9,48197.0,145.26188253338458,43655.66,14787.7
990077,8629.33,59107.0,40.95987875609039,46677.67,5665.8
990122,7282.22,50886.0,145.26188253338458,0.0,0.0
990204,4903.15,0.0,145.26188253338458,35376.25,4903.0
990218,13955.57,90279.0,182.75016084899573,29850.14,11655.2
990268,5263.92,82528.0,145.26188253338458,37588.87,8119.0
990512,1904.0,0.0,145.26188253338458,11625.0,0.0
990595,5016.83,20868.0,45.33025750329245,35289.88,8931.9
990598,8861.15,90125.0,145.26188253338458,39143.11,2768.0
990728,7083.21,41449.0,12883.911877076494,2337.0,0.0
990905,2981.88,0.0,145.26188253338458,42088.21,33321.9
990918,3188.53,81081.0,22.753662871174864,36501.38,25644.3
990933,4893.98,25572.0,145.26188253338458,42576.25,16069.4
990947,2584.82,60942.0,145.26188253338458,0.0,0.0
990955,7840.65,0.0,52.15478294940955,42555.5,15306.4
991050,24127.5,14072.0,243.13794737762404,43179.08,17344.5
991056,2710.92,0.0,52.72570870337478,15812.54,3491.0
991084,7457.47,0.0,145.26188253338458,32932.68,4873.0
991090,10348.01,34244.0,145.26188253338458,30035.18,0.0
991189,8676.7,76214.0,5562.63846604219,5558.0,4008.0
991210,5489.21,50943.0,416.5264509199269,12822.46,9978.8
991213,7649.28,52705.0,973.949023255814,9094.0,0.0
991230,3238.0,60244.0,145.26188253338458,43714.76,22321.0
991275,15261.41,59797.0,145.26188253338458,0.0,0.0
991356,5604.33,20252.0,33.31509991693947,39379.22,18189.5
991371,3436.13,30817.0,145.26188253338458,0.0,0.0
991419,7610.2,38086.0,251.86390013903173,25458.16,15698.3
991442,7664.22,60184.0,145.26188253338458,18739.53,0.0
991529,3359.24,97576.0,145.26188253338458,46425.15,13766.3
991568,5454.59,66334.0,27.813756101513547,45478.64,3324.0
991627,8283.84,94851.0,1610.583238636366,4660.0,8599.0
991638,9217.98,26351.0,145.26188253338458,42129.29,20106.8
991672,4502.41,0.0,48.768833834526994,17149.04,11498.8
991893,2918.58,80714.0,14.942416075751812,50384.9,36871.9
991924,14120.04,95715.0,65.35745753641457,42479.57,8363.8
991983,8072.75,30584.0,1723.1308479532245,2679.27,0.0
992002,3123.08,0.0,145.26188253338458,53092.23,15914.5
992028,3319.62,69152.0,145.26188253338458,44918.35,13811.0
992065,4731.75,69833.0,428.1542838018744,10369.2,0.0
992072,4633.45,50250.0,145.26188253338458,48795.1,4545.0
992168,5746.33,22906.0,145.26188253338458,74127.12,19738.2
992194,6282.32,0.0,145.26188253338458,35818.25,25227.9
992268,2594.91,25925.0,20.64915119363396,41724.81,7896.4
992476,8082.88,53554.0,145.26188253338458,32727.94,17181.7
992488,10808.07,31063.0,145.26188253338458,36616.13,8554.5
992499,8714.92,0.0,5783.53781818183,2822.0,0.0
992524,7334.92,30969.0,145.26188253338458,27850.68,0.0
992538,7498.29,31134.0,145.26188253338458,36855.95,6285.0
992542,2369.37,49746.0,145.26188253338458,0.0,0.0
992631,2722.21,17576.0,145.26188253338458,0.0,0.0
992769,2397.04,22283.0,212.9794547224929,11352.0,0.0
992854,4330.39,60475.0,43.624891553650926,42465.79,14893.4
992886,4351.55,74163.0,145.26188253338458,30625.13,4896.0
992930,8779.09,54726.0,145.26188253338458,40864.3,10364.4
992985,3086.87,19464.0,145.26188253338458,26136.71,20141.9
992986,7017.15,0.0,67.86831587408142,26002.52,28849.5
993054,5255.58,44536.0,26.53635684543984,35972.39,32483.3
993058,5470.06,54507.0,57.1884271481289,42577.28,20317.6
993170,6366.23,44368.0,368.8371349206349,13314.0,3045.0
993241,2903.02,36845.0,123.12366953288416,12335.0,10063.0
993266,22067.73,15999.0,145.26188253338458,27491.67,19163.5
993271,2300.69,25905.0,10.25232882097563,41761.64,6301.0
993328,3554.85,58557.0,145.26188253338458,46988.62,7090.8
993350,2763.52,56274.0,145.26188253338458,0.0,0.0
993650,2399.05,19112.0,145.26188253338458,48083.01,10081.0
993986,4904.89,12902.0,145.26188253338458,42051.34,20853.7
994044,2744.52,94648.0,45.95857190046249,16015.59,0.0
994219,5904.09,97413.0,11711.917663043523,1495.0,0.0
994225,7704.96,30366.0,145.26188253338458,56501.71,13532.9
994285,2163.87,0.0,145.26188253338458,31742.12,5825.4
994308,9336.12,45262.0,429.3956401209685,16628.0,0.0
994374,7276.34,0.0,145.26188253338458,42941.77,11466.4
994377,4456.02,29550.0,145.26188253338458,38998.7,4675.0
994443,8841.77,0.0,145.26188253338458,44057.61,6168.0
994541,6120.19,23843.0,145.26188253338458,43711.13,16295.5
994571,3034.65,68205.0,21.00122388152145,39548.05,4002.0
994609,7850.13,67186.0,145.26188253338458,51139.26,27307.8
994676,5427.48,74561.0,21.459833566957773,48465.42,11598.4
994679,13055.57,58684.0,1680.8758553791888,9101.0,0.0
994707,7409.59,80415.0,122.20821333678768,25367.25,0.0
994763,5048.51,0.0,51.44694647324224,29597.12,7518.0
994803,17822.56,42696.0,145.26188253338458,0.0,0.0
994877,8370.4,77512.0,87.1618167294306,19695.43,0.0
994940,21034.02,26876.0,145.26188253338458,50491.91,16126.0
994993,4395.89,28719.0,25.3890752858546,40324.0,30672.1
995079,13167.61,54684.0,145.26188253338458,0.0,0.0
995091,4095.2,32180.0,164.43329703090112,13286.06,4097.0
995128,4967.04,0.0,145.26188253338458,37773.22,6370.7
995142,3919.37,66676.0,145.26188253338458,49738.04,20987.7
995333,5071.65,62258.0,30.3854124262997,48494.33,4451.7
995404,2430.96,0.0,145.26188253338458,0.0,0.0
995527,14316.85,97379.0,109.77080711940532,36444.9,8686.8
995662,8208.93,40646.0,145.26188253338458,32796.49,8105.4
995693,4376.36,63774.0,602.3270739064873,9872.0,0.0
995695,16313.68,0.0,145.26188253338458,51415.38,4986.0
995734,13727.8,0.0,145.26188253338458,42597.8,17871.2
995777,9707.65,30430.0,145.26188253338458,32017.39,0.0
995812,5973.98,41611.0,1788.2744942591594,5344.0,3417.0
995868,5827.48,45794.0,3412.3479144385096,5486.0,0.0
995877,4623.54,0.0,219.7957931753062,14575.0,4047.0
995943,4139.9,35945.0,145.26188253338458,0.0,0.0
996086,9047.12,0.0,56.36177461198856,32313.64,8266.9
996152,9706.38,23649.0,324.434862637363,12322.0,10942.0
996159,2471.53,95697.0,145.26188253338458,0.0,0.0
996231,3313.01,40348.0,145.26188253338458,0.0,0.0
996238,4655.61,88240.0,145.26188253338458,58291.27,23805.1
996254,2379.61,0.0,145.26188253338458,39276.17,7180.1
996301,6265.34,0.0,145.26188253338458,2398.25,0.0
996333,5791.61,80480.0,145.26188253338458,44633.35,0.0
996349,5205.02,32946.0,42.43222826086958,42547.46,15937.2
996488,7708.88,71134.0,145.26188253338458,49700.4,18167.1
996539,5112.31,44743.0,68.09398719857539,26803.45,0.0
996616,7907.13,24666.0,145.26188253338458,50289.31,0.0
996639,3399.13,28928.0,145.26188253338458,32222.2,12832.5
996686,2397.04,22283.0,21.43032870205187,27881.55,5197.0
996745,8207.7,40420.0,145.26188253338458,45169.24,21422.5
996794,7873.57,0.0,58.810089699863575,42406.52,0.0
996796,2619.17,15587.0,145.26188253338458,46422.98,24953.5
996896,5989.77,66839.0,145.26188253338458,42272.25,2571.0
996900,27937.75,13624.0,120.4992689335766,35145.11,20259.7
996984,2780.2,20261.0,506.8796203796215,4428.0,0.0
996989,2839.57,27083.0,37.29956634397383,21814.39,9610.0
996997,9338.08,0.0,145.26188253338458,42720.6,3355.0
997008,5479.56,56005.0,145.26188253338458,0.0,0.0
997121,9135.29,95330.0,1112.5728561895244,10108.0,3774.0
997189,5600.01,63621.0,145.26188253338458,49670.03,12251.0
997322,5673.84,0.0,5861.183773584906,7817.0,0.0
997359,5714.17,23726.0,145.26188253338458,32739.66,11882.6
997370,4926.28,49185.0,189.96941768942256,23634.36,0.0
997395,8650.0,0.0,145.26188253338458,30791.84,14058.1
997434,2551.23,79751.0,145.26188253338458,51066.7,19805.6
997439,3600.93,25147.0,145.26188253338458,51027.7,14362.0
997478,9628.7,71269.0,145.26188253338458,32926.23,14540.0
997539,12315.09,68420.0,114.2398766363976,33863.9,11026.0
997599,5860.02,38684.0,145.26188253338458,44494.49,5266.0
997653,6990.69,0.0,589.7021408541852,14704.36,4328.2
997654,14566.09,52564.0,145.26188253338458,36615.83,5753.2
997710,5841.53,0.0,145.26188253338458,20232.18,9984.5
997741,5062.37,0.0,166.68756991303735,20380.91,3691.0
997857,3436.13,30817.0,145.26188253338458,0.0,0.0
997912,16473.17,22828.0,145.26188253338458,0.0,0.0
997945,5241.14,48345.0,52.21949930119818,29922.09,11543.0
997964,4983.9,28726.0,53.00074877777326,22398.42,21541.7
998061,5237.48,33554.0,3034.413015873016,4124.0,0.0
998072,3151.16,18486.0,145.26188253338458,36973.36,0.0
998078,2837.16,29242.0,145.26188253338458,34858.34,15116.1
998085,16005.51,44901.0,145.26188253338458,47719.12,3752.0
998090,4389.28,26676.0,30.18341170796408,40589.76,18592.7
998112,8491.86,27781.0,145.26188253338458,32655.4,8836.0
998192,4997.78,54827.0,499.9149630035629,6119.0,5403.0
998465,3289.13,21947.0,47.5573287011912,26370.5,0.0
998507,7781.9,57474.0,92.22655691928048,35798.44,8589.8
998580,9767.94,36225.0,145.26188253338458,48223.14,12640.3
998776,34039.06,0.0,1469.8623984541375,12885.0,3510.0
998820,9552.93,97732.0,145.26188253338458,34010.52,27102.4
998934,3683.1,0.0,145.26188253338458,40906.45,16632.6
998972,4739.3,0.0,145.26188253338458,44297.85,34220.9
999120,3221.79,77882.0,17.73211011433845,34672.95,4800.0
999143,4861.37,36305.0,145.26188253338458,0.0,0.0
999272,10656.88,72540.0,145.26188253338458,52906.62,30816.5
999304,9778.98,0.0,145.26188253338458,13215.21,13066.3
999460,11875.9,0.0,145.26188253338458,0.0,0.0
999498,3436.13,30817.0,29.99023071968985,40098.96,31962.4
999513,27064.46,83560.0,145.26188253338458,23767.53,3920.0
999524,14325.15,0.0,145.26188253338458,46405.8,10900.3
999550,13736.13,16181.0,145.26188253338458,43383.46,14777.4
999589,5003.34,0.0,347.7187928408229,8070.0,5049.0
999631,2572.51,21104.0,145.26188253338458,38947.34,12935.2
999731,2951.29,69600.0,145.26188253338458,19501.4,6053.4
999758,18690.34,0.0,9764.275906488563,6895.0,4707.0
999788,8409.07,33397.0,474.8461508710049,21392.9,5249.7
999891,3745.37,59732.0,8810.268850698672,4201.71,6167.4
999902,7290.07,0.0,145.26188253338458,61006.55,10501.8
999911,8564.77,23506.0,145.26188253338458,0.0,0.0
999940,20266.5,21542.0,484.93455340071057,23855.59,5620.0
999982,2631.56,0.0,581.4282082324469,5264.0,0.0
999986,8257.01,20072.0,152.06919318487624,34506.96,18049.4
999987,5780.18,34148.0,145.26188253338458,0.0,0.0
999988,5780.18,34148.0,145.26188253338458,0.0,0.0
999989,5780.18,34148.0,145.26188253338458,0.0,0.0
999990,5780.18,34148.0,145.26188253338458,0.0,0.0
999991,5780.18,34148.0,145.26188253338458,0.0,0.0
999992,5780.18,34148.0,145.26188253338458,0.0,0.0
999993,5780.18,34148.0,145.26188253338458,0.0,0.0
999994,5780.18,34148.0,145.26188253338458,0.0,0.0
999995,5780.18,34148.0,145.26188253338458,0.0,0.0
999996,5780.18,34148.0,145.26188253338458,0.0,0.0
999997,5780.18,34148.0,145.26188253338458,0.0,0.0
999998,5780.18,34148.0,145.26188253338458,0.0,0.0
999999,5780.18,34148.0,145.26188253338458,0.0,0.0
