Loyalty#,Gender,Income,Customer Lifetime Value,EnrollmentType,rejoined_program,Days_in_prog,Cancelled_program,Enrollment_year,Enrollment_month,Location_cluster,TotalFlights,TotalDistance,TotalPointsAccumulated,TotalPointsRedeemed,RecencyInMonths,Pct_Spend_Month_1,Pct_Spend_Month_2,Pct_Spend_Month_3,Pct_Spend_Month_4,Pct_Spend_Month_5,Pct_Spend_Month_6,Pct_Spend_Month_7,Pct_Spend_Month_8,Pct_Spend_Month_9,Pct_Spend_Month_10,Pct_Spend_Month_11,Pct_Spend_Month_12,Total_Spend_Month_1,Total_Spend_Month_2,Total_Spend_Month_3,Total_Spend_Month_4,Total_Spend_Month_5,Total_Spend_Month_6,Total_Spend_Month_7,Total_Spend_Month_8,Total_Spend_Month_9,Total_Spend_Month_10,Total_Spend_Month_11,Total_Spend_Month_12,TotalFlightsWithCompanions,TotalFlightSpend,PctFlightsWithCompanions,PctPointsSpent,Avg_Flights_per_day,Avg_spent_per_flight,Loyalty_Aurora,Loyalty_Nova,Loyalty_Star,Education_Bachelor,Education_College,Education_Doctor,Education_High School or Below,Education_Master,Marital_Divorced,Marital_Married,Marital_Single,st_scaled_km_cluster4,st_scaled_ward_cluster3,mm_scaled_km_cluster4,mm_scaled_ward_cluster3,rb_scaled_km_cluster4,rb_scaled_ward_cluster2
100011,0,34148.0,5780.18,0,0,0.0,0,2017,5,1,0.0,0.0,0.0,0.0,999.0,0.0389952000453762,0.0400093395844636,0.0546780522379607,0.0489663289902179,0.0588835656116173,0.0750399232176823,0.0796924853680975,0.0732380877058602,0.0616469223867926,0.0594355192309143,0.0579599989545794,0.0796954677231966,0.0,0.0,0.0,0.0,0.0,0.0,0.0,0.0,0.0,0.0,0.0,0.0,37.0,64.6,0.2342419080068143,0.2150971360718403,0.2122905027932961,59.00756097560976,0,0,1,1,0,0,0,0,0,1,0,3,1,2,1,1,1
100012,1,34148.0,5780.18,0,0,0.0,0,2019,2,4,0.0,0.0,0.0,0.0,999.0,0.0389952000453762,0.0400093395844636,0.0546780522379607,0.0489663289902179,0.0588835656116173,0.0750399232176823,0.0796924853680975,0.0732380877058602,0.0616469223867926,0.0594355192309143,0.0579599989545794,0.0796954677231966,0.0,0.0,0.0,0.0,0.0,0.0,0.0,0.0,0.0,0.0,0.0,0.0,37.0,64.6,0.2342419080068143,0.2150971360718403,0.2122905027932961,59.00756097560976,0,0,1,1,0,0,0,0,0,0,1,3,1,2,1,1,1
100013,0,34148.0,5780.18,0,0,0.0,0,2017,9,5,0.0,0.0,0.0,0.0,999.0,0.0389952000453762,0.0400093395844636,0.0546780522379607,0.0489663289902179,0.0588835656116173,0.0750399232176823,0.0796924853680975,0.0732380877058602,0.0616469223867926,0.0594355192309143,0.0579599989545794,0.0796954677231966,0.0,0.0,0.0,0.0,0.0,0.0,0.0,0.0,0.0,0.0,0.0,0.0,37.0,64.6,0.2342419080068143,0.2150971360718403,0.2122905027932961,59.00756097560976,0,0,1,1,0,0,0,0,0,1,0,3,1,2,1,1,1
100014,1,34148.0,5780.18,0,0,0.0,0,2020,11,3,0.0,0.0,0.0,0.0,999.0,0.0389952000453762,0.0400093395844636,0.0546780522379607,0.0489663289902179,0.0588835656116173,0.0750399232176823,0.0796924853680975,0.0732380877058602,0.0616469223867926,0.0594355192309143,0.0579599989545794,0.0796954677231966,0.0,0.0,0.0,0.0,0.0,0.0,0.0,0.0,0.0,0.0,0.0,0.0,37.0,64.6,0.2342419080068143,0.2150971360718403,0.2122905027932961,59.00756097560976,0,0,1,1,0,0,0,0,0,1,0,3,1,2,1,1,1
100015,0,34148.0,5780.18,0,0,0.0,0,2020,4,4,0.0,0.0,0.0,0.0,999.0,0.0389952000453762,0.0400093395844636,0.0546780522379607,0.0489663289902179,0.0588835656116173,0.0750399232176823,0.0796924853680975,0.0732380877058602,0.0616469223867926,0.0594355192309143,0.0579599989545794,0.0796954677231966,0.0,0.0,0.0,0.0,0.0,0.0,0.0,0.0,0.0,0.0,0.0,0.0,37.0,64.6,0.2342419080068143,0.2150971360718403,0.2122905027932961,59.00756097560976,0,0,1,0,1,0,0,0,0,1,0,3,1,2,1,1,1
100016,0,34148.0,5780.18,0,0,0.0,0,2020,7,5,0.0,0.0,0.0,0.0,999.0,0.0389952000453762,0.0400093395844636,0.0546780522379607,0.0489663289902179,0.0588835656116173,0.0750399232176823,0.0796924853680975,0.0732380877058602,0.0616469223867926,0.0594355192309143,0.0579599989545794,0.0796954677231966,0.0,0.0,0.0,0.0,0.0,0.0,0.0,0.0,0.0,0.0,0.0,0.0,37.0,64.6,0.2342419080068143,0.2150971360718403,0.2122905027932961,59.00756097560976,0,0,1,0,0,0,0,1,0,0,1,3,1,2,1,1,1
100017,1,34148.0,5780.18,0,0,0.0,0,2017,4,5,0.0,0.0,0.0,0.0,999.0,0.0389952000453762,0.0400093395844636,0.0546780522379607,0.0489663289902179,0.0588835656116173,0.0750399232176823,0.0796924853680975,0.0732380877058602,0.0616469223867926,0.0594355192309143,0.0579599989545794,0.0796954677231966,0.0,0.0,0.0,0.0,0.0,0.0,0.0,0.0,0.0,0.0,0.0,0.0,37.0,64.6,0.2342419080068143,0.2150971360718403,0.2122905027932961,59.00756097560976,0,0,1,0,0,0,0,1,0,1,0,3,1,2,1,1,1
101356,1,25666.0,7482.64,0,0,2228.0,0,2015,11,1,0.0,0.0,0.0,0.0,999.0,0.0,0.0,0.0,0.0,0.0,0.0,0.0,0.0,0.0,0.0,0.0,0.0,0.0,0.0,0.0,0.0,0.0,0.0,0.0,0.0,0.0,0.0,0.0,0.0,0.0,0.0,0.0,0.0,0.2122905027932961,59.00756097560976,0,1,0,1,0,0,0,0,0,1,0,3,1,2,1,1,1
102308,1,0.0,12866.89,0,0,44.0,0,2021,11,4,0.0,0.0,0.0,0.0,999.0,0.0,0.0,0.0,0.0,0.0,0.0,0.0,0.0,0.0,0.0,0.0,0.0,0.0,0.0,0.0,0.0,0.0,0.0,0.0,0.0,0.0,0.0,0.0,0.0,0.0,0.0,0.0,0.0,0.0,59.00756097560976,0,0,1,0,1,0,0,0,0,0,1,3,1,2,1,1,1
103352,1,51705.0,5555.49,0,0,281.0,1,2017,11,4,0.0,0.0,0.0,0.0,999.0,0.0,0.0,0.0,0.0,0.0,0.0,0.0,0.0,0.0,0.0,0.0,0.0,0.0,0.0,0.0,0.0,0.0,0.0,0.0,0.0,0.0,0.0,0.0,0.0,0.0,0.0,0.0,0.0,0.2122905027932961,59.00756097560976,1,0,0,1,0,0,0,0,0,1,0,3,1,2,1,1,1
103383,1,11432.0,13466.92,0,0,245.0,1,2018,6,1,0.0,0.0,0.0,0.0,999.0,0.0,0.0,0.0,0.0,0.0,0.0,0.0,0.0,0.0,0.0,0.0,0.0,0.0,0.0,0.0,0.0,0.0,0.0,0.0,0.0,0.0,0.0,0.0,0.0,0.0,0.0,0.0,0.0,0.2122905027932961,59.00756097560976,1,0,0,0,0,1,0,0,0,1,0,3,1,2,1,1,1
104739,0,22520.0,5498.94,0,0,232.0,1,2016,11,4,0.0,0.0,0.0,0.0,999.0,0.0,0.0,0.0,0.0,0.0,0.0,0.0,0.0,0.0,0.0,0.0,0.0,0.0,0.0,0.0,0.0,0.0,0.0,0.0,0.0,0.0,0.0,0.0,0.0,0.0,0.0,0.0,0.0,0.2122905027932961,59.00756097560976,0,1,0,0,0,0,1,0,0,1,0,3,1,2,1,1,1
105145,1,0.0,4839.11,0,0,2374.0,0,2015,7,1,0.0,0.0,0.0,0.0,999.0,0.0,0.0,0.0,0.0,0.0,0.0,0.0,0.0,0.0,0.0,0.0,0.0,0.0,0.0,0.0,0.0,0.0,0.0,0.0,0.0,0.0,0.0,0.0,0.0,0.0,0.0,0.0,0.0,0.2122905027932961,59.00756097560976,0,0,1,0,1,0,0,0,0,0,1,3,1,2,1,1,1
105352,0,0.0,3923.27,0,0,136.0,1,2017,1,2,0.0,0.0,0.0,0.0,999.0,0.0,0.0,0.0,0.0,0.0,0.0,0.0,0.0,0.0,0.0,0.0,0.0,0.0,0.0,0.0,0.0,0.0,0.0,0.0,0.0,0.0,0.0,0.0,0.0,0.0,0.0,0.0,0.0,0.2122905027932961,59.00756097560976,0,0,1,0,1,0,0,0,0,0,1,3,1,2,1,1,1
105700,0,0.0,7944.97,0,0,741.0,1,2016,8,2,0.0,0.0,0.0,0.0,999.0,0.0,0.0,0.0,0.0,0.0,0.0,0.0,0.0,0.0,0.0,0.0,0.0,0.0,0.0,0.0,0.0,0.0,0.0,0.0,0.0,0.0,0.0,0.0,0.0,0.0,0.0,0.0,0.0,0.2122905027932961,59.00756097560976,0,1,0,0,1,0,0,0,0,0,1,3,1,2,1,1,1
106589,1,25370.0,11638.9,0,0,16.0,1,2016,8,2,0.0,0.0,0.0,0.0,999.0,0.0,0.0,0.0,0.0,0.0,0.0,0.0,0.0,0.0,0.0,0.0,0.0,0.0,0.0,0.0,0.0,0.0,0.0,0.0,0.0,0.0,0.0,0.0,0.0,0.0,0.0,0.0,0.0,0.2122905027932961,59.00756097560976,0,0,1,0,0,0,1,0,0,1,0,3,1,2,1,1,1
108481,0,39669.0,11633.58,0,0,39.0,0,2021,11,4,0.0,0.0,0.0,0.0,999.0,0.0,0.0,0.0,0.0,0.0,0.0,0.0,0.0,0.0,0.0,0.0,0.0,0.0,0.0,0.0,0.0,0.0,0.0,0.0,0.0,0.0,0.0,0.0,0.0,0.0,0.0,0.0,0.0,0.0,59.00756097560976,1,0,0,1,0,0,0,0,0,1,0,3,1,2,1,1,1
110073,1,72117.0,8364.56,0,0,22.0,1,2018,2,1,0.0,0.0,0.0,0.0,999.0,0.0,0.0,0.0,0.0,0.0,0.0,0.0,0.0,0.0,0.0,0.0,0.0,0.0,0.0,0.0,0.0,0.0,0.0,0.0,0.0,0.0,0.0,0.0,0.0,0.0,0.0,0.0,0.0,0.2122905027932961,59.00756097560976,1,0,0,1,0,0,0,0,0,1,0,3,1,2,1,1,1
110603,1,28909.0,5246.28,0,0,28.0,1,2020,10,2,0.0,0.0,0.0,0.0,999.0,0.0,0.0,0.0,0.0,0.0,0.0,0.0,0.0,0.0,0.0,0.0,0.0,0.0,0.0,0.0,0.0,0.0,0.0,0.0,0.0,0.0,0.0,0.0,0.0,0.0,0.0,0.0,0.0,0.0,59.00756097560976,0,0,1,1,0,0,0,0,0,1,0,3,1,2,1,1,1
111387,0,95733.0,5793.16,0,0,557.0,1,2016,10,4,0.0,0.0,0.0,0.0,999.0,0.0,0.0,0.0,0.0,0.0,0.0,0.0,0.0,0.0,0.0,0.0,0.0,0.0,0.0,0.0,0.0,0.0,0.0,0.0,0.0,0.0,0.0,0.0,0.0,0.0,0.0,0.0,0.0,0.2122905027932961,59.00756097560976,0,0,1,1,0,0,0,0,0,1,0,3,1,2,1,1,1
112797,0,80277.0,13345.14,0,0,243.0,1,2017,7,4,0.0,0.0,0.0,0.0,999.0,0.0,0.0,0.0,0.0,0.0,0.0,0.0,0.0,0.0,0.0,0.0,0.0,0.0,0.0,0.0,0.0,0.0,0.0,0.0,0.0,0.0,0.0,0.0,0.0,0.0,0.0,0.0,0.0,0.2122905027932961,59.00756097560976,0,0,1,1,0,0,0,0,0,1,0,3,1,2,1,1,1
112894,1,0.0,10221.81,0,0,14.0,0,2021,12,1,0.0,0.0,0.0,0.0,999.0,0.0,0.0,0.0,0.0,0.0,0.0,0.0,0.0,0.0,0.0,0.0,0.0,0.0,0.0,0.0,0.0,0.0,0.0,0.0,0.0,0.0,0.0,0.0,0.0,0.0,0.0,0.0,0.0,0.0,59.00756097560976,1,0,0,0,1,0,0,0,0,1,0,3,1,2,1,1,1
113656,1,27750.0,11618.56,0,0,613.0,1,2016,4,4,0.0,0.0,0.0,0.0,999.0,0.0,0.0,0.0,0.0,0.0,0.0,0.0,0.0,0.0,0.0,0.0,0.0,0.0,0.0,0.0,0.0,0.0,0.0,0.0,0.0,0.0,0.0,0.0,0.0,0.0,0.0,0.0,0.0,0.2122905027932961,59.00756097560976,1,0,0,1,0,0,0,0,0,1,0,3,1,2,1,1,1
115198,1,32714.0,3469.84,0,0,2291.0,0,2015,9,7,0.0,0.0,0.0,0.0,999.0,0.0,0.0,0.0,0.0,0.0,0.0,0.0,0.0,0.0,0.0,0.0,0.0,0.0,0.0,0.0,0.0,0.0,0.0,0.0,0.0,0.0,0.0,0.0,0.0,0.0,0.0,0.0,0.0,0.2122905027932961,59.00756097560976,0,0,1,1,0,0,0,0,0,1,0,3,1,2,1,1,1
117351,0,89586.0,7675.87,0,0,2266.0,0,2015,10,0,0.0,0.0,0.0,0.0,999.0,0.0,0.0,0.0,0.0,0.0,0.0,0.0,0.0,0.0,0.0,0.0,0.0,0.0,0.0,0.0,0.0,0.0,0.0,0.0,0.0,0.0,0.0,0.0,0.0,0.0,0.0,0.0,0.0,0.2122905027932961,59.00756097560976,0,1,0,1,0,0,0,0,0,1,0,3,1,2,1,1,1
117725,0,65870.0,7286.79,0,0,197.0,1,2016,7,5,0.0,0.0,0.0,0.0,999.0,0.0,0.0,0.0,0.0,0.0,0.0,0.0,0.0,0.0,0.0,0.0,0.0,0.0,0.0,0.0,0.0,0.0,0.0,0.0,0.0,0.0,0.0,0.0,0.0,0.0,0.0,0.0,0.0,0.2122905027932961,59.00756097560976,0,1,0,1,0,0,0,0,0,1,0,3,1,2,1,1,1
117832,1,0.0,8520.15,0,0,84.0,1,2018,7,4,0.0,0.0,0.0,0.0,999.0,0.0,0.0,0.0,0.0,0.0,0.0,0.0,0.0,0.0,0.0,0.0,0.0,0.0,0.0,0.0,0.0,0.0,0.0,0.0,0.0,0.0,0.0,0.0,0.0,0.0,0.0,0.0,0.0,0.2122905027932961,59.00756097560976,0,0,1,0,1,0,0,0,1,0,0,3,1,2,1,1,1
118298,1,29628.0,8482.46,0,0,130.0,1,2017,5,4,0.0,0.0,0.0,0.0,999.0,0.0,0.0,0.0,0.0,0.0,0.0,0.0,0.0,0.0,0.0,0.0,0.0,0.0,0.0,0.0,0.0,0.0,0.0,0.0,0.0,0.0,0.0,0.0,0.0,0.0,0.0,0.0,0.0,0.2122905027932961,59.00756097560976,0,1,0,1,0,0,0,0,0,1,0,3,1,2,1,1,1
118688,0,31572.0,5348.3,0,0,1057.0,1,2016,8,3,0.0,0.0,0.0,0.0,999.0,0.0,0.0,0.0,0.0,0.0,0.0,0.0,0.0,0.0,0.0,0.0,0.0,0.0,0.0,0.0,0.0,0.0,0.0,0.0,0.0,0.0,0.0,0.0,0.0,0.0,0.0,0.0,0.0,0.2122905027932961,59.00756097560976,0,0,1,1,0,0,0,0,0,1,0,3,1,2,1,1,1
119917,1,20978.0,3508.57,0,0,245.0,1,2017,5,1,0.0,0.0,0.0,0.0,999.0,0.0,0.0,0.0,0.0,0.0,0.0,0.0,0.0,0.0,0.0,0.0,0.0,0.0,0.0,0.0,0.0,0.0,0.0,0.0,0.0,0.0,0.0,0.0,0.0,0.0,0.0,0.0,0.0,0.2122905027932961,59.00756097560976,0,1,0,0,0,0,1,0,0,1,0,3,1,2,1,1,1
120206,1,99845.0,8819.02,0,0,615.0,1,2017,6,2,0.0,0.0,0.0,0.0,999.0,0.0,0.0,0.0,0.0,0.0,0.0,0.0,0.0,0.0,0.0,0.0,0.0,0.0,0.0,0.0,0.0,0.0,0.0,0.0,0.0,0.0,0.0,0.0,0.0,0.0,0.0,0.0,0.0,0.2122905027932961,59.00756097560976,0,0,1,1,0,0,0,0,0,1,0,3,1,2,1,1,1
120635,0,73716.0,24636.97,0,0,243.0,1,2018,12,4,0.0,0.0,0.0,0.0,999.0,0.0,0.0,0.0,0.0,0.0,0.0,0.0,0.0,0.0,0.0,0.0,0.0,0.0,0.0,0.0,0.0,0.0,0.0,0.0,0.0,0.0,0.0,0.0,0.0,0.0,0.0,0.0,0.0,0.2122905027932961,59.00756097560976,0,1,0,1,0,0,0,0,0,1,0,3,1,2,1,1,1
121469,1,76875.0,5890.53,0,0,215.0,1,2016,10,1,0.0,0.0,0.0,0.0,999.0,0.0,0.0,0.0,0.0,0.0,0.0,0.0,0.0,0.0,0.0,0.0,0.0,0.0,0.0,0.0,0.0,0.0,0.0,0.0,0.0,0.0,0.0,0.0,0.0,0.0,0.0,0.0,0.0,0.2122905027932961,59.00756097560976,1,0,0,1,0,0,0,0,0,1,0,3,1,2,1,1,1
121999,0,31414.0,4298.38,0,0,211.0,1,2019,4,4,0.0,0.0,0.0,0.0,999.0,0.0,0.0,0.0,0.0,0.0,0.0,0.0,0.0,0.0,0.0,0.0,0.0,0.0,0.0,0.0,0.0,0.0,0.0,0.0,0.0,0.0,0.0,0.0,0.0,0.0,0.0,0.0,0.0,0.0,59.00756097560976,0,1,0,1,0,0,0,0,0,1,0,3,1,2,1,1,1
122173,0,69497.0,16973.74,0,0,2266.0,0,2015,10,1,0.0,0.0,0.0,0.0,999.0,0.0,0.0,0.0,0.0,0.0,0.0,0.0,0.0,0.0,0.0,0.0,0.0,0.0,0.0,0.0,0.0,0.0,0.0,0.0,0.0,0.0,0.0,0.0,0.0,0.0,0.0,0.0,0.0,0.2122905027932961,59.00756097560976,0,1,0,1,0,0,0,0,0,1,0,3,1,2,1,1,1
122206,0,50071.0,2771.05,0,0,243.0,1,2017,10,1,0.0,0.0,0.0,0.0,999.0,0.0,0.0,0.0,0.0,0.0,0.0,0.0,0.0,0.0,0.0,0.0,0.0,0.0,0.0,0.0,0.0,0.0,0.0,0.0,0.0,0.0,0.0,0.0,0.0,0.0,0.0,0.0,0.0,0.2122905027932961,59.00756097560976,0,1,0,1,0,0,0,0,0,0,1,3,1,2,1,1,1
123151,0,0.0,21578.86,0,0,245.0,1,2017,6,0,0.0,0.0,0.0,0.0,999.0,0.0,0.0,0.0,0.0,0.0,0.0,0.0,0.0,0.0,0.0,0.0,0.0,0.0,0.0,0.0,0.0,0.0,0.0,0.0,0.0,0.0,0.0,0.0,0.0,0.0,0.0,0.0,0.0,0.2122905027932961,59.00756097560976,0,1,0,0,1,0,0,0,0,1,0,3,1,2,1,1,1
123538,0,42303.0,7180.97,0,0,243.0,1,2019,1,1,0.0,0.0,0.0,0.0,999.0,0.0,0.0,0.0,0.0,0.0,0.0,0.0,0.0,0.0,0.0,0.0,0.0,0.0,0.0,0.0,0.0,0.0,0.0,0.0,0.0,0.0,0.0,0.0,0.0,0.0,0.0,0.0,0.0,0.0,59.00756097560976,0,0,1,1,0,0,0,0,0,1,0,3,1,2,1,1,1
123780,1,0.0,2509.51,0,0,13.0,0,2021,12,3,0.0,0.0,0.0,0.0,999.0,0.0,0.0,0.0,0.0,0.0,0.0,0.0,0.0,0.0,0.0,0.0,0.0,0.0,0.0,0.0,0.0,0.0,0.0,0.0,0.0,0.0,0.0,0.0,0.0,0.0,0.0,0.0,0.0,0.0,59.00756097560976,0,0,1,0,1,0,0,0,0,0,1,3,1,2,1,1,1
123784,0,62464.0,8658.86,0,0,2342.0,0,2015,8,2,0.0,0.0,0.0,0.0,999.0,0.0,0.0,0.0,0.0,0.0,0.0,0.0,0.0,0.0,0.0,0.0,0.0,0.0,0.0,0.0,0.0,0.0,0.0,0.0,0.0,0.0,0.0,0.0,0.0,0.0,0.0,0.0,0.0,0.2122905027932961,59.00756097560976,0,0,1,1,0,0,0,0,0,1,0,3,1,2,1,1,1
123928,1,28264.0,4624.56,0,0,0.0,0,2021,12,4,0.0,0.0,0.0,0.0,999.0,0.0,0.0,0.0,0.0,0.0,0.0,0.0,0.0,0.0,0.0,0.0,0.0,0.0,0.0,0.0,0.0,0.0,0.0,0.0,0.0,0.0,0.0,0.0,0.0,0.0,0.0,0.0,0.0,0.2122905027932961,59.00756097560976,0,0,1,1,0,0,0,0,1,0,0,3,1,2,1,1,1
124536,0,29938.0,3478.89,0,0,82.0,1,2016,10,4,0.0,0.0,0.0,0.0,999.0,0.0,0.0,0.0,0.0,0.0,0.0,0.0,0.0,0.0,0.0,0.0,0.0,0.0,0.0,0.0,0.0,0.0,0.0,0.0,0.0,0.0,0.0,0.0,0.0,0.0,0.0,0.0,0.0,0.2122905027932961,59.00756097560976,0,1,0,1,0,0,0,0,1,0,0,3,1,2,1,1,1
124931,0,50631.0,13297.71,0,0,305.0,1,2018,4,1,0.0,0.0,0.0,0.0,999.0,0.0,0.0,0.0,0.0,0.0,0.0,0.0,0.0,0.0,0.0,0.0,0.0,0.0,0.0,0.0,0.0,0.0,0.0,0.0,0.0,0.0,0.0,0.0,0.0,0.0,0.0,0.0,0.0,0.2122905027932961,59.00756097560976,1,0,0,1,0,0,0,0,0,1,0,3,1,2,1,1,1
124987,1,60466.0,4666.64,0,0,243.0,1,2016,7,2,0.0,0.0,0.0,0.0,999.0,0.0,0.0,0.0,0.0,0.0,0.0,0.0,0.0,0.0,0.0,0.0,0.0,0.0,0.0,0.0,0.0,0.0,0.0,0.0,0.0,0.0,0.0,0.0,0.0,0.0,0.0,0.0,0.0,0.2122905027932961,59.00756097560976,0,0,1,1,0,0,0,0,0,1,0,3,1,2,1,1,1
126100,0,26000.0,17790.41,0,0,265.0,1,2016,11,3,0.0,0.0,0.0,0.0,999.0,0.0,0.0,0.0,0.0,0.0,0.0,0.0,0.0,0.0,0.0,0.0,0.0,0.0,0.0,0.0,0.0,0.0,0.0,0.0,0.0,0.0,0.0,0.0,0.0,0.0,0.0,0.0,0.0,0.2122905027932961,59.00756097560976,0,1,0,0,0,0,0,1,1,0,0,3,1,2,1,1,1
126148,0,0.0,3732.57,0,0,245.0,1,2019,5,2,0.0,0.0,0.0,0.0,999.0,0.0,0.0,0.0,0.0,0.0,0.0,0.0,0.0,0.0,0.0,0.0,0.0,0.0,0.0,0.0,0.0,0.0,0.0,0.0,0.0,0.0,0.0,0.0,0.0,0.0,0.0,0.0,0.0,0.0,59.00756097560976,0,1,0,0,1,0,0,0,0,0,1,3,1,2,1,1,1
126181,1,72460.0,3417.95,0,0,829.0,1,2017,4,0,0.0,0.0,0.0,0.0,999.0,0.0,0.0,0.0,0.0,0.0,0.0,0.0,0.0,0.0,0.0,0.0,0.0,0.0,0.0,0.0,0.0,0.0,0.0,0.0,0.0,0.0,0.0,0.0,0.0,0.0,0.0,0.0,0.0,0.2122905027932961,59.00756097560976,0,1,0,1,0,0,0,0,0,1,0,3,1,2,1,1,1
126308,0,82664.0,8838.09,0,0,245.0,1,2019,5,0,0.0,0.0,0.0,0.0,999.0,0.0,0.0,0.0,0.0,0.0,0.0,0.0,0.0,0.0,0.0,0.0,0.0,0.0,0.0,0.0,0.0,0.0,0.0,0.0,0.0,0.0,0.0,0.0,0.0,0.0,0.0,0.0,0.0,0.0,59.00756097560976,1,0,0,1,0,0,0,0,0,1,0,3,1,2,1,1,1
126526,0,28519.0,13113.14,0,0,191.0,1,2018,6,2,0.0,0.0,0.0,0.0,999.0,0.0,0.0,0.0,0.0,0.0,0.0,0.0,0.0,0.0,0.0,0.0,0.0,0.0,0.0,0.0,0.0,0.0,0.0,0.0,0.0,0.0,0.0,0.0,0.0,0.0,0.0,0.0,0.0,0.2122905027932961,59.00756097560976,0,1,0,0,0,0,1,0,0,1,0,3,1,2,1,1,1
127052,0,66620.0,5619.85,0,0,24.0,0,2021,12,1,0.0,0.0,0.0,0.0,999.0,0.0,0.0,0.0,0.0,0.0,0.0,0.0,0.0,0.0,0.0,0.0,0.0,0.0,0.0,0.0,0.0,0.0,0.0,0.0,0.0,0.0,0.0,0.0,0.0,0.0,0.0,0.0,0.0,0.0,59.00756097560976,0,0,1,1,0,0,0,0,0,1,0,3,1,2,1,1,1
128405,0,79655.0,23984.62,0,0,245.0,1,2018,5,4,0.0,0.0,0.0,0.0,999.0,0.0,0.0,0.0,0.0,0.0,0.0,0.0,0.0,0.0,0.0,0.0,0.0,0.0,0.0,0.0,0.0,0.0,0.0,0.0,0.0,0.0,0.0,0.0,0.0,0.0,0.0,0.0,0.0,0.2122905027932961,59.00756097560976,0,0,1,1,0,0,0,0,0,1,0,3,1,2,1,1,1
128615,1,20290.0,9079.82,0,0,2341.0,0,2015,8,2,0.0,0.0,0.0,0.0,999.0,0.0,0.0,0.0,0.0,0.0,0.0,0.0,0.0,0.0,0.0,0.0,0.0,0.0,0.0,0.0,0.0,0.0,0.0,0.0,0.0,0.0,0.0,0.0,0.0,0.0,0.0,0.0,0.0,0.2122905027932961,59.00756097560976,0,1,0,1,0,0,0,0,0,1,0,3,1,2,1,1,1
128753,0,21986.0,2395.57,0,0,54.0,0,2021,11,1,0.0,0.0,0.0,0.0,999.0,0.0,0.0,0.0,0.0,0.0,0.0,0.0,0.0,0.0,0.0,0.0,0.0,0.0,0.0,0.0,0.0,0.0,0.0,0.0,0.0,0.0,0.0,0.0,0.0,0.0,0.0,0.0,0.0,0.0,59.00756097560976,0,0,1,0,0,1,0,0,1,0,0,3,1,2,1,1,1
129071,1,34695.0,8750.22,0,0,985.0,1,2016,6,1,0.0,0.0,0.0,0.0,999.0,0.0,0.0,0.0,0.0,0.0,0.0,0.0,0.0,0.0,0.0,0.0,0.0,0.0,0.0,0.0,0.0,0.0,0.0,0.0,0.0,0.0,0.0,0.0,0.0,0.0,0.0,0.0,0.0,0.2122905027932961,59.00756097560976,1,0,0,1,0,0,0,0,0,0,1,3,1,2,1,1,1
129328,0,61584.0,7379.46,0,0,242.0,1,2018,2,7,0.0,0.0,0.0,0.0,999.0,0.0,0.0,0.0,0.0,0.0,0.0,0.0,0.0,0.0,0.0,0.0,0.0,0.0,0.0,0.0,0.0,0.0,0.0,0.0,0.0,0.0,0.0,0.0,0.0,0.0,0.0,0.0,0.0,0.2122905027932961,59.00756097560976,0,0,1,1,0,0,0,0,0,1,0,3,1,2,1,1,1
129743,0,99316.0,4574.52,0,0,595.0,1,2017,7,5,0.0,0.0,0.0,0.0,999.0,0.0,0.0,0.0,0.0,0.0,0.0,0.0,0.0,0.0,0.0,0.0,0.0,0.0,0.0,0.0,0.0,0.0,0.0,0.0,0.0,0.0,0.0,0.0,0.0,0.0,0.0,0.0,0.0,0.2122905027932961,59.00756097560976,0,0,1,1,0,0,0,0,0,0,1,3,1,2,1,1,1
131637,1,0.0,3735.84,0,0,245.0,1,2018,3,1,0.0,0.0,0.0,0.0,999.0,0.0,0.0,0.0,0.0,0.0,0.0,0.0,0.0,0.0,0.0,0.0,0.0,0.0,0.0,0.0,0.0,0.0,0.0,0.0,0.0,0.0,0.0,0.0,0.0,0.0,0.0,0.0,0.0,0.2122905027932961,59.00756097560976,0,1,0,0,1,0,0,0,0,0,1,3,1,2,1,1,1
131717,1,69792.0,11058.22,0,0,243.0,1,2018,12,4,0.0,0.0,0.0,0.0,999.0,0.0,0.0,0.0,0.0,0.0,0.0,0.0,0.0,0.0,0.0,0.0,0.0,0.0,0.0,0.0,0.0,0.0,0.0,0.0,0.0,0.0,0.0,0.0,0.0,0.0,0.0,0.0,0.0,0.2122905027932961,59.00756097560976,0,0,1,1,0,0,0,0,0,0,1,3,1,2,1,1,1
132563,1,0.0,5955.54,1,0,267.0,0,2021,4,5,0.0,0.0,0.0,0.0,999.0,0.0,0.0,0.0,0.0,0.0,0.0,0.0,0.0,0.0,0.0,0.0,0.0,0.0,0.0,0.0,0.0,0.0,0.0,0.0,0.0,0.0,0.0,0.0,0.0,0.0,0.0,0.0,0.0,0.0,59.00756097560976,0,1,0,0,1,0,0,0,0,0,1,3,1,2,1,1,1
133463,1,59253.0,7166.34,0,0,762.0,1,2016,3,2,0.0,0.0,0.0,0.0,999.0,0.0,0.0,0.0,0.0,0.0,0.0,0.0,0.0,0.0,0.0,0.0,0.0,0.0,0.0,0.0,0.0,0.0,0.0,0.0,0.0,0.0,0.0,0.0,0.0,0.0,0.0,0.0,0.0,0.2122905027932961,59.00756097560976,0,0,1,1,0,0,0,0,1,0,0,3,1,2,1,1,1
134827,1,96306.0,7519.13,0,0,243.0,1,2017,7,0,0.0,0.0,0.0,0.0,999.0,0.0,0.0,0.0,0.0,0.0,0.0,0.0,0.0,0.0,0.0,0.0,0.0,0.0,0.0,0.0,0.0,0.0,0.0,0.0,0.0,0.0,0.0,0.0,0.0,0.0,0.0,0.0,0.0,0.2122905027932961,59.00756097560976,0,1,0,1,0,0,0,0,1,0,0,3,1,2,1,1,1
135635,0,0.0,2746.08,0,0,491.0,1,2017,3,2,0.0,0.0,0.0,0.0,999.0,0.0,0.0,0.0,0.0,0.0,0.0,0.0,0.0,0.0,0.0,0.0,0.0,0.0,0.0,0.0,0.0,0.0,0.0,0.0,0.0,0.0,0.0,0.0,0.0,0.0,0.0,0.0,0.0,0.2122905027932961,59.00756097560976,0,0,1,0,1,0,0,0,0,1,0,3,1,2,1,1,1
136065,1,69844.0,2731.52,0,0,2362.0,0,2015,7,2,0.0,0.0,0.0,0.0,999.0,0.0,0.0,0.0,0.0,0.0,0.0,0.0,0.0,0.0,0.0,0.0,0.0,0.0,0.0,0.0,0.0,0.0,0.0,0.0,0.0,0.0,0.0,0.0,0.0,0.0,0.0,0.0,0.0,0.2122905027932961,59.00756097560976,0,0,1,1,0,0,0,0,0,1,0,3,1,2,1,1,1
136345,1,80757.0,15262.96,0,0,49.0,0,2021,11,3,0.0,0.0,0.0,0.0,999.0,0.0,0.0,0.0,0.0,0.0,0.0,0.0,0.0,0.0,0.0,0.0,0.0,0.0,0.0,0.0,0.0,0.0,0.0,0.0,0.0,0.0,0.0,0.0,0.0,0.0,0.0,0.0,0.0,0.0,59.00756097560976,0,0,1,1,0,0,0,0,0,1,0,3,1,2,1,1,1
136464,0,62375.0,8253.27,0,0,2232.0,0,2015,11,1,0.0,0.0,0.0,0.0,999.0,0.0,0.0,0.0,0.0,0.0,0.0,0.0,0.0,0.0,0.0,0.0,0.0,0.0,0.0,0.0,0.0,0.0,0.0,0.0,0.0,0.0,0.0,0.0,0.0,0.0,0.0,0.0,0.0,0.2122905027932961,59.00756097560976,1,0,0,1,0,0,0,0,0,1,0,3,1,2,1,1,1
137383,0,55632.0,9775.82,0,0,243.0,1,2017,7,1,0.0,0.0,0.0,0.0,999.0,0.0,0.0,0.0,0.0,0.0,0.0,0.0,0.0,0.0,0.0,0.0,0.0,0.0,0.0,0.0,0.0,0.0,0.0,0.0,0.0,0.0,0.0,0.0,0.0,0.0,0.0,0.0,0.0,0.2122905027932961,59.00756097560976,0,0,1,1,0,0,0,0,0,0,1,3,1,2,1,1,1
138449,1,21342.0,4949.8,0,0,18.0,0,2021,12,1,0.0,0.0,0.0,0.0,999.0,0.0,0.0,0.0,0.0,0.0,0.0,0.0,0.0,0.0,0.0,0.0,0.0,0.0,0.0,0.0,0.0,0.0,0.0,0.0,0.0,0.0,0.0,0.0,0.0,0.0,0.0,0.0,0.0,0.0,59.00756097560976,0,1,0,1,0,0,0,0,0,1,0,3,1,2,1,1,1
138777,0,55437.0,17857.97,0,0,242.0,1,2018,9,1,0.0,0.0,0.0,0.0,999.0,0.0,0.0,0.0,0.0,0.0,0.0,0.0,0.0,0.0,0.0,0.0,0.0,0.0,0.0,0.0,0.0,0.0,0.0,0.0,0.0,0.0,0.0,0.0,0.0,0.0,0.0,0.0,0.0,0.2122905027932961,59.00756097560976,0,0,1,1,0,0,0,0,0,1,0,3,1,2,1,1,1
139270,0,73795.0,9185.03,0,0,554.0,1,2016,10,2,0.0,0.0,0.0,0.0,999.0,0.0,0.0,0.0,0.0,0.0,0.0,0.0,0.0,0.0,0.0,0.0,0.0,0.0,0.0,0.0,0.0,0.0,0.0,0.0,0.0,0.0,0.0,0.0,0.0,0.0,0.0,0.0,0.0,0.2122905027932961,59.00756097560976,1,0,0,1,0,0,0,0,0,1,0,3,1,2,1,1,1
139356,1,29505.0,11250.1,0,0,244.0,1,2019,4,4,0.0,0.0,0.0,0.0,999.0,0.0,0.0,0.0,0.0,0.0,0.0,0.0,0.0,0.0,0.0,0.0,0.0,0.0,0.0,0.0,0.0,0.0,0.0,0.0,0.0,0.0,0.0,0.0,0.0,0.0,0.0,0.0,0.0,0.0,59.00756097560976,1,0,0,1,0,0,0,0,0,1,0,3,1,2,1,1,1
139682,1,25884.0,5442.74,0,0,2432.0,0,2015,5,6,0.0,0.0,0.0,0.0,999.0,0.0,0.0,0.0,0.0,0.0,0.0,0.0,0.0,0.0,0.0,0.0,0.0,0.0,0.0,0.0,0.0,0.0,0.0,0.0,0.0,0.0,0.0,0.0,0.0,0.0,0.0,0.0,0.0,0.2122905027932961,59.00756097560976,0,0,1,1,0,0,0,0,0,1,0,3,1,2,1,1,1
140042,1,75838.0,7189.11,0,0,3.0,1,2017,8,1,0.0,0.0,0.0,0.0,999.0,0.0,0.0,0.0,0.0,0.0,0.0,0.0,0.0,0.0,0.0,0.0,0.0,0.0,0.0,0.0,0.0,0.0,0.0,0.0,0.0,0.0,0.0,0.0,0.0,0.0,0.0,0.0,0.0,0.2122905027932961,59.00756097560976,1,0,0,1,0,0,0,0,0,0,1,3,1,2,1,1,1
140223,0,15818.0,12427.39,0,0,243.0,1,2018,10,1,0.0,0.0,0.0,0.0,999.0,0.0,0.0,0.0,0.0,0.0,0.0,0.0,0.0,0.0,0.0,0.0,0.0,0.0,0.0,0.0,0.0,0.0,0.0,0.0,0.0,0.0,0.0,0.0,0.0,0.0,0.0,0.0,0.0,0.2122905027932961,59.00756097560976,0,0,1,0,0,0,1,0,0,1,0,3,1,2,1,1,1
140375,0,25147.0,3600.93,0,0,242.0,1,2018,11,4,0.0,0.0,0.0,0.0,999.0,0.0,0.0,0.0,0.0,0.0,0.0,0.0,0.0,0.0,0.0,0.0,0.0,0.0,0.0,0.0,0.0,0.0,0.0,0.0,0.0,0.0,0.0,0.0,0.0,0.0,0.0,0.0,0.0,0.2122905027932961,59.00756097560976,0,1,0,0,0,0,0,1,0,0,1,3,1,2,1,1,1
140735,0,16097.0,10056.51,0,0,164.0,1,2017,3,4,0.0,0.0,0.0,0.0,999.0,0.0,0.0,0.0,0.0,0.0,0.0,0.0,0.0,0.0,0.0,0.0,0.0,0.0,0.0,0.0,0.0,0.0,0.0,0.0,0.0,0.0,0.0,0.0,0.0,0.0,0.0,0.0,0.0,0.2122905027932961,59.00756097560976,1,0,0,0,0,1,0,0,0,0,1,3,1,2,1,1,1
140769,0,15741.0,9414.94,0,0,14.0,0,2021,12,1,0.0,0.0,0.0,0.0,999.0,0.0,0.0,0.0,0.0,0.0,0.0,0.0,0.0,0.0,0.0,0.0,0.0,0.0,0.0,0.0,0.0,0.0,0.0,0.0,0.0,0.0,0.0,0.0,0.0,0.0,0.0,0.0,0.0,0.0,59.00756097560976,0,1,0,0,0,0,0,1,1,0,0,3,1,2,1,1,1
142122,1,76157.0,4669.23,0,0,16.0,0,2021,12,2,0.0,0.0,0.0,0.0,999.0,0.0,0.0,0.0,0.0,0.0,0.0,0.0,0.0,0.0,0.0,0.0,0.0,0.0,0.0,0.0,0.0,0.0,0.0,0.0,0.0,0.0,0.0,0.0,0.0,0.0,0.0,0.0,0.0,0.0,59.00756097560976,0,1,0,1,0,0,0,0,0,1,0,3,1,2,1,1,1
142649,1,27042.0,8365.96,0,0,243.0,1,2017,1,4,0.0,0.0,0.0,0.0,999.0,0.0,0.0,0.0,0.0,0.0,0.0,0.0,0.0,0.0,0.0,0.0,0.0,0.0,0.0,0.0,0.0,0.0,0.0,0.0,0.0,0.0,0.0,0.0,0.0,0.0,0.0,0.0,0.0,0.2122905027932961,59.00756097560976,0,1,0,0,0,1,0,0,1,0,0,3,1,2,1,1,1
142763,1,0.0,2747.77,0,0,8.0,0,2021,12,1,0.0,0.0,0.0,0.0,999.0,0.0,0.0,0.0,0.0,0.0,0.0,0.0,0.0,0.0,0.0,0.0,0.0,0.0,0.0,0.0,0.0,0.0,0.0,0.0,0.0,0.0,0.0,0.0,0.0,0.0,0.0,0.0,0.0,0.0,59.00756097560976,0,1,0,0,1,0,0,0,0,0,1,3,1,2,1,1,1
142800,1,32823.0,7824.37,0,0,13.0,0,2021,12,4,0.0,0.0,0.0,0.0,999.0,0.0,0.0,0.0,0.0,0.0,0.0,0.0,0.0,0.0,0.0,0.0,0.0,0.0,0.0,0.0,0.0,0.0,0.0,0.0,0.0,0.0,0.0,0.0,0.0,0.0,0.0,0.0,0.0,0.0,59.00756097560976,0,0,1,1,0,0,0,0,0,1,0,3,1,2,1,1,1
144261,0,72302.0,2616.61,0,0,2232.0,0,2015,11,6,0.0,0.0,0.0,0.0,999.0,0.0,0.0,0.0,0.0,0.0,0.0,0.0,0.0,0.0,0.0,0.0,0.0,0.0,0.0,0.0,0.0,0.0,0.0,0.0,0.0,0.0,0.0,0.0,0.0,0.0,0.0,0.0,0.0,0.2122905027932961,59.00756097560976,0,0,1,1,0,0,0,0,1,0,0,3,1,2,1,1,1
144301,0,33257.0,5675.92,0,0,245.0,1,2018,3,1,0.0,0.0,0.0,0.0,999.0,0.0,0.0,0.0,0.0,0.0,0.0,0.0,0.0,0.0,0.0,0.0,0.0,0.0,0.0,0.0,0.0,0.0,0.0,0.0,0.0,0.0,0.0,0.0,0.0,0.0,0.0,0.0,0.0,0.2122905027932961,59.00756097560976,0,1,0,1,0,0,0,0,0,1,0,3,1,2,1,1,1
144695,0,28377.0,7434.68,0,0,245.0,1,2018,5,2,0.0,0.0,0.0,0.0,999.0,0.0,0.0,0.0,0.0,0.0,0.0,0.0,0.0,0.0,0.0,0.0,0.0,0.0,0.0,0.0,0.0,0.0,0.0,0.0,0.0,0.0,0.0,0.0,0.0,0.0,0.0,0.0,0.0,0.2122905027932961,59.00756097560976,0,1,0,1,0,0,0,0,0,1,0,3,1,2,1,1,1
144702,1,43276.0,4163.04,0,0,814.0,1,2016,7,1,0.0,0.0,0.0,0.0,999.0,0.0,0.0,0.0,0.0,0.0,0.0,0.0,0.0,0.0,0.0,0.0,0.0,0.0,0.0,0.0,0.0,0.0,0.0,0.0,0.0,0.0,0.0,0.0,0.0,0.0,0.0,0.0,0.0,0.2122905027932961,59.00756097560976,0,0,1,1,0,0,0,0,0,1,0,3,1,2,1,1,1
145192,0,0.0,6776.35,0,0,2417.0,0,2015,5,1,0.0,0.0,0.0,0.0,999.0,0.0,0.0,0.0,0.0,0.0,0.0,0.0,0.0,0.0,0.0,0.0,0.0,0.0,0.0,0.0,0.0,0.0,0.0,0.0,0.0,0.0,0.0,0.0,0.0,0.0,0.0,0.0,0.0,0.2122905027932961,59.00756097560976,0,0,1,0,1,0,0,0,0,0,1,3,1,2,1,1,1
145292,1,29822.0,19014.48,0,0,289.0,1,2016,3,2,0.0,0.0,0.0,0.0,999.0,0.0,0.0,0.0,0.0,0.0,0.0,0.0,0.0,0.0,0.0,0.0,0.0,0.0,0.0,0.0,0.0,0.0,0.0,0.0,0.0,0.0,0.0,0.0,0.0,0.0,0.0,0.0,0.0,0.2122905027932961,59.00756097560976,0,0,1,1,0,0,0,0,0,0,1,3,1,2,1,1,1
145542,0,0.0,3870.36,0,0,14.0,0,2021,12,1,0.0,0.0,0.0,0.0,999.0,0.0,0.0,0.0,0.0,0.0,0.0,0.0,0.0,0.0,0.0,0.0,0.0,0.0,0.0,0.0,0.0,0.0,0.0,0.0,0.0,0.0,0.0,0.0,0.0,0.0,0.0,0.0,0.0,0.0,59.00756097560976,0,1,0,0,1,0,0,0,0,0,1,3,1,2,1,1,1
146572,0,40160.0,4579.61,0,0,242.0,1,2017,2,1,0.0,0.0,0.0,0.0,999.0,0.0,0.0,0.0,0.0,0.0,0.0,0.0,0.0,0.0,0.0,0.0,0.0,0.0,0.0,0.0,0.0,0.0,0.0,0.0,0.0,0.0,0.0,0.0,0.0,0.0,0.0,0.0,0.0,0.2122905027932961,59.00756097560976,0,0,1,1,0,0,0,0,0,1,0,3,1,2,1,1,1
148111,0,25141.0,8456.96,0,0,39.0,0,2021,11,5,0.0,0.0,0.0,0.0,999.0,0.0,0.0,0.0,0.0,0.0,0.0,0.0,0.0,0.0,0.0,0.0,0.0,0.0,0.0,0.0,0.0,0.0,0.0,0.0,0.0,0.0,0.0,0.0,0.0,0.0,0.0,0.0,0.0,0.0,59.00756097560976,0,1,0,1,0,0,0,0,1,0,0,3,1,2,1,1,1
148677,0,22254.0,21903.91,0,0,99.0,0,2021,9,5,0.0,0.0,0.0,0.0,999.0,0.0,0.0,0.0,0.0,0.0,0.0,0.0,0.0,0.0,0.0,0.0,0.0,0.0,0.0,0.0,0.0,0.0,0.0,0.0,0.0,0.0,0.0,0.0,0.0,0.0,0.0,0.0,0.0,0.0,59.00756097560976,0,1,0,1,0,0,0,0,0,1,0,3,1,2,1,1,1
148766,1,23665.0,22658.54,0,0,1051.0,1,2016,1,4,0.0,0.0,0.0,0.0,999.0,0.0,0.0,0.0,0.0,0.0,0.0,0.0,0.0,0.0,0.0,0.0,0.0,0.0,0.0,0.0,0.0,0.0,0.0,0.0,0.0,0.0,0.0,0.0,0.0,0.0,0.0,0.0,0.0,0.2122905027932961,59.00756097560976,0,0,1,0,0,0,0,1,0,1,0,3,1,2,1,1,1
148810,1,48587.0,40224.01,0,0,2382.0,0,2015,6,1,0.0,0.0,0.0,0.0,999.0,0.0,0.0,0.0,0.0,0.0,0.0,0.0,0.0,0.0,0.0,0.0,0.0,0.0,0.0,0.0,0.0,0.0,0.0,0.0,0.0,0.0,0.0,0.0,0.0,0.0,0.0,0.0,0.0,0.2122905027932961,59.00756097560976,0,1,0,1,0,0,0,0,0,1,0,3,1,2,1,1,1
149542,1,78152.0,4631.01,0,0,23.0,1,2017,10,1,0.0,0.0,0.0,0.0,999.0,0.0,0.0,0.0,0.0,0.0,0.0,0.0,0.0,0.0,0.0,0.0,0.0,0.0,0.0,0.0,0.0,0.0,0.0,0.0,0.0,0.0,0.0,0.0,0.0,0.0,0.0,0.0,0.0,0.2122905027932961,59.00756097560976,0,0,1,1,0,0,0,0,0,1,0,3,1,2,1,1,1
149981,0,85607.0,5272.52,0,0,528.0,1,2017,5,0,0.0,0.0,0.0,0.0,999.0,0.0,0.0,0.0,0.0,0.0,0.0,0.0,0.0,0.0,0.0,0.0,0.0,0.0,0.0,0.0,0.0,0.0,0.0,0.0,0.0,0.0,0.0,0.0,0.0,0.0,0.0,0.0,0.0,0.2122905027932961,59.00756097560976,1,0,0,1,0,0,0,0,0,0,1,3,1,2,1,1,1
150596,0,57563.0,2592.93,0,0,259.0,1,2016,5,4,0.0,0.0,0.0,0.0,999.0,0.0,0.0,0.0,0.0,0.0,0.0,0.0,0.0,0.0,0.0,0.0,0.0,0.0,0.0,0.0,0.0,0.0,0.0,0.0,0.0,0.0,0.0,0.0,0.0,0.0,0.0,0.0,0.0,0.2122905027932961,59.00756097560976,0,0,1,1,0,0,0,0,1,0,0,3,1,2,1,1,1
150671,1,67763.0,2903.94,0,0,243.0,1,2018,1,1,0.0,0.0,0.0,0.0,999.0,0.0,0.0,0.0,0.0,0.0,0.0,0.0,0.0,0.0,0.0,0.0,0.0,0.0,0.0,0.0,0.0,0.0,0.0,0.0,0.0,0.0,0.0,0.0,0.0,0.0,0.0,0.0,0.0,0.2122905027932961,59.00756097560976,0,0,1,1,0,0,0,0,0,1,0,3,1,2,1,1,1
152685,0,0.0,27420.81,0,0,242.0,1,2018,9,4,0.0,0.0,0.0,0.0,999.0,0.0,0.0,0.0,0.0,0.0,0.0,0.0,0.0,0.0,0.0,0.0,0.0,0.0,0.0,0.0,0.0,0.0,0.0,0.0,0.0,0.0,0.0,0.0,0.0,0.0,0.0,0.0,0.0,0.2122905027932961,59.00756097560976,0,1,0,0,1,0,0,0,0,1,0,3,1,2,1,1,1
152936,0,46503.0,8427.17,0,0,2351.0,0,2015,7,4,0.0,0.0,0.0,0.0,999.0,0.0,0.0,0.0,0.0,0.0,0.0,0.0,0.0,0.0,0.0,0.0,0.0,0.0,0.0,0.0,0.0,0.0,0.0,0.0,0.0,0.0,0.0,0.0,0.0,0.0,0.0,0.0,0.0,0.2122905027932961,59.00756097560976,1,0,0,1,0,0,0,0,1,0,0,3,1,2,1,1,1
153075,0,72236.0,9726.55,0,0,245.0,1,2017,5,1,0.0,0.0,0.0,0.0,999.0,0.0,0.0,0.0,0.0,0.0,0.0,0.0,0.0,0.0,0.0,0.0,0.0,0.0,0.0,0.0,0.0,0.0,0.0,0.0,0.0,0.0,0.0,0.0,0.0,0.0,0.0,0.0,0.0,0.2122905027932961,59.00756097560976,0,0,1,1,0,0,0,0,0,1,0,3,1,2,1,1,1
153968,0,36267.0,5511.03,0,0,450.0,1,2017,11,1,0.0,0.0,0.0,0.0,999.0,0.0,0.0,0.0,0.0,0.0,0.0,0.0,0.0,0.0,0.0,0.0,0.0,0.0,0.0,0.0,0.0,0.0,0.0,0.0,0.0,0.0,0.0,0.0,0.0,0.0,0.0,0.0,0.0,0.2122905027932961,59.00756097560976,1,0,0,1,0,0,0,0,0,1,0,3,1,2,1,1,1
154958,0,18892.0,5575.2,0,0,669.0,1,2016,5,3,0.0,0.0,0.0,0.0,999.0,0.0,0.0,0.0,0.0,0.0,0.0,0.0,0.0,0.0,0.0,0.0,0.0,0.0,0.0,0.0,0.0,0.0,0.0,0.0,0.0,0.0,0.0,0.0,0.0,0.0,0.0,0.0,0.0,0.2122905027932961,59.00756097560976,0,1,0,0,0,0,1,0,0,1,0,3,1,2,1,1,1
155348,0,27504.0,22647.22,0,0,242.0,1,2019,2,2,0.0,0.0,0.0,0.0,999.0,0.0,0.0,0.0,0.0,0.0,0.0,0.0,0.0,0.0,0.0,0.0,0.0,0.0,0.0,0.0,0.0,0.0,0.0,0.0,0.0,0.0,0.0,0.0,0.0,0.0,0.0,0.0,0.0,0.0,59.00756097560976,1,0,0,0,0,0,0,1,1,0,0,3,1,2,1,1,1
155623,1,53351.0,9540.92,0,0,243.0,1,2017,8,1,0.0,0.0,0.0,0.0,999.0,0.0,0.0,0.0,0.0,0.0,0.0,0.0,0.0,0.0,0.0,0.0,0.0,0.0,0.0,0.0,0.0,0.0,0.0,0.0,0.0,0.0,0.0,0.0,0.0,0.0,0.0,0.0,0.0,0.2122905027932961,59.00756097560976,1,0,0,1,0,0,0,0,0,1,0,3,1,2,1,1,1
156031,0,72531.0,4328.37,0,0,243.0,1,2017,12,4,0.0,0.0,0.0,0.0,999.0,0.0,0.0,0.0,0.0,0.0,0.0,0.0,0.0,0.0,0.0,0.0,0.0,0.0,0.0,0.0,0.0,0.0,0.0,0.0,0.0,0.0,0.0,0.0,0.0,0.0,0.0,0.0,0.0,0.2122905027932961,59.00756097560976,0,0,1,1,0,0,0,0,0,1,0,3,1,2,1,1,1
156071,0,28928.0,3399.13,1,0,266.0,0,2021,4,4,0.0,0.0,0.0,0.0,999.0,0.0,0.0,0.0,0.0,0.0,0.0,0.0,0.0,0.0,0.0,0.0,0.0,0.0,0.0,0.0,0.0,0.0,0.0,0.0,0.0,0.0,0.0,0.0,0.0,0.0,0.0,0.0,0.0,0.0,59.00756097560976,0,0,1,1,0,0,0,0,0,1,0,3,1,2,1,1,1
157971,0,97832.0,3842.79,0,0,244.0,1,2019,4,2,0.0,0.0,0.0,0.0,999.0,0.0,0.0,0.0,0.0,0.0,0.0,0.0,0.0,0.0,0.0,0.0,0.0,0.0,0.0,0.0,0.0,0.0,0.0,0.0,0.0,0.0,0.0,0.0,0.0,0.0,0.0,0.0,0.0,0.0,59.00756097560976,0,0,1,1,0,0,0,0,0,1,0,3,1,2,1,1,1
160779,0,55436.0,10706.67,0,0,4.0,1,2020,12,4,0.0,0.0,0.0,0.0,999.0,0.0,0.0,0.0,0.0,0.0,0.0,0.0,0.0,0.0,0.0,0.0,0.0,0.0,0.0,0.0,0.0,0.0,0.0,0.0,0.0,0.0,0.0,0.0,0.0,0.0,0.0,0.0,0.0,0.0,59.00756097560976,1,0,0,1,0,0,0,0,1,0,0,3,1,2,1,1,1
161525,0,0.0,4250.28,0,0,31.0,1,2017,5,1,0.0,0.0,0.0,0.0,999.0,0.0,0.0,0.0,0.0,0.0,0.0,0.0,0.0,0.0,0.0,0.0,0.0,0.0,0.0,0.0,0.0,0.0,0.0,0.0,0.0,0.0,0.0,0.0,0.0,0.0,0.0,0.0,0.0,0.2122905027932961,59.00756097560976,0,1,0,0,1,0,0,0,0,0,1,3,1,2,1,1,1
161546,1,28948.0,10390.67,0,0,476.0,1,2016,2,1,0.0,0.0,0.0,0.0,999.0,0.0,0.0,0.0,0.0,0.0,0.0,0.0,0.0,0.0,0.0,0.0,0.0,0.0,0.0,0.0,0.0,0.0,0.0,0.0,0.0,0.0,0.0,0.0,0.0,0.0,0.0,0.0,0.0,0.2122905027932961,59.00756097560976,0,0,1,1,0,0,0,0,0,1,0,3,1,2,1,1,1
161557,0,81280.0,2752.66,0,0,10.0,0,2021,12,1,0.0,0.0,0.0,0.0,999.0,0.0,0.0,0.0,0.0,0.0,0.0,0.0,0.0,0.0,0.0,0.0,0.0,0.0,0.0,0.0,0.0,0.0,0.0,0.0,0.0,0.0,0.0,0.0,0.0,0.0,0.0,0.0,0.0,0.0,59.00756097560976,0,1,0,1,0,0,0,0,0,1,0,3,1,2,1,1,1
161774,1,39854.0,5217.51,0,0,245.0,1,2018,3,1,0.0,0.0,0.0,0.0,999.0,0.0,0.0,0.0,0.0,0.0,0.0,0.0,0.0,0.0,0.0,0.0,0.0,0.0,0.0,0.0,0.0,0.0,0.0,0.0,0.0,0.0,0.0,0.0,0.0,0.0,0.0,0.0,0.0,0.2122905027932961,59.00756097560976,0,1,0,1,0,0,0,0,1,0,0,3,1,2,1,1,1
162155,0,0.0,21531.33,0,0,243.0,1,2018,12,5,0.0,0.0,0.0,0.0,999.0,0.0,0.0,0.0,0.0,0.0,0.0,0.0,0.0,0.0,0.0,0.0,0.0,0.0,0.0,0.0,0.0,0.0,0.0,0.0,0.0,0.0,0.0,0.0,0.0,0.0,0.0,0.0,0.0,0.2122905027932961,59.00756097560976,1,0,0,0,1,0,0,0,0,0,1,3,1,2,1,1,1
162568,0,0.0,3622.87,0,0,965.0,1,2016,11,0,0.0,0.0,0.0,0.0,999.0,0.0,0.0,0.0,0.0,0.0,0.0,0.0,0.0,0.0,0.0,0.0,0.0,0.0,0.0,0.0,0.0,0.0,0.0,0.0,0.0,0.0,0.0,0.0,0.0,0.0,0.0,0.0,0.0,0.2122905027932961,59.00756097560976,0,0,1,0,1,0,0,0,0,0,1,3,1,2,1,1,1
163137,0,73457.0,21255.5,0,0,243.0,1,2018,12,4,0.0,0.0,0.0,0.0,999.0,0.0,0.0,0.0,0.0,0.0,0.0,0.0,0.0,0.0,0.0,0.0,0.0,0.0,0.0,0.0,0.0,0.0,0.0,0.0,0.0,0.0,0.0,0.0,0.0,0.0,0.0,0.0,0.0,0.2122905027932961,59.00756097560976,0,1,0,1,0,0,0,0,0,1,0,3,1,2,1,1,1
163481,1,42314.0,6282.08,0,0,564.0,1,2017,7,4,0.0,0.0,0.0,0.0,999.0,0.0,0.0,0.0,0.0,0.0,0.0,0.0,0.0,0.0,0.0,0.0,0.0,0.0,0.0,0.0,0.0,0.0,0.0,0.0,0.0,0.0,0.0,0.0,0.0,0.0,0.0,0.0,0.0,0.2122905027932961,59.00756097560976,0,0,1,1,0,0,0,0,0,1,0,3,1,2,1,1,1
163723,0,20179.0,10598.54,0,0,243.0,1,2017,12,2,0.0,0.0,0.0,0.0,999.0,0.0,0.0,0.0,0.0,0.0,0.0,0.0,0.0,0.0,0.0,0.0,0.0,0.0,0.0,0.0,0.0,0.0,0.0,0.0,0.0,0.0,0.0,0.0,0.0,0.0,0.0,0.0,0.0,0.2122905027932961,59.00756097560976,0,0,1,1,0,0,0,0,0,1,0,3,1,2,1,1,1
164064,0,24019.0,3141.33,0,0,242.0,1,2019,2,4,0.0,0.0,0.0,0.0,999.0,0.0,0.0,0.0,0.0,0.0,0.0,0.0,0.0,0.0,0.0,0.0,0.0,0.0,0.0,0.0,0.0,0.0,0.0,0.0,0.0,0.0,0.0,0.0,0.0,0.0,0.0,0.0,0.0,0.0,59.00756097560976,0,1,0,1,0,0,0,0,0,1,0,3,1,2,1,1,1
164211,1,40513.0,3801.28,0,0,890.0,1,2016,8,2,0.0,0.0,0.0,0.0,999.0,0.0,0.0,0.0,0.0,0.0,0.0,0.0,0.0,0.0,0.0,0.0,0.0,0.0,0.0,0.0,0.0,0.0,0.0,0.0,0.0,0.0,0.0,0.0,0.0,0.0,0.0,0.0,0.0,0.2122905027932961,59.00756097560976,0,1,0,1,0,0,0,0,0,1,0,3,1,2,1,1,1
166110,1,76590.0,7887.96,0,0,245.0,1,2018,5,2,0.0,0.0,0.0,0.0,999.0,0.0,0.0,0.0,0.0,0.0,0.0,0.0,0.0,0.0,0.0,0.0,0.0,0.0,0.0,0.0,0.0,0.0,0.0,0.0,0.0,0.0,0.0,0.0,0.0,0.0,0.0,0.0,0.0,0.2122905027932961,59.00756097560976,0,1,0,1,0,0,0,0,1,0,0,3,1,2,1,1,1
167219,1,88590.0,4300.9,0,0,243.0,1,2018,10,3,0.0,0.0,0.0,0.0,999.0,0.0,0.0,0.0,0.0,0.0,0.0,0.0,0.0,0.0,0.0,0.0,0.0,0.0,0.0,0.0,0.0,0.0,0.0,0.0,0.0,0.0,0.0,0.0,0.0,0.0,0.0,0.0,0.0,0.2122905027932961,59.00756097560976,0,0,1,1,0,0,0,0,0,1,0,3,1,2,1,1,1
167491,0,52651.0,29874.74,0,0,244.0,1,2016,1,4,0.0,0.0,0.0,0.0,999.0,0.0,0.0,0.0,0.0,0.0,0.0,0.0,0.0,0.0,0.0,0.0,0.0,0.0,0.0,0.0,0.0,0.0,0.0,0.0,0.0,0.0,0.0,0.0,0.0,0.0,0.0,0.0,0.0,0.2122905027932961,59.00756097560976,1,0,0,1,0,0,0,0,0,0,1,3,1,2,1,1,1
167569,0,71684.0,2677.5,1,0,257.0,0,2021,4,2,0.0,0.0,0.0,0.0,999.0,0.0,0.0,0.0,0.0,0.0,0.0,0.0,0.0,0.0,0.0,0.0,0.0,0.0,0.0,0.0,0.0,0.0,0.0,0.0,0.0,0.0,0.0,0.0,0.0,0.0,0.0,0.0,0.0,0.0,59.00756097560976,0,0,1,1,0,0,0,0,0,1,0,3,1,2,1,1,1
167670,1,46239.0,4946.96,0,0,243.0,1,2017,8,1,0.0,0.0,0.0,0.0,999.0,0.0,0.0,0.0,0.0,0.0,0.0,0.0,0.0,0.0,0.0,0.0,0.0,0.0,0.0,0.0,0.0,0.0,0.0,0.0,0.0,0.0,0.0,0.0,0.0,0.0,0.0,0.0,0.0,0.2122905027932961,59.00756097560976,0,1,0,1,0,0,0,0,0,0,1,3,1,2,1,1,1
168641,1,74423.0,5018.89,0,0,242.0,1,2018,2,4,0.0,0.0,0.0,0.0,999.0,0.0,0.0,0.0,0.0,0.0,0.0,0.0,0.0,0.0,0.0,0.0,0.0,0.0,0.0,0.0,0.0,0.0,0.0,0.0,0.0,0.0,0.0,0.0,0.0,0.0,0.0,0.0,0.0,0.2122905027932961,59.00756097560976,0,1,0,1,0,0,0,0,0,1,0,3,1,2,1,1,1
169270,1,0.0,7290.07,0,0,243.0,1,2017,12,5,0.0,0.0,0.0,0.0,999.0,0.0,0.0,0.0,0.0,0.0,0.0,0.0,0.0,0.0,0.0,0.0,0.0,0.0,0.0,0.0,0.0,0.0,0.0,0.0,0.0,0.0,0.0,0.0,0.0,0.0,0.0,0.0,0.0,0.2122905027932961,59.00756097560976,0,0,1,0,1,0,0,0,0,1,0,3,1,2,1,1,1
169865,1,0.0,2229.36,0,0,481.0,1,2016,3,2,0.0,0.0,0.0,0.0,999.0,0.0,0.0,0.0,0.0,0.0,0.0,0.0,0.0,0.0,0.0,0.0,0.0,0.0,0.0,0.0,0.0,0.0,0.0,0.0,0.0,0.0,0.0,0.0,0.0,0.0,0.0,0.0,0.0,0.2122905027932961,59.00756097560976,0,0,1,0,1,0,0,0,0,1,0,3,1,2,1,1,1
170534,0,63936.0,14628.5,0,0,2392.0,0,2015,6,1,0.0,0.0,0.0,0.0,999.0,0.0,0.0,0.0,0.0,0.0,0.0,0.0,0.0,0.0,0.0,0.0,0.0,0.0,0.0,0.0,0.0,0.0,0.0,0.0,0.0,0.0,0.0,0.0,0.0,0.0,0.0,0.0,0.0,0.2122905027932961,59.00756097560976,0,1,0,1,0,0,0,0,0,0,1,3,1,2,1,1,1
170655,1,60479.0,7627.43,1,0,246.0,0,2021,4,4,0.0,0.0,0.0,0.0,999.0,0.0,0.0,0.0,0.0,0.0,0.0,0.0,0.0,0.0,0.0,0.0,0.0,0.0,0.0,0.0,0.0,0.0,0.0,0.0,0.0,0.0,0.0,0.0,0.0,0.0,0.0,0.0,0.0,0.0,59.00756097560976,1,0,0,1,0,0,0,0,0,0,1,3,1,2,1,1,1
170982,1,14072.0,24127.5,0,0,0.0,0,2021,12,4,0.0,0.0,0.0,0.0,999.0,0.0,0.0,0.0,0.0,0.0,0.0,0.0,0.0,0.0,0.0,0.0,0.0,0.0,0.0,0.0,0.0,0.0,0.0,0.0,0.0,0.0,0.0,0.0,0.0,0.0,0.0,0.0,0.0,0.2122905027932961,59.00756097560976,0,1,0,0,0,0,1,0,1,0,0,3,1,2,1,1,1
171027,0,64816.0,5525.47,0,0,942.0,1,2016,7,4,0.0,0.0,0.0,0.0,999.0,0.0,0.0,0.0,0.0,0.0,0.0,0.0,0.0,0.0,0.0,0.0,0.0,0.0,0.0,0.0,0.0,0.0,0.0,0.0,0.0,0.0,0.0,0.0,0.0,0.0,0.0,0.0,0.0,0.2122905027932961,59.00756097560976,1,0,0,1,0,0,0,0,0,1,0,3,1,2,1,1,1
171042,0,89451.0,2530.71,0,0,3.0,0,2021,12,3,0.0,0.0,0.0,0.0,999.0,0.0,0.0,0.0,0.0,0.0,0.0,0.0,0.0,0.0,0.0,0.0,0.0,0.0,0.0,0.0,0.0,0.0,0.0,0.0,0.0,0.0,0.0,0.0,0.0,0.0,0.0,0.0,0.0,0.0,59.00756097560976,0,0,1,1,0,0,0,0,0,0,1,3,1,2,1,1,1
172731,1,31278.0,3528.04,0,0,45.0,0,2021,11,1,0.0,0.0,0.0,0.0,999.0,0.0,0.0,0.0,0.0,0.0,0.0,0.0,0.0,0.0,0.0,0.0,0.0,0.0,0.0,0.0,0.0,0.0,0.0,0.0,0.0,0.0,0.0,0.0,0.0,0.0,0.0,0.0,0.0,0.0,59.00756097560976,0,0,1,1,0,0,0,0,0,1,0,3,1,2,1,1,1
173178,0,75121.0,5862.8,0,0,134.0,1,2019,5,4,0.0,0.0,0.0,0.0,999.0,0.0,0.0,0.0,0.0,0.0,0.0,0.0,0.0,0.0,0.0,0.0,0.0,0.0,0.0,0.0,0.0,0.0,0.0,0.0,0.0,0.0,0.0,0.0,0.0,0.0,0.0,0.0,0.0,0.0,59.00756097560976,1,0,0,1,0,0,0,0,0,1,0,3,1,2,1,1,1
174896,0,0.0,4016.54,0,0,244.0,1,2018,4,5,0.0,0.0,0.0,0.0,999.0,0.0,0.0,0.0,0.0,0.0,0.0,0.0,0.0,0.0,0.0,0.0,0.0,0.0,0.0,0.0,0.0,0.0,0.0,0.0,0.0,0.0,0.0,0.0,0.0,0.0,0.0,0.0,0.0,0.2122905027932961,59.00756097560976,0,0,1,0,1,0,0,0,0,0,1,3,1,2,1,1,1
174925,1,0.0,14666.23,0,0,636.0,1,2017,7,2,0.0,0.0,0.0,0.0,999.0,0.0,0.0,0.0,0.0,0.0,0.0,0.0,0.0,0.0,0.0,0.0,0.0,0.0,0.0,0.0,0.0,0.0,0.0,0.0,0.0,0.0,0.0,0.0,0.0,0.0,0.0,0.0,0.0,0.2122905027932961,59.00756097560976,0,1,0,0,1,0,0,0,0,0,1,3,1,2,1,1,1
175191,0,39786.0,7255.58,0,0,27.0,0,2021,12,4,0.0,0.0,0.0,0.0,999.0,0.0,0.0,0.0,0.0,0.0,0.0,0.0,0.0,0.0,0.0,0.0,0.0,0.0,0.0,0.0,0.0,0.0,0.0,0.0,0.0,0.0,0.0,0.0,0.0,0.0,0.0,0.0,0.0,0.0,59.00756097560976,0,0,1,1,0,0,0,0,0,1,0,3,1,2,1,1,1
175832,0,36060.0,6599.08,0,0,684.0,1,2017,7,0,0.0,0.0,0.0,0.0,999.0,0.0,0.0,0.0,0.0,0.0,0.0,0.0,0.0,0.0,0.0,0.0,0.0,0.0,0.0,0.0,0.0,0.0,0.0,0.0,0.0,0.0,0.0,0.0,0.0,0.0,0.0,0.0,0.0,0.2122905027932961,59.00756097560976,0,1,0,1,0,0,0,0,0,1,0,3,1,2,1,1,1
176885,1,79583.0,4361.37,0,0,243.0,1,2018,12,5,0.0,0.0,0.0,0.0,999.0,0.0,0.0,0.0,0.0,0.0,0.0,0.0,0.0,0.0,0.0,0.0,0.0,0.0,0.0,0.0,0.0,0.0,0.0,0.0,0.0,0.0,0.0,0.0,0.0,0.0,0.0,0.0,0.0,0.2122905027932961,59.00756097560976,0,0,1,1,0,0,0,0,0,1,0,3,1,2,1,1,1
177199,0,58718.0,8906.99,0,0,19.0,0,2021,12,4,0.0,0.0,0.0,0.0,999.0,0.0,0.0,0.0,0.0,0.0,0.0,0.0,0.0,0.0,0.0,0.0,0.0,0.0,0.0,0.0,0.0,0.0,0.0,0.0,0.0,0.0,0.0,0.0,0.0,0.0,0.0,0.0,0.0,0.0,59.00756097560976,0,1,0,1,0,0,0,0,0,0,1,3,1,2,1,1,1
177677,0,44368.0,6366.23,0,0,242.0,1,2019,2,2,0.0,0.0,0.0,0.0,999.0,0.0,0.0,0.0,0.0,0.0,0.0,0.0,0.0,0.0,0.0,0.0,0.0,0.0,0.0,0.0,0.0,0.0,0.0,0.0,0.0,0.0,0.0,0.0,0.0,0.0,0.0,0.0,0.0,0.0,59.00756097560976,0,1,0,1,0,0,0,0,0,1,0,3,1,2,1,1,1
178459,0,79041.0,16138.42,0,0,129.0,1,2017,12,5,0.0,0.0,0.0,0.0,999.0,0.0,0.0,0.0,0.0,0.0,0.0,0.0,0.0,0.0,0.0,0.0,0.0,0.0,0.0,0.0,0.0,0.0,0.0,0.0,0.0,0.0,0.0,0.0,0.0,0.0,0.0,0.0,0.0,0.2122905027932961,59.00756097560976,1,0,0,1,0,0,0,0,0,1,0,3,1,2,1,1,1
180484,1,0.0,2231.79,0,0,976.0,1,2017,1,0,0.0,0.0,0.0,0.0,999.0,0.0,0.0,0.0,0.0,0.0,0.0,0.0,0.0,0.0,0.0,0.0,0.0,0.0,0.0,0.0,0.0,0.0,0.0,0.0,0.0,0.0,0.0,0.0,0.0,0.0,0.0,0.0,0.0,0.2122905027932961,59.00756097560976,0,0,1,0,1,0,0,0,0,1,0,3,1,2,1,1,1
181434,1,23051.0,3837.36,0,0,242.0,1,2017,11,1,0.0,0.0,0.0,0.0,999.0,0.0,0.0,0.0,0.0,0.0,0.0,0.0,0.0,0.0,0.0,0.0,0.0,0.0,0.0,0.0,0.0,0.0,0.0,0.0,0.0,0.0,0.0,0.0,0.0,0.0,0.0,0.0,0.0,0.2122905027932961,59.00756097560976,0,1,0,0,0,0,1,0,1,0,0,3,1,2,1,1,1
181498,1,40372.0,6762.08,0,0,243.0,1,2016,12,1,0.0,0.0,0.0,0.0,999.0,0.0,0.0,0.0,0.0,0.0,0.0,0.0,0.0,0.0,0.0,0.0,0.0,0.0,0.0,0.0,0.0,0.0,0.0,0.0,0.0,0.0,0.0,0.0,0.0,0.0,0.0,0.0,0.0,0.2122905027932961,59.00756097560976,1,0,0,1,0,0,0,0,0,1,0,3,1,2,1,1,1
181770,1,35095.0,16979.8,0,0,337.0,1,2016,12,5,0.0,0.0,0.0,0.0,999.0,0.0,0.0,0.0,0.0,0.0,0.0,0.0,0.0,0.0,0.0,0.0,0.0,0.0,0.0,0.0,0.0,0.0,0.0,0.0,0.0,0.0,0.0,0.0,0.0,0.0,0.0,0.0,0.0,0.2122905027932961,59.00756097560976,0,0,1,1,0,0,0,0,1,0,0,3,1,2,1,1,1
183339,1,99961.0,2628.47,0,0,616.0,1,2017,10,1,0.0,0.0,0.0,0.0,999.0,0.0,0.0,0.0,0.0,0.0,0.0,0.0,0.0,0.0,0.0,0.0,0.0,0.0,0.0,0.0,0.0,0.0,0.0,0.0,0.0,0.0,0.0,0.0,0.0,0.0,0.0,0.0,0.0,0.2122905027932961,59.00756097560976,0,0,1,1,0,0,0,0,0,1,0,3,1,2,1,1,1
183885,0,0.0,3735.84,0,0,2194.0,0,2015,12,5,0.0,0.0,0.0,0.0,999.0,0.0,0.0,0.0,0.0,0.0,0.0,0.0,0.0,0.0,0.0,0.0,0.0,0.0,0.0,0.0,0.0,0.0,0.0,0.0,0.0,0.0,0.0,0.0,0.0,0.0,0.0,0.0,0.0,0.2122905027932961,59.00756097560976,0,0,1,0,1,0,0,0,0,0,1,3,1,2,1,1,1
184207,0,0.0,7857.3,0,0,267.0,1,2016,5,2,0.0,0.0,0.0,0.0,999.0,0.0,0.0,0.0,0.0,0.0,0.0,0.0,0.0,0.0,0.0,0.0,0.0,0.0,0.0,0.0,0.0,0.0,0.0,0.0,0.0,0.0,0.0,0.0,0.0,0.0,0.0,0.0,0.0,0.2122905027932961,59.00756097560976,1,0,0,0,1,0,0,0,0,1,0,3,1,2,1,1,1
184490,1,0.0,2369.11,0,0,37.0,0,2021,11,2,0.0,0.0,0.0,0.0,999.0,0.0,0.0,0.0,0.0,0.0,0.0,0.0,0.0,0.0,0.0,0.0,0.0,0.0,0.0,0.0,0.0,0.0,0.0,0.0,0.0,0.0,0.0,0.0,0.0,0.0,0.0,0.0,0.0,0.0,59.00756097560976,0,0,1,0,1,0,0,0,0,0,1,3,1,2,1,1,1
185288,0,60415.0,4983.46,0,0,47.0,0,2021,11,5,0.0,0.0,0.0,0.0,999.0,0.0,0.0,0.0,0.0,0.0,0.0,0.0,0.0,0.0,0.0,0.0,0.0,0.0,0.0,0.0,0.0,0.0,0.0,0.0,0.0,0.0,0.0,0.0,0.0,0.0,0.0,0.0,0.0,0.0,59.00756097560976,0,0,1,1,0,0,0,0,1,0,0,3,1,2,1,1,1
185815,0,62464.0,8658.86,0,0,2360.0,0,2015,7,1,0.0,0.0,0.0,0.0,999.0,0.0,0.0,0.0,0.0,0.0,0.0,0.0,0.0,0.0,0.0,0.0,0.0,0.0,0.0,0.0,0.0,0.0,0.0,0.0,0.0,0.0,0.0,0.0,0.0,0.0,0.0,0.0,0.0,0.2122905027932961,59.00756097560976,0,0,1,1,0,0,0,0,0,1,0,3,1,2,1,1,1
187835,0,60880.0,14435.67,0,0,690.0,1,2017,3,1,0.0,0.0,0.0,0.0,999.0,0.0,0.0,0.0,0.0,0.0,0.0,0.0,0.0,0.0,0.0,0.0,0.0,0.0,0.0,0.0,0.0,0.0,0.0,0.0,0.0,0.0,0.0,0.0,0.0,0.0,0.0,0.0,0.0,0.2122905027932961,59.00756097560976,1,0,0,1,0,0,0,0,0,1,0,3,1,2,1,1,1
187958,0,26887.0,12321.84,0,0,244.0,1,2019,4,2,0.0,0.0,0.0,0.0,999.0,0.0,0.0,0.0,0.0,0.0,0.0,0.0,0.0,0.0,0.0,0.0,0.0,0.0,0.0,0.0,0.0,0.0,0.0,0.0,0.0,0.0,0.0,0.0,0.0,0.0,0.0,0.0,0.0,0.0,59.00756097560976,0,1,0,0,0,0,1,0,0,0,1,3,1,2,1,1,1
188218,1,0.0,15700.28,0,0,316.0,1,2016,2,1,0.0,0.0,0.0,0.0,999.0,0.0,0.0,0.0,0.0,0.0,0.0,0.0,0.0,0.0,0.0,0.0,0.0,0.0,0.0,0.0,0.0,0.0,0.0,0.0,0.0,0.0,0.0,0.0,0.0,0.0,0.0,0.0,0.0,0.2122905027932961,59.00756097560976,0,0,1,0,1,0,0,0,0,1,0,3,1,2,1,1,1
191189,0,0.0,2352.37,0,0,252.0,1,2016,8,6,0.0,0.0,0.0,0.0,999.0,0.0,0.0,0.0,0.0,0.0,0.0,0.0,0.0,0.0,0.0,0.0,0.0,0.0,0.0,0.0,0.0,0.0,0.0,0.0,0.0,0.0,0.0,0.0,0.0,0.0,0.0,0.0,0.0,0.2122905027932961,59.00756097560976,0,0,1,0,1,0,0,0,1,0,0,3,1,2,1,1,1
191780,1,17308.0,3034.77,0,0,17.0,0,2021,12,0,0.0,0.0,0.0,0.0,999.0,0.0,0.0,0.0,0.0,0.0,0.0,0.0,0.0,0.0,0.0,0.0,0.0,0.0,0.0,0.0,0.0,0.0,0.0,0.0,0.0,0.0,0.0,0.0,0.0,0.0,0.0,0.0,0.0,0.0,59.00756097560976,0,1,0,0,0,0,1,0,0,1,0,3,1,2,1,1,1
192772,1,73847.0,2935.99,0,0,2238.0,0,2015,11,1,0.0,0.0,0.0,0.0,999.0,0.0,0.0,0.0,0.0,0.0,0.0,0.0,0.0,0.0,0.0,0.0,0.0,0.0,0.0,0.0,0.0,0.0,0.0,0.0,0.0,0.0,0.0,0.0,0.0,0.0,0.0,0.0,0.0,0.2122905027932961,59.00756097560976,0,1,0,1,0,0,0,0,0,1,0,3,1,2,1,1,1
194065,0,65412.0,2888.85,1,0,319.0,0,2021,2,1,0.0,0.0,0.0,0.0,999.0,0.0,0.0,0.0,0.0,0.0,0.0,0.0,0.0,0.0,0.0,0.0,0.0,0.0,0.0,0.0,0.0,0.0,0.0,0.0,0.0,0.0,0.0,0.0,0.0,0.0,0.0,0.0,0.0,0.0,59.00756097560976,0,1,0,1,0,0,0,0,0,1,0,3,1,2,1,1,1
194762,1,33232.0,11160.08,0,0,2312.0,0,2015,9,0,0.0,0.0,0.0,0.0,999.0,0.0,0.0,0.0,0.0,0.0,0.0,0.0,0.0,0.0,0.0,0.0,0.0,0.0,0.0,0.0,0.0,0.0,0.0,0.0,0.0,0.0,0.0,0.0,0.0,0.0,0.0,0.0,0.0,0.2122905027932961,59.00756097560976,0,1,0,1,0,0,0,0,0,1,0,3,1,2,1,1,1
195131,0,29735.0,2453.57,0,0,467.0,1,2016,5,1,0.0,0.0,0.0,0.0,999.0,0.0,0.0,0.0,0.0,0.0,0.0,0.0,0.0,0.0,0.0,0.0,0.0,0.0,0.0,0.0,0.0,0.0,0.0,0.0,0.0,0.0,0.0,0.0,0.0,0.0,0.0,0.0,0.0,0.2122905027932961,59.00756097560976,0,0,1,0,0,0,1,0,0,0,1,3,1,2,1,1,1
196757,1,14278.0,25626.71,0,0,153.0,1,2018,9,1,0.0,0.0,0.0,0.0,999.0,0.0,0.0,0.0,0.0,0.0,0.0,0.0,0.0,0.0,0.0,0.0,0.0,0.0,0.0,0.0,0.0,0.0,0.0,0.0,0.0,0.0,0.0,0.0,0.0,0.0,0.0,0.0,0.0,0.2122905027932961,59.00756097560976,1,0,0,0,0,0,1,0,0,1,0,3,1,2,1,1,1
197063,0,59630.0,7329.78,0,0,22.0,0,2021,12,3,0.0,0.0,0.0,0.0,999.0,0.0,0.0,0.0,0.0,0.0,0.0,0.0,0.0,0.0,0.0,0.0,0.0,0.0,0.0,0.0,0.0,0.0,0.0,0.0,0.0,0.0,0.0,0.0,0.0,0.0,0.0,0.0,0.0,0.0,59.00756097560976,0,0,1,1,0,0,0,0,0,1,0,3,1,2,1,1,1
197239,0,30244.0,3575.04,0,0,82.0,1,2018,10,3,0.0,0.0,0.0,0.0,999.0,0.0,0.0,0.0,0.0,0.0,0.0,0.0,0.0,0.0,0.0,0.0,0.0,0.0,0.0,0.0,0.0,0.0,0.0,0.0,0.0,0.0,0.0,0.0,0.0,0.0,0.0,0.0,0.0,0.2122905027932961,59.00756097560976,0,1,0,1,0,0,0,0,0,1,0,3,1,2,1,1,1
197491,0,10511.0,5346.92,0,0,267.0,1,2016,5,5,0.0,0.0,0.0,0.0,999.0,0.0,0.0,0.0,0.0,0.0,0.0,0.0,0.0,0.0,0.0,0.0,0.0,0.0,0.0,0.0,0.0,0.0,0.0,0.0,0.0,0.0,0.0,0.0,0.0,0.0,0.0,0.0,0.0,0.2122905027932961,59.00756097560976,0,1,0,0,0,1,0,0,0,1,0,3,1,2,1,1,1
197529,1,0.0,4699.03,0,0,8.0,0,2021,12,0,0.0,0.0,0.0,0.0,999.0,0.0,0.0,0.0,0.0,0.0,0.0,0.0,0.0,0.0,0.0,0.0,0.0,0.0,0.0,0.0,0.0,0.0,0.0,0.0,0.0,0.0,0.0,0.0,0.0,0.0,0.0,0.0,0.0,0.0,59.00756097560976,0,0,1,0,1,0,0,0,0,1,0,3,1,2,1,1,1
198354,1,97361.0,8622.84,0,0,384.0,1,2018,4,4,0.0,0.0,0.0,0.0,999.0,0.0,0.0,0.0,0.0,0.0,0.0,0.0,0.0,0.0,0.0,0.0,0.0,0.0,0.0,0.0,0.0,0.0,0.0,0.0,0.0,0.0,0.0,0.0,0.0,0.0,0.0,0.0,0.0,0.2122905027932961,59.00756097560976,0,0,1,1,0,0,0,0,0,0,1,3,1,2,1,1,1
198407,0,15680.0,4718.56,0,0,245.0,1,2019,3,1,0.0,0.0,0.0,0.0,999.0,0.0,0.0,0.0,0.0,0.0,0.0,0.0,0.0,0.0,0.0,0.0,0.0,0.0,0.0,0.0,0.0,0.0,0.0,0.0,0.0,0.0,0.0,0.0,0.0,0.0,0.0,0.0,0.0,0.0,59.00756097560976,0,0,1,0,0,1,0,0,1,0,0,3,1,2,1,1,1
198456,1,57693.0,5979.72,0,0,242.0,1,2018,11,1,0.0,0.0,0.0,0.0,999.0,0.0,0.0,0.0,0.0,0.0,0.0,0.0,0.0,0.0,0.0,0.0,0.0,0.0,0.0,0.0,0.0,0.0,0.0,0.0,0.0,0.0,0.0,0.0,0.0,0.0,0.0,0.0,0.0,0.2122905027932961,59.00756097560976,0,0,1,1,0,0,0,0,1,0,0,3,1,2,1,1,1
199493,0,0.0,5527.99,0,0,2197.0,0,2015,12,5,0.0,0.0,0.0,0.0,999.0,0.0,0.0,0.0,0.0,0.0,0.0,0.0,0.0,0.0,0.0,0.0,0.0,0.0,0.0,0.0,0.0,0.0,0.0,0.0,0.0,0.0,0.0,0.0,0.0,0.0,0.0,0.0,0.0,0.2122905027932961,59.00756097560976,0,1,0,0,1,0,0,0,0,1,0,3,1,2,1,1,1
201550,1,0.0,2517.53,0,0,443.0,1,2016,2,5,0.0,0.0,0.0,0.0,999.0,0.0,0.0,0.0,0.0,0.0,0.0,0.0,0.0,0.0,0.0,0.0,0.0,0.0,0.0,0.0,0.0,0.0,0.0,0.0,0.0,0.0,0.0,0.0,0.0,0.0,0.0,0.0,0.0,0.2122905027932961,59.00756097560976,0,0,1,0,1,0,0,0,0,1,0,3,1,2,1,1,1
201574,0,26605.0,3893.31,0,0,244.0,1,2018,4,4,0.0,0.0,0.0,0.0,999.0,0.0,0.0,0.0,0.0,0.0,0.0,0.0,0.0,0.0,0.0,0.0,0.0,0.0,0.0,0.0,0.0,0.0,0.0,0.0,0.0,0.0,0.0,0.0,0.0,0.0,0.0,0.0,0.0,0.2122905027932961,59.00756097560976,0,0,1,1,0,0,0,0,0,1,0,3,1,2,1,1,1
202108,0,0.0,2409.0,0,0,243.0,1,2018,7,1,0.0,0.0,0.0,0.0,999.0,0.0,0.0,0.0,0.0,0.0,0.0,0.0,0.0,0.0,0.0,0.0,0.0,0.0,0.0,0.0,0.0,0.0,0.0,0.0,0.0,0.0,0.0,0.0,0.0,0.0,0.0,0.0,0.0,0.2122905027932961,59.00756097560976,0,0,1,0,1,0,0,0,0,0,1,3,1,2,1,1,1
202227,1,29256.0,4918.92,0,0,2258.0,0,2015,10,1,0.0,0.0,0.0,0.0,999.0,0.0,0.0,0.0,0.0,0.0,0.0,0.0,0.0,0.0,0.0,0.0,0.0,0.0,0.0,0.0,0.0,0.0,0.0,0.0,0.0,0.0,0.0,0.0,0.0,0.0,0.0,0.0,0.0,0.2122905027932961,59.00756097560976,0,0,1,1,0,0,0,0,0,1,0,3,1,2,1,1,1
202271,1,12677.0,7679.68,0,0,243.0,1,2017,12,0,0.0,0.0,0.0,0.0,999.0,0.0,0.0,0.0,0.0,0.0,0.0,0.0,0.0,0.0,0.0,0.0,0.0,0.0,0.0,0.0,0.0,0.0,0.0,0.0,0.0,0.0,0.0,0.0,0.0,0.0,0.0,0.0,0.0,0.2122905027932961,59.00756097560976,0,1,0,0,0,1,0,0,0,1,0,3,1,2,1,1,1
202761,0,0.0,4654.95,0,0,548.0,1,2016,1,0,0.0,0.0,0.0,0.0,999.0,0.0,0.0,0.0,0.0,0.0,0.0,0.0,0.0,0.0,0.0,0.0,0.0,0.0,0.0,0.0,0.0,0.0,0.0,0.0,0.0,0.0,0.0,0.0,0.0,0.0,0.0,0.0,0.0,0.2122905027932961,59.00756097560976,0,0,1,0,1,0,0,0,0,1,0,3,1,2,1,1,1
203245,1,25048.0,13406.92,0,0,24.0,0,2021,12,2,0.0,0.0,0.0,0.0,999.0,0.0,0.0,0.0,0.0,0.0,0.0,0.0,0.0,0.0,0.0,0.0,0.0,0.0,0.0,0.0,0.0,0.0,0.0,0.0,0.0,0.0,0.0,0.0,0.0,0.0,0.0,0.0,0.0,0.0,59.00756097560976,0,0,1,1,0,0,0,0,0,1,0,3,1,2,1,1,1
203258,1,0.0,5061.76,0,0,806.0,1,2017,2,5,0.0,0.0,0.0,0.0,999.0,0.0,0.0,0.0,0.0,0.0,0.0,0.0,0.0,0.0,0.0,0.0,0.0,0.0,0.0,0.0,0.0,0.0,0.0,0.0,0.0,0.0,0.0,0.0,0.0,0.0,0.0,0.0,0.0,0.2122905027932961,59.00756097560976,1,0,0,0,1,0,0,0,0,1,0,3,1,2,1,1,1
203517,0,56587.0,5112.57,0,0,5.0,0,2021,12,4,0.0,0.0,0.0,0.0,999.0,0.0,0.0,0.0,0.0,0.0,0.0,0.0,0.0,0.0,0.0,0.0,0.0,0.0,0.0,0.0,0.0,0.0,0.0,0.0,0.0,0.0,0.0,0.0,0.0,0.0,0.0,0.0,0.0,0.0,59.00756097560976,0,0,1,1,0,0,0,0,1,0,0,3,1,2,1,1,1
203809,0,17161.0,4165.35,0,0,2373.0,0,2015,7,5,0.0,0.0,0.0,0.0,999.0,0.0,0.0,0.0,0.0,0.0,0.0,0.0,0.0,0.0,0.0,0.0,0.0,0.0,0.0,0.0,0.0,0.0,0.0,0.0,0.0,0.0,0.0,0.0,0.0,0.0,0.0,0.0,0.0,0.2122905027932961,59.00756097560976,0,0,1,0,0,0,1,0,0,1,0,3,1,2,1,1,1
204507,1,28343.0,5437.44,0,0,396.0,1,2018,11,2,0.0,0.0,0.0,0.0,999.0,0.0,0.0,0.0,0.0,0.0,0.0,0.0,0.0,0.0,0.0,0.0,0.0,0.0,0.0,0.0,0.0,0.0,0.0,0.0,0.0,0.0,0.0,0.0,0.0,0.0,0.0,0.0,0.0,0.2122905027932961,59.00756097560976,0,0,1,1,0,0,0,0,0,1,0,3,1,2,1,1,1
204535,1,0.0,8543.33,0,0,151.0,1,2016,5,0,0.0,0.0,0.0,0.0,999.0,0.0,0.0,0.0,0.0,0.0,0.0,0.0,0.0,0.0,0.0,0.0,0.0,0.0,0.0,0.0,0.0,0.0,0.0,0.0,0.0,0.0,0.0,0.0,0.0,0.0,0.0,0.0,0.0,0.2122905027932961,59.00756097560976,0,1,0,0,1,0,0,0,0,1,0,3,1,2,1,1,1
204840,0,55907.0,16681.33,0,0,243.0,1,2018,12,2,0.0,0.0,0.0,0.0,999.0,0.0,0.0,0.0,0.0,0.0,0.0,0.0,0.0,0.0,0.0,0.0,0.0,0.0,0.0,0.0,0.0,0.0,0.0,0.0,0.0,0.0,0.0,0.0,0.0,0.0,0.0,0.0,0.0,0.2122905027932961,59.00756097560976,1,0,0,1,0,0,0,0,0,1,0,3,1,2,1,1,1
204848,0,0.0,2682.91,0,0,349.0,1,2016,1,2,0.0,0.0,0.0,0.0,999.0,0.0,0.0,0.0,0.0,0.0,0.0,0.0,0.0,0.0,0.0,0.0,0.0,0.0,0.0,0.0,0.0,0.0,0.0,0.0,0.0,0.0,0.0,0.0,0.0,0.0,0.0,0.0,0.0,0.2122905027932961,59.00756097560976,0,0,1,0,1,0,0,0,0,0,1,3,1,2,1,1,1
205195,0,74422.0,6770.31,0,0,999.0,1,2016,4,5,0.0,0.0,0.0,0.0,999.0,0.0,0.0,0.0,0.0,0.0,0.0,0.0,0.0,0.0,0.0,0.0,0.0,0.0,0.0,0.0,0.0,0.0,0.0,0.0,0.0,0.0,0.0,0.0,0.0,0.0,0.0,0.0,0.0,0.2122905027932961,59.00756097560976,0,1,0,1,0,0,0,0,1,0,0,3,1,2,1,1,1
206332,0,0.0,6189.12,0,0,243.0,1,2017,10,2,0.0,0.0,0.0,0.0,999.0,0.0,0.0,0.0,0.0,0.0,0.0,0.0,0.0,0.0,0.0,0.0,0.0,0.0,0.0,0.0,0.0,0.0,0.0,0.0,0.0,0.0,0.0,0.0,0.0,0.0,0.0,0.0,0.0,0.2122905027932961,59.00756097560976,0,1,0,0,1,0,0,0,0,0,1,3,1,2,1,1,1
206576,0,12902.0,4904.89,0,0,244.0,1,2018,4,2,0.0,0.0,0.0,0.0,999.0,0.0,0.0,0.0,0.0,0.0,0.0,0.0,0.0,0.0,0.0,0.0,0.0,0.0,0.0,0.0,0.0,0.0,0.0,0.0,0.0,0.0,0.0,0.0,0.0,0.0,0.0,0.0,0.0,0.2122905027932961,59.00756097560976,0,0,1,0,0,0,0,1,1,0,0,3,1,2,1,1,1
207484,0,24031.0,8496.06,0,0,2352.0,0,2015,7,3,0.0,0.0,0.0,0.0,999.0,0.0,0.0,0.0,0.0,0.0,0.0,0.0,0.0,0.0,0.0,0.0,0.0,0.0,0.0,0.0,0.0,0.0,0.0,0.0,0.0,0.0,0.0,0.0,0.0,0.0,0.0,0.0,0.0,0.2122905027932961,59.00756097560976,1,0,0,1,0,0,0,0,1,0,0,3,1,2,1,1,1
208585,1,0.0,3761.79,0,0,24.0,1,2019,5,0,0.0,0.0,0.0,0.0,999.0,0.0,0.0,0.0,0.0,0.0,0.0,0.0,0.0,0.0,0.0,0.0,0.0,0.0,0.0,0.0,0.0,0.0,0.0,0.0,0.0,0.0,0.0,0.0,0.0,0.0,0.0,0.0,0.0,0.0,59.00756097560976,0,1,0,0,1,0,0,0,0,0,1,3,1,2,1,1,1
208630,1,18129.0,5229.99,0,0,615.0,1,2017,10,0,0.0,0.0,0.0,0.0,999.0,0.0,0.0,0.0,0.0,0.0,0.0,0.0,0.0,0.0,0.0,0.0,0.0,0.0,0.0,0.0,0.0,0.0,0.0,0.0,0.0,0.0,0.0,0.0,0.0,0.0,0.0,0.0,0.0,0.2122905027932961,59.00756097560976,0,1,0,0,0,0,1,0,0,0,1,3,1,2,1,1,1
209107,0,58194.0,10049.29,1,1,294.0,0,2021,3,2,0.0,0.0,0.0,0.0,999.0,0.0,0.0,0.0,0.0,0.0,0.0,0.0,0.0,0.0,0.0,0.0,0.0,0.0,0.0,0.0,0.0,0.0,0.0,0.0,0.0,0.0,0.0,0.0,0.0,0.0,0.0,0.0,0.0,0.0,59.00756097560976,0,0,1,1,0,0,0,0,0,1,0,3,1,2,1,1,1
209846,0,0.0,16236.48,0,0,535.0,1,2017,1,1,0.0,0.0,0.0,0.0,999.0,0.0,0.0,0.0,0.0,0.0,0.0,0.0,0.0,0.0,0.0,0.0,0.0,0.0,0.0,0.0,0.0,0.0,0.0,0.0,0.0,0.0,0.0,0.0,0.0,0.0,0.0,0.0,0.0,0.2122905027932961,59.00756097560976,0,0,1,0,1,0,0,0,0,0,1,3,1,2,1,1,1
210485,0,77362.0,2796.8,0,0,202.0,1,2018,7,2,0.0,0.0,0.0,0.0,999.0,0.0,0.0,0.0,0.0,0.0,0.0,0.0,0.0,0.0,0.0,0.0,0.0,0.0,0.0,0.0,0.0,0.0,0.0,0.0,0.0,0.0,0.0,0.0,0.0,0.0,0.0,0.0,0.0,0.2122905027932961,59.00756097560976,0,1,0,1,0,0,0,0,0,1,0,3,1,2,1,1,1
210746,0,44934.0,4869.28,0,0,2200.0,0,2015,12,2,0.0,0.0,0.0,0.0,999.0,0.0,0.0,0.0,0.0,0.0,0.0,0.0,0.0,0.0,0.0,0.0,0.0,0.0,0.0,0.0,0.0,0.0,0.0,0.0,0.0,0.0,0.0,0.0,0.0,0.0,0.0,0.0,0.0,0.2122905027932961,59.00756097560976,0,0,1,1,0,0,0,0,0,1,0,3,1,2,1,1,1
212493,1,0.0,8105.87,0,0,2355.0,0,2015,7,2,0.0,0.0,0.0,0.0,999.0,0.0,0.0,0.0,0.0,0.0,0.0,0.0,0.0,0.0,0.0,0.0,0.0,0.0,0.0,0.0,0.0,0.0,0.0,0.0,0.0,0.0,0.0,0.0,0.0,0.0,0.0,0.0,0.0,0.2122905027932961,59.00756097560976,0,1,0,0,1,0,0,0,0,1,0,3,1,2,1,1,1
215294,0,88997.0,5757.44,0,0,243.0,1,2016,12,5,0.0,0.0,0.0,0.0,999.0,0.0,0.0,0.0,0.0,0.0,0.0,0.0,0.0,0.0,0.0,0.0,0.0,0.0,0.0,0.0,0.0,0.0,0.0,0.0,0.0,0.0,0.0,0.0,0.0,0.0,0.0,0.0,0.0,0.2122905027932961,59.00756097560976,0,0,1,1,0,0,0,0,1,0,0,3,1,2,1,1,1
215314,0,0.0,6277.01,0,0,70.0,1,2019,1,5,0.0,0.0,0.0,0.0,999.0,0.0,0.0,0.0,0.0,0.0,0.0,0.0,0.0,0.0,0.0,0.0,0.0,0.0,0.0,0.0,0.0,0.0,0.0,0.0,0.0,0.0,0.0,0.0,0.0,0.0,0.0,0.0,0.0,0.0,59.00756097560976,1,0,0,0,1,0,0,0,0,0,1,3,1,2,1,1,1
215751,0,14262.0,3460.67,0,0,242.0,1,2019,2,5,0.0,0.0,0.0,0.0,999.0,0.0,0.0,0.0,0.0,0.0,0.0,0.0,0.0,0.0,0.0,0.0,0.0,0.0,0.0,0.0,0.0,0.0,0.0,0.0,0.0,0.0,0.0,0.0,0.0,0.0,0.0,0.0,0.0,0.0,59.00756097560976,0,1,0,0,0,1,0,0,0,1,0,3,1,2,1,1,1
216445,1,23091.0,5926.73,0,0,7.0,0,2021,12,1,0.0,0.0,0.0,0.0,999.0,0.0,0.0,0.0,0.0,0.0,0.0,0.0,0.0,0.0,0.0,0.0,0.0,0.0,0.0,0.0,0.0,0.0,0.0,0.0,0.0,0.0,0.0,0.0,0.0,0.0,0.0,0.0,0.0,0.0,59.00756097560976,1,0,0,0,0,0,0,1,0,1,0,3,1,2,1,1,1
216500,0,0.0,5341.44,0,0,2331.0,0,2015,8,1,0.0,0.0,0.0,0.0,999.0,0.0,0.0,0.0,0.0,0.0,0.0,0.0,0.0,0.0,0.0,0.0,0.0,0.0,0.0,0.0,0.0,0.0,0.0,0.0,0.0,0.0,0.0,0.0,0.0,0.0,0.0,0.0,0.0,0.2122905027932961,59.00756097560976,1,0,0,0,1,0,0,0,0,1,0,3,1,2,1,1,1
216666,0,0.0,20370.77,0,0,615.0,1,2016,1,0,0.0,0.0,0.0,0.0,999.0,0.0,0.0,0.0,0.0,0.0,0.0,0.0,0.0,0.0,0.0,0.0,0.0,0.0,0.0,0.0,0.0,0.0,0.0,0.0,0.0,0.0,0.0,0.0,0.0,0.0,0.0,0.0,0.0,0.2122905027932961,59.00756097560976,1,0,0,0,1,0,0,0,0,0,1,3,1,2,1,1,1
216937,1,70286.0,5372.35,0,0,2370.0,0,2015,7,4,0.0,0.0,0.0,0.0,999.0,0.0,0.0,0.0,0.0,0.0,0.0,0.0,0.0,0.0,0.0,0.0,0.0,0.0,0.0,0.0,0.0,0.0,0.0,0.0,0.0,0.0,0.0,0.0,0.0,0.0,0.0,0.0,0.0,0.2122905027932961,59.00756097560976,0,0,1,1,0,0,0,0,0,1,0,3,1,2,1,1,1
217235,0,70958.0,9212.61,0,0,788.0,1,2016,4,4,0.0,0.0,0.0,0.0,999.0,0.0,0.0,0.0,0.0,0.0,0.0,0.0,0.0,0.0,0.0,0.0,0.0,0.0,0.0,0.0,0.0,0.0,0.0,0.0,0.0,0.0,0.0,0.0,0.0,0.0,0.0,0.0,0.0,0.2122905027932961,59.00756097560976,0,0,1,1,0,0,0,0,0,1,0,3,1,2,1,1,1
217284,0,25398.0,4815.01,0,0,245.0,1,2018,5,5,0.0,0.0,0.0,0.0,999.0,0.0,0.0,0.0,0.0,0.0,0.0,0.0,0.0,0.0,0.0,0.0,0.0,0.0,0.0,0.0,0.0,0.0,0.0,0.0,0.0,0.0,0.0,0.0,0.0,0.0,0.0,0.0,0.0,0.2122905027932961,59.00756097560976,0,0,1,0,0,1,0,0,1,0,0,3,1,2,1,1,1
217497,1,55281.0,7605.64,0,0,242.0,1,2018,11,2,0.0,0.0,0.0,0.0,999.0,0.0,0.0,0.0,0.0,0.0,0.0,0.0,0.0,0.0,0.0,0.0,0.0,0.0,0.0,0.0,0.0,0.0,0.0,0.0,0.0,0.0,0.0,0.0,0.0,0.0,0.0,0.0,0.0,0.2122905027932961,59.00756097560976,0,1,0,1,0,0,0,0,0,1,0,3,1,2,1,1,1
218373,0,0.0,2681.33,0,0,256.0,1,2017,2,2,0.0,0.0,0.0,0.0,999.0,0.0,0.0,0.0,0.0,0.0,0.0,0.0,0.0,0.0,0.0,0.0,0.0,0.0,0.0,0.0,0.0,0.0,0.0,0.0,0.0,0.0,0.0,0.0,0.0,0.0,0.0,0.0,0.0,0.2122905027932961,59.00756097560976,0,0,1,0,1,0,0,0,0,1,0,3,1,2,1,1,1
219160,1,42191.0,17732.46,0,0,2204.0,0,2015,12,1,0.0,0.0,0.0,0.0,999.0,0.0,0.0,0.0,0.0,0.0,0.0,0.0,0.0,0.0,0.0,0.0,0.0,0.0,0.0,0.0,0.0,0.0,0.0,0.0,0.0,0.0,0.0,0.0,0.0,0.0,0.0,0.0,0.0,0.2122905027932961,59.00756097560976,1,0,0,1,0,0,0,0,0,1,0,3,1,2,1,1,1
219646,1,23333.0,2974.31,0,0,2232.0,0,2015,11,1,0.0,0.0,0.0,0.0,999.0,0.0,0.0,0.0,0.0,0.0,0.0,0.0,0.0,0.0,0.0,0.0,0.0,0.0,0.0,0.0,0.0,0.0,0.0,0.0,0.0,0.0,0.0,0.0,0.0,0.0,0.0,0.0,0.0,0.2122905027932961,59.00756097560976,0,1,0,1,0,0,0,0,0,1,0,3,1,2,1,1,1
219806,1,48029.0,9101.52,0,0,243.0,1,2019,1,0,0.0,0.0,0.0,0.0,999.0,0.0,0.0,0.0,0.0,0.0,0.0,0.0,0.0,0.0,0.0,0.0,0.0,0.0,0.0,0.0,0.0,0.0,0.0,0.0,0.0,0.0,0.0,0.0,0.0,0.0,0.0,0.0,0.0,0.0,59.00756097560976,0,0,1,1,0,0,0,0,1,0,0,3,1,2,1,1,1
220139,1,53863.0,15182.28,0,0,243.0,1,2018,1,5,0.0,0.0,0.0,0.0,999.0,0.0,0.0,0.0,0.0,0.0,0.0,0.0,0.0,0.0,0.0,0.0,0.0,0.0,0.0,0.0,0.0,0.0,0.0,0.0,0.0,0.0,0.0,0.0,0.0,0.0,0.0,0.0,0.0,0.2122905027932961,59.00756097560976,0,1,0,1,0,0,0,0,0,1,0,3,1,2,1,1,1
220601,0,82534.0,4692.05,0,0,116.0,1,2016,7,0,0.0,0.0,0.0,0.0,999.0,0.0,0.0,0.0,0.0,0.0,0.0,0.0,0.0,0.0,0.0,0.0,0.0,0.0,0.0,0.0,0.0,0.0,0.0,0.0,0.0,0.0,0.0,0.0,0.0,0.0,0.0,0.0,0.0,0.2122905027932961,59.00756097560976,0,0,1,1,0,0,0,0,0,0,1,3,1,2,1,1,1
221361,1,11854.0,13118.74,0,0,1159.0,1,2016,7,4,0.0,0.0,0.0,0.0,999.0,0.0,0.0,0.0,0.0,0.0,0.0,0.0,0.0,0.0,0.0,0.0,0.0,0.0,0.0,0.0,0.0,0.0,0.0,0.0,0.0,0.0,0.0,0.0,0.0,0.0,0.0,0.0,0.0,0.2122905027932961,59.00756097560976,1,0,0,0,0,0,1,0,0,1,0,3,1,2,1,1,1
221627,0,77512.0,8370.4,0,0,242.0,1,2018,9,1,0.0,0.0,0.0,0.0,999.0,0.0,0.0,0.0,0.0,0.0,0.0,0.0,0.0,0.0,0.0,0.0,0.0,0.0,0.0,0.0,0.0,0.0,0.0,0.0,0.0,0.0,0.0,0.0,0.0,0.0,0.0,0.0,0.0,0.2122905027932961,59.00756097560976,0,1,0,1,0,0,0,0,1,0,0,3,1,2,1,1,1
221709,0,30205.0,15245.25,1,1,286.0,0,2021,3,0,0.0,0.0,0.0,0.0,999.0,0.0,0.0,0.0,0.0,0.0,0.0,0.0,0.0,0.0,0.0,0.0,0.0,0.0,0.0,0.0,0.0,0.0,0.0,0.0,0.0,0.0,0.0,0.0,0.0,0.0,0.0,0.0,0.0,0.0,59.00756097560976,1,0,0,1,0,0,0,0,0,0,1,3,1,2,1,1,1
222425,0,33811.0,7221.15,0,0,242.0,1,2018,11,2,0.0,0.0,0.0,0.0,999.0,0.0,0.0,0.0,0.0,0.0,0.0,0.0,0.0,0.0,0.0,0.0,0.0,0.0,0.0,0.0,0.0,0.0,0.0,0.0,0.0,0.0,0.0,0.0,0.0,0.0,0.0,0.0,0.0,0.2122905027932961,59.00756097560976,0,1,0,1,0,0,0,0,0,1,0,3,1,2,1,1,1
222644,1,65727.0,10861.52,1,1,296.0,0,2021,3,4,0.0,0.0,0.0,0.0,999.0,0.0,0.0,0.0,0.0,0.0,0.0,0.0,0.0,0.0,0.0,0.0,0.0,0.0,0.0,0.0,0.0,0.0,0.0,0.0,0.0,0.0,0.0,0.0,0.0,0.0,0.0,0.0,0.0,0.0,59.00756097560976,1,0,0,1,0,0,0,0,0,1,0,3,1,2,1,1,1
223081,1,30604.0,9915.9,0,0,940.0,1,2016,8,4,0.0,0.0,0.0,0.0,999.0,0.0,0.0,0.0,0.0,0.0,0.0,0.0,0.0,0.0,0.0,0.0,0.0,0.0,0.0,0.0,0.0,0.0,0.0,0.0,0.0,0.0,0.0,0.0,0.0,0.0,0.0,0.0,0.0,0.2122905027932961,59.00756097560976,1,0,0,1,0,0,0,0,1,0,0,3,1,2,1,1,1
223238,0,51814.0,3517.39,0,0,71.0,1,2017,7,5,0.0,0.0,0.0,0.0,999.0,0.0,0.0,0.0,0.0,0.0,0.0,0.0,0.0,0.0,0.0,0.0,0.0,0.0,0.0,0.0,0.0,0.0,0.0,0.0,0.0,0.0,0.0,0.0,0.0,0.0,0.0,0.0,0.0,0.2122905027932961,59.00756097560976,0,1,0,1,0,0,0,0,0,0,1,3,1,2,1,1,1
223638,0,32051.0,7724.84,0,0,7.0,0,2021,12,5,0.0,0.0,0.0,0.0,999.0,0.0,0.0,0.0,0.0,0.0,0.0,0.0,0.0,0.0,0.0,0.0,0.0,0.0,0.0,0.0,0.0,0.0,0.0,0.0,0.0,0.0,0.0,0.0,0.0,0.0,0.0,0.0,0.0,0.0,59.00756097560976,1,0,0,1,0,0,0,0,0,1,0,3,1,2,1,1,1
224132,1,37478.0,4171.19,0,0,242.0,1,2018,11,2,0.0,0.0,0.0,0.0,999.0,0.0,0.0,0.0,0.0,0.0,0.0,0.0,0.0,0.0,0.0,0.0,0.0,0.0,0.0,0.0,0.0,0.0,0.0,0.0,0.0,0.0,0.0,0.0,0.0,0.0,0.0,0.0,0.0,0.2122905027932961,59.00756097560976,0,1,0,1,0,0,0,0,0,1,0,3,1,2,1,1,1
224178,1,0.0,32777.3,0,0,2237.0,0,2015,11,4,0.0,0.0,0.0,0.0,999.0,0.0,0.0,0.0,0.0,0.0,0.0,0.0,0.0,0.0,0.0,0.0,0.0,0.0,0.0,0.0,0.0,0.0,0.0,0.0,0.0,0.0,0.0,0.0,0.0,0.0,0.0,0.0,0.0,0.2122905027932961,59.00756097560976,1,0,0,0,1,0,0,0,0,1,0,3,1,2,1,1,1
224530,0,40135.0,3208.92,0,0,9.0,0,2021,12,4,0.0,0.0,0.0,0.0,999.0,0.0,0.0,0.0,0.0,0.0,0.0,0.0,0.0,0.0,0.0,0.0,0.0,0.0,0.0,0.0,0.0,0.0,0.0,0.0,0.0,0.0,0.0,0.0,0.0,0.0,0.0,0.0,0.0,0.0,59.00756097560976,0,0,1,1,0,0,0,0,0,1,0,3,1,2,1,1,1
224676,0,36938.0,5682.52,0,0,2314.0,0,2015,8,1,0.0,0.0,0.0,0.0,999.0,0.0,0.0,0.0,0.0,0.0,0.0,0.0,0.0,0.0,0.0,0.0,0.0,0.0,0.0,0.0,0.0,0.0,0.0,0.0,0.0,0.0,0.0,0.0,0.0,0.0,0.0,0.0,0.0,0.2122905027932961,59.00756097560976,1,0,0,1,0,0,0,0,0,1,0,3,1,2,1,1,1
225529,0,12266.0,8161.17,0,0,366.0,1,2016,9,4,0.0,0.0,0.0,0.0,999.0,0.0,0.0,0.0,0.0,0.0,0.0,0.0,0.0,0.0,0.0,0.0,0.0,0.0,0.0,0.0,0.0,0.0,0.0,0.0,0.0,0.0,0.0,0.0,0.0,0.0,0.0,0.0,0.0,0.2122905027932961,59.00756097560976,0,1,0,0,0,0,1,0,0,1,0,3,1,2,1,1,1
225743,1,43461.0,5165.81,0,0,243.0,1,2018,10,1,0.0,0.0,0.0,0.0,999.0,0.0,0.0,0.0,0.0,0.0,0.0,0.0,0.0,0.0,0.0,0.0,0.0,0.0,0.0,0.0,0.0,0.0,0.0,0.0,0.0,0.0,0.0,0.0,0.0,0.0,0.0,0.0,0.0,0.2122905027932961,59.00756097560976,0,0,1,1,0,0,0,0,0,1,0,3,1,2,1,1,1
225748,0,0.0,5907.15,0,0,243.0,1,2018,12,4,0.0,0.0,0.0,0.0,999.0,0.0,0.0,0.0,0.0,0.0,0.0,0.0,0.0,0.0,0.0,0.0,0.0,0.0,0.0,0.0,0.0,0.0,0.0,0.0,0.0,0.0,0.0,0.0,0.0,0.0,0.0,0.0,0.0,0.2122905027932961,59.00756097560976,0,0,1,0,1,0,0,0,0,1,0,3,1,2,1,1,1
226176,0,0.0,5121.56,0,0,243.0,1,2018,8,5,0.0,0.0,0.0,0.0,999.0,0.0,0.0,0.0,0.0,0.0,0.0,0.0,0.0,0.0,0.0,0.0,0.0,0.0,0.0,0.0,0.0,0.0,0.0,0.0,0.0,0.0,0.0,0.0,0.0,0.0,0.0,0.0,0.0,0.2122905027932961,59.00756097560976,1,0,0,0,1,0,0,0,0,0,1,3,1,2,1,1,1
226847,0,73435.0,5525.84,0,0,2230.0,0,2015,11,2,0.0,0.0,0.0,0.0,999.0,0.0,0.0,0.0,0.0,0.0,0.0,0.0,0.0,0.0,0.0,0.0,0.0,0.0,0.0,0.0,0.0,0.0,0.0,0.0,0.0,0.0,0.0,0.0,0.0,0.0,0.0,0.0,0.0,0.2122905027932961,59.00756097560976,0,1,0,1,0,0,0,0,0,1,0,3,1,2,1,1,1
227433,1,0.0,8329.04,0,0,470.0,1,2017,11,0,0.0,0.0,0.0,0.0,999.0,0.0,0.0,0.0,0.0,0.0,0.0,0.0,0.0,0.0,0.0,0.0,0.0,0.0,0.0,0.0,0.0,0.0,0.0,0.0,0.0,0.0,0.0,0.0,0.0,0.0,0.0,0.0,0.0,0.2122905027932961,59.00756097560976,0,1,0,0,1,0,0,0,0,0,1,3,1,2,1,1,1
228469,1,43318.0,5261.1,0,0,245.0,1,2018,5,3,0.0,0.0,0.0,0.0,999.0,0.0,0.0,0.0,0.0,0.0,0.0,0.0,0.0,0.0,0.0,0.0,0.0,0.0,0.0,0.0,0.0,0.0,0.0,0.0,0.0,0.0,0.0,0.0,0.0,0.0,0.0,0.0,0.0,0.2122905027932961,59.00756097560976,0,1,0,1,0,0,0,0,0,1,0,3,1,2,1,1,1
229075,1,22985.0,3065.37,0,0,26.0,0,2021,12,2,0.0,0.0,0.0,0.0,999.0,0.0,0.0,0.0,0.0,0.0,0.0,0.0,0.0,0.0,0.0,0.0,0.0,0.0,0.0,0.0,0.0,0.0,0.0,0.0,0.0,0.0,0.0,0.0,0.0,0.0,0.0,0.0,0.0,0.0,59.00756097560976,0,1,0,1,0,0,0,0,0,1,0,3,1,2,1,1,1
229308,1,27835.0,6376.75,0,0,88.0,1,2019,9,4,0.0,0.0,0.0,0.0,999.0,0.0,0.0,0.0,0.0,0.0,0.0,0.0,0.0,0.0,0.0,0.0,0.0,0.0,0.0,0.0,0.0,0.0,0.0,0.0,0.0,0.0,0.0,0.0,0.0,0.0,0.0,0.0,0.0,0.0,59.00756097560976,0,1,0,1,0,0,0,0,1,0,0,3,1,2,1,1,1
229636,1,68658.0,6019.93,0,0,2192.0,0,2015,12,4,0.0,0.0,0.0,0.0,999.0,0.0,0.0,0.0,0.0,0.0,0.0,0.0,0.0,0.0,0.0,0.0,0.0,0.0,0.0,0.0,0.0,0.0,0.0,0.0,0.0,0.0,0.0,0.0,0.0,0.0,0.0,0.0,0.0,0.2122905027932961,59.00756097560976,1,0,0,1,0,0,0,0,0,0,1,3,1,2,1,1,1
229861,0,70911.0,2386.2,0,0,242.0,1,2018,11,0,0.0,0.0,0.0,0.0,999.0,0.0,0.0,0.0,0.0,0.0,0.0,0.0,0.0,0.0,0.0,0.0,0.0,0.0,0.0,0.0,0.0,0.0,0.0,0.0,0.0,0.0,0.0,0.0,0.0,0.0,0.0,0.0,0.0,0.2122905027932961,59.00756097560976,0,0,1,1,0,0,0,0,0,0,1,3,1,2,1,1,1
231319,1,52583.0,8879.79,0,0,243.0,1,2016,12,4,0.0,0.0,0.0,0.0,999.0,0.0,0.0,0.0,0.0,0.0,0.0,0.0,0.0,0.0,0.0,0.0,0.0,0.0,0.0,0.0,0.0,0.0,0.0,0.0,0.0,0.0,0.0,0.0,0.0,0.0,0.0,0.0,0.0,0.2122905027932961,59.00756097560976,0,1,0,1,0,0,0,0,0,0,1,3,1,2,1,1,1
232317,1,72517.0,13156.75,0,0,245.0,1,2016,6,1,0.0,0.0,0.0,0.0,999.0,0.0,0.0,0.0,0.0,0.0,0.0,0.0,0.0,0.0,0.0,0.0,0.0,0.0,0.0,0.0,0.0,0.0,0.0,0.0,0.0,0.0,0.0,0.0,0.0,0.0,0.0,0.0,0.0,0.2122905027932961,59.00756097560976,0,1,0,1,0,0,0,0,0,1,0,3,1,2,1,1,1
232426,1,0.0,5208.35,0,0,245.0,1,2017,3,2,0.0,0.0,0.0,0.0,999.0,0.0,0.0,0.0,0.0,0.0,0.0,0.0,0.0,0.0,0.0,0.0,0.0,0.0,0.0,0.0,0.0,0.0,0.0,0.0,0.0,0.0,0.0,0.0,0.0,0.0,0.0,0.0,0.0,0.2122905027932961,59.00756097560976,1,0,0,0,1,0,0,0,0,0,1,3,1,2,1,1,1
233051,0,22886.0,5096.67,0,0,387.0,1,2017,3,2,0.0,0.0,0.0,0.0,999.0,0.0,0.0,0.0,0.0,0.0,0.0,0.0,0.0,0.0,0.0,0.0,0.0,0.0,0.0,0.0,0.0,0.0,0.0,0.0,0.0,0.0,0.0,0.0,0.0,0.0,0.0,0.0,0.0,0.2122905027932961,59.00756097560976,0,1,0,0,0,1,0,0,1,0,0,3,1,2,1,1,1
233831,1,73268.0,10881.77,0,0,267.0,1,2019,1,4,0.0,0.0,0.0,0.0,999.0,0.0,0.0,0.0,0.0,0.0,0.0,0.0,0.0,0.0,0.0,0.0,0.0,0.0,0.0,0.0,0.0,0.0,0.0,0.0,0.0,0.0,0.0,0.0,0.0,0.0,0.0,0.0,0.0,0.0,59.00756097560976,1,0,0,1,0,0,0,0,0,1,0,3,1,2,1,1,1
233877,1,77627.0,10552.88,0,0,186.0,1,2018,5,2,0.0,0.0,0.0,0.0,999.0,0.0,0.0,0.0,0.0,0.0,0.0,0.0,0.0,0.0,0.0,0.0,0.0,0.0,0.0,0.0,0.0,0.0,0.0,0.0,0.0,0.0,0.0,0.0,0.0,0.0,0.0,0.0,0.0,0.2122905027932961,59.00756097560976,1,0,0,1,0,0,0,0,0,1,0,3,1,2,1,1,1
235030,1,83761.0,8900.42,0,0,60.0,0,2021,10,3,0.0,0.0,0.0,0.0,999.0,0.0,0.0,0.0,0.0,0.0,0.0,0.0,0.0,0.0,0.0,0.0,0.0,0.0,0.0,0.0,0.0,0.0,0.0,0.0,0.0,0.0,0.0,0.0,0.0,0.0,0.0,0.0,0.0,0.0,59.00756097560976,0,1,0,1,0,0,0,0,1,0,0,3,1,2,1,1,1
235220,0,17860.0,3288.83,0,0,242.0,1,2017,11,1,0.0,0.0,0.0,0.0,999.0,0.0,0.0,0.0,0.0,0.0,0.0,0.0,0.0,0.0,0.0,0.0,0.0,0.0,0.0,0.0,0.0,0.0,0.0,0.0,0.0,0.0,0.0,0.0,0.0,0.0,0.0,0.0,0.0,0.2122905027932961,59.00756097560976,0,1,0,0,0,0,1,0,0,0,1,3,1,2,1,1,1
236037,0,12430.0,5169.5,0,0,244.0,1,2019,2,4,0.0,0.0,0.0,0.0,999.0,0.0,0.0,0.0,0.0,0.0,0.0,0.0,0.0,0.0,0.0,0.0,0.0,0.0,0.0,0.0,0.0,0.0,0.0,0.0,0.0,0.0,0.0,0.0,0.0,0.0,0.0,0.0,0.0,0.0,59.00756097560976,0,0,1,0,0,0,1,0,0,0,1,3,1,2,1,1,1
236300,0,32272.0,4384.35,0,0,388.0,1,2018,8,0,0.0,0.0,0.0,0.0,999.0,0.0,0.0,0.0,0.0,0.0,0.0,0.0,0.0,0.0,0.0,0.0,0.0,0.0,0.0,0.0,0.0,0.0,0.0,0.0,0.0,0.0,0.0,0.0,0.0,0.0,0.0,0.0,0.0,0.2122905027932961,59.00756097560976,0,0,1,1,0,0,0,0,0,1,0,3,1,2,1,1,1
236794,0,0.0,6625.47,0,0,19.0,0,2021,12,1,0.0,0.0,0.0,0.0,999.0,0.0,0.0,0.0,0.0,0.0,0.0,0.0,0.0,0.0,0.0,0.0,0.0,0.0,0.0,0.0,0.0,0.0,0.0,0.0,0.0,0.0,0.0,0.0,0.0,0.0,0.0,0.0,0.0,0.0,59.00756097560976,0,1,0,0,1,0,0,0,0,1,0,3,1,2,1,1,1
237107,0,67572.0,24826.89,0,0,245.0,1,2019,6,0,0.0,0.0,0.0,0.0,999.0,0.0,0.0,0.0,0.0,0.0,0.0,0.0,0.0,0.0,0.0,0.0,0.0,0.0,0.0,0.0,0.0,0.0,0.0,0.0,0.0,0.0,0.0,0.0,0.0,0.0,0.0,0.0,0.0,0.0,59.00756097560976,1,0,0,1,0,0,0,0,0,1,0,3,1,2,1,1,1
238063,1,97658.0,6159.01,0,0,2390.0,0,2015,6,3,0.0,0.0,0.0,0.0,999.0,0.0,0.0,0.0,0.0,0.0,0.0,0.0,0.0,0.0,0.0,0.0,0.0,0.0,0.0,0.0,0.0,0.0,0.0,0.0,0.0,0.0,0.0,0.0,0.0,0.0,0.0,0.0,0.0,0.2122905027932961,59.00756097560976,1,0,0,1,0,0,0,0,0,1,0,3,1,2,1,1,1
238070,1,0.0,10996.71,0,0,143.0,1,2018,10,4,0.0,0.0,0.0,0.0,999.0,0.0,0.0,0.0,0.0,0.0,0.0,0.0,0.0,0.0,0.0,0.0,0.0,0.0,0.0,0.0,0.0,0.0,0.0,0.0,0.0,0.0,0.0,0.0,0.0,0.0,0.0,0.0,0.0,0.2122905027932961,59.00756097560976,0,0,1,0,1,0,0,0,0,0,1,3,1,2,1,1,1
239221,0,66152.0,4407.97,0,0,8.0,1,2017,5,2,0.0,0.0,0.0,0.0,999.0,0.0,0.0,0.0,0.0,0.0,0.0,0.0,0.0,0.0,0.0,0.0,0.0,0.0,0.0,0.0,0.0,0.0,0.0,0.0,0.0,0.0,0.0,0.0,0.0,0.0,0.0,0.0,0.0,0.2122905027932961,59.00756097560976,0,1,0,1,0,0,0,0,0,1,0,3,1,2,1,1,1
240299,1,46507.0,5564.96,0,0,244.0,1,2017,3,2,0.0,0.0,0.0,0.0,999.0,0.0,0.0,0.0,0.0,0.0,0.0,0.0,0.0,0.0,0.0,0.0,0.0,0.0,0.0,0.0,0.0,0.0,0.0,0.0,0.0,0.0,0.0,0.0,0.0,0.0,0.0,0.0,0.0,0.2122905027932961,59.00756097560976,1,0,0,1,0,0,0,0,0,1,0,3,1,2,1,1,1
240861,0,82875.0,2824.68,0,0,242.0,1,2018,9,0,0.0,0.0,0.0,0.0,999.0,0.0,0.0,0.0,0.0,0.0,0.0,0.0,0.0,0.0,0.0,0.0,0.0,0.0,0.0,0.0,0.0,0.0,0.0,0.0,0.0,0.0,0.0,0.0,0.0,0.0,0.0,0.0,0.0,0.2122905027932961,59.00756097560976,0,1,0,1,0,0,0,0,0,1,0,3,1,2,1,1,1
241069,0,0.0,5337.35,0,0,365.0,1,2018,8,1,0.0,0.0,0.0,0.0,999.0,0.0,0.0,0.0,0.0,0.0,0.0,0.0,0.0,0.0,0.0,0.0,0.0,0.0,0.0,0.0,0.0,0.0,0.0,0.0,0.0,0.0,0.0,0.0,0.0,0.0,0.0,0.0,0.0,0.2122905027932961,59.00756097560976,0,1,0,0,1,0,0,0,0,0,1,3,1,2,1,1,1
241165,1,88430.0,13297.64,0,0,492.0,1,2016,11,2,0.0,0.0,0.0,0.0,999.0,0.0,0.0,0.0,0.0,0.0,0.0,0.0,0.0,0.0,0.0,0.0,0.0,0.0,0.0,0.0,0.0,0.0,0.0,0.0,0.0,0.0,0.0,0.0,0.0,0.0,0.0,0.0,0.0,0.2122905027932961,59.00756097560976,0,0,1,1,0,0,0,0,0,1,0,3,1,2,1,1,1
241990,0,31727.0,3536.65,0,0,2434.0,0,2015,5,2,0.0,0.0,0.0,0.0,999.0,0.0,0.0,0.0,0.0,0.0,0.0,0.0,0.0,0.0,0.0,0.0,0.0,0.0,0.0,0.0,0.0,0.0,0.0,0.0,0.0,0.0,0.0,0.0,0.0,0.0,0.0,0.0,0.0,0.2122905027932961,59.00756097560976,0,1,0,1,0,0,0,0,0,0,1,3,1,2,1,1,1
242203,1,27972.0,2227.07,0,0,695.0,1,2017,5,2,0.0,0.0,0.0,0.0,999.0,0.0,0.0,0.0,0.0,0.0,0.0,0.0,0.0,0.0,0.0,0.0,0.0,0.0,0.0,0.0,0.0,0.0,0.0,0.0,0.0,0.0,0.0,0.0,0.0,0.0,0.0,0.0,0.0,0.2122905027932961,59.00756097560976,0,0,1,0,0,0,0,1,0,1,0,3,1,2,1,1,1
242377,1,0.0,4221.31,1,0,262.0,0,2021,4,1,0.0,0.0,0.0,0.0,999.0,0.0,0.0,0.0,0.0,0.0,0.0,0.0,0.0,0.0,0.0,0.0,0.0,0.0,0.0,0.0,0.0,0.0,0.0,0.0,0.0,0.0,0.0,0.0,0.0,0.0,0.0,0.0,0.0,0.0,59.00756097560976,0,0,1,0,1,0,0,0,0,0,1,3,1,2,1,1,1
242637,0,31421.0,9594.78,0,0,606.0,1,2016,1,4,0.0,0.0,0.0,0.0,999.0,0.0,0.0,0.0,0.0,0.0,0.0,0.0,0.0,0.0,0.0,0.0,0.0,0.0,0.0,0.0,0.0,0.0,0.0,0.0,0.0,0.0,0.0,0.0,0.0,0.0,0.0,0.0,0.0,0.2122905027932961,59.00756097560976,0,1,0,1,0,0,0,0,0,1,0,3,1,2,1,1,1
242719,1,40153.0,7227.12,0,0,70.0,0,2021,10,1,0.0,0.0,0.0,0.0,999.0,0.0,0.0,0.0,0.0,0.0,0.0,0.0,0.0,0.0,0.0,0.0,0.0,0.0,0.0,0.0,0.0,0.0,0.0,0.0,0.0,0.0,0.0,0.0,0.0,0.0,0.0,0.0,0.0,0.0,59.00756097560976,0,0,1,1,0,0,0,0,0,0,1,3,1,2,1,1,1
242839,0,75217.0,7173.91,0,0,2371.0,0,2015,7,5,0.0,0.0,0.0,0.0,999.0,0.0,0.0,0.0,0.0,0.0,0.0,0.0,0.0,0.0,0.0,0.0,0.0,0.0,0.0,0.0,0.0,0.0,0.0,0.0,0.0,0.0,0.0,0.0,0.0,0.0,0.0,0.0,0.0,0.2122905027932961,59.00756097560976,0,1,0,1,0,0,0,0,0,0,1,3,1,2,1,1,1
242980,1,55478.0,8539.83,0,0,245.0,1,2019,3,1,0.0,0.0,0.0,0.0,999.0,0.0,0.0,0.0,0.0,0.0,0.0,0.0,0.0,0.0,0.0,0.0,0.0,0.0,0.0,0.0,0.0,0.0,0.0,0.0,0.0,0.0,0.0,0.0,0.0,0.0,0.0,0.0,0.0,0.0,59.00756097560976,1,0,0,1,0,0,0,0,0,1,0,3,1,2,1,1,1
243001,0,11904.0,4254.62,0,0,45.0,0,2021,11,1,0.0,0.0,0.0,0.0,999.0,0.0,0.0,0.0,0.0,0.0,0.0,0.0,0.0,0.0,0.0,0.0,0.0,0.0,0.0,0.0,0.0,0.0,0.0,0.0,0.0,0.0,0.0,0.0,0.0,0.0,0.0,0.0,0.0,0.0,59.00756097560976,0,0,1,0,0,1,0,0,0,0,1,3,1,2,1,1,1
243153,1,67890.0,5020.47,0,0,243.0,1,2017,10,1,0.0,0.0,0.0,0.0,999.0,0.0,0.0,0.0,0.0,0.0,0.0,0.0,0.0,0.0,0.0,0.0,0.0,0.0,0.0,0.0,0.0,0.0,0.0,0.0,0.0,0.0,0.0,0.0,0.0,0.0,0.0,0.0,0.0,0.2122905027932961,59.00756097560976,0,1,0,1,0,0,0,0,0,1,0,3,1,2,1,1,1
243272,0,70908.0,36632.53,0,0,364.0,1,2018,1,1,0.0,0.0,0.0,0.0,999.0,0.0,0.0,0.0,0.0,0.0,0.0,0.0,0.0,0.0,0.0,0.0,0.0,0.0,0.0,0.0,0.0,0.0,0.0,0.0,0.0,0.0,0.0,0.0,0.0,0.0,0.0,0.0,0.0,0.2122905027932961,59.00756097560976,0,1,0,1,0,0,0,0,1,0,0,3,1,2,1,1,1
243273,1,97298.0,30475.78,0,0,47.0,0,2021,11,5,0.0,0.0,0.0,0.0,999.0,0.0,0.0,0.0,0.0,0.0,0.0,0.0,0.0,0.0,0.0,0.0,0.0,0.0,0.0,0.0,0.0,0.0,0.0,0.0,0.0,0.0,0.0,0.0,0.0,0.0,0.0,0.0,0.0,0.0,59.00756097560976,1,0,0,1,0,0,0,0,0,0,1,3,1,2,1,1,1
243726,1,57693.0,5979.72,0,0,473.0,1,2016,7,2,0.0,0.0,0.0,0.0,999.0,0.0,0.0,0.0,0.0,0.0,0.0,0.0,0.0,0.0,0.0,0.0,0.0,0.0,0.0,0.0,0.0,0.0,0.0,0.0,0.0,0.0,0.0,0.0,0.0,0.0,0.0,0.0,0.0,0.2122905027932961,59.00756097560976,1,0,0,1,0,0,0,0,1,0,0,3,1,2,1,1,1
244527,0,73339.0,17788.06,1,0,265.0,0,2021,4,4,0.0,0.0,0.0,0.0,999.0,0.0,0.0,0.0,0.0,0.0,0.0,0.0,0.0,0.0,0.0,0.0,0.0,0.0,0.0,0.0,0.0,0.0,0.0,0.0,0.0,0.0,0.0,0.0,0.0,0.0,0.0,0.0,0.0,0.0,59.00756097560976,0,0,1,1,0,0,0,0,1,0,0,3,1,2,1,1,1
245671,1,77309.0,3358.66,0,0,243.0,1,2017,1,2,0.0,0.0,0.0,0.0,999.0,0.0,0.0,0.0,0.0,0.0,0.0,0.0,0.0,0.0,0.0,0.0,0.0,0.0,0.0,0.0,0.0,0.0,0.0,0.0,0.0,0.0,0.0,0.0,0.0,0.0,0.0,0.0,0.0,0.2122905027932961,59.00756097560976,0,1,0,1,0,0,0,0,0,1,0,3,1,2,1,1,1
246399,0,52583.0,8879.79,0,0,199.0,1,2018,7,3,0.0,0.0,0.0,0.0,999.0,0.0,0.0,0.0,0.0,0.0,0.0,0.0,0.0,0.0,0.0,0.0,0.0,0.0,0.0,0.0,0.0,0.0,0.0,0.0,0.0,0.0,0.0,0.0,0.0,0.0,0.0,0.0,0.0,0.2122905027932961,59.00756097560976,0,0,1,1,0,0,0,0,0,0,1,3,1,2,1,1,1
246581,1,68946.0,5737.5,0,0,33.0,0,2021,11,4,0.0,0.0,0.0,0.0,999.0,0.0,0.0,0.0,0.0,0.0,0.0,0.0,0.0,0.0,0.0,0.0,0.0,0.0,0.0,0.0,0.0,0.0,0.0,0.0,0.0,0.0,0.0,0.0,0.0,0.0,0.0,0.0,0.0,0.0,59.00756097560976,0,0,1,1,0,0,0,0,0,1,0,3,1,2,1,1,1
247103,1,59496.0,3527.85,0,0,2378.0,0,2015,6,4,0.0,0.0,0.0,0.0,999.0,0.0,0.0,0.0,0.0,0.0,0.0,0.0,0.0,0.0,0.0,0.0,0.0,0.0,0.0,0.0,0.0,0.0,0.0,0.0,0.0,0.0,0.0,0.0,0.0,0.0,0.0,0.0,0.0,0.2122905027932961,59.00756097560976,0,1,0,1,0,0,0,0,0,1,0,3,1,2,1,1,1
248497,0,63624.0,41143.09,0,0,180.0,1,2016,9,2,0.0,0.0,0.0,0.0,999.0,0.0,0.0,0.0,0.0,0.0,0.0,0.0,0.0,0.0,0.0,0.0,0.0,0.0,0.0,0.0,0.0,0.0,0.0,0.0,0.0,0.0,0.0,0.0,0.0,0.0,0.0,0.0,0.0,0.2122905027932961,59.00756097560976,1,0,0,1,0,0,0,0,0,1,0,3,1,2,1,1,1
248664,0,45329.0,4954.29,0,0,24.0,0,2021,12,4,0.0,0.0,0.0,0.0,999.0,0.0,0.0,0.0,0.0,0.0,0.0,0.0,0.0,0.0,0.0,0.0,0.0,0.0,0.0,0.0,0.0,0.0,0.0,0.0,0.0,0.0,0.0,0.0,0.0,0.0,0.0,0.0,0.0,0.0,59.00756097560976,0,0,1,1,0,0,0,0,0,1,0,3,1,2,1,1,1
248886,0,56586.0,4013.95,0,0,243.0,1,2019,1,6,0.0,0.0,0.0,0.0,999.0,0.0,0.0,0.0,0.0,0.0,0.0,0.0,0.0,0.0,0.0,0.0,0.0,0.0,0.0,0.0,0.0,0.0,0.0,0.0,0.0,0.0,0.0,0.0,0.0,0.0,0.0,0.0,0.0,0.0,59.00756097560976,0,1,0,1,0,0,0,0,0,1,0,3,1,2,1,1,1
250089,1,67241.0,5405.52,1,0,257.0,0,2021,4,5,0.0,0.0,0.0,0.0,999.0,0.0,0.0,0.0,0.0,0.0,0.0,0.0,0.0,0.0,0.0,0.0,0.0,0.0,0.0,0.0,0.0,0.0,0.0,0.0,0.0,0.0,0.0,0.0,0.0,0.0,0.0,0.0,0.0,0.0,59.00756097560976,0,0,1,1,0,0,0,0,0,1,0,3,1,2,1,1,1
250194,0,44341.0,12522.54,0,0,2223.0,0,2015,11,2,0.0,0.0,0.0,0.0,999.0,0.0,0.0,0.0,0.0,0.0,0.0,0.0,0.0,0.0,0.0,0.0,0.0,0.0,0.0,0.0,0.0,0.0,0.0,0.0,0.0,0.0,0.0,0.0,0.0,0.0,0.0,0.0,0.0,0.2122905027932961,59.00756097560976,0,1,0,1,0,0,0,0,0,1,0,3,1,2,1,1,1
251020,1,85367.0,3433.82,0,0,245.0,1,2018,3,2,0.0,0.0,0.0,0.0,999.0,0.0,0.0,0.0,0.0,0.0,0.0,0.0,0.0,0.0,0.0,0.0,0.0,0.0,0.0,0.0,0.0,0.0,0.0,0.0,0.0,0.0,0.0,0.0,0.0,0.0,0.0,0.0,0.0,0.2122905027932961,59.00756097560976,0,0,1,1,0,0,0,0,0,1,0,3,1,2,1,1,1
252135,1,0.0,7350.18,1,1,294.0,0,2021,3,0,0.0,0.0,0.0,0.0,999.0,0.0,0.0,0.0,0.0,0.0,0.0,0.0,0.0,0.0,0.0,0.0,0.0,0.0,0.0,0.0,0.0,0.0,0.0,0.0,0.0,0.0,0.0,0.0,0.0,0.0,0.0,0.0,0.0,0.0,59.00756097560976,1,0,0,0,1,0,0,0,0,0,1,3,1,2,1,1,1
252165,1,88997.0,5757.44,0,0,242.0,1,2019,2,0,0.0,0.0,0.0,0.0,999.0,0.0,0.0,0.0,0.0,0.0,0.0,0.0,0.0,0.0,0.0,0.0,0.0,0.0,0.0,0.0,0.0,0.0,0.0,0.0,0.0,0.0,0.0,0.0,0.0,0.0,0.0,0.0,0.0,0.0,59.00756097560976,0,1,0,1,0,0,0,0,1,0,0,3,1,2,1,1,1
252472,0,94903.0,3808.12,1,1,276.0,0,2021,3,4,0.0,0.0,0.0,0.0,999.0,0.0,0.0,0.0,0.0,0.0,0.0,0.0,0.0,0.0,0.0,0.0,0.0,0.0,0.0,0.0,0.0,0.0,0.0,0.0,0.0,0.0,0.0,0.0,0.0,0.0,0.0,0.0,0.0,0.0,59.00756097560976,0,1,0,1,0,0,0,0,0,1,0,3,1,2,1,1,1
252531,1,25806.0,8750.71,0,0,173.0,1,2017,4,3,0.0,0.0,0.0,0.0,999.0,0.0,0.0,0.0,0.0,0.0,0.0,0.0,0.0,0.0,0.0,0.0,0.0,0.0,0.0,0.0,0.0,0.0,0.0,0.0,0.0,0.0,0.0,0.0,0.0,0.0,0.0,0.0,0.0,0.2122905027932961,59.00756097560976,1,0,0,1,0,0,0,0,0,1,0,3,1,2,1,1,1
252628,0,67763.0,8663.36,0,0,2248.0,0,2015,11,5,0.0,0.0,0.0,0.0,999.0,0.0,0.0,0.0,0.0,0.0,0.0,0.0,0.0,0.0,0.0,0.0,0.0,0.0,0.0,0.0,0.0,0.0,0.0,0.0,0.0,0.0,0.0,0.0,0.0,0.0,0.0,0.0,0.0,0.2122905027932961,59.00756097560976,0,1,0,1,0,0,0,0,0,1,0,3,1,2,1,1,1
253056,0,71401.0,5908.75,0,0,1068.0,1,2016,2,6,0.0,0.0,0.0,0.0,999.0,0.0,0.0,0.0,0.0,0.0,0.0,0.0,0.0,0.0,0.0,0.0,0.0,0.0,0.0,0.0,0.0,0.0,0.0,0.0,0.0,0.0,0.0,0.0,0.0,0.0,0.0,0.0,0.0,0.2122905027932961,59.00756097560976,0,0,1,1,0,0,0,0,0,1,0,3,1,2,1,1,1
253082,0,50296.0,7737.27,0,0,245.0,1,2018,3,4,0.0,0.0,0.0,0.0,999.0,0.0,0.0,0.0,0.0,0.0,0.0,0.0,0.0,0.0,0.0,0.0,0.0,0.0,0.0,0.0,0.0,0.0,0.0,0.0,0.0,0.0,0.0,0.0,0.0,0.0,0.0,0.0,0.0,0.2122905027932961,59.00756097560976,0,1,0,1,0,0,0,0,0,1,0,3,1,2,1,1,1
253412,0,79751.0,2551.23,0,0,0.0,0,2021,12,4,0.0,0.0,0.0,0.0,999.0,0.0,0.0,0.0,0.0,0.0,0.0,0.0,0.0,0.0,0.0,0.0,0.0,0.0,0.0,0.0,0.0,0.0,0.0,0.0,0.0,0.0,0.0,0.0,0.0,0.0,0.0,0.0,0.0,0.2122905027932961,59.00756097560976,0,0,1,1,0,0,0,0,0,1,0,3,1,2,1,1,1
254161,0,61638.0,3167.89,0,0,337.0,1,2016,10,1,0.0,0.0,0.0,0.0,999.0,0.0,0.0,0.0,0.0,0.0,0.0,0.0,0.0,0.0,0.0,0.0,0.0,0.0,0.0,0.0,0.0,0.0,0.0,0.0,0.0,0.0,0.0,0.0,0.0,0.0,0.0,0.0,0.0,0.2122905027932961,59.00756097560976,0,0,1,1,0,0,0,0,1,0,0,3,1,2,1,1,1
255019,1,0.0,2417.76,0,0,23.0,0,2021,12,2,0.0,0.0,0.0,0.0,999.0,0.0,0.0,0.0,0.0,0.0,0.0,0.0,0.0,0.0,0.0,0.0,0.0,0.0,0.0,0.0,0.0,0.0,0.0,0.0,0.0,0.0,0.0,0.0,0.0,0.0,0.0,0.0,0.0,0.0,59.00756097560976,0,0,1,0,1,0,0,0,0,1,0,3,1,2,1,1,1
255183,0,34075.0,7639.67,0,0,243.0,1,2018,1,2,0.0,0.0,0.0,0.0,999.0,0.0,0.0,0.0,0.0,0.0,0.0,0.0,0.0,0.0,0.0,0.0,0.0,0.0,0.0,0.0,0.0,0.0,0.0,0.0,0.0,0.0,0.0,0.0,0.0,0.0,0.0,0.0,0.0,0.2122905027932961,59.00756097560976,0,1,0,1,0,0,0,0,0,0,1,3,1,2,1,1,1
255623,0,27604.0,6969.88,0,0,437.0,1,2018,9,4,0.0,0.0,0.0,0.0,999.0,0.0,0.0,0.0,0.0,0.0,0.0,0.0,0.0,0.0,0.0,0.0,0.0,0.0,0.0,0.0,0.0,0.0,0.0,0.0,0.0,0.0,0.0,0.0,0.0,0.0,0.0,0.0,0.0,0.2122905027932961,59.00756097560976,0,1,0,0,0,1,0,0,0,1,0,3,1,2,1,1,1
256189,1,26676.0,4389.28,0,0,245.0,1,2017,6,1,0.0,0.0,0.0,0.0,999.0,0.0,0.0,0.0,0.0,0.0,0.0,0.0,0.0,0.0,0.0,0.0,0.0,0.0,0.0,0.0,0.0,0.0,0.0,0.0,0.0,0.0,0.0,0.0,0.0,0.0,0.0,0.0,0.0,0.2122905027932961,59.00756097560976,0,1,0,1,0,0,0,0,0,1,0,3,1,2,1,1,1
256467,1,0.0,3312.25,0,0,242.0,1,2016,11,1,0.0,0.0,0.0,0.0,999.0,0.0,0.0,0.0,0.0,0.0,0.0,0.0,0.0,0.0,0.0,0.0,0.0,0.0,0.0,0.0,0.0,0.0,0.0,0.0,0.0,0.0,0.0,0.0,0.0,0.0,0.0,0.0,0.0,0.2122905027932961,59.00756097560976,0,1,0,0,1,0,0,0,0,0,1,3,1,2,1,1,1
256945,0,0.0,5331.82,0,0,243.0,1,2017,1,0,0.0,0.0,0.0,0.0,999.0,0.0,0.0,0.0,0.0,0.0,0.0,0.0,0.0,0.0,0.0,0.0,0.0,0.0,0.0,0.0,0.0,0.0,0.0,0.0,0.0,0.0,0.0,0.0,0.0,0.0,0.0,0.0,0.0,0.2122905027932961,59.00756097560976,1,0,0,0,1,0,0,0,0,1,0,3,1,2,1,1,1
257194,0,64403.0,46770.95,0,1,73.0,0,2021,10,2,0.0,0.0,0.0,0.0,999.0,0.0,0.0,0.0,0.0,0.0,0.0,0.0,0.0,0.0,0.0,0.0,0.0,0.0,0.0,0.0,0.0,0.0,0.0,0.0,0.0,0.0,0.0,0.0,0.0,0.0,0.0,0.0,0.0,0.0,59.00756097560976,0,1,0,1,0,0,0,0,0,0,1,3,1,2,1,1,1
257393,0,25629.0,9624.52,0,0,791.0,1,2016,12,1,0.0,0.0,0.0,0.0,999.0,0.0,0.0,0.0,0.0,0.0,0.0,0.0,0.0,0.0,0.0,0.0,0.0,0.0,0.0,0.0,0.0,0.0,0.0,0.0,0.0,0.0,0.0,0.0,0.0,0.0,0.0,0.0,0.0,0.2122905027932961,59.00756097560976,1,0,0,1,0,0,0,0,0,0,1,3,1,2,1,1,1
257509,0,67436.0,4894.99,0,0,243.0,1,2018,10,3,0.0,0.0,0.0,0.0,999.0,0.0,0.0,0.0,0.0,0.0,0.0,0.0,0.0,0.0,0.0,0.0,0.0,0.0,0.0,0.0,0.0,0.0,0.0,0.0,0.0,0.0,0.0,0.0,0.0,0.0,0.0,0.0,0.0,0.2122905027932961,59.00756097560976,0,1,0,1,0,0,0,0,0,1,0,3,1,2,1,1,1
257864,0,54040.0,8255.76,0,0,145.0,1,2018,1,1,0.0,0.0,0.0,0.0,999.0,0.0,0.0,0.0,0.0,0.0,0.0,0.0,0.0,0.0,0.0,0.0,0.0,0.0,0.0,0.0,0.0,0.0,0.0,0.0,0.0,0.0,0.0,0.0,0.0,0.0,0.0,0.0,0.0,0.2122905027932961,59.00756097560976,0,0,1,1,0,0,0,0,0,1,0,3,1,2,1,1,1
260112,1,73168.0,5639.94,0,0,1200.0,1,2016,5,5,0.0,0.0,0.0,0.0,999.0,0.0,0.0,0.0,0.0,0.0,0.0,0.0,0.0,0.0,0.0,0.0,0.0,0.0,0.0,0.0,0.0,0.0,0.0,0.0,0.0,0.0,0.0,0.0,0.0,0.0,0.0,0.0,0.0,0.2122905027932961,59.00756097560976,0,1,0,1,0,0,0,0,0,1,0,3,1,2,1,1,1
260285,1,16794.0,13759.15,0,0,243.0,1,2017,10,3,0.0,0.0,0.0,0.0,999.0,0.0,0.0,0.0,0.0,0.0,0.0,0.0,0.0,0.0,0.0,0.0,0.0,0.0,0.0,0.0,0.0,0.0,0.0,0.0,0.0,0.0,0.0,0.0,0.0,0.0,0.0,0.0,0.0,0.2122905027932961,59.00756097560976,0,0,1,0,0,0,0,1,0,0,1,3,1,2,1,1,1
261767,1,50037.0,6513.61,0,0,244.0,1,2019,4,1,0.0,0.0,0.0,0.0,999.0,0.0,0.0,0.0,0.0,0.0,0.0,0.0,0.0,0.0,0.0,0.0,0.0,0.0,0.0,0.0,0.0,0.0,0.0,0.0,0.0,0.0,0.0,0.0,0.0,0.0,0.0,0.0,0.0,0.0,59.00756097560976,1,0,0,1,0,0,0,0,0,1,0,3,1,2,1,1,1
263267,1,0.0,11624.82,0,0,39.0,0,2021,11,4,0.0,0.0,0.0,0.0,999.0,0.0,0.0,0.0,0.0,0.0,0.0,0.0,0.0,0.0,0.0,0.0,0.0,0.0,0.0,0.0,0.0,0.0,0.0,0.0,0.0,0.0,0.0,0.0,0.0,0.0,0.0,0.0,0.0,0.0,59.00756097560976,0,1,0,0,1,0,0,0,0,0,1,3,1,2,1,1,1
263729,0,85140.0,4554.56,0,0,244.0,1,2017,3,1,0.0,0.0,0.0,0.0,999.0,0.0,0.0,0.0,0.0,0.0,0.0,0.0,0.0,0.0,0.0,0.0,0.0,0.0,0.0,0.0,0.0,0.0,0.0,0.0,0.0,0.0,0.0,0.0,0.0,0.0,0.0,0.0,0.0,0.2122905027932961,59.00756097560976,0,0,1,1,0,0,0,0,0,0,1,3,1,2,1,1,1
264034,1,0.0,2840.9,1,1,298.0,0,2021,3,2,0.0,0.0,0.0,0.0,999.0,0.0,0.0,0.0,0.0,0.0,0.0,0.0,0.0,0.0,0.0,0.0,0.0,0.0,0.0,0.0,0.0,0.0,0.0,0.0,0.0,0.0,0.0,0.0,0.0,0.0,0.0,0.0,0.0,0.0,59.00756097560976,0,1,0,0,1,0,0,0,0,0,1,3,1,2,1,1,1
264050,0,40864.0,4282.95,0,0,2370.0,0,2015,7,2,0.0,0.0,0.0,0.0,999.0,0.0,0.0,0.0,0.0,0.0,0.0,0.0,0.0,0.0,0.0,0.0,0.0,0.0,0.0,0.0,0.0,0.0,0.0,0.0,0.0,0.0,0.0,0.0,0.0,0.0,0.0,0.0,0.0,0.2122905027932961,59.00756097560976,0,1,0,1,0,0,0,0,0,1,0,3,1,2,1,1,1
264053,1,51337.0,3484.25,0,0,7.0,0,2021,12,1,0.0,0.0,0.0,0.0,999.0,0.0,0.0,0.0,0.0,0.0,0.0,0.0,0.0,0.0,0.0,0.0,0.0,0.0,0.0,0.0,0.0,0.0,0.0,0.0,0.0,0.0,0.0,0.0,0.0,0.0,0.0,0.0,0.0,0.0,59.00756097560976,0,1,0,1,0,0,0,0,0,0,1,3,1,2,1,1,1
265612,1,0.0,3489.28,0,0,1348.0,1,2016,3,4,0.0,0.0,0.0,0.0,999.0,0.0,0.0,0.0,0.0,0.0,0.0,0.0,0.0,0.0,0.0,0.0,0.0,0.0,0.0,0.0,0.0,0.0,0.0,0.0,0.0,0.0,0.0,0.0,0.0,0.0,0.0,0.0,0.0,0.2122905027932961,59.00756097560976,0,1,0,0,1,0,0,0,0,1,0,3,1,2,1,1,1
265784,0,0.0,15144.41,0,0,243.0,1,2018,7,2,0.0,0.0,0.0,0.0,999.0,0.0,0.0,0.0,0.0,0.0,0.0,0.0,0.0,0.0,0.0,0.0,0.0,0.0,0.0,0.0,0.0,0.0,0.0,0.0,0.0,0.0,0.0,0.0,0.0,0.0,0.0,0.0,0.0,0.2122905027932961,59.00756097560976,1,0,0,0,1,0,0,0,0,1,0,3,1,2,1,1,1
266326,1,36464.0,6183.19,0,0,53.0,0,2021,11,2,0.0,0.0,0.0,0.0,999.0,0.0,0.0,0.0,0.0,0.0,0.0,0.0,0.0,0.0,0.0,0.0,0.0,0.0,0.0,0.0,0.0,0.0,0.0,0.0,0.0,0.0,0.0,0.0,0.0,0.0,0.0,0.0,0.0,0.0,59.00756097560976,0,1,0,1,0,0,0,0,0,1,0,3,1,2,1,1,1
266884,1,11432.0,13466.92,0,0,242.0,1,2018,11,1,0.0,0.0,0.0,0.0,999.0,0.0,0.0,0.0,0.0,0.0,0.0,0.0,0.0,0.0,0.0,0.0,0.0,0.0,0.0,0.0,0.0,0.0,0.0,0.0,0.0,0.0,0.0,0.0,0.0,0.0,0.0,0.0,0.0,0.2122905027932961,59.00756097560976,0,0,1,0,0,1,0,0,0,1,0,3,1,2,1,1,1
269434,1,74640.0,18680.99,0,0,243.0,1,2018,10,2,0.0,0.0,0.0,0.0,999.0,0.0,0.0,0.0,0.0,0.0,0.0,0.0,0.0,0.0,0.0,0.0,0.0,0.0,0.0,0.0,0.0,0.0,0.0,0.0,0.0,0.0,0.0,0.0,0.0,0.0,0.0,0.0,0.0,0.2122905027932961,59.00756097560976,0,0,1,1,0,0,0,0,0,1,0,3,1,2,1,1,1
270203,0,0.0,2594.59,0,0,244.0,1,2017,4,2,0.0,0.0,0.0,0.0,999.0,0.0,0.0,0.0,0.0,0.0,0.0,0.0,0.0,0.0,0.0,0.0,0.0,0.0,0.0,0.0,0.0,0.0,0.0,0.0,0.0,0.0,0.0,0.0,0.0,0.0,0.0,0.0,0.0,0.2122905027932961,59.00756097560976,0,0,1,0,1,0,0,0,0,1,0,3,1,2,1,1,1
271059,0,71401.0,5908.75,0,0,245.0,1,2019,3,4,0.0,0.0,0.0,0.0,999.0,0.0,0.0,0.0,0.0,0.0,0.0,0.0,0.0,0.0,0.0,0.0,0.0,0.0,0.0,0.0,0.0,0.0,0.0,0.0,0.0,0.0,0.0,0.0,0.0,0.0,0.0,0.0,0.0,0.0,59.00756097560976,0,0,1,1,0,0,0,0,0,1,0,3,1,2,1,1,1
271987,0,13528.0,6005.85,0,0,245.0,1,2018,5,0,0.0,0.0,0.0,0.0,999.0,0.0,0.0,0.0,0.0,0.0,0.0,0.0,0.0,0.0,0.0,0.0,0.0,0.0,0.0,0.0,0.0,0.0,0.0,0.0,0.0,0.0,0.0,0.0,0.0,0.0,0.0,0.0,0.0,0.2122905027932961,59.00756097560976,1,0,0,0,0,0,0,1,0,0,1,3,1,2,1,1,1
272123,1,26893.0,5414.62,0,0,581.0,0,2020,5,1,0.0,0.0,0.0,0.0,999.0,0.0,0.0,0.0,0.0,0.0,0.0,0.0,0.0,0.0,0.0,0.0,0.0,0.0,0.0,0.0,0.0,0.0,0.0,0.0,0.0,0.0,0.0,0.0,0.0,0.0,0.0,0.0,0.0,0.0,59.00756097560976,1,0,0,1,0,0,0,0,0,1,0,3,1,2,1,1,1
272289,1,0.0,21343.47,0,0,242.0,1,2017,11,5,0.0,0.0,0.0,0.0,999.0,0.0,0.0,0.0,0.0,0.0,0.0,0.0,0.0,0.0,0.0,0.0,0.0,0.0,0.0,0.0,0.0,0.0,0.0,0.0,0.0,0.0,0.0,0.0,0.0,0.0,0.0,0.0,0.0,0.2122905027932961,59.00756097560976,0,1,0,0,1,0,0,0,0,1,0,3,1,2,1,1,1
272686,1,85956.0,5846.11,0,0,22.0,0,2021,12,0,0.0,0.0,0.0,0.0,999.0,0.0,0.0,0.0,0.0,0.0,0.0,0.0,0.0,0.0,0.0,0.0,0.0,0.0,0.0,0.0,0.0,0.0,0.0,0.0,0.0,0.0,0.0,0.0,0.0,0.0,0.0,0.0,0.0,0.0,59.00756097560976,1,0,0,1,0,0,0,0,0,1,0,3,1,2,1,1,1
274107,1,40675.0,6289.8,0,0,243.0,1,2018,7,4,0.0,0.0,0.0,0.0,999.0,0.0,0.0,0.0,0.0,0.0,0.0,0.0,0.0,0.0,0.0,0.0,0.0,0.0,0.0,0.0,0.0,0.0,0.0,0.0,0.0,0.0,0.0,0.0,0.0,0.0,0.0,0.0,0.0,0.2122905027932961,59.00756097560976,0,1,0,1,0,0,0,0,0,1,0,3,1,2,1,1,1
276484,1,0.0,14962.37,0,0,20.0,0,2021,12,1,0.0,0.0,0.0,0.0,999.0,0.0,0.0,0.0,0.0,0.0,0.0,0.0,0.0,0.0,0.0,0.0,0.0,0.0,0.0,0.0,0.0,0.0,0.0,0.0,0.0,0.0,0.0,0.0,0.0,0.0,0.0,0.0,0.0,0.0,59.00756097560976,1,0,0,0,1,0,0,0,0,1,0,3,1,2,1,1,1
276931,0,0.0,3508.93,0,0,244.0,1,2018,3,4,0.0,0.0,0.0,0.0,999.0,0.0,0.0,0.0,0.0,0.0,0.0,0.0,0.0,0.0,0.0,0.0,0.0,0.0,0.0,0.0,0.0,0.0,0.0,0.0,0.0,0.0,0.0,0.0,0.0,0.0,0.0,0.0,0.0,0.2122905027932961,59.00756097560976,0,1,0,0,1,0,0,0,0,0,1,3,1,2,1,1,1
277370,1,63483.0,6633.14,0,0,18.0,0,2021,12,3,0.0,0.0,0.0,0.0,999.0,0.0,0.0,0.0,0.0,0.0,0.0,0.0,0.0,0.0,0.0,0.0,0.0,0.0,0.0,0.0,0.0,0.0,0.0,0.0,0.0,0.0,0.0,0.0,0.0,0.0,0.0,0.0,0.0,0.0,59.00756097560976,0,0,1,1,0,0,0,0,0,1,0,3,1,2,1,1,1
277607,1,0.0,3946.37,0,0,2.0,0,2021,12,5,0.0,0.0,0.0,0.0,999.0,0.0,0.0,0.0,0.0,0.0,0.0,0.0,0.0,0.0,0.0,0.0,0.0,0.0,0.0,0.0,0.0,0.0,0.0,0.0,0.0,0.0,0.0,0.0,0.0,0.0,0.0,0.0,0.0,0.0,59.00756097560976,0,1,0,0,1,0,0,0,0,0,1,3,1,2,1,1,1
277826,1,51747.0,17103.79,0,0,2235.0,0,2015,11,2,0.0,0.0,0.0,0.0,999.0,0.0,0.0,0.0,0.0,0.0,0.0,0.0,0.0,0.0,0.0,0.0,0.0,0.0,0.0,0.0,0.0,0.0,0.0,0.0,0.0,0.0,0.0,0.0,0.0,0.0,0.0,0.0,0.0,0.2122905027932961,59.00756097560976,0,1,0,1,0,0,0,0,0,1,0,3,1,2,1,1,1
278054,0,11097.0,5577.67,0,0,2286.0,0,2015,9,1,0.0,0.0,0.0,0.0,999.0,0.0,0.0,0.0,0.0,0.0,0.0,0.0,0.0,0.0,0.0,0.0,0.0,0.0,0.0,0.0,0.0,0.0,0.0,0.0,0.0,0.0,0.0,0.0,0.0,0.0,0.0,0.0,0.0,0.2122905027932961,59.00756097560976,0,1,0,0,0,1,0,0,0,1,0,3,1,2,1,1,1
278227,0,80640.0,4408.07,0,0,78.0,1,2018,10,3,0.0,0.0,0.0,0.0,999.0,0.0,0.0,0.0,0.0,0.0,0.0,0.0,0.0,0.0,0.0,0.0,0.0,0.0,0.0,0.0,0.0,0.0,0.0,0.0,0.0,0.0,0.0,0.0,0.0,0.0,0.0,0.0,0.0,0.2122905027932961,59.00756097560976,0,1,0,1,0,0,0,0,0,1,0,3,1,2,1,1,1
278464,0,0.0,12263.11,0,0,2214.0,0,2015,12,1,0.0,0.0,0.0,0.0,999.0,0.0,0.0,0.0,0.0,0.0,0.0,0.0,0.0,0.0,0.0,0.0,0.0,0.0,0.0,0.0,0.0,0.0,0.0,0.0,0.0,0.0,0.0,0.0,0.0,0.0,0.0,0.0,0.0,0.2122905027932961,59.00756097560976,1,0,0,0,1,0,0,0,0,0,1,3,1,2,1,1,1
278719,1,0.0,2309.88,0,0,2265.0,0,2015,10,1,0.0,0.0,0.0,0.0,999.0,0.0,0.0,0.0,0.0,0.0,0.0,0.0,0.0,0.0,0.0,0.0,0.0,0.0,0.0,0.0,0.0,0.0,0.0,0.0,0.0,0.0,0.0,0.0,0.0,0.0,0.0,0.0,0.0,0.2122905027932961,59.00756097560976,0,0,1,0,1,0,0,0,1,0,0,3,1,2,1,1,1
280602,0,69063.0,9264.33,0,0,365.0,1,2017,3,3,0.0,0.0,0.0,0.0,999.0,0.0,0.0,0.0,0.0,0.0,0.0,0.0,0.0,0.0,0.0,0.0,0.0,0.0,0.0,0.0,0.0,0.0,0.0,0.0,0.0,0.0,0.0,0.0,0.0,0.0,0.0,0.0,0.0,0.2122905027932961,59.00756097560976,0,1,0,1,0,0,0,0,0,1,0,3,1,2,1,1,1
280790,0,58713.0,3910.7,0,0,242.0,1,2019,1,1,0.0,0.0,0.0,0.0,999.0,0.0,0.0,0.0,0.0,0.0,0.0,0.0,0.0,0.0,0.0,0.0,0.0,0.0,0.0,0.0,0.0,0.0,0.0,0.0,0.0,0.0,0.0,0.0,0.0,0.0,0.0,0.0,0.0,0.0,59.00756097560976,0,0,1,1,0,0,0,0,0,1,0,3,1,2,1,1,1
281032,0,92606.0,8711.3,0,0,200.0,1,2018,6,2,0.0,0.0,0.0,0.0,999.0,0.0,0.0,0.0,0.0,0.0,0.0,0.0,0.0,0.0,0.0,0.0,0.0,0.0,0.0,0.0,0.0,0.0,0.0,0.0,0.0,0.0,0.0,0.0,0.0,0.0,0.0,0.0,0.0,0.2122905027932961,59.00756097560976,1,0,0,1,0,0,0,0,0,1,0,3,1,2,1,1,1
281777,0,56017.0,5638.26,1,0,254.0,0,2021,4,0,0.0,0.0,0.0,0.0,999.0,0.0,0.0,0.0,0.0,0.0,0.0,0.0,0.0,0.0,0.0,0.0,0.0,0.0,0.0,0.0,0.0,0.0,0.0,0.0,0.0,0.0,0.0,0.0,0.0,0.0,0.0,0.0,0.0,0.0,59.00756097560976,1,0,0,1,0,0,0,0,0,1,0,3,1,2,1,1,1
282181,0,71600.0,4996.55,0,0,245.0,1,2017,3,2,0.0,0.0,0.0,0.0,999.0,0.0,0.0,0.0,0.0,0.0,0.0,0.0,0.0,0.0,0.0,0.0,0.0,0.0,0.0,0.0,0.0,0.0,0.0,0.0,0.0,0.0,0.0,0.0,0.0,0.0,0.0,0.0,0.0,0.2122905027932961,59.00756097560976,0,0,1,1,0,0,0,0,0,1,0,3,1,2,1,1,1
283314,0,54964.0,3991.73,0,0,657.0,1,2016,4,1,0.0,0.0,0.0,0.0,999.0,0.0,0.0,0.0,0.0,0.0,0.0,0.0,0.0,0.0,0.0,0.0,0.0,0.0,0.0,0.0,0.0,0.0,0.0,0.0,0.0,0.0,0.0,0.0,0.0,0.0,0.0,0.0,0.0,0.2122905027932961,59.00756097560976,0,0,1,1,0,0,0,0,0,1,0,3,1,2,1,1,1
285074,1,25595.0,8058.66,0,0,153.0,0,2021,7,2,0.0,0.0,0.0,0.0,999.0,0.0,0.0,0.0,0.0,0.0,0.0,0.0,0.0,0.0,0.0,0.0,0.0,0.0,0.0,0.0,0.0,0.0,0.0,0.0,0.0,0.0,0.0,0.0,0.0,0.0,0.0,0.0,0.0,0.0,59.00756097560976,0,0,1,1,0,0,0,0,0,1,0,3,1,2,1,1,1
285386,0,0.0,5116.24,0,0,243.0,1,2016,10,1,0.0,0.0,0.0,0.0,999.0,0.0,0.0,0.0,0.0,0.0,0.0,0.0,0.0,0.0,0.0,0.0,0.0,0.0,0.0,0.0,0.0,0.0,0.0,0.0,0.0,0.0,0.0,0.0,0.0,0.0,0.0,0.0,0.0,0.2122905027932961,59.00756097560976,0,0,1,0,1,0,0,0,0,1,0,3,1,2,1,1,1
286388,1,0.0,2191.13,0,0,541.0,1,2016,1,1,0.0,0.0,0.0,0.0,999.0,0.0,0.0,0.0,0.0,0.0,0.0,0.0,0.0,0.0,0.0,0.0,0.0,0.0,0.0,0.0,0.0,0.0,0.0,0.0,0.0,0.0,0.0,0.0,0.0,0.0,0.0,0.0,0.0,0.2122905027932961,59.00756097560976,0,0,1,0,1,0,0,0,0,0,1,3,1,2,1,1,1
286614,0,29365.0,10896.05,0,0,11.0,0,2021,12,2,0.0,0.0,0.0,0.0,999.0,0.0,0.0,0.0,0.0,0.0,0.0,0.0,0.0,0.0,0.0,0.0,0.0,0.0,0.0,0.0,0.0,0.0,0.0,0.0,0.0,0.0,0.0,0.0,0.0,0.0,0.0,0.0,0.0,0.0,59.00756097560976,1,0,0,1,0,0,0,0,0,1,0,3,1,2,1,1,1
287224,1,0.0,2273.62,0,0,2293.0,0,2015,9,1,0.0,0.0,0.0,0.0,999.0,0.0,0.0,0.0,0.0,0.0,0.0,0.0,0.0,0.0,0.0,0.0,0.0,0.0,0.0,0.0,0.0,0.0,0.0,0.0,0.0,0.0,0.0,0.0,0.0,0.0,0.0,0.0,0.0,0.2122905027932961,59.00756097560976,0,0,1,0,1,0,0,0,0,0,1,3,1,2,1,1,1
287962,0,37937.0,9095.05,0,0,243.0,1,2017,12,4,0.0,0.0,0.0,0.0,999.0,0.0,0.0,0.0,0.0,0.0,0.0,0.0,0.0,0.0,0.0,0.0,0.0,0.0,0.0,0.0,0.0,0.0,0.0,0.0,0.0,0.0,0.0,0.0,0.0,0.0,0.0,0.0,0.0,0.2122905027932961,59.00756097560976,0,0,1,1,0,0,0,0,0,1,0,3,1,2,1,1,1
288164,1,49057.0,7434.27,0,0,16.0,0,2021,12,3,0.0,0.0,0.0,0.0,999.0,0.0,0.0,0.0,0.0,0.0,0.0,0.0,0.0,0.0,0.0,0.0,0.0,0.0,0.0,0.0,0.0,0.0,0.0,0.0,0.0,0.0,0.0,0.0,0.0,0.0,0.0,0.0,0.0,0.0,59.00756097560976,0,1,0,1,0,0,0,0,0,0,1,3,1,2,1,1,1
289134,1,75909.0,9343.2,0,0,5.0,0,2021,12,2,0.0,0.0,0.0,0.0,999.0,0.0,0.0,0.0,0.0,0.0,0.0,0.0,0.0,0.0,0.0,0.0,0.0,0.0,0.0,0.0,0.0,0.0,0.0,0.0,0.0,0.0,0.0,0.0,0.0,0.0,0.0,0.0,0.0,0.0,59.00756097560976,0,1,0,1,0,0,0,0,0,1,0,3,1,2,1,1,1
290109,0,0.0,16468.22,1,1,279.0,0,2021,3,3,0.0,0.0,0.0,0.0,999.0,0.0,0.0,0.0,0.0,0.0,0.0,0.0,0.0,0.0,0.0,0.0,0.0,0.0,0.0,0.0,0.0,0.0,0.0,0.0,0.0,0.0,0.0,0.0,0.0,0.0,0.0,0.0,0.0,0.0,59.00756097560976,0,1,0,0,1,0,0,0,1,0,0,3,1,2,1,1,1
290517,0,49414.0,4999.35,0,0,87.0,0,2021,10,2,0.0,0.0,0.0,0.0,999.0,0.0,0.0,0.0,0.0,0.0,0.0,0.0,0.0,0.0,0.0,0.0,0.0,0.0,0.0,0.0,0.0,0.0,0.0,0.0,0.0,0.0,0.0,0.0,0.0,0.0,0.0,0.0,0.0,0.0,59.00756097560976,1,0,0,1,0,0,0,0,0,0,1,3,1,2,1,1,1
291831,0,20668.0,21435.88,0,0,243.0,1,2018,10,5,0.0,0.0,0.0,0.0,999.0,0.0,0.0,0.0,0.0,0.0,0.0,0.0,0.0,0.0,0.0,0.0,0.0,0.0,0.0,0.0,0.0,0.0,0.0,0.0,0.0,0.0,0.0,0.0,0.0,0.0,0.0,0.0,0.0,0.2122905027932961,59.00756097560976,0,1,0,1,0,0,0,0,0,1,0,3,1,2,1,1,1
292035,0,20676.0,6063.2,0,0,728.0,1,2016,7,2,0.0,0.0,0.0,0.0,999.0,0.0,0.0,0.0,0.0,0.0,0.0,0.0,0.0,0.0,0.0,0.0,0.0,0.0,0.0,0.0,0.0,0.0,0.0,0.0,0.0,0.0,0.0,0.0,0.0,0.0,0.0,0.0,0.0,0.2122905027932961,59.00756097560976,0,0,1,1,0,0,0,0,0,0,1,3,1,2,1,1,1
294184,1,61584.0,7379.46,0,0,1029.0,1,2016,1,1,0.0,0.0,0.0,0.0,999.0,0.0,0.0,0.0,0.0,0.0,0.0,0.0,0.0,0.0,0.0,0.0,0.0,0.0,0.0,0.0,0.0,0.0,0.0,0.0,0.0,0.0,0.0,0.0,0.0,0.0,0.0,0.0,0.0,0.2122905027932961,59.00756097560976,1,0,0,1,0,0,0,0,0,1,0,3,1,2,1,1,1
294278,1,85470.0,8661.74,0,0,1122.0,1,2016,5,2,0.0,0.0,0.0,0.0,999.0,0.0,0.0,0.0,0.0,0.0,0.0,0.0,0.0,0.0,0.0,0.0,0.0,0.0,0.0,0.0,0.0,0.0,0.0,0.0,0.0,0.0,0.0,0.0,0.0,0.0,0.0,0.0,0.0,0.2122905027932961,59.00756097560976,1,0,0,1,0,0,0,0,0,0,1,3,1,2,1,1,1
294289,1,0.0,36897.8,0,0,2223.0,0,2015,11,2,0.0,0.0,0.0,0.0,999.0,0.0,0.0,0.0,0.0,0.0,0.0,0.0,0.0,0.0,0.0,0.0,0.0,0.0,0.0,0.0,0.0,0.0,0.0,0.0,0.0,0.0,0.0,0.0,0.0,0.0,0.0,0.0,0.0,0.2122905027932961,59.00756097560976,0,1,0,0,1,0,0,0,0,0,1,3,1,2,1,1,1
296088,0,55281.0,7605.64,0,0,584.0,0,2020,5,1,0.0,0.0,0.0,0.0,999.0,0.0,0.0,0.0,0.0,0.0,0.0,0.0,0.0,0.0,0.0,0.0,0.0,0.0,0.0,0.0,0.0,0.0,0.0,0.0,0.0,0.0,0.0,0.0,0.0,0.0,0.0,0.0,0.0,0.0,59.00756097560976,0,0,1,1,0,0,0,0,0,1,0,3,1,2,1,1,1
296095,1,0.0,20604.02,0,0,87.0,0,2021,10,2,0.0,0.0,0.0,0.0,999.0,0.0,0.0,0.0,0.0,0.0,0.0,0.0,0.0,0.0,0.0,0.0,0.0,0.0,0.0,0.0,0.0,0.0,0.0,0.0,0.0,0.0,0.0,0.0,0.0,0.0,0.0,0.0,0.0,0.0,59.00756097560976,1,0,0,0,1,0,0,0,0,0,1,3,1,2,1,1,1
296457,1,29460.0,5754.85,0,0,574.0,1,2017,11,2,0.0,0.0,0.0,0.0,999.0,0.0,0.0,0.0,0.0,0.0,0.0,0.0,0.0,0.0,0.0,0.0,0.0,0.0,0.0,0.0,0.0,0.0,0.0,0.0,0.0,0.0,0.0,0.0,0.0,0.0,0.0,0.0,0.0,0.2122905027932961,59.00756097560976,0,1,0,1,0,0,0,0,0,1,0,3,1,2,1,1,1
297218,1,52972.0,2886.23,0,0,602.0,0,2020,5,4,0.0,0.0,0.0,0.0,999.0,0.0,0.0,0.0,0.0,0.0,0.0,0.0,0.0,0.0,0.0,0.0,0.0,0.0,0.0,0.0,0.0,0.0,0.0,0.0,0.0,0.0,0.0,0.0,0.0,0.0,0.0,0.0,0.0,0.0,59.00756097560976,0,0,1,1,0,0,0,0,0,0,1,3,1,2,1,1,1
297427,0,91099.0,8528.29,0,0,2368.0,0,2015,7,2,0.0,0.0,0.0,0.0,999.0,0.0,0.0,0.0,0.0,0.0,0.0,0.0,0.0,0.0,0.0,0.0,0.0,0.0,0.0,0.0,0.0,0.0,0.0,0.0,0.0,0.0,0.0,0.0,0.0,0.0,0.0,0.0,0.0,0.2122905027932961,59.00756097560976,0,0,1,1,0,0,0,0,0,0,1,3,1,2,1,1,1
297954,0,26304.0,2345.13,0,0,2207.0,0,2015,12,3,0.0,0.0,0.0,0.0,999.0,0.0,0.0,0.0,0.0,0.0,0.0,0.0,0.0,0.0,0.0,0.0,0.0,0.0,0.0,0.0,0.0,0.0,0.0,0.0,0.0,0.0,0.0,0.0,0.0,0.0,0.0,0.0,0.0,0.2122905027932961,59.00756097560976,0,0,1,0,0,0,1,0,0,0,1,3,1,2,1,1,1
298967,1,62474.0,5089.69,0,0,2295.0,0,2015,9,2,0.0,0.0,0.0,0.0,999.0,0.0,0.0,0.0,0.0,0.0,0.0,0.0,0.0,0.0,0.0,0.0,0.0,0.0,0.0,0.0,0.0,0.0,0.0,0.0,0.0,0.0,0.0,0.0,0.0,0.0,0.0,0.0,0.0,0.2122905027932961,59.00756097560976,0,0,1,1,0,0,0,0,0,1,0,3,1,2,1,1,1
299367,0,36794.0,3837.49,0,0,16.0,0,2021,12,4,0.0,0.0,0.0,0.0,999.0,0.0,0.0,0.0,0.0,0.0,0.0,0.0,0.0,0.0,0.0,0.0,0.0,0.0,0.0,0.0,0.0,0.0,0.0,0.0,0.0,0.0,0.0,0.0,0.0,0.0,0.0,0.0,0.0,0.0,59.00756097560976,0,1,0,1,0,0,0,0,0,0,1,3,1,2,1,1,1
299448,0,56005.0,5479.56,0,0,837.0,1,2016,3,1,0.0,0.0,0.0,0.0,999.0,0.0,0.0,0.0,0.0,0.0,0.0,0.0,0.0,0.0,0.0,0.0,0.0,0.0,0.0,0.0,0.0,0.0,0.0,0.0,0.0,0.0,0.0,0.0,0.0,0.0,0.0,0.0,0.0,0.2122905027932961,59.00756097560976,0,0,1,1,0,0,0,0,0,1,0,3,1,2,1,1,1
300106,0,55855.0,3135.41,0,0,37.0,1,2018,4,4,0.0,0.0,0.0,0.0,999.0,0.0,0.0,0.0,0.0,0.0,0.0,0.0,0.0,0.0,0.0,0.0,0.0,0.0,0.0,0.0,0.0,0.0,0.0,0.0,0.0,0.0,0.0,0.0,0.0,0.0,0.0,0.0,0.0,0.2122905027932961,59.00756097560976,0,1,0,1,0,0,0,0,0,1,0,3,1,2,1,1,1
300376,0,0.0,2417.76,0,0,265.0,1,2018,9,4,0.0,0.0,0.0,0.0,999.0,0.0,0.0,0.0,0.0,0.0,0.0,0.0,0.0,0.0,0.0,0.0,0.0,0.0,0.0,0.0,0.0,0.0,0.0,0.0,0.0,0.0,0.0,0.0,0.0,0.0,0.0,0.0,0.0,0.2122905027932961,59.00756097560976,0,0,1,0,1,0,0,0,0,1,0,3,1,2,1,1,1
300454,0,93489.0,3372.42,1,1,297.0,0,2021,3,4,0.0,0.0,0.0,0.0,999.0,0.0,0.0,0.0,0.0,0.0,0.0,0.0,0.0,0.0,0.0,0.0,0.0,0.0,0.0,0.0,0.0,0.0,0.0,0.0,0.0,0.0,0.0,0.0,0.0,0.0,0.0,0.0,0.0,0.0,59.00756097560976,0,1,0,1,0,0,0,0,1,0,0,3,1,2,1,1,1
300678,0,30689.0,6481.53,0,0,242.0,1,2018,8,1,0.0,0.0,0.0,0.0,999.0,0.0,0.0,0.0,0.0,0.0,0.0,0.0,0.0,0.0,0.0,0.0,0.0,0.0,0.0,0.0,0.0,0.0,0.0,0.0,0.0,0.0,0.0,0.0,0.0,0.0,0.0,0.0,0.0,0.2122905027932961,59.00756097560976,1,0,0,1,0,0,0,0,0,1,0,3,1,2,1,1,1
302792,1,39660.0,4330.77,0,0,2347.0,0,2015,7,1,0.0,0.0,0.0,0.0,999.0,0.0,0.0,0.0,0.0,0.0,0.0,0.0,0.0,0.0,0.0,0.0,0.0,0.0,0.0,0.0,0.0,0.0,0.0,0.0,0.0,0.0,0.0,0.0,0.0,0.0,0.0,0.0,0.0,0.2122905027932961,59.00756097560976,0,1,0,1,0,0,0,0,0,1,0,3,1,2,1,1,1
302827,1,80321.0,38230.21,0,0,2238.0,0,2015,11,4,0.0,0.0,0.0,0.0,999.0,0.0,0.0,0.0,0.0,0.0,0.0,0.0,0.0,0.0,0.0,0.0,0.0,0.0,0.0,0.0,0.0,0.0,0.0,0.0,0.0,0.0,0.0,0.0,0.0,0.0,0.0,0.0,0.0,0.2122905027932961,59.00756097560976,1,0,0,1,0,0,0,0,0,1,0,3,1,2,1,1,1
302980,0,0.0,7212.52,0,0,243.0,1,2019,1,4,0.0,0.0,0.0,0.0,999.0,0.0,0.0,0.0,0.0,0.0,0.0,0.0,0.0,0.0,0.0,0.0,0.0,0.0,0.0,0.0,0.0,0.0,0.0,0.0,0.0,0.0,0.0,0.0,0.0,0.0,0.0,0.0,0.0,0.0,59.00756097560976,0,0,1,0,1,0,0,0,0,1,0,3,1,2,1,1,1
303049,0,0.0,8002.31,0,0,5.0,0,2021,12,2,0.0,0.0,0.0,0.0,999.0,0.0,0.0,0.0,0.0,0.0,0.0,0.0,0.0,0.0,0.0,0.0,0.0,0.0,0.0,0.0,0.0,0.0,0.0,0.0,0.0,0.0,0.0,0.0,0.0,0.0,0.0,0.0,0.0,0.0,59.00756097560976,0,1,0,0,1,0,0,0,0,1,0,3,1,2,1,1,1
303621,1,0.0,2224.09,0,0,243.0,1,2017,8,1,0.0,0.0,0.0,0.0,999.0,0.0,0.0,0.0,0.0,0.0,0.0,0.0,0.0,0.0,0.0,0.0,0.0,0.0,0.0,0.0,0.0,0.0,0.0,0.0,0.0,0.0,0.0,0.0,0.0,0.0,0.0,0.0,0.0,0.2122905027932961,59.00756097560976,0,0,1,0,1,0,0,0,0,0,1,3,1,2,1,1,1
304528,0,26689.0,2495.46,0,0,21.0,1,2021,8,0,0.0,0.0,0.0,0.0,999.0,0.0,0.0,0.0,0.0,0.0,0.0,0.0,0.0,0.0,0.0,0.0,0.0,0.0,0.0,0.0,0.0,0.0,0.0,0.0,0.0,0.0,0.0,0.0,0.0,0.0,0.0,0.0,0.0,0.0,59.00756097560976,0,0,1,1,0,0,0,0,0,1,0,3,1,2,1,1,1
304887,0,91761.0,4339.87,0,0,243.0,1,2017,7,5,0.0,0.0,0.0,0.0,999.0,0.0,0.0,0.0,0.0,0.0,0.0,0.0,0.0,0.0,0.0,0.0,0.0,0.0,0.0,0.0,0.0,0.0,0.0,0.0,0.0,0.0,0.0,0.0,0.0,0.0,0.0,0.0,0.0,0.2122905027932961,59.00756097560976,0,1,0,1,0,0,0,0,0,1,0,3,1,2,1,1,1
305618,1,33190.0,9710.29,0,0,245.0,1,2016,5,4,0.0,0.0,0.0,0.0,999.0,0.0,0.0,0.0,0.0,0.0,0.0,0.0,0.0,0.0,0.0,0.0,0.0,0.0,0.0,0.0,0.0,0.0,0.0,0.0,0.0,0.0,0.0,0.0,0.0,0.0,0.0,0.0,0.0,0.2122905027932961,59.00756097560976,0,0,1,1,0,0,0,0,0,0,1,3,1,2,1,1,1
306112,0,99239.0,5816.71,0,0,2229.0,0,2015,11,1,0.0,0.0,0.0,0.0,999.0,0.0,0.0,0.0,0.0,0.0,0.0,0.0,0.0,0.0,0.0,0.0,0.0,0.0,0.0,0.0,0.0,0.0,0.0,0.0,0.0,0.0,0.0,0.0,0.0,0.0,0.0,0.0,0.0,0.2122905027932961,59.00756097560976,0,0,1,1,0,0,0,0,0,0,1,3,1,2,1,1,1
306203,0,52113.0,7599.9,0,0,403.0,1,2017,11,2,0.0,0.0,0.0,0.0,999.0,0.0,0.0,0.0,0.0,0.0,0.0,0.0,0.0,0.0,0.0,0.0,0.0,0.0,0.0,0.0,0.0,0.0,0.0,0.0,0.0,0.0,0.0,0.0,0.0,0.0,0.0,0.0,0.0,0.2122905027932961,59.00756097560976,0,1,0,1,0,0,0,0,1,0,0,3,1,2,1,1,1
307159,0,0.0,4654.84,0,0,2228.0,0,2015,11,3,0.0,0.0,0.0,0.0,999.0,0.0,0.0,0.0,0.0,0.0,0.0,0.0,0.0,0.0,0.0,0.0,0.0,0.0,0.0,0.0,0.0,0.0,0.0,0.0,0.0,0.0,0.0,0.0,0.0,0.0,0.0,0.0,0.0,0.2122905027932961,59.00756097560976,0,1,0,0,1,0,0,0,0,0,1,3,1,2,1,1,1
310236,1,72264.0,5138.24,0,0,603.0,0,2020,5,4,0.0,0.0,0.0,0.0,999.0,0.0,0.0,0.0,0.0,0.0,0.0,0.0,0.0,0.0,0.0,0.0,0.0,0.0,0.0,0.0,0.0,0.0,0.0,0.0,0.0,0.0,0.0,0.0,0.0,0.0,0.0,0.0,0.0,0.0,59.00756097560976,0,0,1,1,0,0,0,0,0,1,0,3,1,2,1,1,1
310833,0,32775.0,19088.34,0,0,789.0,1,2017,5,1,0.0,0.0,0.0,0.0,999.0,0.0,0.0,0.0,0.0,0.0,0.0,0.0,0.0,0.0,0.0,0.0,0.0,0.0,0.0,0.0,0.0,0.0,0.0,0.0,0.0,0.0,0.0,0.0,0.0,0.0,0.0,0.0,0.0,0.2122905027932961,59.00756097560976,0,1,0,1,0,0,0,0,1,0,0,3,1,2,1,1,1
310867,1,46971.0,5522.77,0,0,56.0,1,2019,9,1,0.0,0.0,0.0,0.0,999.0,0.0,0.0,0.0,0.0,0.0,0.0,0.0,0.0,0.0,0.0,0.0,0.0,0.0,0.0,0.0,0.0,0.0,0.0,0.0,0.0,0.0,0.0,0.0,0.0,0.0,0.0,0.0,0.0,0.0,59.00756097560976,0,0,1,1,0,0,0,0,0,1,0,3,1,2,1,1,1
311008,1,47622.0,6301.1,0,0,2423.0,0,2015,5,4,0.0,0.0,0.0,0.0,999.0,0.0,0.0,0.0,0.0,0.0,0.0,0.0,0.0,0.0,0.0,0.0,0.0,0.0,0.0,0.0,0.0,0.0,0.0,0.0,0.0,0.0,0.0,0.0,0.0,0.0,0.0,0.0,0.0,0.2122905027932961,59.00756097560976,0,0,1,1,0,0,0,0,0,1,0,3,1,2,1,1,1
311857,1,18150.0,10215.78,0,0,12.0,0,2021,12,1,0.0,0.0,0.0,0.0,999.0,0.0,0.0,0.0,0.0,0.0,0.0,0.0,0.0,0.0,0.0,0.0,0.0,0.0,0.0,0.0,0.0,0.0,0.0,0.0,0.0,0.0,0.0,0.0,0.0,0.0,0.0,0.0,0.0,0.0,59.00756097560976,1,0,0,0,0,1,0,0,0,1,0,3,1,2,1,1,1
313571,0,0.0,2393.92,0,0,2370.0,0,2015,7,4,0.0,0.0,0.0,0.0,999.0,0.0,0.0,0.0,0.0,0.0,0.0,0.0,0.0,0.0,0.0,0.0,0.0,0.0,0.0,0.0,0.0,0.0,0.0,0.0,0.0,0.0,0.0,0.0,0.0,0.0,0.0,0.0,0.0,0.2122905027932961,59.00756097560976,0,0,1,0,1,0,0,0,0,0,1,3,1,2,1,1,1
314182,0,0.0,4691.04,0,0,822.0,1,2017,8,4,0.0,0.0,0.0,0.0,999.0,0.0,0.0,0.0,0.0,0.0,0.0,0.0,0.0,0.0,0.0,0.0,0.0,0.0,0.0,0.0,0.0,0.0,0.0,0.0,0.0,0.0,0.0,0.0,0.0,0.0,0.0,0.0,0.0,0.2122905027932961,59.00756097560976,0,0,1,0,1,0,0,0,0,0,1,3,1,2,1,1,1
314441,0,45032.0,6143.9,0,0,1063.0,1,2016,5,4,0.0,0.0,0.0,0.0,999.0,0.0,0.0,0.0,0.0,0.0,0.0,0.0,0.0,0.0,0.0,0.0,0.0,0.0,0.0,0.0,0.0,0.0,0.0,0.0,0.0,0.0,0.0,0.0,0.0,0.0,0.0,0.0,0.0,0.2122905027932961,59.00756097560976,0,1,0,1,0,0,0,0,0,1,0,3,1,2,1,1,1
314558,1,54311.0,10722.06,0,0,1577.0,0,2017,9,4,0.0,0.0,0.0,0.0,999.0,0.0,0.0,0.0,0.0,0.0,0.0,0.0,0.0,0.0,0.0,0.0,0.0,0.0,0.0,0.0,0.0,0.0,0.0,0.0,0.0,0.0,0.0,0.0,0.0,0.0,0.0,0.0,0.0,0.2122905027932961,59.00756097560976,0,1,0,1,0,0,0,0,0,1,0,3,1,2,1,1,1
315242,1,58042.0,7425.87,0,0,2218.0,0,2015,12,5,0.0,0.0,0.0,0.0,999.0,0.0,0.0,0.0,0.0,0.0,0.0,0.0,0.0,0.0,0.0,0.0,0.0,0.0,0.0,0.0,0.0,0.0,0.0,0.0,0.0,0.0,0.0,0.0,0.0,0.0,0.0,0.0,0.0,0.2122905027932961,59.00756097560976,1,0,0,1,0,0,0,0,0,1,0,3,1,2,1,1,1
317689,0,27615.0,2389.98,0,0,2317.0,0,2015,8,1,0.0,0.0,0.0,0.0,999.0,0.0,0.0,0.0,0.0,0.0,0.0,0.0,0.0,0.0,0.0,0.0,0.0,0.0,0.0,0.0,0.0,0.0,0.0,0.0,0.0,0.0,0.0,0.0,0.0,0.0,0.0,0.0,0.0,0.2122905027932961,59.00756097560976,0,0,1,1,0,0,0,0,0,1,0,3,1,2,1,1,1
318291,0,36706.0,2863.31,0,0,1206.0,1,2016,4,2,0.0,0.0,0.0,0.0,999.0,0.0,0.0,0.0,0.0,0.0,0.0,0.0,0.0,0.0,0.0,0.0,0.0,0.0,0.0,0.0,0.0,0.0,0.0,0.0,0.0,0.0,0.0,0.0,0.0,0.0,0.0,0.0,0.0,0.2122905027932961,59.00756097560976,0,1,0,1,0,0,0,0,0,1,0,3,1,2,1,1,1
318537,1,21195.0,5764.65,0,0,244.0,1,2019,4,2,0.0,0.0,0.0,0.0,999.0,0.0,0.0,0.0,0.0,0.0,0.0,0.0,0.0,0.0,0.0,0.0,0.0,0.0,0.0,0.0,0.0,0.0,0.0,0.0,0.0,0.0,0.0,0.0,0.0,0.0,0.0,0.0,0.0,0.0,59.00756097560976,0,1,0,1,0,0,0,0,0,1,0,3,1,2,1,1,1
318845,0,0.0,8489.84,0,0,463.0,1,2018,8,2,0.0,0.0,0.0,0.0,999.0,0.0,0.0,0.0,0.0,0.0,0.0,0.0,0.0,0.0,0.0,0.0,0.0,0.0,0.0,0.0,0.0,0.0,0.0,0.0,0.0,0.0,0.0,0.0,0.0,0.0,0.0,0.0,0.0,0.2122905027932961,59.00756097560976,1,0,0,0,1,0,0,0,0,0,1,3,1,2,1,1,1
319464,1,28120.0,8560.16,0,0,863.0,1,2017,4,4,0.0,0.0,0.0,0.0,999.0,0.0,0.0,0.0,0.0,0.0,0.0,0.0,0.0,0.0,0.0,0.0,0.0,0.0,0.0,0.0,0.0,0.0,0.0,0.0,0.0,0.0,0.0,0.0,0.0,0.0,0.0,0.0,0.0,0.2122905027932961,59.00756097560976,1,0,0,0,0,0,0,1,0,1,0,3,1,2,1,1,1
319766,0,27756.0,5578.52,0,0,242.0,1,2019,2,4,0.0,0.0,0.0,0.0,999.0,0.0,0.0,0.0,0.0,0.0,0.0,0.0,0.0,0.0,0.0,0.0,0.0,0.0,0.0,0.0,0.0,0.0,0.0,0.0,0.0,0.0,0.0,0.0,0.0,0.0,0.0,0.0,0.0,0.0,59.00756097560976,1,0,0,1,0,0,0,0,0,1,0,3,1,2,1,1,1
320377,1,35095.0,16979.8,0,0,243.0,1,2017,10,2,0.0,0.0,0.0,0.0,999.0,0.0,0.0,0.0,0.0,0.0,0.0,0.0,0.0,0.0,0.0,0.0,0.0,0.0,0.0,0.0,0.0,0.0,0.0,0.0,0.0,0.0,0.0,0.0,0.0,0.0,0.0,0.0,0.0,0.2122905027932961,59.00756097560976,0,1,0,1,0,0,0,0,1,0,0,3,1,2,1,1,1
321557,1,95550.0,4595.52,0,0,286.0,1,2016,12,2,0.0,0.0,0.0,0.0,999.0,0.0,0.0,0.0,0.0,0.0,0.0,0.0,0.0,0.0,0.0,0.0,0.0,0.0,0.0,0.0,0.0,0.0,0.0,0.0,0.0,0.0,0.0,0.0,0.0,0.0,0.0,0.0,0.0,0.2122905027932961,59.00756097560976,0,0,1,1,0,0,0,0,1,0,0,3,1,2,1,1,1
321656,1,0.0,2840.9,0,0,10.0,0,2021,12,3,0.0,0.0,0.0,0.0,999.0,0.0,0.0,0.0,0.0,0.0,0.0,0.0,0.0,0.0,0.0,0.0,0.0,0.0,0.0,0.0,0.0,0.0,0.0,0.0,0.0,0.0,0.0,0.0,0.0,0.0,0.0,0.0,0.0,0.0,59.00756097560976,0,0,1,0,1,0,0,0,0,0,1,3,1,2,1,1,1
322102,1,0.0,3992.58,0,0,243.0,1,2016,8,2,0.0,0.0,0.0,0.0,999.0,0.0,0.0,0.0,0.0,0.0,0.0,0.0,0.0,0.0,0.0,0.0,0.0,0.0,0.0,0.0,0.0,0.0,0.0,0.0,0.0,0.0,0.0,0.0,0.0,0.0,0.0,0.0,0.0,0.2122905027932961,59.00756097560976,0,0,1,0,1,0,0,0,0,1,0,3,1,2,1,1,1
322435,1,25950.0,7851.9,0,0,243.0,1,2018,12,1,0.0,0.0,0.0,0.0,999.0,0.0,0.0,0.0,0.0,0.0,0.0,0.0,0.0,0.0,0.0,0.0,0.0,0.0,0.0,0.0,0.0,0.0,0.0,0.0,0.0,0.0,0.0,0.0,0.0,0.0,0.0,0.0,0.0,0.2122905027932961,59.00756097560976,0,1,0,1,0,0,0,0,0,1,0,3,1,2,1,1,1
323341,1,56516.0,31934.62,0,0,243.0,1,2018,7,2,0.0,0.0,0.0,0.0,999.0,0.0,0.0,0.0,0.0,0.0,0.0,0.0,0.0,0.0,0.0,0.0,0.0,0.0,0.0,0.0,0.0,0.0,0.0,0.0,0.0,0.0,0.0,0.0,0.0,0.0,0.0,0.0,0.0,0.2122905027932961,59.00756097560976,0,0,1,1,0,0,0,0,0,1,0,3,1,2,1,1,1
323792,0,0.0,13752.47,0,0,213.0,1,2018,12,4,0.0,0.0,0.0,0.0,999.0,0.0,0.0,0.0,0.0,0.0,0.0,0.0,0.0,0.0,0.0,0.0,0.0,0.0,0.0,0.0,0.0,0.0,0.0,0.0,0.0,0.0,0.0,0.0,0.0,0.0,0.0,0.0,0.0,0.2122905027932961,59.00756097560976,0,1,0,0,1,0,0,0,0,1,0,3,1,2,1,1,1
324049,1,0.0,22041.86,0,0,243.0,1,2018,10,1,0.0,0.0,0.0,0.0,999.0,0.0,0.0,0.0,0.0,0.0,0.0,0.0,0.0,0.0,0.0,0.0,0.0,0.0,0.0,0.0,0.0,0.0,0.0,0.0,0.0,0.0,0.0,0.0,0.0,0.0,0.0,0.0,0.0,0.2122905027932961,59.00756097560976,1,0,0,0,1,0,0,0,0,1,0,3,1,2,1,1,1
324713,1,25180.0,5580.96,0,0,400.0,1,2017,12,2,0.0,0.0,0.0,0.0,999.0,0.0,0.0,0.0,0.0,0.0,0.0,0.0,0.0,0.0,0.0,0.0,0.0,0.0,0.0,0.0,0.0,0.0,0.0,0.0,0.0,0.0,0.0,0.0,0.0,0.0,0.0,0.0,0.0,0.2122905027932961,59.00756097560976,0,0,1,1,0,0,0,0,0,1,0,3,1,2,1,1,1
327498,1,44818.0,7956.15,0,0,243.0,1,2019,1,5,0.0,0.0,0.0,0.0,999.0,0.0,0.0,0.0,0.0,0.0,0.0,0.0,0.0,0.0,0.0,0.0,0.0,0.0,0.0,0.0,0.0,0.0,0.0,0.0,0.0,0.0,0.0,0.0,0.0,0.0,0.0,0.0,0.0,0.0,59.00756097560976,0,1,0,1,0,0,0,0,1,0,0,3,1,2,1,1,1
327565,1,62396.0,4219.02,0,0,240.0,1,2017,8,1,0.0,0.0,0.0,0.0,999.0,0.0,0.0,0.0,0.0,0.0,0.0,0.0,0.0,0.0,0.0,0.0,0.0,0.0,0.0,0.0,0.0,0.0,0.0,0.0,0.0,0.0,0.0,0.0,0.0,0.0,0.0,0.0,0.0,0.2122905027932961,59.00756097560976,0,1,0,1,0,0,0,0,0,1,0,3,1,2,1,1,1
328394,1,11432.0,13466.92,0,0,2395.0,0,2015,6,4,0.0,0.0,0.0,0.0,999.0,0.0,0.0,0.0,0.0,0.0,0.0,0.0,0.0,0.0,0.0,0.0,0.0,0.0,0.0,0.0,0.0,0.0,0.0,0.0,0.0,0.0,0.0,0.0,0.0,0.0,0.0,0.0,0.0,0.2122905027932961,59.00756097560976,0,0,1,0,0,1,0,0,0,1,0,3,1,2,1,1,1
328602,0,22220.0,36229.41,0,0,242.0,1,2016,9,1,0.0,0.0,0.0,0.0,999.0,0.0,0.0,0.0,0.0,0.0,0.0,0.0,0.0,0.0,0.0,0.0,0.0,0.0,0.0,0.0,0.0,0.0,0.0,0.0,0.0,0.0,0.0,0.0,0.0,0.0,0.0,0.0,0.0,0.2122905027932961,59.00756097560976,0,1,0,1,0,0,0,0,0,0,1,3,1,2,1,1,1
329382,1,0.0,3961.59,1,0,2317.0,0,2015,8,4,0.0,0.0,0.0,0.0,999.0,0.0,0.0,0.0,0.0,0.0,0.0,0.0,0.0,0.0,0.0,0.0,0.0,0.0,0.0,0.0,0.0,0.0,0.0,0.0,0.0,0.0,0.0,0.0,0.0,0.0,0.0,0.0,0.0,0.2122905027932961,59.00756097560976,0,0,1,0,1,0,0,0,0,0,1,3,1,2,1,1,1
329446,0,48008.0,2824.85,0,0,558.0,1,2016,4,2,0.0,0.0,0.0,0.0,999.0,0.0,0.0,0.0,0.0,0.0,0.0,0.0,0.0,0.0,0.0,0.0,0.0,0.0,0.0,0.0,0.0,0.0,0.0,0.0,0.0,0.0,0.0,0.0,0.0,0.0,0.0,0.0,0.0,0.2122905027932961,59.00756097560976,0,1,0,1,0,0,0,0,0,1,0,3,1,2,1,1,1
329833,0,16511.0,10053.55,0,0,245.0,1,2018,5,1,0.0,0.0,0.0,0.0,999.0,0.0,0.0,0.0,0.0,0.0,0.0,0.0,0.0,0.0,0.0,0.0,0.0,0.0,0.0,0.0,0.0,0.0,0.0,0.0,0.0,0.0,0.0,0.0,0.0,0.0,0.0,0.0,0.0,0.2122905027932961,59.00756097560976,0,1,0,0,0,1,0,0,0,0,1,3,1,2,1,1,1
331992,0,0.0,6739.66,0,0,49.0,0,2021,11,4,0.0,0.0,0.0,0.0,999.0,0.0,0.0,0.0,0.0,0.0,0.0,0.0,0.0,0.0,0.0,0.0,0.0,0.0,0.0,0.0,0.0,0.0,0.0,0.0,0.0,0.0,0.0,0.0,0.0,0.0,0.0,0.0,0.0,0.0,59.00756097560976,0,1,0,0,1,0,0,0,0,1,0,3,1,2,1,1,1
332003,1,78824.0,6156.36,0,0,245.0,1,2017,3,4,0.0,0.0,0.0,0.0,999.0,0.0,0.0,0.0,0.0,0.0,0.0,0.0,0.0,0.0,0.0,0.0,0.0,0.0,0.0,0.0,0.0,0.0,0.0,0.0,0.0,0.0,0.0,0.0,0.0,0.0,0.0,0.0,0.0,0.2122905027932961,59.00756097560976,0,0,1,1,0,0,0,0,1,0,0,3,1,2,1,1,1
332855,0,64859.0,7739.55,0,0,180.0,1,2017,4,5,0.0,0.0,0.0,0.0,999.0,0.0,0.0,0.0,0.0,0.0,0.0,0.0,0.0,0.0,0.0,0.0,0.0,0.0,0.0,0.0,0.0,0.0,0.0,0.0,0.0,0.0,0.0,0.0,0.0,0.0,0.0,0.0,0.0,0.2122905027932961,59.00756097560976,1,0,0,1,0,0,0,0,0,1,0,3,1,2,1,1,1
334192,1,0.0,14635.45,0,0,9.0,0,2021,12,5,0.0,0.0,0.0,0.0,999.0,0.0,0.0,0.0,0.0,0.0,0.0,0.0,0.0,0.0,0.0,0.0,0.0,0.0,0.0,0.0,0.0,0.0,0.0,0.0,0.0,0.0,0.0,0.0,0.0,0.0,0.0,0.0,0.0,0.0,59.00756097560976,1,0,0,0,1,0,0,0,1,0,0,3,1,2,1,1,1
334574,0,27430.0,5403.55,0,0,2300.0,0,2015,9,2,0.0,0.0,0.0,0.0,999.0,0.0,0.0,0.0,0.0,0.0,0.0,0.0,0.0,0.0,0.0,0.0,0.0,0.0,0.0,0.0,0.0,0.0,0.0,0.0,0.0,0.0,0.0,0.0,0.0,0.0,0.0,0.0,0.0,0.2122905027932961,59.00756097560976,0,1,0,1,0,0,0,0,0,1,0,3,1,2,1,1,1
337812,1,95284.0,5603.74,0,0,245.0,1,2018,3,4,0.0,0.0,0.0,0.0,999.0,0.0,0.0,0.0,0.0,0.0,0.0,0.0,0.0,0.0,0.0,0.0,0.0,0.0,0.0,0.0,0.0,0.0,0.0,0.0,0.0,0.0,0.0,0.0,0.0,0.0,0.0,0.0,0.0,0.2122905027932961,59.00756097560976,0,0,1,1,0,0,0,0,0,1,0,3,1,2,1,1,1
338295,0,86073.0,5692.68,0,0,164.0,1,2017,9,4,0.0,0.0,0.0,0.0,999.0,0.0,0.0,0.0,0.0,0.0,0.0,0.0,0.0,0.0,0.0,0.0,0.0,0.0,0.0,0.0,0.0,0.0,0.0,0.0,0.0,0.0,0.0,0.0,0.0,0.0,0.0,0.0,0.0,0.2122905027932961,59.00756097560976,0,0,1,1,0,0,0,0,0,1,0,3,1,2,1,1,1
338750,1,29250.0,2545.52,0,0,2427.0,0,2015,5,1,0.0,0.0,0.0,0.0,999.0,0.0,0.0,0.0,0.0,0.0,0.0,0.0,0.0,0.0,0.0,0.0,0.0,0.0,0.0,0.0,0.0,0.0,0.0,0.0,0.0,0.0,0.0,0.0,0.0,0.0,0.0,0.0,0.0,0.2122905027932961,59.00756097560976,0,0,1,1,0,0,0,0,0,1,0,3,1,2,1,1,1
338837,0,76157.0,4669.23,0,0,244.0,1,2018,4,2,0.0,0.0,0.0,0.0,999.0,0.0,0.0,0.0,0.0,0.0,0.0,0.0,0.0,0.0,0.0,0.0,0.0,0.0,0.0,0.0,0.0,0.0,0.0,0.0,0.0,0.0,0.0,0.0,0.0,0.0,0.0,0.0,0.0,0.2122905027932961,59.00756097560976,0,1,0,1,0,0,0,0,0,1,0,3,1,2,1,1,1
339274,0,0.0,8681.05,0,0,425.0,1,2018,4,2,0.0,0.0,0.0,0.0,999.0,0.0,0.0,0.0,0.0,0.0,0.0,0.0,0.0,0.0,0.0,0.0,0.0,0.0,0.0,0.0,0.0,0.0,0.0,0.0,0.0,0.0,0.0,0.0,0.0,0.0,0.0,0.0,0.0,0.2122905027932961,59.00756097560976,1,0,0,0,1,0,0,0,0,1,0,3,1,2,1,1,1
340156,1,21594.0,5206.76,0,0,242.0,1,2019,2,2,0.0,0.0,0.0,0.0,999.0,0.0,0.0,0.0,0.0,0.0,0.0,0.0,0.0,0.0,0.0,0.0,0.0,0.0,0.0,0.0,0.0,0.0,0.0,0.0,0.0,0.0,0.0,0.0,0.0,0.0,0.0,0.0,0.0,0.0,59.00756097560976,0,1,0,0,0,0,1,0,0,1,0,3,1,2,1,1,1
340492,1,26713.0,2686.54,0,0,243.0,1,2018,7,1,0.0,0.0,0.0,0.0,999.0,0.0,0.0,0.0,0.0,0.0,0.0,0.0,0.0,0.0,0.0,0.0,0.0,0.0,0.0,0.0,0.0,0.0,0.0,0.0,0.0,0.0,0.0,0.0,0.0,0.0,0.0,0.0,0.0,0.2122905027932961,59.00756097560976,0,0,1,0,0,1,0,0,1,0,0,3,1,2,1,1,1
340604,1,72608.0,6521.37,0,0,2224.0,0,2015,11,4,0.0,0.0,0.0,0.0,999.0,0.0,0.0,0.0,0.0,0.0,0.0,0.0,0.0,0.0,0.0,0.0,0.0,0.0,0.0,0.0,0.0,0.0,0.0,0.0,0.0,0.0,0.0,0.0,0.0,0.0,0.0,0.0,0.0,0.2122905027932961,59.00756097560976,0,1,0,1,0,0,0,0,0,1,0,3,1,2,1,1,1
340736,0,37308.0,6899.71,0,0,658.0,1,2017,5,2,0.0,0.0,0.0,0.0,999.0,0.0,0.0,0.0,0.0,0.0,0.0,0.0,0.0,0.0,0.0,0.0,0.0,0.0,0.0,0.0,0.0,0.0,0.0,0.0,0.0,0.0,0.0,0.0,0.0,0.0,0.0,0.0,0.0,0.2122905027932961,59.00756097560976,0,0,1,1,0,0,0,0,0,1,0,3,1,2,1,1,1
340881,0,43846.0,2574.2,0,0,325.0,1,2016,3,1,0.0,0.0,0.0,0.0,999.0,0.0,0.0,0.0,0.0,0.0,0.0,0.0,0.0,0.0,0.0,0.0,0.0,0.0,0.0,0.0,0.0,0.0,0.0,0.0,0.0,0.0,0.0,0.0,0.0,0.0,0.0,0.0,0.0,0.2122905027932961,59.00756097560976,0,0,1,1,0,0,0,0,0,1,0,3,1,2,1,1,1
340934,1,21236.0,4882.29,0,0,58.0,0,2021,11,3,0.0,0.0,0.0,0.0,999.0,0.0,0.0,0.0,0.0,0.0,0.0,0.0,0.0,0.0,0.0,0.0,0.0,0.0,0.0,0.0,0.0,0.0,0.0,0.0,0.0,0.0,0.0,0.0,0.0,0.0,0.0,0.0,0.0,0.0,59.00756097560976,0,0,1,1,0,0,0,0,0,1,0,3,1,2,1,1,1
342569,0,0.0,2230.28,0,0,912.0,0,2019,7,0,0.0,0.0,0.0,0.0,999.0,0.0,0.0,0.0,0.0,0.0,0.0,0.0,0.0,0.0,0.0,0.0,0.0,0.0,0.0,0.0,0.0,0.0,0.0,0.0,0.0,0.0,0.0,0.0,0.0,0.0,0.0,0.0,0.0,0.0,59.00756097560976,0,0,1,0,1,0,0,0,0,0,1,3,1,2,1,1,1
342738,1,0.0,5028.84,0,0,244.0,1,2017,4,3,0.0,0.0,0.0,0.0,999.0,0.0,0.0,0.0,0.0,0.0,0.0,0.0,0.0,0.0,0.0,0.0,0.0,0.0,0.0,0.0,0.0,0.0,0.0,0.0,0.0,0.0,0.0,0.0,0.0,0.0,0.0,0.0,0.0,0.2122905027932961,59.00756097560976,1,0,0,0,1,0,0,0,0,1,0,3,1,2,1,1,1
343884,0,0.0,12515.18,0,0,64.0,0,2021,10,4,0.0,0.0,0.0,0.0,999.0,0.0,0.0,0.0,0.0,0.0,0.0,0.0,0.0,0.0,0.0,0.0,0.0,0.0,0.0,0.0,0.0,0.0,0.0,0.0,0.0,0.0,0.0,0.0,0.0,0.0,0.0,0.0,0.0,0.0,59.00756097560976,1,0,0,0,1,0,0,0,0,0,1,3,1,2,1,1,1
344768,1,36845.0,2903.02,0,0,243.0,1,2017,1,1,0.0,0.0,0.0,0.0,999.0,0.0,0.0,0.0,0.0,0.0,0.0,0.0,0.0,0.0,0.0,0.0,0.0,0.0,0.0,0.0,0.0,0.0,0.0,0.0,0.0,0.0,0.0,0.0,0.0,0.0,0.0,0.0,0.0,0.2122905027932961,59.00756097560976,0,1,0,1,0,0,0,0,0,1,0,3,1,2,1,1,1
346554,1,94903.0,3808.12,0,0,2348.0,0,2015,7,2,0.0,0.0,0.0,0.0,999.0,0.0,0.0,0.0,0.0,0.0,0.0,0.0,0.0,0.0,0.0,0.0,0.0,0.0,0.0,0.0,0.0,0.0,0.0,0.0,0.0,0.0,0.0,0.0,0.0,0.0,0.0,0.0,0.0,0.2122905027932961,59.00756097560976,0,0,1,1,0,0,0,0,0,1,0,3,1,2,1,1,1
347733,0,0.0,2141.75,0,0,265.0,1,2018,5,2,0.0,0.0,0.0,0.0,999.0,0.0,0.0,0.0,0.0,0.0,0.0,0.0,0.0,0.0,0.0,0.0,0.0,0.0,0.0,0.0,0.0,0.0,0.0,0.0,0.0,0.0,0.0,0.0,0.0,0.0,0.0,0.0,0.0,0.2122905027932961,59.00756097560976,0,0,1,0,1,0,0,0,0,1,0,3,1,2,1,1,1
348173,1,30852.0,6699.28,0,0,243.0,1,2017,7,4,0.0,0.0,0.0,0.0,999.0,0.0,0.0,0.0,0.0,0.0,0.0,0.0,0.0,0.0,0.0,0.0,0.0,0.0,0.0,0.0,0.0,0.0,0.0,0.0,0.0,0.0,0.0,0.0,0.0,0.0,0.0,0.0,0.0,0.2122905027932961,59.00756097560976,1,0,0,1,0,0,0,0,0,0,1,3,1,2,1,1,1
348299,1,0.0,4827.78,0,0,74.0,1,2016,8,2,0.0,0.0,0.0,0.0,999.0,0.0,0.0,0.0,0.0,0.0,0.0,0.0,0.0,0.0,0.0,0.0,0.0,0.0,0.0,0.0,0.0,0.0,0.0,0.0,0.0,0.0,0.0,0.0,0.0,0.0,0.0,0.0,0.0,0.2122905027932961,59.00756097560976,0,0,1,0,1,0,0,0,0,0,1,3,1,2,1,1,1
348350,1,76358.0,23594.68,0,0,1171.0,1,2016,5,2,0.0,0.0,0.0,0.0,999.0,0.0,0.0,0.0,0.0,0.0,0.0,0.0,0.0,0.0,0.0,0.0,0.0,0.0,0.0,0.0,0.0,0.0,0.0,0.0,0.0,0.0,0.0,0.0,0.0,0.0,0.0,0.0,0.0,0.2122905027932961,59.00756097560976,0,0,1,1,0,0,0,0,0,1,0,3,1,2,1,1,1
348718,1,0.0,2413.89,0,0,243.0,1,2018,10,4,0.0,0.0,0.0,0.0,999.0,0.0,0.0,0.0,0.0,0.0,0.0,0.0,0.0,0.0,0.0,0.0,0.0,0.0,0.0,0.0,0.0,0.0,0.0,0.0,0.0,0.0,0.0,0.0,0.0,0.0,0.0,0.0,0.0,0.2122905027932961,59.00756097560976,0,0,1,0,1,0,0,0,0,0,1,3,1,2,1,1,1
349447,1,0.0,2864.09,0,0,245.0,1,2018,5,2,0.0,0.0,0.0,0.0,999.0,0.0,0.0,0.0,0.0,0.0,0.0,0.0,0.0,0.0,0.0,0.0,0.0,0.0,0.0,0.0,0.0,0.0,0.0,0.0,0.0,0.0,0.0,0.0,0.0,0.0,0.0,0.0,0.0,0.2122905027932961,59.00756097560976,0,1,0,0,1,0,0,0,0,0,1,3,1,2,1,1,1
349695,0,70277.0,3223.33,0,0,31.0,0,2021,11,2,0.0,0.0,0.0,0.0,999.0,0.0,0.0,0.0,0.0,0.0,0.0,0.0,0.0,0.0,0.0,0.0,0.0,0.0,0.0,0.0,0.0,0.0,0.0,0.0,0.0,0.0,0.0,0.0,0.0,0.0,0.0,0.0,0.0,0.0,59.00756097560976,0,1,0,1,0,0,0,0,0,1,0,3,1,2,1,1,1
350269,1,79090.0,8609.16,0,0,587.0,0,2020,5,5,0.0,0.0,0.0,0.0,999.0,0.0,0.0,0.0,0.0,0.0,0.0,0.0,0.0,0.0,0.0,0.0,0.0,0.0,0.0,0.0,0.0,0.0,0.0,0.0,0.0,0.0,0.0,0.0,0.0,0.0,0.0,0.0,0.0,0.0,59.00756097560976,0,1,0,1,0,0,0,0,0,1,0,3,1,2,1,1,1
350486,1,49889.0,32861.26,0,0,18.0,0,2021,12,3,0.0,0.0,0.0,0.0,999.0,0.0,0.0,0.0,0.0,0.0,0.0,0.0,0.0,0.0,0.0,0.0,0.0,0.0,0.0,0.0,0.0,0.0,0.0,0.0,0.0,0.0,0.0,0.0,0.0,0.0,0.0,0.0,0.0,0.0,59.00756097560976,0,0,1,1,0,0,0,0,0,1,0,3,1,2,1,1,1
350910,1,0.0,2693.61,1,1,280.0,0,2021,3,4,0.0,0.0,0.0,0.0,999.0,0.0,0.0,0.0,0.0,0.0,0.0,0.0,0.0,0.0,0.0,0.0,0.0,0.0,0.0,0.0,0.0,0.0,0.0,0.0,0.0,0.0,0.0,0.0,0.0,0.0,0.0,0.0,0.0,0.0,59.00756097560976,0,0,1,0,1,0,0,0,0,0,1,3,1,2,1,1,1
351513,0,22886.0,5096.67,0,0,2227.0,0,2015,11,4,0.0,0.0,0.0,0.0,999.0,0.0,0.0,0.0,0.0,0.0,0.0,0.0,0.0,0.0,0.0,0.0,0.0,0.0,0.0,0.0,0.0,0.0,0.0,0.0,0.0,0.0,0.0,0.0,0.0,0.0,0.0,0.0,0.0,0.2122905027932961,59.00756097560976,1,0,0,0,0,1,0,0,1,0,0,3,1,2,1,1,1
352034,0,39886.0,12379.57,0,0,244.0,1,2019,4,0,0.0,0.0,0.0,0.0,999.0,0.0,0.0,0.0,0.0,0.0,0.0,0.0,0.0,0.0,0.0,0.0,0.0,0.0,0.0,0.0,0.0,0.0,0.0,0.0,0.0,0.0,0.0,0.0,0.0,0.0,0.0,0.0,0.0,0.0,59.00756097560976,0,1,0,1,0,0,0,0,0,1,0,3,1,2,1,1,1
352734,0,26876.0,6005.21,0,0,243.0,1,2017,1,2,0.0,0.0,0.0,0.0,999.0,0.0,0.0,0.0,0.0,0.0,0.0,0.0,0.0,0.0,0.0,0.0,0.0,0.0,0.0,0.0,0.0,0.0,0.0,0.0,0.0,0.0,0.0,0.0,0.0,0.0,0.0,0.0,0.0,0.2122905027932961,59.00756097560976,0,0,1,1,0,0,0,0,0,0,1,3,1,2,1,1,1
353535,1,61953.0,4416.21,0,0,522.0,1,2018,2,5,0.0,0.0,0.0,0.0,999.0,0.0,0.0,0.0,0.0,0.0,0.0,0.0,0.0,0.0,0.0,0.0,0.0,0.0,0.0,0.0,0.0,0.0,0.0,0.0,0.0,0.0,0.0,0.0,0.0,0.0,0.0,0.0,0.0,0.2122905027932961,59.00756097560976,0,0,1,1,0,0,0,0,1,0,0,3,1,2,1,1,1
353614,1,46338.0,15306.22,0,0,245.0,1,2018,3,2,0.0,0.0,0.0,0.0,999.0,0.0,0.0,0.0,0.0,0.0,0.0,0.0,0.0,0.0,0.0,0.0,0.0,0.0,0.0,0.0,0.0,0.0,0.0,0.0,0.0,0.0,0.0,0.0,0.0,0.0,0.0,0.0,0.0,0.2122905027932961,59.00756097560976,0,0,1,1,0,0,0,0,0,1,0,3,1,2,1,1,1
355628,0,26222.0,2396.67,0,0,2261.0,0,2015,10,3,0.0,0.0,0.0,0.0,999.0,0.0,0.0,0.0,0.0,0.0,0.0,0.0,0.0,0.0,0.0,0.0,0.0,0.0,0.0,0.0,0.0,0.0,0.0,0.0,0.0,0.0,0.0,0.0,0.0,0.0,0.0,0.0,0.0,0.2122905027932961,59.00756097560976,0,0,1,0,0,0,1,0,0,1,0,3,1,2,1,1,1
355781,1,0.0,8078.53,0,0,245.0,1,2017,6,1,0.0,0.0,0.0,0.0,999.0,0.0,0.0,0.0,0.0,0.0,0.0,0.0,0.0,0.0,0.0,0.0,0.0,0.0,0.0,0.0,0.0,0.0,0.0,0.0,0.0,0.0,0.0,0.0,0.0,0.0,0.0,0.0,0.0,0.2122905027932961,59.00756097560976,0,0,1,0,1,0,0,0,0,1,0,3,1,2,1,1,1
357166,1,33716.0,5386.33,0,0,661.0,1,2017,7,1,0.0,0.0,0.0,0.0,999.0,0.0,0.0,0.0,0.0,0.0,0.0,0.0,0.0,0.0,0.0,0.0,0.0,0.0,0.0,0.0,0.0,0.0,0.0,0.0,0.0,0.0,0.0,0.0,0.0,0.0,0.0,0.0,0.0,0.2122905027932961,59.00756097560976,0,0,1,1,0,0,0,0,0,1,0,3,1,2,1,1,1
357549,0,60817.0,3964.73,0,1,100.0,0,2021,9,2,0.0,0.0,0.0,0.0,999.0,0.0,0.0,0.0,0.0,0.0,0.0,0.0,0.0,0.0,0.0,0.0,0.0,0.0,0.0,0.0,0.0,0.0,0.0,0.0,0.0,0.0,0.0,0.0,0.0,0.0,0.0,0.0,0.0,0.0,59.00756097560976,0,0,1,1,0,0,0,0,0,0,1,3,1,2,1,1,1
358255,0,52823.0,7590.96,0,0,2349.0,0,2015,7,2,0.0,0.0,0.0,0.0,999.0,0.0,0.0,0.0,0.0,0.0,0.0,0.0,0.0,0.0,0.0,0.0,0.0,0.0,0.0,0.0,0.0,0.0,0.0,0.0,0.0,0.0,0.0,0.0,0.0,0.0,0.0,0.0,0.0,0.2122905027932961,59.00756097560976,0,0,1,1,0,0,0,0,0,1,0,3,1,2,1,1,1
358375,1,19683.0,8382.63,0,0,2280.0,0,2015,10,1,0.0,0.0,0.0,0.0,999.0,0.0,0.0,0.0,0.0,0.0,0.0,0.0,0.0,0.0,0.0,0.0,0.0,0.0,0.0,0.0,0.0,0.0,0.0,0.0,0.0,0.0,0.0,0.0,0.0,0.0,0.0,0.0,0.0,0.2122905027932961,59.00756097560976,0,0,1,0,0,0,0,1,0,1,0,3,1,2,1,1,1
358586,0,96748.0,7725.54,0,0,139.0,1,2017,9,0,0.0,0.0,0.0,0.0,999.0,0.0,0.0,0.0,0.0,0.0,0.0,0.0,0.0,0.0,0.0,0.0,0.0,0.0,0.0,0.0,0.0,0.0,0.0,0.0,0.0,0.0,0.0,0.0,0.0,0.0,0.0,0.0,0.0,0.2122905027932961,59.00756097560976,0,0,1,1,0,0,0,0,0,1,0,3,1,2,1,1,1
358948,0,99583.0,12743.35,0,0,245.0,1,2018,3,2,0.0,0.0,0.0,0.0,999.0,0.0,0.0,0.0,0.0,0.0,0.0,0.0,0.0,0.0,0.0,0.0,0.0,0.0,0.0,0.0,0.0,0.0,0.0,0.0,0.0,0.0,0.0,0.0,0.0,0.0,0.0,0.0,0.0,0.2122905027932961,59.00756097560976,0,0,1,1,0,0,0,0,1,0,0,3,1,2,1,1,1
359138,1,59847.0,7596.29,0,0,19.0,0,2021,12,1,0.0,0.0,0.0,0.0,999.0,0.0,0.0,0.0,0.0,0.0,0.0,0.0,0.0,0.0,0.0,0.0,0.0,0.0,0.0,0.0,0.0,0.0,0.0,0.0,0.0,0.0,0.0,0.0,0.0,0.0,0.0,0.0,0.0,0.0,59.00756097560976,0,1,0,1,0,0,0,0,0,1,0,3,1,2,1,1,1
360485,0,26436.0,6388.21,0,0,47.0,1,2016,4,4,0.0,0.0,0.0,0.0,999.0,0.0,0.0,0.0,0.0,0.0,0.0,0.0,0.0,0.0,0.0,0.0,0.0,0.0,0.0,0.0,0.0,0.0,0.0,0.0,0.0,0.0,0.0,0.0,0.0,0.0,0.0,0.0,0.0,0.2122905027932961,59.00756097560976,0,0,1,1,0,0,0,0,1,0,0,3,1,2,1,1,1
360744,0,28432.0,13869.93,0,0,244.0,1,2018,4,1,0.0,0.0,0.0,0.0,999.0,0.0,0.0,0.0,0.0,0.0,0.0,0.0,0.0,0.0,0.0,0.0,0.0,0.0,0.0,0.0,0.0,0.0,0.0,0.0,0.0,0.0,0.0,0.0,0.0,0.0,0.0,0.0,0.0,0.2122905027932961,59.00756097560976,0,1,0,1,0,0,0,0,0,1,0,3,1,2,1,1,1
361680,1,43579.0,6135.08,0,0,442.0,1,2016,8,3,0.0,0.0,0.0,0.0,999.0,0.0,0.0,0.0,0.0,0.0,0.0,0.0,0.0,0.0,0.0,0.0,0.0,0.0,0.0,0.0,0.0,0.0,0.0,0.0,0.0,0.0,0.0,0.0,0.0,0.0,0.0,0.0,0.0,0.2122905027932961,59.00756097560976,0,0,1,1,0,0,0,0,0,0,1,3,1,2,1,1,1
361710,0,0.0,8087.22,0,0,242.0,1,2018,9,5,0.0,0.0,0.0,0.0,999.0,0.0,0.0,0.0,0.0,0.0,0.0,0.0,0.0,0.0,0.0,0.0,0.0,0.0,0.0,0.0,0.0,0.0,0.0,0.0,0.0,0.0,0.0,0.0,0.0,0.0,0.0,0.0,0.0,0.2122905027932961,59.00756097560976,1,0,0,0,1,0,0,0,0,1,0,3,1,2,1,1,1
362823,1,13870.0,8478.3,0,1,139.0,0,2021,8,2,0.0,0.0,0.0,0.0,999.0,0.0,0.0,0.0,0.0,0.0,0.0,0.0,0.0,0.0,0.0,0.0,0.0,0.0,0.0,0.0,0.0,0.0,0.0,0.0,0.0,0.0,0.0,0.0,0.0,0.0,0.0,0.0,0.0,0.0,59.00756097560976,1,0,0,0,0,0,1,0,0,1,0,3,1,2,1,1,1
363483,0,96021.0,5508.32,0,0,19.0,0,2021,12,1,0.0,0.0,0.0,0.0,999.0,0.0,0.0,0.0,0.0,0.0,0.0,0.0,0.0,0.0,0.0,0.0,0.0,0.0,0.0,0.0,0.0,0.0,0.0,0.0,0.0,0.0,0.0,0.0,0.0,0.0,0.0,0.0,0.0,0.0,59.00756097560976,0,1,0,1,0,0,0,0,0,1,0,3,1,2,1,1,1
363513,1,69746.0,2959.82,0,0,190.0,1,2019,1,0,0.0,0.0,0.0,0.0,999.0,0.0,0.0,0.0,0.0,0.0,0.0,0.0,0.0,0.0,0.0,0.0,0.0,0.0,0.0,0.0,0.0,0.0,0.0,0.0,0.0,0.0,0.0,0.0,0.0,0.0,0.0,0.0,0.0,0.0,59.00756097560976,0,1,0,1,0,0,0,0,1,0,0,3,1,2,1,1,1
364247,1,54010.0,2734.44,0,0,242.0,1,2018,9,3,0.0,0.0,0.0,0.0,999.0,0.0,0.0,0.0,0.0,0.0,0.0,0.0,0.0,0.0,0.0,0.0,0.0,0.0,0.0,0.0,0.0,0.0,0.0,0.0,0.0,0.0,0.0,0.0,0.0,0.0,0.0,0.0,0.0,0.2122905027932961,59.00756097560976,0,0,1,1,0,0,0,0,0,1,0,3,1,2,1,1,1
364372,0,99189.0,9406.38,0,0,2417.0,0,2015,5,2,0.0,0.0,0.0,0.0,999.0,0.0,0.0,0.0,0.0,0.0,0.0,0.0,0.0,0.0,0.0,0.0,0.0,0.0,0.0,0.0,0.0,0.0,0.0,0.0,0.0,0.0,0.0,0.0,0.0,0.0,0.0,0.0,0.0,0.2122905027932961,59.00756097560976,0,1,0,1,0,0,0,0,0,0,1,3,1,2,1,1,1
366576,0,0.0,5293.72,0,0,192.0,1,2016,6,2,0.0,0.0,0.0,0.0,999.0,0.0,0.0,0.0,0.0,0.0,0.0,0.0,0.0,0.0,0.0,0.0,0.0,0.0,0.0,0.0,0.0,0.0,0.0,0.0,0.0,0.0,0.0,0.0,0.0,0.0,0.0,0.0,0.0,0.2122905027932961,59.00756097560976,0,1,0,0,1,0,0,0,0,0,1,3,1,2,1,1,1
367006,1,0.0,17288.55,0,0,26.0,0,2021,12,1,0.0,0.0,0.0,0.0,999.0,0.0,0.0,0.0,0.0,0.0,0.0,0.0,0.0,0.0,0.0,0.0,0.0,0.0,0.0,0.0,0.0,0.0,0.0,0.0,0.0,0.0,0.0,0.0,0.0,0.0,0.0,0.0,0.0,0.0,59.00756097560976,0,0,1,0,1,0,0,0,0,1,0,3,1,2,1,1,1
368830,0,0.0,4974.24,0,0,243.0,1,2016,12,2,0.0,0.0,0.0,0.0,999.0,0.0,0.0,0.0,0.0,0.0,0.0,0.0,0.0,0.0,0.0,0.0,0.0,0.0,0.0,0.0,0.0,0.0,0.0,0.0,0.0,0.0,0.0,0.0,0.0,0.0,0.0,0.0,0.0,0.2122905027932961,59.00756097560976,1,0,0,0,1,0,0,0,0,0,1,3,1,2,1,1,1
368878,1,69186.0,5439.36,0,0,179.0,0,2021,7,4,0.0,0.0,0.0,0.0,999.0,0.0,0.0,0.0,0.0,0.0,0.0,0.0,0.0,0.0,0.0,0.0,0.0,0.0,0.0,0.0,0.0,0.0,0.0,0.0,0.0,0.0,0.0,0.0,0.0,0.0,0.0,0.0,0.0,0.0,59.00756097560976,0,0,1,1,0,0,0,0,0,0,1,3,1,2,1,1,1
369188,0,30969.0,7334.92,0,0,2377.0,0,2015,6,4,0.0,0.0,0.0,0.0,999.0,0.0,0.0,0.0,0.0,0.0,0.0,0.0,0.0,0.0,0.0,0.0,0.0,0.0,0.0,0.0,0.0,0.0,0.0,0.0,0.0,0.0,0.0,0.0,0.0,0.0,0.0,0.0,0.0,0.2122905027932961,59.00756097560976,1,0,0,1,0,0,0,0,1,0,0,3,1,2,1,1,1
369388,1,26790.0,2810.46,0,0,59.0,0,2021,11,1,0.0,0.0,0.0,0.0,999.0,0.0,0.0,0.0,0.0,0.0,0.0,0.0,0.0,0.0,0.0,0.0,0.0,0.0,0.0,0.0,0.0,0.0,0.0,0.0,0.0,0.0,0.0,0.0,0.0,0.0,0.0,0.0,0.0,0.0,59.00756097560976,0,0,1,1,0,0,0,0,0,1,0,3,1,2,1,1,1
369638,1,40833.0,5358.16,0,0,140.0,0,2021,8,1,0.0,0.0,0.0,0.0,999.0,0.0,0.0,0.0,0.0,0.0,0.0,0.0,0.0,0.0,0.0,0.0,0.0,0.0,0.0,0.0,0.0,0.0,0.0,0.0,0.0,0.0,0.0,0.0,0.0,0.0,0.0,0.0,0.0,0.0,59.00756097560976,0,1,0,1,0,0,0,0,0,0,1,3,1,2,1,1,1
370979,1,43510.0,3337.59,0,0,251.0,1,2019,3,2,0.0,0.0,0.0,0.0,999.0,0.0,0.0,0.0,0.0,0.0,0.0,0.0,0.0,0.0,0.0,0.0,0.0,0.0,0.0,0.0,0.0,0.0,0.0,0.0,0.0,0.0,0.0,0.0,0.0,0.0,0.0,0.0,0.0,0.0,59.00756097560976,0,1,0,1,0,0,0,0,0,1,0,3,1,2,1,1,1
372169,1,78275.0,11619.92,0,0,27.0,1,2016,3,2,0.0,0.0,0.0,0.0,999.0,0.0,0.0,0.0,0.0,0.0,0.0,0.0,0.0,0.0,0.0,0.0,0.0,0.0,0.0,0.0,0.0,0.0,0.0,0.0,0.0,0.0,0.0,0.0,0.0,0.0,0.0,0.0,0.0,0.2122905027932961,59.00756097560976,0,0,1,1,0,0,0,0,0,1,0,3,1,2,1,1,1
373118,1,0.0,7516.79,0,0,1280.0,0,2018,6,0,0.0,0.0,0.0,0.0,999.0,0.0,0.0,0.0,0.0,0.0,0.0,0.0,0.0,0.0,0.0,0.0,0.0,0.0,0.0,0.0,0.0,0.0,0.0,0.0,0.0,0.0,0.0,0.0,0.0,0.0,0.0,0.0,0.0,0.2122905027932961,59.00756097560976,0,0,1,0,1,0,0,0,0,0,1,3,1,2,1,1,1
373321,0,11432.0,13466.92,0,1,53.0,0,2021,11,1,0.0,0.0,0.0,0.0,999.0,0.0,0.0,0.0,0.0,0.0,0.0,0.0,0.0,0.0,0.0,0.0,0.0,0.0,0.0,0.0,0.0,0.0,0.0,0.0,0.0,0.0,0.0,0.0,0.0,0.0,0.0,0.0,0.0,0.0,59.00756097560976,0,0,1,0,0,1,0,0,0,1,0,3,1,2,1,1,1
373429,0,25905.0,2300.69,0,0,8.0,0,2021,12,2,0.0,0.0,0.0,0.0,999.0,0.0,0.0,0.0,0.0,0.0,0.0,0.0,0.0,0.0,0.0,0.0,0.0,0.0,0.0,0.0,0.0,0.0,0.0,0.0,0.0,0.0,0.0,0.0,0.0,0.0,0.0,0.0,0.0,0.0,59.00756097560976,0,0,1,0,0,0,0,1,1,0,0,3,1,2,1,1,1
373665,1,93272.0,3861.49,0,0,242.0,1,2017,9,2,0.0,0.0,0.0,0.0,999.0,0.0,0.0,0.0,0.0,0.0,0.0,0.0,0.0,0.0,0.0,0.0,0.0,0.0,0.0,0.0,0.0,0.0,0.0,0.0,0.0,0.0,0.0,0.0,0.0,0.0,0.0,0.0,0.0,0.2122905027932961,59.00756097560976,0,1,0,1,0,0,0,0,0,1,0,3,1,2,1,1,1
374113,0,60861.0,5216.91,0,0,25.0,0,2021,12,2,0.0,0.0,0.0,0.0,999.0,0.0,0.0,0.0,0.0,0.0,0.0,0.0,0.0,0.0,0.0,0.0,0.0,0.0,0.0,0.0,0.0,0.0,0.0,0.0,0.0,0.0,0.0,0.0,0.0,0.0,0.0,0.0,0.0,0.0,59.00756097560976,0,0,1,1,0,0,0,0,0,1,0,3,1,2,1,1,1
375115,0,0.0,12851.42,0,0,8.0,0,2021,12,1,0.0,0.0,0.0,0.0,999.0,0.0,0.0,0.0,0.0,0.0,0.0,0.0,0.0,0.0,0.0,0.0,0.0,0.0,0.0,0.0,0.0,0.0,0.0,0.0,0.0,0.0,0.0,0.0,0.0,0.0,0.0,0.0,0.0,0.0,59.00756097560976,0,0,1,0,1,0,0,0,0,0,1,3,1,2,1,1,1
375162,1,53562.0,5364.47,0,0,243.0,1,2017,10,3,0.0,0.0,0.0,0.0,999.0,0.0,0.0,0.0,0.0,0.0,0.0,0.0,0.0,0.0,0.0,0.0,0.0,0.0,0.0,0.0,0.0,0.0,0.0,0.0,0.0,0.0,0.0,0.0,0.0,0.0,0.0,0.0,0.0,0.2122905027932961,59.00756097560976,0,1,0,1,0,0,0,0,0,1,0,3,1,2,1,1,1
375371,0,43000.0,21886.2,0,0,22.0,0,2021,12,2,0.0,0.0,0.0,0.0,999.0,0.0,0.0,0.0,0.0,0.0,0.0,0.0,0.0,0.0,0.0,0.0,0.0,0.0,0.0,0.0,0.0,0.0,0.0,0.0,0.0,0.0,0.0,0.0,0.0,0.0,0.0,0.0,0.0,0.0,59.00756097560976,1,0,0,1,0,0,0,0,0,1,0,3,1,2,1,1,1
375467,0,45473.0,27382.82,0,0,152.0,1,2016,11,2,0.0,0.0,0.0,0.0,999.0,0.0,0.0,0.0,0.0,0.0,0.0,0.0,0.0,0.0,0.0,0.0,0.0,0.0,0.0,0.0,0.0,0.0,0.0,0.0,0.0,0.0,0.0,0.0,0.0,0.0,0.0,0.0,0.0,0.2122905027932961,59.00756097560976,1,0,0,1,0,0,0,0,0,1,0,3,1,2,1,1,1
377364,0,26713.0,2686.54,0,0,416.0,1,2017,10,7,0.0,0.0,0.0,0.0,999.0,0.0,0.0,0.0,0.0,0.0,0.0,0.0,0.0,0.0,0.0,0.0,0.0,0.0,0.0,0.0,0.0,0.0,0.0,0.0,0.0,0.0,0.0,0.0,0.0,0.0,0.0,0.0,0.0,0.2122905027932961,59.00756097560976,0,0,1,0,0,1,0,0,1,0,0,3,1,2,1,1,1
377642,1,43671.0,5329.08,0,0,242.0,1,2019,2,2,0.0,0.0,0.0,0.0,999.0,0.0,0.0,0.0,0.0,0.0,0.0,0.0,0.0,0.0,0.0,0.0,0.0,0.0,0.0,0.0,0.0,0.0,0.0,0.0,0.0,0.0,0.0,0.0,0.0,0.0,0.0,0.0,0.0,0.0,59.00756097560976,0,0,1,1,0,0,0,0,0,1,0,3,1,2,1,1,1
377796,0,15413.0,4013.85,0,0,243.0,1,2018,7,1,0.0,0.0,0.0,0.0,999.0,0.0,0.0,0.0,0.0,0.0,0.0,0.0,0.0,0.0,0.0,0.0,0.0,0.0,0.0,0.0,0.0,0.0,0.0,0.0,0.0,0.0,0.0,0.0,0.0,0.0,0.0,0.0,0.0,0.2122905027932961,59.00756097560976,0,0,1,0,0,1,0,0,0,1,0,3,1,2,1,1,1
377858,1,0.0,5142.05,0,0,340.0,1,2017,11,1,0.0,0.0,0.0,0.0,999.0,0.0,0.0,0.0,0.0,0.0,0.0,0.0,0.0,0.0,0.0,0.0,0.0,0.0,0.0,0.0,0.0,0.0,0.0,0.0,0.0,0.0,0.0,0.0,0.0,0.0,0.0,0.0,0.0,0.2122905027932961,59.00756097560976,0,1,0,0,1,0,0,0,0,0,1,3,1,2,1,1,1
378498,1,0.0,2600.64,0,0,242.0,1,2019,2,2,0.0,0.0,0.0,0.0,999.0,0.0,0.0,0.0,0.0,0.0,0.0,0.0,0.0,0.0,0.0,0.0,0.0,0.0,0.0,0.0,0.0,0.0,0.0,0.0,0.0,0.0,0.0,0.0,0.0,0.0,0.0,0.0,0.0,0.0,59.00756097560976,0,0,1,0,1,0,0,0,0,0,1,3,1,2,1,1,1
381176,0,72302.0,2616.61,0,0,243.0,1,2016,12,0,0.0,0.0,0.0,0.0,999.0,0.0,0.0,0.0,0.0,0.0,0.0,0.0,0.0,0.0,0.0,0.0,0.0,0.0,0.0,0.0,0.0,0.0,0.0,0.0,0.0,0.0,0.0,0.0,0.0,0.0,0.0,0.0,0.0,0.2122905027932961,59.00756097560976,0,0,1,1,0,0,0,0,1,0,0,3,1,2,1,1,1
381471,0,67134.0,10339.6,0,0,18.0,0,2021,12,4,0.0,0.0,0.0,0.0,999.0,0.0,0.0,0.0,0.0,0.0,0.0,0.0,0.0,0.0,0.0,0.0,0.0,0.0,0.0,0.0,0.0,0.0,0.0,0.0,0.0,0.0,0.0,0.0,0.0,0.0,0.0,0.0,0.0,0.0,59.00756097560976,0,1,0,1,0,0,0,0,0,1,0,3,1,2,1,1,1
382045,0,39854.0,5217.51,0,0,1240.0,1,2016,5,5,0.0,0.0,0.0,0.0,999.0,0.0,0.0,0.0,0.0,0.0,0.0,0.0,0.0,0.0,0.0,0.0,0.0,0.0,0.0,0.0,0.0,0.0,0.0,0.0,0.0,0.0,0.0,0.0,0.0,0.0,0.0,0.0,0.0,0.2122905027932961,59.00756097560976,1,0,0,1,0,0,0,0,1,0,0,3,1,2,1,1,1
382678,0,37937.0,9095.05,0,0,618.0,1,2016,3,2,0.0,0.0,0.0,0.0,999.0,0.0,0.0,0.0,0.0,0.0,0.0,0.0,0.0,0.0,0.0,0.0,0.0,0.0,0.0,0.0,0.0,0.0,0.0,0.0,0.0,0.0,0.0,0.0,0.0,0.0,0.0,0.0,0.0,0.2122905027932961,59.00756097560976,0,1,0,1,0,0,0,0,0,1,0,3,1,2,1,1,1
382971,1,39034.0,19190.32,0,0,17.0,0,2021,12,4,0.0,0.0,0.0,0.0,999.0,0.0,0.0,0.0,0.0,0.0,0.0,0.0,0.0,0.0,0.0,0.0,0.0,0.0,0.0,0.0,0.0,0.0,0.0,0.0,0.0,0.0,0.0,0.0,0.0,0.0,0.0,0.0,0.0,0.0,59.00756097560976,0,0,1,1,0,0,0,0,0,1,0,3,1,2,1,1,1
382983,1,76310.0,2701.49,0,0,21.0,0,2021,12,1,0.0,0.0,0.0,0.0,999.0,0.0,0.0,0.0,0.0,0.0,0.0,0.0,0.0,0.0,0.0,0.0,0.0,0.0,0.0,0.0,0.0,0.0,0.0,0.0,0.0,0.0,0.0,0.0,0.0,0.0,0.0,0.0,0.0,0.0,59.00756097560976,0,0,1,1,0,0,0,0,0,1,0,3,1,2,1,1,1
384296,1,69417.0,2842.27,0,0,663.0,1,2017,12,5,0.0,0.0,0.0,0.0,999.0,0.0,0.0,0.0,0.0,0.0,0.0,0.0,0.0,0.0,0.0,0.0,0.0,0.0,0.0,0.0,0.0,0.0,0.0,0.0,0.0,0.0,0.0,0.0,0.0,0.0,0.0,0.0,0.0,0.2122905027932961,59.00756097560976,0,0,1,1,0,0,0,0,1,0,0,3,1,2,1,1,1
384737,0,29318.0,6930.63,0,0,243.0,1,2019,1,2,0.0,0.0,0.0,0.0,999.0,0.0,0.0,0.0,0.0,0.0,0.0,0.0,0.0,0.0,0.0,0.0,0.0,0.0,0.0,0.0,0.0,0.0,0.0,0.0,0.0,0.0,0.0,0.0,0.0,0.0,0.0,0.0,0.0,0.0,59.00756097560976,1,0,0,1,0,0,0,0,0,0,1,3,1,2,1,1,1
384818,0,24030.0,7048.38,1,1,297.0,0,2021,3,3,0.0,0.0,0.0,0.0,999.0,0.0,0.0,0.0,0.0,0.0,0.0,0.0,0.0,0.0,0.0,0.0,0.0,0.0,0.0,0.0,0.0,0.0,0.0,0.0,0.0,0.0,0.0,0.0,0.0,0.0,0.0,0.0,0.0,0.0,59.00756097560976,1,0,0,0,0,0,1,0,0,0,1,3,1,2,1,1,1
384905,0,0.0,5264.64,0,0,243.0,1,2018,10,4,0.0,0.0,0.0,0.0,999.0,0.0,0.0,0.0,0.0,0.0,0.0,0.0,0.0,0.0,0.0,0.0,0.0,0.0,0.0,0.0,0.0,0.0,0.0,0.0,0.0,0.0,0.0,0.0,0.0,0.0,0.0,0.0,0.0,0.2122905027932961,59.00756097560976,1,0,0,0,1,0,0,0,1,0,0,3,1,2,1,1,1
384907,1,72302.0,2616.61,0,0,1066.0,1,2016,12,5,0.0,0.0,0.0,0.0,999.0,0.0,0.0,0.0,0.0,0.0,0.0,0.0,0.0,0.0,0.0,0.0,0.0,0.0,0.0,0.0,0.0,0.0,0.0,0.0,0.0,0.0,0.0,0.0,0.0,0.0,0.0,0.0,0.0,0.2122905027932961,59.00756097560976,0,0,1,1,0,0,0,0,1,0,0,3,1,2,1,1,1
385747,0,76381.0,9337.9,0,0,26.0,0,2021,12,0,0.0,0.0,0.0,0.0,999.0,0.0,0.0,0.0,0.0,0.0,0.0,0.0,0.0,0.0,0.0,0.0,0.0,0.0,0.0,0.0,0.0,0.0,0.0,0.0,0.0,0.0,0.0,0.0,0.0,0.0,0.0,0.0,0.0,0.0,59.00756097560976,0,1,0,1,0,0,0,0,0,1,0,3,1,2,1,1,1
387203,0,14985.0,4506.58,0,0,533.0,1,2017,2,2,0.0,0.0,0.0,0.0,999.0,0.0,0.0,0.0,0.0,0.0,0.0,0.0,0.0,0.0,0.0,0.0,0.0,0.0,0.0,0.0,0.0,0.0,0.0,0.0,0.0,0.0,0.0,0.0,0.0,0.0,0.0,0.0,0.0,0.2122905027932961,59.00756097560976,0,1,0,0,0,1,0,0,0,1,0,3,1,2,1,1,1
389081,1,85297.0,14970.29,0,0,243.0,1,2018,7,2,0.0,0.0,0.0,0.0,999.0,0.0,0.0,0.0,0.0,0.0,0.0,0.0,0.0,0.0,0.0,0.0,0.0,0.0,0.0,0.0,0.0,0.0,0.0,0.0,0.0,0.0,0.0,0.0,0.0,0.0,0.0,0.0,0.0,0.2122905027932961,59.00756097560976,0,1,0,1,0,0,0,0,0,1,0,3,1,2,1,1,1
389430,0,0.0,7619.48,0,0,243.0,1,2016,2,5,0.0,0.0,0.0,0.0,999.0,0.0,0.0,0.0,0.0,0.0,0.0,0.0,0.0,0.0,0.0,0.0,0.0,0.0,0.0,0.0,0.0,0.0,0.0,0.0,0.0,0.0,0.0,0.0,0.0,0.0,0.0,0.0,0.0,0.2122905027932961,59.00756097560976,1,0,0,0,1,0,0,0,1,0,0,3,1,2,1,1,1
390562,1,74270.0,6222.21,0,0,169.0,0,2021,7,4,0.0,0.0,0.0,0.0,999.0,0.0,0.0,0.0,0.0,0.0,0.0,0.0,0.0,0.0,0.0,0.0,0.0,0.0,0.0,0.0,0.0,0.0,0.0,0.0,0.0,0.0,0.0,0.0,0.0,0.0,0.0,0.0,0.0,0.0,59.00756097560976,0,1,0,1,0,0,0,0,0,0,1,3,1,2,1,1,1
390651,0,21195.0,5764.65,0,0,702.0,1,2016,2,1,0.0,0.0,0.0,0.0,999.0,0.0,0.0,0.0,0.0,0.0,0.0,0.0,0.0,0.0,0.0,0.0,0.0,0.0,0.0,0.0,0.0,0.0,0.0,0.0,0.0,0.0,0.0,0.0,0.0,0.0,0.0,0.0,0.0,0.2122905027932961,59.00756097560976,1,0,0,1,0,0,0,0,0,1,0,3,1,2,1,1,1
390719,0,51523.0,4598.24,0,0,237.0,1,2017,3,2,0.0,0.0,0.0,0.0,999.0,0.0,0.0,0.0,0.0,0.0,0.0,0.0,0.0,0.0,0.0,0.0,0.0,0.0,0.0,0.0,0.0,0.0,0.0,0.0,0.0,0.0,0.0,0.0,0.0,0.0,0.0,0.0,0.0,0.2122905027932961,59.00756097560976,0,0,1,1,0,0,0,0,0,1,0,3,1,2,1,1,1
391091,0,0.0,10196.11,0,0,411.0,1,2016,5,1,0.0,0.0,0.0,0.0,999.0,0.0,0.0,0.0,0.0,0.0,0.0,0.0,0.0,0.0,0.0,0.0,0.0,0.0,0.0,0.0,0.0,0.0,0.0,0.0,0.0,0.0,0.0,0.0,0.0,0.0,0.0,0.0,0.0,0.2122905027932961,59.00756097560976,0,1,0,0,1,0,0,0,0,0,1,3,1,2,1,1,1
392558,1,39161.0,2725.68,0,0,86.0,1,2019,4,2,0.0,0.0,0.0,0.0,999.0,0.0,0.0,0.0,0.0,0.0,0.0,0.0,0.0,0.0,0.0,0.0,0.0,0.0,0.0,0.0,0.0,0.0,0.0,0.0,0.0,0.0,0.0,0.0,0.0,0.0,0.0,0.0,0.0,0.0,59.00756097560976,0,0,1,1,0,0,0,0,0,1,0,3,1,2,1,1,1
392781,1,0.0,2452.36,0,0,303.0,1,2016,4,1,0.0,0.0,0.0,0.0,999.0,0.0,0.0,0.0,0.0,0.0,0.0,0.0,0.0,0.0,0.0,0.0,0.0,0.0,0.0,0.0,0.0,0.0,0.0,0.0,0.0,0.0,0.0,0.0,0.0,0.0,0.0,0.0,0.0,0.2122905027932961,59.00756097560976,0,0,1,0,1,0,0,0,0,0,1,3,1,2,1,1,1
393975,1,78879.0,5509.9,0,0,412.0,1,2018,7,1,0.0,0.0,0.0,0.0,999.0,0.0,0.0,0.0,0.0,0.0,0.0,0.0,0.0,0.0,0.0,0.0,0.0,0.0,0.0,0.0,0.0,0.0,0.0,0.0,0.0,0.0,0.0,0.0,0.0,0.0,0.0,0.0,0.0,0.2122905027932961,59.00756097560976,1,0,0,1,0,0,0,0,0,1,0,3,1,2,1,1,1
394200,0,25680.0,8722.9,0,0,245.0,1,2018,6,4,0.0,0.0,0.0,0.0,999.0,0.0,0.0,0.0,0.0,0.0,0.0,0.0,0.0,0.0,0.0,0.0,0.0,0.0,0.0,0.0,0.0,0.0,0.0,0.0,0.0,0.0,0.0,0.0,0.0,0.0,0.0,0.0,0.0,0.2122905027932961,59.00756097560976,0,1,0,1,0,0,0,0,1,0,0,3,1,2,1,1,1
395189,0,92589.0,5279.48,0,0,243.0,1,2019,1,3,0.0,0.0,0.0,0.0,999.0,0.0,0.0,0.0,0.0,0.0,0.0,0.0,0.0,0.0,0.0,0.0,0.0,0.0,0.0,0.0,0.0,0.0,0.0,0.0,0.0,0.0,0.0,0.0,0.0,0.0,0.0,0.0,0.0,0.0,59.00756097560976,1,0,0,1,0,0,0,0,0,1,0,3,1,2,1,1,1
395300,0,21119.0,10193.77,0,0,484.0,1,2017,5,4,0.0,0.0,0.0,0.0,999.0,0.0,0.0,0.0,0.0,0.0,0.0,0.0,0.0,0.0,0.0,0.0,0.0,0.0,0.0,0.0,0.0,0.0,0.0,0.0,0.0,0.0,0.0,0.0,0.0,0.0,0.0,0.0,0.0,0.2122905027932961,59.00756097560976,0,1,0,1,0,0,0,0,0,1,0,3,1,2,1,1,1
395512,1,38692.0,4091.93,0,0,242.0,1,2018,2,2,0.0,0.0,0.0,0.0,999.0,0.0,0.0,0.0,0.0,0.0,0.0,0.0,0.0,0.0,0.0,0.0,0.0,0.0,0.0,0.0,0.0,0.0,0.0,0.0,0.0,0.0,0.0,0.0,0.0,0.0,0.0,0.0,0.0,0.2122905027932961,59.00756097560976,0,0,1,1,0,0,0,0,0,1,0,3,1,2,1,1,1
397272,1,85210.0,2916.42,0,0,52.0,0,2021,11,4,0.0,0.0,0.0,0.0,999.0,0.0,0.0,0.0,0.0,0.0,0.0,0.0,0.0,0.0,0.0,0.0,0.0,0.0,0.0,0.0,0.0,0.0,0.0,0.0,0.0,0.0,0.0,0.0,0.0,0.0,0.0,0.0,0.0,0.0,59.00756097560976,0,1,0,1,0,0,0,0,1,0,0,3,1,2,1,1,1
397376,1,0.0,2374.81,0,0,37.0,1,2017,10,2,0.0,0.0,0.0,0.0,999.0,0.0,0.0,0.0,0.0,0.0,0.0,0.0,0.0,0.0,0.0,0.0,0.0,0.0,0.0,0.0,0.0,0.0,0.0,0.0,0.0,0.0,0.0,0.0,0.0,0.0,0.0,0.0,0.0,0.2122905027932961,59.00756097560976,0,0,1,0,1,0,0,0,0,1,0,3,1,2,1,1,1
397848,0,0.0,7850.59,0,0,244.0,1,2019,4,4,0.0,0.0,0.0,0.0,999.0,0.0,0.0,0.0,0.0,0.0,0.0,0.0,0.0,0.0,0.0,0.0,0.0,0.0,0.0,0.0,0.0,0.0,0.0,0.0,0.0,0.0,0.0,0.0,0.0,0.0,0.0,0.0,0.0,0.0,59.00756097560976,0,1,0,0,1,0,0,0,0,1,0,3,1,2,1,1,1
397891,0,92296.0,2759.98,0,0,442.0,1,2018,6,5,0.0,0.0,0.0,0.0,999.0,0.0,0.0,0.0,0.0,0.0,0.0,0.0,0.0,0.0,0.0,0.0,0.0,0.0,0.0,0.0,0.0,0.0,0.0,0.0,0.0,0.0,0.0,0.0,0.0,0.0,0.0,0.0,0.0,0.2122905027932961,59.00756097560976,0,1,0,1,0,0,0,0,0,1,0,3,1,2,1,1,1
397962,0,82655.0,2652.7,0,0,490.0,1,2018,2,5,0.0,0.0,0.0,0.0,999.0,0.0,0.0,0.0,0.0,0.0,0.0,0.0,0.0,0.0,0.0,0.0,0.0,0.0,0.0,0.0,0.0,0.0,0.0,0.0,0.0,0.0,0.0,0.0,0.0,0.0,0.0,0.0,0.0,0.2122905027932961,59.00756097560976,0,0,1,1,0,0,0,0,0,1,0,3,1,2,1,1,1
398074,1,16233.0,7609.09,0,0,950.0,1,2016,7,4,0.0,0.0,0.0,0.0,999.0,0.0,0.0,0.0,0.0,0.0,0.0,0.0,0.0,0.0,0.0,0.0,0.0,0.0,0.0,0.0,0.0,0.0,0.0,0.0,0.0,0.0,0.0,0.0,0.0,0.0,0.0,0.0,0.0,0.2122905027932961,59.00756097560976,0,0,1,0,0,1,0,0,0,1,0,3,1,2,1,1,1
399917,1,58557.0,3554.85,0,0,2274.0,0,2015,10,6,0.0,0.0,0.0,0.0,999.0,0.0,0.0,0.0,0.0,0.0,0.0,0.0,0.0,0.0,0.0,0.0,0.0,0.0,0.0,0.0,0.0,0.0,0.0,0.0,0.0,0.0,0.0,0.0,0.0,0.0,0.0,0.0,0.0,0.2122905027932961,59.00756097560976,0,1,0,1,0,0,0,0,0,1,0,3,1,2,1,1,1
400513,1,20009.0,9688.33,0,0,2243.0,0,2015,11,4,0.0,0.0,0.0,0.0,999.0,0.0,0.0,0.0,0.0,0.0,0.0,0.0,0.0,0.0,0.0,0.0,0.0,0.0,0.0,0.0,0.0,0.0,0.0,0.0,0.0,0.0,0.0,0.0,0.0,0.0,0.0,0.0,0.0,0.2122905027932961,59.00756097560976,1,0,0,1,0,0,0,0,0,0,1,3,1,2,1,1,1
400844,1,0.0,27287.5,0,0,396.0,1,2017,2,4,0.0,0.0,0.0,0.0,999.0,0.0,0.0,0.0,0.0,0.0,0.0,0.0,0.0,0.0,0.0,0.0,0.0,0.0,0.0,0.0,0.0,0.0,0.0,0.0,0.0,0.0,0.0,0.0,0.0,0.0,0.0,0.0,0.0,0.2122905027932961,59.00756097560976,0,1,0,0,1,0,0,0,0,0,1,3,1,2,1,1,1
400873,0,22398.0,2590.1,0,0,226.0,1,2018,6,5,0.0,0.0,0.0,0.0,999.0,0.0,0.0,0.0,0.0,0.0,0.0,0.0,0.0,0.0,0.0,0.0,0.0,0.0,0.0,0.0,0.0,0.0,0.0,0.0,0.0,0.0,0.0,0.0,0.0,0.0,0.0,0.0,0.0,0.2122905027932961,59.00756097560976,0,0,1,1,0,0,0,0,0,1,0,3,1,2,1,1,1
401943,0,91071.0,7648.26,0,0,2267.0,0,2015,10,4,0.0,0.0,0.0,0.0,999.0,0.0,0.0,0.0,0.0,0.0,0.0,0.0,0.0,0.0,0.0,0.0,0.0,0.0,0.0,0.0,0.0,0.0,0.0,0.0,0.0,0.0,0.0,0.0,0.0,0.0,0.0,0.0,0.0,0.2122905027932961,59.00756097560976,0,1,0,1,0,0,0,0,0,1,0,3,1,2,1,1,1
402136,0,86901.0,25805.51,0,0,243.0,1,2016,12,4,0.0,0.0,0.0,0.0,999.0,0.0,0.0,0.0,0.0,0.0,0.0,0.0,0.0,0.0,0.0,0.0,0.0,0.0,0.0,0.0,0.0,0.0,0.0,0.0,0.0,0.0,0.0,0.0,0.0,0.0,0.0,0.0,0.0,0.2122905027932961,59.00756097560976,0,0,1,1,0,0,0,0,0,0,1,3,1,2,1,1,1
402624,0,0.0,5637.74,0,0,23.0,0,2021,12,2,0.0,0.0,0.0,0.0,999.0,0.0,0.0,0.0,0.0,0.0,0.0,0.0,0.0,0.0,0.0,0.0,0.0,0.0,0.0,0.0,0.0,0.0,0.0,0.0,0.0,0.0,0.0,0.0,0.0,0.0,0.0,0.0,0.0,0.0,59.00756097560976,0,0,1,0,1,0,0,0,1,0,0,3,1,2,1,1,1
403258,1,0.0,4157.7,0,0,6.0,0,2021,12,1,0.0,0.0,0.0,0.0,999.0,0.0,0.0,0.0,0.0,0.0,0.0,0.0,0.0,0.0,0.0,0.0,0.0,0.0,0.0,0.0,0.0,0.0,0.0,0.0,0.0,0.0,0.0,0.0,0.0,0.0,0.0,0.0,0.0,0.0,59.00756097560976,0,0,1,0,1,0,0,0,0,1,0,3,1,2,1,1,1
403529,1,37697.0,4413.29,0,0,366.0,1,2017,10,3,0.0,0.0,0.0,0.0,999.0,0.0,0.0,0.0,0.0,0.0,0.0,0.0,0.0,0.0,0.0,0.0,0.0,0.0,0.0,0.0,0.0,0.0,0.0,0.0,0.0,0.0,0.0,0.0,0.0,0.0,0.0,0.0,0.0,0.2122905027932961,59.00756097560976,0,1,0,1,0,0,0,0,0,1,0,3,1,2,1,1,1
405030,0,0.0,3362.67,0,0,2377.0,0,2015,6,4,0.0,0.0,0.0,0.0,999.0,0.0,0.0,0.0,0.0,0.0,0.0,0.0,0.0,0.0,0.0,0.0,0.0,0.0,0.0,0.0,0.0,0.0,0.0,0.0,0.0,0.0,0.0,0.0,0.0,0.0,0.0,0.0,0.0,0.2122905027932961,59.00756097560976,0,1,0,0,1,0,0,0,0,0,1,3,1,2,1,1,1
405465,1,49793.0,4783.92,0,0,243.0,1,2016,8,2,0.0,0.0,0.0,0.0,999.0,0.0,0.0,0.0,0.0,0.0,0.0,0.0,0.0,0.0,0.0,0.0,0.0,0.0,0.0,0.0,0.0,0.0,0.0,0.0,0.0,0.0,0.0,0.0,0.0,0.0,0.0,0.0,0.0,0.2122905027932961,59.00756097560976,0,0,1,1,0,0,0,0,0,1,0,3,1,2,1,1,1
405740,0,85896.0,5638.15,0,0,22.0,0,2021,12,1,0.0,0.0,0.0,0.0,999.0,0.0,0.0,0.0,0.0,0.0,0.0,0.0,0.0,0.0,0.0,0.0,0.0,0.0,0.0,0.0,0.0,0.0,0.0,0.0,0.0,0.0,0.0,0.0,0.0,0.0,0.0,0.0,0.0,0.0,59.00756097560976,0,0,1,1,0,0,0,0,0,1,0,3,1,2,1,1,1
406988,0,0.0,14040.96,0,0,245.0,1,2018,5,6,0.0,0.0,0.0,0.0,999.0,0.0,0.0,0.0,0.0,0.0,0.0,0.0,0.0,0.0,0.0,0.0,0.0,0.0,0.0,0.0,0.0,0.0,0.0,0.0,0.0,0.0,0.0,0.0,0.0,0.0,0.0,0.0,0.0,0.2122905027932961,59.00756097560976,0,1,0,0,1,0,0,0,0,1,0,3,1,2,1,1,1
407233,0,73903.0,11718.42,0,0,39.0,0,2021,11,4,0.0,0.0,0.0,0.0,999.0,0.0,0.0,0.0,0.0,0.0,0.0,0.0,0.0,0.0,0.0,0.0,0.0,0.0,0.0,0.0,0.0,0.0,0.0,0.0,0.0,0.0,0.0,0.0,0.0,0.0,0.0,0.0,0.0,0.0,59.00756097560976,0,0,1,1,0,0,0,0,0,1,0,3,1,2,1,1,1
407404,1,96306.0,7519.13,0,0,567.0,0,2020,6,1,0.0,0.0,0.0,0.0,999.0,0.0,0.0,0.0,0.0,0.0,0.0,0.0,0.0,0.0,0.0,0.0,0.0,0.0,0.0,0.0,0.0,0.0,0.0,0.0,0.0,0.0,0.0,0.0,0.0,0.0,0.0,0.0,0.0,0.0,59.00756097560976,1,0,0,1,0,0,0,0,1,0,0,3,1,2,1,1,1
407641,0,0.0,7714.65,0,0,257.0,1,2017,12,0,0.0,0.0,0.0,0.0,999.0,0.0,0.0,0.0,0.0,0.0,0.0,0.0,0.0,0.0,0.0,0.0,0.0,0.0,0.0,0.0,0.0,0.0,0.0,0.0,0.0,0.0,0.0,0.0,0.0,0.0,0.0,0.0,0.0,0.2122905027932961,59.00756097560976,1,0,0,0,1,0,0,0,0,0,1,3,1,2,1,1,1
407648,0,70340.0,4528.5,0,0,242.0,1,2017,11,5,0.0,0.0,0.0,0.0,999.0,0.0,0.0,0.0,0.0,0.0,0.0,0.0,0.0,0.0,0.0,0.0,0.0,0.0,0.0,0.0,0.0,0.0,0.0,0.0,0.0,0.0,0.0,0.0,0.0,0.0,0.0,0.0,0.0,0.2122905027932961,59.00756097560976,0,0,1,1,0,0,0,0,0,1,0,3,1,2,1,1,1
407924,0,0.0,6979.54,0,0,798.0,1,2017,5,5,0.0,0.0,0.0,0.0,999.0,0.0,0.0,0.0,0.0,0.0,0.0,0.0,0.0,0.0,0.0,0.0,0.0,0.0,0.0,0.0,0.0,0.0,0.0,0.0,0.0,0.0,0.0,0.0,0.0,0.0,0.0,0.0,0.0,0.2122905027932961,59.00756097560976,0,0,1,0,1,0,0,0,0,0,1,3,1,2,1,1,1
408170,0,29790.0,14503.02,0,0,1.0,0,2021,12,4,0.0,0.0,0.0,0.0,999.0,0.0,0.0,0.0,0.0,0.0,0.0,0.0,0.0,0.0,0.0,0.0,0.0,0.0,0.0,0.0,0.0,0.0,0.0,0.0,0.0,0.0,0.0,0.0,0.0,0.0,0.0,0.0,0.0,0.0,59.00756097560976,1,0,0,0,0,0,1,0,0,1,0,3,1,2,1,1,1
410373,0,0.0,6880.63,0,0,2189.0,0,2016,1,3,0.0,0.0,0.0,0.0,999.0,0.0,0.0,0.0,0.0,0.0,0.0,0.0,0.0,0.0,0.0,0.0,0.0,0.0,0.0,0.0,0.0,0.0,0.0,0.0,0.0,0.0,0.0,0.0,0.0,0.0,0.0,0.0,0.0,0.2122905027932961,59.00756097560976,1,0,0,0,1,0,0,0,0,0,1,3,1,2,1,1,1
411242,0,0.0,4670.05,0,0,2409.0,0,2015,5,1,0.0,0.0,0.0,0.0,999.0,0.0,0.0,0.0,0.0,0.0,0.0,0.0,0.0,0.0,0.0,0.0,0.0,0.0,0.0,0.0,0.0,0.0,0.0,0.0,0.0,0.0,0.0,0.0,0.0,0.0,0.0,0.0,0.0,0.2122905027932961,59.00756097560976,0,0,1,0,1,0,0,0,0,1,0,3,1,2,1,1,1
411651,0,22955.0,27069.5,0,0,329.0,1,2017,10,4,0.0,0.0,0.0,0.0,999.0,0.0,0.0,0.0,0.0,0.0,0.0,0.0,0.0,0.0,0.0,0.0,0.0,0.0,0.0,0.0,0.0,0.0,0.0,0.0,0.0,0.0,0.0,0.0,0.0,0.0,0.0,0.0,0.0,0.2122905027932961,59.00756097560976,0,0,1,1,0,0,0,0,0,0,1,3,1,2,1,1,1
412362,1,59578.0,3894.62,0,0,13.0,0,2021,12,0,0.0,0.0,0.0,0.0,999.0,0.0,0.0,0.0,0.0,0.0,0.0,0.0,0.0,0.0,0.0,0.0,0.0,0.0,0.0,0.0,0.0,0.0,0.0,0.0,0.0,0.0,0.0,0.0,0.0,0.0,0.0,0.0,0.0,0.0,59.00756097560976,0,0,1,1,0,0,0,0,0,1,0,3,1,2,1,1,1
413305,1,58842.0,4362.93,0,0,743.0,1,2016,9,4,0.0,0.0,0.0,0.0,999.0,0.0,0.0,0.0,0.0,0.0,0.0,0.0,0.0,0.0,0.0,0.0,0.0,0.0,0.0,0.0,0.0,0.0,0.0,0.0,0.0,0.0,0.0,0.0,0.0,0.0,0.0,0.0,0.0,0.2122905027932961,59.00756097560976,0,0,1,1,0,0,0,0,0,1,0,3,1,2,1,1,1
414661,0,26367.0,10839.51,0,0,242.0,1,2018,11,4,0.0,0.0,0.0,0.0,999.0,0.0,0.0,0.0,0.0,0.0,0.0,0.0,0.0,0.0,0.0,0.0,0.0,0.0,0.0,0.0,0.0,0.0,0.0,0.0,0.0,0.0,0.0,0.0,0.0,0.0,0.0,0.0,0.0,0.2122905027932961,59.00756097560976,0,1,0,0,0,0,1,0,0,1,0,3,1,2,1,1,1
415292,0,30228.0,5827.41,0,0,497.0,1,2018,3,1,0.0,0.0,0.0,0.0,999.0,0.0,0.0,0.0,0.0,0.0,0.0,0.0,0.0,0.0,0.0,0.0,0.0,0.0,0.0,0.0,0.0,0.0,0.0,0.0,0.0,0.0,0.0,0.0,0.0,0.0,0.0,0.0,0.0,0.2122905027932961,59.00756097560976,1,0,0,1,0,0,0,0,0,1,0,3,1,2,1,1,1
415640,0,66685.0,7995.44,0,0,172.0,1,2018,5,4,0.0,0.0,0.0,0.0,999.0,0.0,0.0,0.0,0.0,0.0,0.0,0.0,0.0,0.0,0.0,0.0,0.0,0.0,0.0,0.0,0.0,0.0,0.0,0.0,0.0,0.0,0.0,0.0,0.0,0.0,0.0,0.0,0.0,0.2122905027932961,59.00756097560976,0,1,0,1,0,0,0,0,0,1,0,3,1,2,1,1,1
417553,0,45270.0,8161.78,0,0,245.0,1,2019,3,3,0.0,0.0,0.0,0.0,999.0,0.0,0.0,0.0,0.0,0.0,0.0,0.0,0.0,0.0,0.0,0.0,0.0,0.0,0.0,0.0,0.0,0.0,0.0,0.0,0.0,0.0,0.0,0.0,0.0,0.0,0.0,0.0,0.0,0.0,59.00756097560976,0,1,0,1,0,0,0,0,0,0,1,3,1,2,1,1,1
417721,1,0.0,2272.45,0,0,242.0,1,2017,11,4,0.0,0.0,0.0,0.0,999.0,0.0,0.0,0.0,0.0,0.0,0.0,0.0,0.0,0.0,0.0,0.0,0.0,0.0,0.0,0.0,0.0,0.0,0.0,0.0,0.0,0.0,0.0,0.0,0.0,0.0,0.0,0.0,0.0,0.2122905027932961,59.00756097560976,0,0,1,0,1,0,0,0,0,0,1,3,1,2,1,1,1
417841,1,27907.0,2860.75,0,0,244.0,1,2018,4,3,0.0,0.0,0.0,0.0,999.0,0.0,0.0,0.0,0.0,0.0,0.0,0.0,0.0,0.0,0.0,0.0,0.0,0.0,0.0,0.0,0.0,0.0,0.0,0.0,0.0,0.0,0.0,0.0,0.0,0.0,0.0,0.0,0.0,0.2122905027932961,59.00756097560976,0,1,0,1,0,0,0,0,1,0,0,3,1,2,1,1,1
418233,1,0.0,3260.74,0,0,615.0,1,2017,7,1,0.0,0.0,0.0,0.0,999.0,0.0,0.0,0.0,0.0,0.0,0.0,0.0,0.0,0.0,0.0,0.0,0.0,0.0,0.0,0.0,0.0,0.0,0.0,0.0,0.0,0.0,0.0,0.0,0.0,0.0,0.0,0.0,0.0,0.2122905027932961,59.00756097560976,0,1,0,0,1,0,0,0,0,1,0,3,1,2,1,1,1
418626,1,0.0,5709.23,0,0,56.0,1,2018,3,4,0.0,0.0,0.0,0.0,999.0,0.0,0.0,0.0,0.0,0.0,0.0,0.0,0.0,0.0,0.0,0.0,0.0,0.0,0.0,0.0,0.0,0.0,0.0,0.0,0.0,0.0,0.0,0.0,0.0,0.0,0.0,0.0,0.0,0.2122905027932961,59.00756097560976,0,1,0,0,1,0,0,0,0,1,0,3,1,2,1,1,1
419491,1,57709.0,5073.28,0,0,18.0,0,2021,12,1,0.0,0.0,0.0,0.0,999.0,0.0,0.0,0.0,0.0,0.0,0.0,0.0,0.0,0.0,0.0,0.0,0.0,0.0,0.0,0.0,0.0,0.0,0.0,0.0,0.0,0.0,0.0,0.0,0.0,0.0,0.0,0.0,0.0,0.0,59.00756097560976,0,0,1,1,0,0,0,0,0,1,0,3,1,2,1,1,1
420464,1,33169.0,5126.54,0,0,2323.0,0,2015,8,2,0.0,0.0,0.0,0.0,999.0,0.0,0.0,0.0,0.0,0.0,0.0,0.0,0.0,0.0,0.0,0.0,0.0,0.0,0.0,0.0,0.0,0.0,0.0,0.0,0.0,0.0,0.0,0.0,0.0,0.0,0.0,0.0,0.0,0.2122905027932961,59.00756097560976,1,0,0,1,0,0,0,0,0,1,0,3,1,2,1,1,1
421432,1,28314.0,4647.42,0,0,243.0,1,2018,7,4,0.0,0.0,0.0,0.0,999.0,0.0,0.0,0.0,0.0,0.0,0.0,0.0,0.0,0.0,0.0,0.0,0.0,0.0,0.0,0.0,0.0,0.0,0.0,0.0,0.0,0.0,0.0,0.0,0.0,0.0,0.0,0.0,0.0,0.2122905027932961,59.00756097560976,0,0,1,1,0,0,0,0,0,0,1,3,1,2,1,1,1
421855,0,35625.0,5107.16,0,0,415.0,1,2018,8,6,0.0,0.0,0.0,0.0,999.0,0.0,0.0,0.0,0.0,0.0,0.0,0.0,0.0,0.0,0.0,0.0,0.0,0.0,0.0,0.0,0.0,0.0,0.0,0.0,0.0,0.0,0.0,0.0,0.0,0.0,0.0,0.0,0.0,0.2122905027932961,59.00756097560976,1,0,0,1,0,0,0,0,0,1,0,3,1,2,1,1,1
423313,1,13663.0,25464.82,0,0,243.0,1,2018,8,1,0.0,0.0,0.0,0.0,999.0,0.0,0.0,0.0,0.0,0.0,0.0,0.0,0.0,0.0,0.0,0.0,0.0,0.0,0.0,0.0,0.0,0.0,0.0,0.0,0.0,0.0,0.0,0.0,0.0,0.0,0.0,0.0,0.0,0.2122905027932961,59.00756097560976,0,0,1,0,0,0,0,1,0,0,1,3,1,2,1,1,1
423711,0,31504.0,5623.61,0,0,2219.0,0,2015,12,2,0.0,0.0,0.0,0.0,999.0,0.0,0.0,0.0,0.0,0.0,0.0,0.0,0.0,0.0,0.0,0.0,0.0,0.0,0.0,0.0,0.0,0.0,0.0,0.0,0.0,0.0,0.0,0.0,0.0,0.0,0.0,0.0,0.0,0.2122905027932961,59.00756097560976,1,0,0,1,0,0,0,0,0,1,0,3,1,2,1,1,1
423844,0,58971.0,11072.03,0,0,25.0,0,2021,12,1,0.0,0.0,0.0,0.0,999.0,0.0,0.0,0.0,0.0,0.0,0.0,0.0,0.0,0.0,0.0,0.0,0.0,0.0,0.0,0.0,0.0,0.0,0.0,0.0,0.0,0.0,0.0,0.0,0.0,0.0,0.0,0.0,0.0,0.0,59.00756097560976,0,1,0,1,0,0,0,0,1,0,0,3,1,2,1,1,1
424027,0,45587.0,2860.44,0,0,393.0,1,2016,9,1,0.0,0.0,0.0,0.0,999.0,0.0,0.0,0.0,0.0,0.0,0.0,0.0,0.0,0.0,0.0,0.0,0.0,0.0,0.0,0.0,0.0,0.0,0.0,0.0,0.0,0.0,0.0,0.0,0.0,0.0,0.0,0.0,0.0,0.2122905027932961,59.00756097560976,0,0,1,1,0,0,0,0,1,0,0,3,1,2,1,1,1
424317,1,0.0,14181.64,0,0,2403.0,0,2015,6,2,0.0,0.0,0.0,0.0,999.0,0.0,0.0,0.0,0.0,0.0,0.0,0.0,0.0,0.0,0.0,0.0,0.0,0.0,0.0,0.0,0.0,0.0,0.0,0.0,0.0,0.0,0.0,0.0,0.0,0.0,0.0,0.0,0.0,0.2122905027932961,59.00756097560976,0,0,1,0,1,0,0,0,0,0,1,3,1,2,1,1,1
425477,0,38183.0,15277.48,0,0,75.0,0,2021,10,6,0.0,0.0,0.0,0.0,999.0,0.0,0.0,0.0,0.0,0.0,0.0,0.0,0.0,0.0,0.0,0.0,0.0,0.0,0.0,0.0,0.0,0.0,0.0,0.0,0.0,0.0,0.0,0.0,0.0,0.0,0.0,0.0,0.0,0.0,59.00756097560976,0,1,0,1,0,0,0,0,0,1,0,3,1,2,1,1,1
426022,1,30622.0,8111.65,0,0,1170.0,1,2016,1,2,0.0,0.0,0.0,0.0,999.0,0.0,0.0,0.0,0.0,0.0,0.0,0.0,0.0,0.0,0.0,0.0,0.0,0.0,0.0,0.0,0.0,0.0,0.0,0.0,0.0,0.0,0.0,0.0,0.0,0.0,0.0,0.0,0.0,0.2122905027932961,59.00756097560976,0,1,0,1,0,0,0,0,0,1,0,3,1,2,1,1,1
426141,1,21585.0,3605.86,0,0,2.0,0,2021,12,5,0.0,0.0,0.0,0.0,999.0,0.0,0.0,0.0,0.0,0.0,0.0,0.0,0.0,0.0,0.0,0.0,0.0,0.0,0.0,0.0,0.0,0.0,0.0,0.0,0.0,0.0,0.0,0.0,0.0,0.0,0.0,0.0,0.0,0.0,59.00756097560976,0,0,1,1,0,0,0,0,0,1,0,3,1,2,1,1,1
427804,0,47297.0,8840.19,0,0,243.0,1,2019,1,1,0.0,0.0,0.0,0.0,999.0,0.0,0.0,0.0,0.0,0.0,0.0,0.0,0.0,0.0,0.0,0.0,0.0,0.0,0.0,0.0,0.0,0.0,0.0,0.0,0.0,0.0,0.0,0.0,0.0,0.0,0.0,0.0,0.0,0.0,59.00756097560976,1,0,0,1,0,0,0,0,0,1,0,3,1,2,1,1,1
428590,0,20976.0,5012.18,0,0,20.0,0,2021,12,5,0.0,0.0,0.0,0.0,999.0,0.0,0.0,0.0,0.0,0.0,0.0,0.0,0.0,0.0,0.0,0.0,0.0,0.0,0.0,0.0,0.0,0.0,0.0,0.0,0.0,0.0,0.0,0.0,0.0,0.0,0.0,0.0,0.0,0.0,59.00756097560976,1,0,0,1,0,0,0,0,0,1,0,3,1,2,1,1,1
428872,0,32116.0,5320.61,0,0,273.0,1,2017,6,2,0.0,0.0,0.0,0.0,999.0,0.0,0.0,0.0,0.0,0.0,0.0,0.0,0.0,0.0,0.0,0.0,0.0,0.0,0.0,0.0,0.0,0.0,0.0,0.0,0.0,0.0,0.0,0.0,0.0,0.0,0.0,0.0,0.0,0.2122905027932961,59.00756097560976,0,0,1,1,0,0,0,0,0,1,0,3,1,2,1,1,1
429448,1,0.0,4900.34,0,0,25.0,0,2021,12,0,0.0,0.0,0.0,0.0,999.0,0.0,0.0,0.0,0.0,0.0,0.0,0.0,0.0,0.0,0.0,0.0,0.0,0.0,0.0,0.0,0.0,0.0,0.0,0.0,0.0,0.0,0.0,0.0,0.0,0.0,0.0,0.0,0.0,0.0,59.00756097560976,0,0,1,0,1,0,0,0,0,1,0,3,1,2,1,1,1
429689,0,54831.0,2476.05,0,0,29.0,1,2017,9,3,0.0,0.0,0.0,0.0,999.0,0.0,0.0,0.0,0.0,0.0,0.0,0.0,0.0,0.0,0.0,0.0,0.0,0.0,0.0,0.0,0.0,0.0,0.0,0.0,0.0,0.0,0.0,0.0,0.0,0.0,0.0,0.0,0.0,0.2122905027932961,59.00756097560976,0,0,1,1,0,0,0,0,0,1,0,3,1,2,1,1,1
430519,0,34974.0,5671.93,0,0,297.0,1,2019,2,4,0.0,0.0,0.0,0.0,999.0,0.0,0.0,0.0,0.0,0.0,0.0,0.0,0.0,0.0,0.0,0.0,0.0,0.0,0.0,0.0,0.0,0.0,0.0,0.0,0.0,0.0,0.0,0.0,0.0,0.0,0.0,0.0,0.0,0.0,59.00756097560976,0,0,1,1,0,0,0,0,0,1,0,3,1,2,1,1,1
430521,0,21500.0,4515.45,0,0,2.0,0,2021,12,0,0.0,0.0,0.0,0.0,999.0,0.0,0.0,0.0,0.0,0.0,0.0,0.0,0.0,0.0,0.0,0.0,0.0,0.0,0.0,0.0,0.0,0.0,0.0,0.0,0.0,0.0,0.0,0.0,0.0,0.0,0.0,0.0,0.0,0.0,59.00756097560976,0,0,1,1,0,0,0,0,1,0,0,3,1,2,1,1,1
430559,1,0.0,2562.84,0,0,716.0,1,2017,5,3,0.0,0.0,0.0,0.0,999.0,0.0,0.0,0.0,0.0,0.0,0.0,0.0,0.0,0.0,0.0,0.0,0.0,0.0,0.0,0.0,0.0,0.0,0.0,0.0,0.0,0.0,0.0,0.0,0.0,0.0,0.0,0.0,0.0,0.2122905027932961,59.00756097560976,0,0,1,0,1,0,0,0,0,0,1,3,1,2,1,1,1
430670,0,27572.0,14476.12,0,0,242.0,1,2017,9,5,0.0,0.0,0.0,0.0,999.0,0.0,0.0,0.0,0.0,0.0,0.0,0.0,0.0,0.0,0.0,0.0,0.0,0.0,0.0,0.0,0.0,0.0,0.0,0.0,0.0,0.0,0.0,0.0,0.0,0.0,0.0,0.0,0.0,0.2122905027932961,59.00756097560976,1,0,0,0,0,1,0,0,0,1,0,3,1,2,1,1,1
431286,0,97745.0,9043.68,0,0,8.0,0,2021,12,2,0.0,0.0,0.0,0.0,999.0,0.0,0.0,0.0,0.0,0.0,0.0,0.0,0.0,0.0,0.0,0.0,0.0,0.0,0.0,0.0,0.0,0.0,0.0,0.0,0.0,0.0,0.0,0.0,0.0,0.0,0.0,0.0,0.0,0.0,59.00756097560976,0,1,0,1,0,0,0,0,1,0,0,3,1,2,1,1,1
432729,1,47918.0,2476.48,0,0,6.0,0,2021,12,4,0.0,0.0,0.0,0.0,999.0,0.0,0.0,0.0,0.0,0.0,0.0,0.0,0.0,0.0,0.0,0.0,0.0,0.0,0.0,0.0,0.0,0.0,0.0,0.0,0.0,0.0,0.0,0.0,0.0,0.0,0.0,0.0,0.0,0.0,59.00756097560976,0,0,1,1,0,0,0,0,0,1,0,3,1,2,1,1,1
433116,0,13154.0,7714.6,0,0,2180.0,0,2016,1,4,0.0,0.0,0.0,0.0,999.0,0.0,0.0,0.0,0.0,0.0,0.0,0.0,0.0,0.0,0.0,0.0,0.0,0.0,0.0,0.0,0.0,0.0,0.0,0.0,0.0,0.0,0.0,0.0,0.0,0.0,0.0,0.0,0.0,0.2122905027932961,59.00756097560976,0,0,1,0,0,0,1,0,0,1,0,3,1,2,1,1,1
433881,1,25237.0,5205.75,0,0,51.0,0,2021,11,2,0.0,0.0,0.0,0.0,999.0,0.0,0.0,0.0,0.0,0.0,0.0,0.0,0.0,0.0,0.0,0.0,0.0,0.0,0.0,0.0,0.0,0.0,0.0,0.0,0.0,0.0,0.0,0.0,0.0,0.0,0.0,0.0,0.0,0.0,59.00756097560976,0,0,1,0,0,1,0,0,1,0,0,3,1,2,1,1,1
434430,1,0.0,4727.83,0,0,283.0,1,2019,2,0,0.0,0.0,0.0,0.0,999.0,0.0,0.0,0.0,0.0,0.0,0.0,0.0,0.0,0.0,0.0,0.0,0.0,0.0,0.0,0.0,0.0,0.0,0.0,0.0,0.0,0.0,0.0,0.0,0.0,0.0,0.0,0.0,0.0,0.0,59.00756097560976,0,1,0,0,1,0,0,0,0,1,0,3,1,2,1,1,1
434965,0,59828.0,8414.08,0,0,15.0,0,2021,12,0,0.0,0.0,0.0,0.0,999.0,0.0,0.0,0.0,0.0,0.0,0.0,0.0,0.0,0.0,0.0,0.0,0.0,0.0,0.0,0.0,0.0,0.0,0.0,0.0,0.0,0.0,0.0,0.0,0.0,0.0,0.0,0.0,0.0,0.0,59.00756097560976,1,0,0,1,0,0,0,0,0,1,0,3,1,2,1,1,1
435777,1,0.0,7432.3,0,0,28.0,0,2021,12,2,0.0,0.0,0.0,0.0,999.0,0.0,0.0,0.0,0.0,0.0,0.0,0.0,0.0,0.0,0.0,0.0,0.0,0.0,0.0,0.0,0.0,0.0,0.0,0.0,0.0,0.0,0.0,0.0,0.0,0.0,0.0,0.0,0.0,0.0,59.00756097560976,0,0,1,0,1,0,0,0,0,0,1,3,1,2,1,1,1
435883,0,30893.0,2776.75,0,0,245.0,1,2018,5,0,0.0,0.0,0.0,0.0,999.0,0.0,0.0,0.0,0.0,0.0,0.0,0.0,0.0,0.0,0.0,0.0,0.0,0.0,0.0,0.0,0.0,0.0,0.0,0.0,0.0,0.0,0.0,0.0,0.0,0.0,0.0,0.0,0.0,0.2122905027932961,59.00756097560976,0,1,0,1,0,0,0,0,1,0,0,3,1,2,1,1,1
436282,1,32989.0,24186.88,0,0,566.0,1,2017,7,1,0.0,0.0,0.0,0.0,999.0,0.0,0.0,0.0,0.0,0.0,0.0,0.0,0.0,0.0,0.0,0.0,0.0,0.0,0.0,0.0,0.0,0.0,0.0,0.0,0.0,0.0,0.0,0.0,0.0,0.0,0.0,0.0,0.0,0.2122905027932961,59.00756097560976,1,0,0,1,0,0,0,0,0,1,0,3,1,2,1,1,1
436318,0,17780.0,8375.35,0,0,242.0,1,2018,11,1,0.0,0.0,0.0,0.0,999.0,0.0,0.0,0.0,0.0,0.0,0.0,0.0,0.0,0.0,0.0,0.0,0.0,0.0,0.0,0.0,0.0,0.0,0.0,0.0,0.0,0.0,0.0,0.0,0.0,0.0,0.0,0.0,0.0,0.2122905027932961,59.00756097560976,1,0,0,0,0,0,1,0,0,1,0,3,1,2,1,1,1
436498,1,0.0,4272.81,0,0,845.0,1,2016,11,4,0.0,0.0,0.0,0.0,999.0,0.0,0.0,0.0,0.0,0.0,0.0,0.0,0.0,0.0,0.0,0.0,0.0,0.0,0.0,0.0,0.0,0.0,0.0,0.0,0.0,0.0,0.0,0.0,0.0,0.0,0.0,0.0,0.0,0.2122905027932961,59.00756097560976,0,0,1,0,1,0,0,0,0,0,1,3,1,2,1,1,1
437262,0,29051.0,2775.08,0,0,642.0,0,2020,3,1,0.0,0.0,0.0,0.0,999.0,0.0,0.0,0.0,0.0,0.0,0.0,0.0,0.0,0.0,0.0,0.0,0.0,0.0,0.0,0.0,0.0,0.0,0.0,0.0,0.0,0.0,0.0,0.0,0.0,0.0,0.0,0.0,0.0,0.0,59.00756097560976,0,1,0,0,0,1,0,0,0,1,0,3,1,2,1,1,1
438511,1,42582.0,7853.96,0,0,100.0,0,2021,9,4,0.0,0.0,0.0,0.0,999.0,0.0,0.0,0.0,0.0,0.0,0.0,0.0,0.0,0.0,0.0,0.0,0.0,0.0,0.0,0.0,0.0,0.0,0.0,0.0,0.0,0.0,0.0,0.0,0.0,0.0,0.0,0.0,0.0,0.0,59.00756097560976,0,1,0,1,0,0,0,0,1,0,0,3,1,2,1,1,1
438698,1,59965.0,10541.11,0,0,41.0,0,2021,11,2,0.0,0.0,0.0,0.0,999.0,0.0,0.0,0.0,0.0,0.0,0.0,0.0,0.0,0.0,0.0,0.0,0.0,0.0,0.0,0.0,0.0,0.0,0.0,0.0,0.0,0.0,0.0,0.0,0.0,0.0,0.0,0.0,0.0,0.0,59.00756097560976,1,0,0,1,0,0,0,0,0,1,0,3,1,2,1,1,1
440671,0,0.0,8002.31,0,0,2205.0,0,2015,12,4,0.0,0.0,0.0,0.0,999.0,0.0,0.0,0.0,0.0,0.0,0.0,0.0,0.0,0.0,0.0,0.0,0.0,0.0,0.0,0.0,0.0,0.0,0.0,0.0,0.0,0.0,0.0,0.0,0.0,0.0,0.0,0.0,0.0,0.2122905027932961,59.00756097560976,0,0,1,0,1,0,0,0,0,1,0,3,1,2,1,1,1
440758,0,0.0,2124.17,0,0,245.0,1,2018,3,4,0.0,0.0,0.0,0.0,999.0,0.0,0.0,0.0,0.0,0.0,0.0,0.0,0.0,0.0,0.0,0.0,0.0,0.0,0.0,0.0,0.0,0.0,0.0,0.0,0.0,0.0,0.0,0.0,0.0,0.0,0.0,0.0,0.0,0.2122905027932961,59.00756097560976,0,0,1,0,1,0,0,0,0,1,0,3,1,2,1,1,1
441719,0,18606.0,4099.66,0,0,243.0,1,2017,12,4,0.0,0.0,0.0,0.0,999.0,0.0,0.0,0.0,0.0,0.0,0.0,0.0,0.0,0.0,0.0,0.0,0.0,0.0,0.0,0.0,0.0,0.0,0.0,0.0,0.0,0.0,0.0,0.0,0.0,0.0,0.0,0.0,0.0,0.2122905027932961,59.00756097560976,0,0,1,0,0,0,1,0,0,1,0,3,1,2,1,1,1
443770,1,51978.0,2600.27,0,0,235.0,1,2016,3,1,0.0,0.0,0.0,0.0,999.0,0.0,0.0,0.0,0.0,0.0,0.0,0.0,0.0,0.0,0.0,0.0,0.0,0.0,0.0,0.0,0.0,0.0,0.0,0.0,0.0,0.0,0.0,0.0,0.0,0.0,0.0,0.0,0.0,0.2122905027932961,59.00756097560976,0,0,1,1,0,0,0,0,0,1,0,3,1,2,1,1,1
444050,0,97026.0,5876.37,0,0,12.0,0,2021,12,4,0.0,0.0,0.0,0.0,999.0,0.0,0.0,0.0,0.0,0.0,0.0,0.0,0.0,0.0,0.0,0.0,0.0,0.0,0.0,0.0,0.0,0.0,0.0,0.0,0.0,0.0,0.0,0.0,0.0,0.0,0.0,0.0,0.0,0.0,59.00756097560976,0,1,0,1,0,0,0,0,0,1,0,3,1,2,1,1,1
444218,0,41025.0,7304.4,0,0,55.0,0,2021,11,1,0.0,0.0,0.0,0.0,999.0,0.0,0.0,0.0,0.0,0.0,0.0,0.0,0.0,0.0,0.0,0.0,0.0,0.0,0.0,0.0,0.0,0.0,0.0,0.0,0.0,0.0,0.0,0.0,0.0,0.0,0.0,0.0,0.0,0.0,59.00756097560976,0,1,0,1,0,0,0,0,0,1,0,3,1,2,1,1,1
444904,0,27681.0,6057.07,0,0,242.0,1,2017,9,2,0.0,0.0,0.0,0.0,999.0,0.0,0.0,0.0,0.0,0.0,0.0,0.0,0.0,0.0,0.0,0.0,0.0,0.0,0.0,0.0,0.0,0.0,0.0,0.0,0.0,0.0,0.0,0.0,0.0,0.0,0.0,0.0,0.0,0.2122905027932961,59.00756097560976,1,0,0,0,0,0,0,1,0,1,0,3,1,2,1,1,1
445008,0,47945.0,5960.58,0,0,245.0,1,2016,3,1,0.0,0.0,0.0,0.0,999.0,0.0,0.0,0.0,0.0,0.0,0.0,0.0,0.0,0.0,0.0,0.0,0.0,0.0,0.0,0.0,0.0,0.0,0.0,0.0,0.0,0.0,0.0,0.0,0.0,0.0,0.0,0.0,0.0,0.2122905027932961,59.00756097560976,1,0,0,1,0,0,0,0,0,1,0,3,1,2,1,1,1
445247,0,39448.0,7993.0,0,0,389.0,1,2016,11,5,0.0,0.0,0.0,0.0,999.0,0.0,0.0,0.0,0.0,0.0,0.0,0.0,0.0,0.0,0.0,0.0,0.0,0.0,0.0,0.0,0.0,0.0,0.0,0.0,0.0,0.0,0.0,0.0,0.0,0.0,0.0,0.0,0.0,0.2122905027932961,59.00756097560976,0,0,1,1,0,0,0,0,0,1,0,3,1,2,1,1,1
445282,0,56481.0,8509.02,0,0,242.0,1,2017,2,2,0.0,0.0,0.0,0.0,999.0,0.0,0.0,0.0,0.0,0.0,0.0,0.0,0.0,0.0,0.0,0.0,0.0,0.0,0.0,0.0,0.0,0.0,0.0,0.0,0.0,0.0,0.0,0.0,0.0,0.0,0.0,0.0,0.0,0.2122905027932961,59.00756097560976,1,0,0,1,0,0,0,0,0,1,0,3,1,2,1,1,1
445418,1,19013.0,3649.66,0,0,28.0,0,2021,12,2,0.0,0.0,0.0,0.0,999.0,0.0,0.0,0.0,0.0,0.0,0.0,0.0,0.0,0.0,0.0,0.0,0.0,0.0,0.0,0.0,0.0,0.0,0.0,0.0,0.0,0.0,0.0,0.0,0.0,0.0,0.0,0.0,0.0,0.0,59.00756097560976,0,1,0,0,0,0,1,0,0,1,0,3,1,2,1,1,1
445599,0,69161.0,15487.44,0,0,53.0,0,2021,11,0,0.0,0.0,0.0,0.0,999.0,0.0,0.0,0.0,0.0,0.0,0.0,0.0,0.0,0.0,0.0,0.0,0.0,0.0,0.0,0.0,0.0,0.0,0.0,0.0,0.0,0.0,0.0,0.0,0.0,0.0,0.0,0.0,0.0,0.0,59.00756097560976,1,0,0,1,0,0,0,0,0,1,0,3,1,2,1,1,1
445679,1,53703.0,2521.56,0,0,667.0,0,2020,3,5,0.0,0.0,0.0,0.0,999.0,0.0,0.0,0.0,0.0,0.0,0.0,0.0,0.0,0.0,0.0,0.0,0.0,0.0,0.0,0.0,0.0,0.0,0.0,0.0,0.0,0.0,0.0,0.0,0.0,0.0,0.0,0.0,0.0,0.0,59.00756097560976,0,0,1,1,0,0,0,0,0,0,1,3,1,2,1,1,1
445783,1,25805.0,14536.79,0,0,316.0,1,2017,2,1,0.0,0.0,0.0,0.0,999.0,0.0,0.0,0.0,0.0,0.0,0.0,0.0,0.0,0.0,0.0,0.0,0.0,0.0,0.0,0.0,0.0,0.0,0.0,0.0,0.0,0.0,0.0,0.0,0.0,0.0,0.0,0.0,0.0,0.2122905027932961,59.00756097560976,0,1,0,1,0,0,0,0,1,0,0,3,1,2,1,1,1
446662,0,0.0,7046.48,0,0,46.0,0,2021,11,2,0.0,0.0,0.0,0.0,999.0,0.0,0.0,0.0,0.0,0.0,0.0,0.0,0.0,0.0,0.0,0.0,0.0,0.0,0.0,0.0,0.0,0.0,0.0,0.0,0.0,0.0,0.0,0.0,0.0,0.0,0.0,0.0,0.0,0.0,59.00756097560976,0,1,0,0,1,0,0,0,0,1,0,3,1,2,1,1,1
446968,1,97065.0,4623.62,0,0,243.0,1,2018,1,2,0.0,0.0,0.0,0.0,999.0,0.0,0.0,0.0,0.0,0.0,0.0,0.0,0.0,0.0,0.0,0.0,0.0,0.0,0.0,0.0,0.0,0.0,0.0,0.0,0.0,0.0,0.0,0.0,0.0,0.0,0.0,0.0,0.0,0.2122905027932961,59.00756097560976,0,0,1,1,0,0,0,0,0,0,1,3,1,2,1,1,1
448483,1,58946.0,4823.56,0,0,2428.0,0,2015,5,0,0.0,0.0,0.0,0.0,999.0,0.0,0.0,0.0,0.0,0.0,0.0,0.0,0.0,0.0,0.0,0.0,0.0,0.0,0.0,0.0,0.0,0.0,0.0,0.0,0.0,0.0,0.0,0.0,0.0,0.0,0.0,0.0,0.0,0.2122905027932961,59.00756097560976,0,0,1,1,0,0,0,0,0,1,0,3,1,2,1,1,1
448751,1,88440.0,24980.23,0,0,243.0,1,2017,8,5,0.0,0.0,0.0,0.0,999.0,0.0,0.0,0.0,0.0,0.0,0.0,0.0,0.0,0.0,0.0,0.0,0.0,0.0,0.0,0.0,0.0,0.0,0.0,0.0,0.0,0.0,0.0,0.0,0.0,0.0,0.0,0.0,0.0,0.2122905027932961,59.00756097560976,1,0,0,1,0,0,0,0,0,0,1,3,1,2,1,1,1
450125,0,41775.0,17429.88,0,0,244.0,1,2019,4,4,0.0,0.0,0.0,0.0,999.0,0.0,0.0,0.0,0.0,0.0,0.0,0.0,0.0,0.0,0.0,0.0,0.0,0.0,0.0,0.0,0.0,0.0,0.0,0.0,0.0,0.0,0.0,0.0,0.0,0.0,0.0,0.0,0.0,0.0,59.00756097560976,0,1,0,1,0,0,0,0,0,1,0,3,1,2,1,1,1
451042,1,24843.0,4711.04,0,0,245.0,1,2018,5,0,0.0,0.0,0.0,0.0,999.0,0.0,0.0,0.0,0.0,0.0,0.0,0.0,0.0,0.0,0.0,0.0,0.0,0.0,0.0,0.0,0.0,0.0,0.0,0.0,0.0,0.0,0.0,0.0,0.0,0.0,0.0,0.0,0.0,0.2122905027932961,59.00756097560976,0,1,0,1,0,0,0,0,0,1,0,3,1,2,1,1,1
451448,0,21706.0,8196.08,0,0,242.0,1,2017,11,1,0.0,0.0,0.0,0.0,999.0,0.0,0.0,0.0,0.0,0.0,0.0,0.0,0.0,0.0,0.0,0.0,0.0,0.0,0.0,0.0,0.0,0.0,0.0,0.0,0.0,0.0,0.0,0.0,0.0,0.0,0.0,0.0,0.0,0.2122905027932961,59.00756097560976,0,0,1,0,0,1,0,0,1,0,0,3,1,2,1,1,1
451961,1,0.0,15328.46,0,0,2306.0,0,2015,9,4,0.0,0.0,0.0,0.0,999.0,0.0,0.0,0.0,0.0,0.0,0.0,0.0,0.0,0.0,0.0,0.0,0.0,0.0,0.0,0.0,0.0,0.0,0.0,0.0,0.0,0.0,0.0,0.0,0.0,0.0,0.0,0.0,0.0,0.2122905027932961,59.00756097560976,0,1,0,0,1,0,0,0,0,1,0,3,1,2,1,1,1
452150,1,56617.0,5931.28,0,0,652.0,0,2020,3,0,0.0,0.0,0.0,0.0,999.0,0.0,0.0,0.0,0.0,0.0,0.0,0.0,0.0,0.0,0.0,0.0,0.0,0.0,0.0,0.0,0.0,0.0,0.0,0.0,0.0,0.0,0.0,0.0,0.0,0.0,0.0,0.0,0.0,0.0,59.00756097560976,0,0,1,1,0,0,0,0,0,1,0,3,1,2,1,1,1
454223,1,0.0,4146.41,0,0,242.0,1,2018,2,0,0.0,0.0,0.0,0.0,999.0,0.0,0.0,0.0,0.0,0.0,0.0,0.0,0.0,0.0,0.0,0.0,0.0,0.0,0.0,0.0,0.0,0.0,0.0,0.0,0.0,0.0,0.0,0.0,0.0,0.0,0.0,0.0,0.0,0.2122905027932961,59.00756097560976,0,1,0,0,1,0,0,0,1,0,0,3,1,2,1,1,1
454665,0,38595.0,8203.22,0,0,3.0,0,2021,12,6,0.0,0.0,0.0,0.0,999.0,0.0,0.0,0.0,0.0,0.0,0.0,0.0,0.0,0.0,0.0,0.0,0.0,0.0,0.0,0.0,0.0,0.0,0.0,0.0,0.0,0.0,0.0,0.0,0.0,0.0,0.0,0.0,0.0,0.0,59.00756097560976,0,1,0,1,0,0,0,0,1,0,0,3,1,2,1,1,1
457127,0,28898.0,2531.59,1,0,265.0,0,2021,4,2,0.0,0.0,0.0,0.0,999.0,0.0,0.0,0.0,0.0,0.0,0.0,0.0,0.0,0.0,0.0,0.0,0.0,0.0,0.0,0.0,0.0,0.0,0.0,0.0,0.0,0.0,0.0,0.0,0.0,0.0,0.0,0.0,0.0,0.0,59.00756097560976,0,0,1,0,0,1,0,0,0,1,0,3,1,2,1,1,1
457652,0,96413.0,3979.72,0,0,16.0,0,2021,12,3,0.0,0.0,0.0,0.0,999.0,0.0,0.0,0.0,0.0,0.0,0.0,0.0,0.0,0.0,0.0,0.0,0.0,0.0,0.0,0.0,0.0,0.0,0.0,0.0,0.0,0.0,0.0,0.0,0.0,0.0,0.0,0.0,0.0,0.0,59.00756097560976,0,0,1,1,0,0,0,0,0,1,0,3,1,2,1,1,1
458029,0,34990.0,2574.02,0,0,549.0,1,2017,10,1,0.0,0.0,0.0,0.0,999.0,0.0,0.0,0.0,0.0,0.0,0.0,0.0,0.0,0.0,0.0,0.0,0.0,0.0,0.0,0.0,0.0,0.0,0.0,0.0,0.0,0.0,0.0,0.0,0.0,0.0,0.0,0.0,0.0,0.2122905027932961,59.00756097560976,0,0,1,1,0,0,0,0,0,0,1,3,1,2,1,1,1
458640,1,49721.0,21147.28,0,0,700.0,1,2016,8,5,0.0,0.0,0.0,0.0,999.0,0.0,0.0,0.0,0.0,0.0,0.0,0.0,0.0,0.0,0.0,0.0,0.0,0.0,0.0,0.0,0.0,0.0,0.0,0.0,0.0,0.0,0.0,0.0,0.0,0.0,0.0,0.0,0.0,0.2122905027932961,59.00756097560976,0,0,1,1,0,0,0,0,0,1,0,3,1,2,1,1,1
458773,0,63243.0,6112.76,0,0,2275.0,0,2015,10,5,0.0,0.0,0.0,0.0,999.0,0.0,0.0,0.0,0.0,0.0,0.0,0.0,0.0,0.0,0.0,0.0,0.0,0.0,0.0,0.0,0.0,0.0,0.0,0.0,0.0,0.0,0.0,0.0,0.0,0.0,0.0,0.0,0.0,0.2122905027932961,59.00756097560976,1,0,0,1,0,0,0,0,0,1,0,3,1,2,1,1,1
460711,0,0.0,5098.85,0,0,1.0,0,2021,12,4,0.0,0.0,0.0,0.0,999.0,0.0,0.0,0.0,0.0,0.0,0.0,0.0,0.0,0.0,0.0,0.0,0.0,0.0,0.0,0.0,0.0,0.0,0.0,0.0,0.0,0.0,0.0,0.0,0.0,0.0,0.0,0.0,0.0,0.0,59.00756097560976,1,0,0,0,1,0,0,0,0,0,1,3,1,2,1,1,1
461325,0,76352.0,8444.84,0,0,513.0,1,2016,4,4,0.0,0.0,0.0,0.0,999.0,0.0,0.0,0.0,0.0,0.0,0.0,0.0,0.0,0.0,0.0,0.0,0.0,0.0,0.0,0.0,0.0,0.0,0.0,0.0,0.0,0.0,0.0,0.0,0.0,0.0,0.0,0.0,0.0,0.2122905027932961,59.00756097560976,0,0,1,1,0,0,0,0,0,0,1,3,1,2,1,1,1
462078,0,56154.0,5257.24,0,0,377.0,1,2018,8,4,0.0,0.0,0.0,0.0,999.0,0.0,0.0,0.0,0.0,0.0,0.0,0.0,0.0,0.0,0.0,0.0,0.0,0.0,0.0,0.0,0.0,0.0,0.0,0.0,0.0,0.0,0.0,0.0,0.0,0.0,0.0,0.0,0.0,0.2122905027932961,59.00756097560976,0,0,1,1,0,0,0,0,0,0,1,3,1,2,1,1,1
462497,0,73478.0,2773.46,0,0,18.0,1,2019,4,1,0.0,0.0,0.0,0.0,999.0,0.0,0.0,0.0,0.0,0.0,0.0,0.0,0.0,0.0,0.0,0.0,0.0,0.0,0.0,0.0,0.0,0.0,0.0,0.0,0.0,0.0,0.0,0.0,0.0,0.0,0.0,0.0,0.0,0.0,59.00756097560976,0,0,1,1,0,0,0,0,0,1,0,3,1,2,1,1,1
463947,1,22679.0,5570.18,0,0,571.0,1,2018,1,4,0.0,0.0,0.0,0.0,999.0,0.0,0.0,0.0,0.0,0.0,0.0,0.0,0.0,0.0,0.0,0.0,0.0,0.0,0.0,0.0,0.0,0.0,0.0,0.0,0.0,0.0,0.0,0.0,0.0,0.0,0.0,0.0,0.0,0.2122905027932961,59.00756097560976,0,0,1,0,0,1,0,0,0,1,0,3,1,2,1,1,1
464471,0,0.0,4755.48,0,0,243.0,1,2017,12,1,0.0,0.0,0.0,0.0,999.0,0.0,0.0,0.0,0.0,0.0,0.0,0.0,0.0,0.0,0.0,0.0,0.0,0.0,0.0,0.0,0.0,0.0,0.0,0.0,0.0,0.0,0.0,0.0,0.0,0.0,0.0,0.0,0.0,0.2122905027932961,59.00756097560976,0,0,1,0,1,0,0,0,0,0,1,3,1,2,1,1,1
465476,0,51056.0,21850.84,0,0,243.0,1,2017,7,5,0.0,0.0,0.0,0.0,999.0,0.0,0.0,0.0,0.0,0.0,0.0,0.0,0.0,0.0,0.0,0.0,0.0,0.0,0.0,0.0,0.0,0.0,0.0,0.0,0.0,0.0,0.0,0.0,0.0,0.0,0.0,0.0,0.0,0.2122905027932961,59.00756097560976,1,0,0,1,0,0,0,0,0,1,0,3,1,2,1,1,1
465950,0,58577.0,4428.03,0,0,59.0,0,2021,11,2,0.0,0.0,0.0,0.0,999.0,0.0,0.0,0.0,0.0,0.0,0.0,0.0,0.0,0.0,0.0,0.0,0.0,0.0,0.0,0.0,0.0,0.0,0.0,0.0,0.0,0.0,0.0,0.0,0.0,0.0,0.0,0.0,0.0,0.0,59.00756097560976,0,1,0,1,0,0,0,0,0,1,0,3,1,2,1,1,1
466384,0,0.0,8647.14,0,0,243.0,1,2019,1,1,0.0,0.0,0.0,0.0,999.0,0.0,0.0,0.0,0.0,0.0,0.0,0.0,0.0,0.0,0.0,0.0,0.0,0.0,0.0,0.0,0.0,0.0,0.0,0.0,0.0,0.0,0.0,0.0,0.0,0.0,0.0,0.0,0.0,0.0,59.00756097560976,1,0,0,0,1,0,0,0,0,1,0,3,1,2,1,1,1
467013,1,62588.0,8246.83,0,0,2388.0,0,2015,6,1,0.0,0.0,0.0,0.0,999.0,0.0,0.0,0.0,0.0,0.0,0.0,0.0,0.0,0.0,0.0,0.0,0.0,0.0,0.0,0.0,0.0,0.0,0.0,0.0,0.0,0.0,0.0,0.0,0.0,0.0,0.0,0.0,0.0,0.2122905027932961,59.00756097560976,0,0,1,1,0,0,0,0,0,0,1,3,1,2,1,1,1
467139,1,47730.0,28699.89,0,0,243.0,1,2018,1,1,0.0,0.0,0.0,0.0,999.0,0.0,0.0,0.0,0.0,0.0,0.0,0.0,0.0,0.0,0.0,0.0,0.0,0.0,0.0,0.0,0.0,0.0,0.0,0.0,0.0,0.0,0.0,0.0,0.0,0.0,0.0,0.0,0.0,0.2122905027932961,59.00756097560976,0,1,0,1,0,0,0,0,1,0,0,3,1,2,1,1,1
467894,0,15529.0,20725.38,0,0,1412.0,0,2018,2,5,0.0,0.0,0.0,0.0,999.0,0.0,0.0,0.0,0.0,0.0,0.0,0.0,0.0,0.0,0.0,0.0,0.0,0.0,0.0,0.0,0.0,0.0,0.0,0.0,0.0,0.0,0.0,0.0,0.0,0.0,0.0,0.0,0.0,0.2122905027932961,59.00756097560976,0,1,0,0,0,1,0,0,0,1,0,3,1,2,1,1,1
468380,1,0.0,9868.6,0,0,45.0,0,2021,11,3,0.0,0.0,0.0,0.0,999.0,0.0,0.0,0.0,0.0,0.0,0.0,0.0,0.0,0.0,0.0,0.0,0.0,0.0,0.0,0.0,0.0,0.0,0.0,0.0,0.0,0.0,0.0,0.0,0.0,0.0,0.0,0.0,0.0,0.0,59.00756097560976,0,1,0,0,1,0,0,0,0,0,1,3,1,2,1,1,1
468522,1,72919.0,5038.98,0,0,243.0,1,2017,12,2,0.0,0.0,0.0,0.0,999.0,0.0,0.0,0.0,0.0,0.0,0.0,0.0,0.0,0.0,0.0,0.0,0.0,0.0,0.0,0.0,0.0,0.0,0.0,0.0,0.0,0.0,0.0,0.0,0.0,0.0,0.0,0.0,0.0,0.2122905027932961,59.00756097560976,0,1,0,1,0,0,0,0,0,1,0,3,1,2,1,1,1
468534,0,39719.0,10213.56,0,0,2350.0,0,2015,7,1,0.0,0.0,0.0,0.0,999.0,0.0,0.0,0.0,0.0,0.0,0.0,0.0,0.0,0.0,0.0,0.0,0.0,0.0,0.0,0.0,0.0,0.0,0.0,0.0,0.0,0.0,0.0,0.0,0.0,0.0,0.0,0.0,0.0,0.2122905027932961,59.00756097560976,0,0,1,1,0,0,0,0,1,0,0,3,1,2,1,1,1
469545,0,0.0,3161.17,0,0,1391.0,1,2016,3,7,0.0,0.0,0.0,0.0,999.0,0.0,0.0,0.0,0.0,0.0,0.0,0.0,0.0,0.0,0.0,0.0,0.0,0.0,0.0,0.0,0.0,0.0,0.0,0.0,0.0,0.0,0.0,0.0,0.0,0.0,0.0,0.0,0.0,0.2122905027932961,59.00756097560976,0,1,0,0,1,0,0,0,0,0,1,3,1,2,1,1,1
469702,0,71731.0,15656.03,0,0,30.0,0,2021,11,1,0.0,0.0,0.0,0.0,999.0,0.0,0.0,0.0,0.0,0.0,0.0,0.0,0.0,0.0,0.0,0.0,0.0,0.0,0.0,0.0,0.0,0.0,0.0,0.0,0.0,0.0,0.0,0.0,0.0,0.0,0.0,0.0,0.0,0.0,59.00756097560976,1,0,0,1,0,0,0,0,0,0,1,3,1,2,1,1,1
470450,1,57449.0,12157.33,0,0,826.0,1,2016,1,3,0.0,0.0,0.0,0.0,999.0,0.0,0.0,0.0,0.0,0.0,0.0,0.0,0.0,0.0,0.0,0.0,0.0,0.0,0.0,0.0,0.0,0.0,0.0,0.0,0.0,0.0,0.0,0.0,0.0,0.0,0.0,0.0,0.0,0.2122905027932961,59.00756097560976,1,0,0,1,0,0,0,0,0,0,1,3,1,2,1,1,1
470739,0,29696.0,11044.43,0,0,145.0,1,2019,7,2,0.0,0.0,0.0,0.0,999.0,0.0,0.0,0.0,0.0,0.0,0.0,0.0,0.0,0.0,0.0,0.0,0.0,0.0,0.0,0.0,0.0,0.0,0.0,0.0,0.0,0.0,0.0,0.0,0.0,0.0,0.0,0.0,0.0,0.0,59.00756097560976,1,0,0,1,0,0,0,0,0,0,1,3,1,2,1,1,1
471018,0,24790.0,4505.84,0,0,614.0,1,2018,8,1,0.0,0.0,0.0,0.0,999.0,0.0,0.0,0.0,0.0,0.0,0.0,0.0,0.0,0.0,0.0,0.0,0.0,0.0,0.0,0.0,0.0,0.0,0.0,0.0,0.0,0.0,0.0,0.0,0.0,0.0,0.0,0.0,0.0,0.2122905027932961,59.00756097560976,0,0,1,1,0,0,0,0,0,1,0,3,1,2,1,1,1
471944,1,0.0,19837.31,0,0,245.0,1,2018,3,3,0.0,0.0,0.0,0.0,999.0,0.0,0.0,0.0,0.0,0.0,0.0,0.0,0.0,0.0,0.0,0.0,0.0,0.0,0.0,0.0,0.0,0.0,0.0,0.0,0.0,0.0,0.0,0.0,0.0,0.0,0.0,0.0,0.0,0.2122905027932961,59.00756097560976,0,1,0,0,1,0,0,0,0,1,0,3,1,2,1,1,1
472283,1,26322.0,4306.56,0,0,16.0,1,2017,4,4,0.0,0.0,0.0,0.0,999.0,0.0,0.0,0.0,0.0,0.0,0.0,0.0,0.0,0.0,0.0,0.0,0.0,0.0,0.0,0.0,0.0,0.0,0.0,0.0,0.0,0.0,0.0,0.0,0.0,0.0,0.0,0.0,0.0,0.2122905027932961,59.00756097560976,0,1,0,1,0,0,0,0,0,1,0,3,1,2,1,1,1
472726,1,73740.0,5124.22,0,0,2408.0,0,2015,5,4,0.0,0.0,0.0,0.0,999.0,0.0,0.0,0.0,0.0,0.0,0.0,0.0,0.0,0.0,0.0,0.0,0.0,0.0,0.0,0.0,0.0,0.0,0.0,0.0,0.0,0.0,0.0,0.0,0.0,0.0,0.0,0.0,0.0,0.2122905027932961,59.00756097560976,1,0,0,1,0,0,0,0,1,0,0,3,1,2,1,1,1
474047,1,53988.0,2533.74,0,0,1096.0,1,2016,10,3,0.0,0.0,0.0,0.0,999.0,0.0,0.0,0.0,0.0,0.0,0.0,0.0,0.0,0.0,0.0,0.0,0.0,0.0,0.0,0.0,0.0,0.0,0.0,0.0,0.0,0.0,0.0,0.0,0.0,0.0,0.0,0.0,0.0,0.2122905027932961,59.00756097560976,0,0,1,1,0,0,0,0,0,1,0,3,1,2,1,1,1
474172,0,26026.0,4369.04,0,0,289.0,1,2018,5,1,0.0,0.0,0.0,0.0,999.0,0.0,0.0,0.0,0.0,0.0,0.0,0.0,0.0,0.0,0.0,0.0,0.0,0.0,0.0,0.0,0.0,0.0,0.0,0.0,0.0,0.0,0.0,0.0,0.0,0.0,0.0,0.0,0.0,0.2122905027932961,59.00756097560976,0,0,1,1,0,0,0,0,0,0,1,3,1,2,1,1,1
474757,1,63774.0,4376.36,0,0,382.0,1,2017,4,3,0.0,0.0,0.0,0.0,999.0,0.0,0.0,0.0,0.0,0.0,0.0,0.0,0.0,0.0,0.0,0.0,0.0,0.0,0.0,0.0,0.0,0.0,0.0,0.0,0.0,0.0,0.0,0.0,0.0,0.0,0.0,0.0,0.0,0.2122905027932961,59.00756097560976,0,0,1,1,0,0,0,0,1,0,0,3,1,2,1,1,1
475009,1,33806.0,27789.69,0,0,134.0,1,2016,1,4,0.0,0.0,0.0,0.0,999.0,0.0,0.0,0.0,0.0,0.0,0.0,0.0,0.0,0.0,0.0,0.0,0.0,0.0,0.0,0.0,0.0,0.0,0.0,0.0,0.0,0.0,0.0,0.0,0.0,0.0,0.0,0.0,0.0,0.2122905027932961,59.00756097560976,0,0,1,1,0,0,0,0,1,0,0,3,1,2,1,1,1
475249,0,0.0,8009.03,0,0,2.0,0,2021,12,4,0.0,0.0,0.0,0.0,999.0,0.0,0.0,0.0,0.0,0.0,0.0,0.0,0.0,0.0,0.0,0.0,0.0,0.0,0.0,0.0,0.0,0.0,0.0,0.0,0.0,0.0,0.0,0.0,0.0,0.0,0.0,0.0,0.0,0.0,59.00756097560976,0,0,1,0,1,0,0,0,0,1,0,3,1,2,1,1,1
475313,1,31756.0,5237.94,0,0,222.0,0,2021,5,1,0.0,0.0,0.0,0.0,999.0,0.0,0.0,0.0,0.0,0.0,0.0,0.0,0.0,0.0,0.0,0.0,0.0,0.0,0.0,0.0,0.0,0.0,0.0,0.0,0.0,0.0,0.0,0.0,0.0,0.0,0.0,0.0,0.0,0.0,59.00756097560976,0,1,0,1,0,0,0,0,0,1,0,3,1,2,1,1,1
477867,0,66839.0,5989.77,0,0,243.0,1,2018,12,1,0.0,0.0,0.0,0.0,999.0,0.0,0.0,0.0,0.0,0.0,0.0,0.0,0.0,0.0,0.0,0.0,0.0,0.0,0.0,0.0,0.0,0.0,0.0,0.0,0.0,0.0,0.0,0.0,0.0,0.0,0.0,0.0,0.0,0.2122905027932961,59.00756097560976,1,0,0,1,0,0,0,0,0,0,1,3,1,2,1,1,1
479359,1,66463.0,2717.78,0,0,2258.0,0,2015,10,0,0.0,0.0,0.0,0.0,999.0,0.0,0.0,0.0,0.0,0.0,0.0,0.0,0.0,0.0,0.0,0.0,0.0,0.0,0.0,0.0,0.0,0.0,0.0,0.0,0.0,0.0,0.0,0.0,0.0,0.0,0.0,0.0,0.0,0.2122905027932961,59.00756097560976,0,0,1,1,0,0,0,0,0,1,0,3,1,2,1,1,1
481262,1,35001.0,3494.15,0,0,215.0,1,2019,3,5,0.0,0.0,0.0,0.0,999.0,0.0,0.0,0.0,0.0,0.0,0.0,0.0,0.0,0.0,0.0,0.0,0.0,0.0,0.0,0.0,0.0,0.0,0.0,0.0,0.0,0.0,0.0,0.0,0.0,0.0,0.0,0.0,0.0,0.0,59.00756097560976,0,1,0,1,0,0,0,0,0,0,1,3,1,2,1,1,1
481531,1,77299.0,2640.32,0,0,245.0,1,2017,3,0,0.0,0.0,0.0,0.0,999.0,0.0,0.0,0.0,0.0,0.0,0.0,0.0,0.0,0.0,0.0,0.0,0.0,0.0,0.0,0.0,0.0,0.0,0.0,0.0,0.0,0.0,0.0,0.0,0.0,0.0,0.0,0.0,0.0,0.2122905027932961,59.00756097560976,0,0,1,1,0,0,0,0,0,1,0,3,1,2,1,1,1
481699,0,23082.0,5075.66,0,0,472.0,1,2016,8,5,0.0,0.0,0.0,0.0,999.0,0.0,0.0,0.0,0.0,0.0,0.0,0.0,0.0,0.0,0.0,0.0,0.0,0.0,0.0,0.0,0.0,0.0,0.0,0.0,0.0,0.0,0.0,0.0,0.0,0.0,0.0,0.0,0.0,0.2122905027932961,59.00756097560976,0,0,1,0,0,0,1,0,0,1,0,3,1,2,1,1,1
482424,0,0.0,8610.67,0,0,242.0,1,2017,9,1,0.0,0.0,0.0,0.0,999.0,0.0,0.0,0.0,0.0,0.0,0.0,0.0,0.0,0.0,0.0,0.0,0.0,0.0,0.0,0.0,0.0,0.0,0.0,0.0,0.0,0.0,0.0,0.0,0.0,0.0,0.0,0.0,0.0,0.2122905027932961,59.00756097560976,1,0,0,0,1,0,0,0,0,1,0,3,1,2,1,1,1
482796,1,71391.0,8044.87,0,0,56.0,0,2021,11,6,0.0,0.0,0.0,0.0,999.0,0.0,0.0,0.0,0.0,0.0,0.0,0.0,0.0,0.0,0.0,0.0,0.0,0.0,0.0,0.0,0.0,0.0,0.0,0.0,0.0,0.0,0.0,0.0,0.0,0.0,0.0,0.0,0.0,0.0,59.00756097560976,0,1,0,1,0,0,0,0,0,1,0,3,1,2,1,1,1
483274,0,45331.0,32227.08,0,0,593.0,1,2018,1,1,0.0,0.0,0.0,0.0,999.0,0.0,0.0,0.0,0.0,0.0,0.0,0.0,0.0,0.0,0.0,0.0,0.0,0.0,0.0,0.0,0.0,0.0,0.0,0.0,0.0,0.0,0.0,0.0,0.0,0.0,0.0,0.0,0.0,0.2122905027932961,59.00756097560976,1,0,0,1,0,0,0,0,0,1,0,3,1,2,1,1,1
483802,1,19864.0,2359.42,0,0,242.0,1,2017,11,3,0.0,0.0,0.0,0.0,999.0,0.0,0.0,0.0,0.0,0.0,0.0,0.0,0.0,0.0,0.0,0.0,0.0,0.0,0.0,0.0,0.0,0.0,0.0,0.0,0.0,0.0,0.0,0.0,0.0,0.0,0.0,0.0,0.0,0.2122905027932961,59.00756097560976,0,0,1,0,0,1,0,0,1,0,0,3,1,2,1,1,1
483969,1,0.0,2557.09,0,0,24.0,0,2021,12,1,0.0,0.0,0.0,0.0,999.0,0.0,0.0,0.0,0.0,0.0,0.0,0.0,0.0,0.0,0.0,0.0,0.0,0.0,0.0,0.0,0.0,0.0,0.0,0.0,0.0,0.0,0.0,0.0,0.0,0.0,0.0,0.0,0.0,0.0,59.00756097560976,0,0,1,0,1,0,0,0,1,0,0,3,1,2,1,1,1
484939,1,28613.0,29232.69,0,0,243.0,1,2018,7,2,0.0,0.0,0.0,0.0,999.0,0.0,0.0,0.0,0.0,0.0,0.0,0.0,0.0,0.0,0.0,0.0,0.0,0.0,0.0,0.0,0.0,0.0,0.0,0.0,0.0,0.0,0.0,0.0,0.0,0.0,0.0,0.0,0.0,0.2122905027932961,59.00756097560976,0,0,1,0,0,0,1,0,0,0,1,3,1,2,1,1,1
485189,1,0.0,4471.75,0,0,2290.0,0,2015,9,4,0.0,0.0,0.0,0.0,999.0,0.0,0.0,0.0,0.0,0.0,0.0,0.0,0.0,0.0,0.0,0.0,0.0,0.0,0.0,0.0,0.0,0.0,0.0,0.0,0.0,0.0,0.0,0.0,0.0,0.0,0.0,0.0,0.0,0.2122905027932961,59.00756097560976,0,0,1,0,1,0,0,0,0,0,1,3,1,2,1,1,1
485486,0,72140.0,3309.12,0,0,23.0,1,2016,10,1,0.0,0.0,0.0,0.0,999.0,0.0,0.0,0.0,0.0,0.0,0.0,0.0,0.0,0.0,0.0,0.0,0.0,0.0,0.0,0.0,0.0,0.0,0.0,0.0,0.0,0.0,0.0,0.0,0.0,0.0,0.0,0.0,0.0,0.2122905027932961,59.00756097560976,0,1,0,1,0,0,0,0,1,0,0,3,1,2,1,1,1
485705,0,56188.0,6552.4,0,0,10.0,0,2021,12,1,0.0,0.0,0.0,0.0,999.0,0.0,0.0,0.0,0.0,0.0,0.0,0.0,0.0,0.0,0.0,0.0,0.0,0.0,0.0,0.0,0.0,0.0,0.0,0.0,0.0,0.0,0.0,0.0,0.0,0.0,0.0,0.0,0.0,0.0,59.00756097560976,0,1,0,1,0,0,0,0,0,1,0,3,1,2,1,1,1
486422,1,0.0,9259.72,0,0,243.0,1,2017,8,2,0.0,0.0,0.0,0.0,999.0,0.0,0.0,0.0,0.0,0.0,0.0,0.0,0.0,0.0,0.0,0.0,0.0,0.0,0.0,0.0,0.0,0.0,0.0,0.0,0.0,0.0,0.0,0.0,0.0,0.0,0.0,0.0,0.0,0.2122905027932961,59.00756097560976,0,1,0,0,1,0,0,0,0,1,0,3,1,2,1,1,1
486880,1,51240.0,5365.98,0,0,552.0,1,2017,10,4,0.0,0.0,0.0,0.0,999.0,0.0,0.0,0.0,0.0,0.0,0.0,0.0,0.0,0.0,0.0,0.0,0.0,0.0,0.0,0.0,0.0,0.0,0.0,0.0,0.0,0.0,0.0,0.0,0.0,0.0,0.0,0.0,0.0,0.2122905027932961,59.00756097560976,0,1,0,1,0,0,0,0,0,0,1,3,1,2,1,1,1
487536,1,97131.0,5181.62,0,0,581.0,1,2018,1,2,0.0,0.0,0.0,0.0,999.0,0.0,0.0,0.0,0.0,0.0,0.0,0.0,0.0,0.0,0.0,0.0,0.0,0.0,0.0,0.0,0.0,0.0,0.0,0.0,0.0,0.0,0.0,0.0,0.0,0.0,0.0,0.0,0.0,0.2122905027932961,59.00756097560976,1,0,0,1,0,0,0,0,0,1,0,3,1,2,1,1,1
488224,0,22886.0,5096.67,0,0,130.0,1,2016,3,3,0.0,0.0,0.0,0.0,999.0,0.0,0.0,0.0,0.0,0.0,0.0,0.0,0.0,0.0,0.0,0.0,0.0,0.0,0.0,0.0,0.0,0.0,0.0,0.0,0.0,0.0,0.0,0.0,0.0,0.0,0.0,0.0,0.0,0.2122905027932961,59.00756097560976,0,0,1,0,0,1,0,0,1,0,0,3,1,2,1,1,1
488346,0,0.0,1994.77,0,0,15.0,0,2021,12,4,0.0,0.0,0.0,0.0,999.0,0.0,0.0,0.0,0.0,0.0,0.0,0.0,0.0,0.0,0.0,0.0,0.0,0.0,0.0,0.0,0.0,0.0,0.0,0.0,0.0,0.0,0.0,0.0,0.0,0.0,0.0,0.0,0.0,0.0,59.00756097560976,0,0,1,0,1,0,0,0,0,0,1,3,1,2,1,1,1
488724,1,36495.0,10629.22,0,0,0.0,0,2016,1,1,0.0,0.0,0.0,0.0,999.0,0.0,0.0,0.0,0.0,0.0,0.0,0.0,0.0,0.0,0.0,0.0,0.0,0.0,0.0,0.0,0.0,0.0,0.0,0.0,0.0,0.0,0.0,0.0,0.0,0.0,0.0,0.0,0.0,0.2122905027932961,59.00756097560976,1,0,0,1,0,0,0,0,0,1,0,3,1,2,1,1,1
488891,0,86180.0,8090.88,0,0,233.0,1,2016,2,1,0.0,0.0,0.0,0.0,999.0,0.0,0.0,0.0,0.0,0.0,0.0,0.0,0.0,0.0,0.0,0.0,0.0,0.0,0.0,0.0,0.0,0.0,0.0,0.0,0.0,0.0,0.0,0.0,0.0,0.0,0.0,0.0,0.0,0.2122905027932961,59.00756097560976,0,1,0,1,0,0,0,0,1,0,0,3,1,2,1,1,1
489443,1,22906.0,5746.33,0,0,2400.0,0,2015,6,2,0.0,0.0,0.0,0.0,999.0,0.0,0.0,0.0,0.0,0.0,0.0,0.0,0.0,0.0,0.0,0.0,0.0,0.0,0.0,0.0,0.0,0.0,0.0,0.0,0.0,0.0,0.0,0.0,0.0,0.0,0.0,0.0,0.0,0.2122905027932961,59.00756097560976,1,0,0,0,0,0,1,0,0,1,0,3,1,2,1,1,1
489459,0,25302.0,13473.19,0,0,242.0,1,2018,2,5,0.0,0.0,0.0,0.0,999.0,0.0,0.0,0.0,0.0,0.0,0.0,0.0,0.0,0.0,0.0,0.0,0.0,0.0,0.0,0.0,0.0,0.0,0.0,0.0,0.0,0.0,0.0,0.0,0.0,0.0,0.0,0.0,0.0,0.2122905027932961,59.00756097560976,0,1,0,1,0,0,0,0,0,1,0,3,1,2,1,1,1
490387,0,81097.0,2912.89,0,0,243.0,1,2018,7,1,0.0,0.0,0.0,0.0,999.0,0.0,0.0,0.0,0.0,0.0,0.0,0.0,0.0,0.0,0.0,0.0,0.0,0.0,0.0,0.0,0.0,0.0,0.0,0.0,0.0,0.0,0.0,0.0,0.0,0.0,0.0,0.0,0.0,0.2122905027932961,59.00756097560976,0,1,0,1,0,0,0,0,1,0,0,3,1,2,1,1,1
491495,1,37399.0,9199.39,0,0,23.0,0,2021,12,4,0.0,0.0,0.0,0.0,999.0,0.0,0.0,0.0,0.0,0.0,0.0,0.0,0.0,0.0,0.0,0.0,0.0,0.0,0.0,0.0,0.0,0.0,0.0,0.0,0.0,0.0,0.0,0.0,0.0,0.0,0.0,0.0,0.0,0.0,59.00756097560976,0,1,0,1,0,0,0,0,0,1,0,3,1,2,1,1,1
491704,1,0.0,3260.74,0,0,243.0,1,2017,1,2,0.0,0.0,0.0,0.0,999.0,0.0,0.0,0.0,0.0,0.0,0.0,0.0,0.0,0.0,0.0,0.0,0.0,0.0,0.0,0.0,0.0,0.0,0.0,0.0,0.0,0.0,0.0,0.0,0.0,0.0,0.0,0.0,0.0,0.2122905027932961,59.00756097560976,0,1,0,0,1,0,0,0,0,1,0,3,1,2,1,1,1
493337,0,25998.0,8382.48,0,0,244.0,1,2018,4,3,0.0,0.0,0.0,0.0,999.0,0.0,0.0,0.0,0.0,0.0,0.0,0.0,0.0,0.0,0.0,0.0,0.0,0.0,0.0,0.0,0.0,0.0,0.0,0.0,0.0,0.0,0.0,0.0,0.0,0.0,0.0,0.0,0.0,0.2122905027932961,59.00756097560976,1,0,0,1,0,0,0,0,0,1,0,3,1,2,1,1,1
493606,0,77095.0,5365.54,0,0,242.0,1,2019,2,4,0.0,0.0,0.0,0.0,999.0,0.0,0.0,0.0,0.0,0.0,0.0,0.0,0.0,0.0,0.0,0.0,0.0,0.0,0.0,0.0,0.0,0.0,0.0,0.0,0.0,0.0,0.0,0.0,0.0,0.0,0.0,0.0,0.0,0.0,59.00756097560976,0,1,0,1,0,0,0,0,1,0,0,3,1,2,1,1,1
493827,1,30817.0,3436.13,0,0,244.0,1,2017,4,5,0.0,0.0,0.0,0.0,999.0,0.0,0.0,0.0,0.0,0.0,0.0,0.0,0.0,0.0,0.0,0.0,0.0,0.0,0.0,0.0,0.0,0.0,0.0,0.0,0.0,0.0,0.0,0.0,0.0,0.0,0.0,0.0,0.0,0.2122905027932961,59.00756097560976,0,0,1,1,0,0,0,0,1,0,0,3,1,2,1,1,1
494536,0,0.0,6583.21,0,0,649.0,0,2020,3,1,0.0,0.0,0.0,0.0,999.0,0.0,0.0,0.0,0.0,0.0,0.0,0.0,0.0,0.0,0.0,0.0,0.0,0.0,0.0,0.0,0.0,0.0,0.0,0.0,0.0,0.0,0.0,0.0,0.0,0.0,0.0,0.0,0.0,0.0,59.00756097560976,0,1,0,0,1,0,0,0,0,0,1,3,1,2,1,1,1
496052,0,0.0,2458.75,0,0,245.0,1,2018,5,0,0.0,0.0,0.0,0.0,999.0,0.0,0.0,0.0,0.0,0.0,0.0,0.0,0.0,0.0,0.0,0.0,0.0,0.0,0.0,0.0,0.0,0.0,0.0,0.0,0.0,0.0,0.0,0.0,0.0,0.0,0.0,0.0,0.0,0.2122905027932961,59.00756097560976,0,0,1,0,1,0,0,0,0,0,1,3,1,2,1,1,1
496830,0,25925.0,2594.91,0,0,32.0,0,2021,11,3,0.0,0.0,0.0,0.0,999.0,0.0,0.0,0.0,0.0,0.0,0.0,0.0,0.0,0.0,0.0,0.0,0.0,0.0,0.0,0.0,0.0,0.0,0.0,0.0,0.0,0.0,0.0,0.0,0.0,0.0,0.0,0.0,0.0,0.0,59.00756097560976,0,0,1,0,0,0,0,1,0,1,0,3,1,2,1,1,1
497030,0,0.0,3460.12,0,0,66.0,1,2017,1,2,0.0,0.0,0.0,0.0,999.0,0.0,0.0,0.0,0.0,0.0,0.0,0.0,0.0,0.0,0.0,0.0,0.0,0.0,0.0,0.0,0.0,0.0,0.0,0.0,0.0,0.0,0.0,0.0,0.0,0.0,0.0,0.0,0.0,0.2122905027932961,59.00756097560976,0,1,0,0,1,0,0,0,0,1,0,3,1,2,1,1,1
497476,1,0.0,7607.0,0,0,1628.0,0,2017,7,6,0.0,0.0,0.0,0.0,999.0,0.0,0.0,0.0,0.0,0.0,0.0,0.0,0.0,0.0,0.0,0.0,0.0,0.0,0.0,0.0,0.0,0.0,0.0,0.0,0.0,0.0,0.0,0.0,0.0,0.0,0.0,0.0,0.0,0.2122905027932961,59.00756097560976,1,0,0,0,1,0,0,0,0,1,0,3,1,2,1,1,1
499583,1,87455.0,2853.6,0,0,20.0,0,2021,12,3,0.0,0.0,0.0,0.0,999.0,0.0,0.0,0.0,0.0,0.0,0.0,0.0,0.0,0.0,0.0,0.0,0.0,0.0,0.0,0.0,0.0,0.0,0.0,0.0,0.0,0.0,0.0,0.0,0.0,0.0,0.0,0.0,0.0,0.0,59.00756097560976,0,1,0,1,0,0,0,0,1,0,0,3,1,2,1,1,1
500437,1,0.0,8522.76,0,0,27.0,0,2021,12,3,0.0,0.0,0.0,0.0,999.0,0.0,0.0,0.0,0.0,0.0,0.0,0.0,0.0,0.0,0.0,0.0,0.0,0.0,0.0,0.0,0.0,0.0,0.0,0.0,0.0,0.0,0.0,0.0,0.0,0.0,0.0,0.0,0.0,0.0,59.00756097560976,1,0,0,0,1,0,0,0,0,1,0,3,1,2,1,1,1
501037,1,0.0,6425.71,0,0,14.0,1,2016,1,1,0.0,0.0,0.0,0.0,999.0,0.0,0.0,0.0,0.0,0.0,0.0,0.0,0.0,0.0,0.0,0.0,0.0,0.0,0.0,0.0,0.0,0.0,0.0,0.0,0.0,0.0,0.0,0.0,0.0,0.0,0.0,0.0,0.0,0.2122905027932961,59.00756097560976,0,0,1,0,1,0,0,0,0,0,1,3,1,2,1,1,1
501189,1,98235.0,7446.81,0,0,2363.0,0,2015,7,2,0.0,0.0,0.0,0.0,999.0,0.0,0.0,0.0,0.0,0.0,0.0,0.0,0.0,0.0,0.0,0.0,0.0,0.0,0.0,0.0,0.0,0.0,0.0,0.0,0.0,0.0,0.0,0.0,0.0,0.0,0.0,0.0,0.0,0.2122905027932961,59.00756097560976,0,1,0,1,0,0,0,0,1,0,0,3,1,2,1,1,1
502047,0,20200.0,2417.78,0,0,224.0,0,2021,5,3,0.0,0.0,0.0,0.0,999.0,0.0,0.0,0.0,0.0,0.0,0.0,0.0,0.0,0.0,0.0,0.0,0.0,0.0,0.0,0.0,0.0,0.0,0.0,0.0,0.0,0.0,0.0,0.0,0.0,0.0,0.0,0.0,0.0,0.0,59.00756097560976,0,0,1,1,0,0,0,0,0,0,1,3,1,2,1,1,1
503096,1,39626.0,5461.55,0,0,52.0,0,2021,11,1,0.0,0.0,0.0,0.0,999.0,0.0,0.0,0.0,0.0,0.0,0.0,0.0,0.0,0.0,0.0,0.0,0.0,0.0,0.0,0.0,0.0,0.0,0.0,0.0,0.0,0.0,0.0,0.0,0.0,0.0,0.0,0.0,0.0,0.0,59.00756097560976,1,0,0,1,0,0,0,0,0,1,0,3,1,2,1,1,1
504319,0,0.0,15190.65,0,0,243.0,1,2018,10,4,0.0,0.0,0.0,0.0,999.0,0.0,0.0,0.0,0.0,0.0,0.0,0.0,0.0,0.0,0.0,0.0,0.0,0.0,0.0,0.0,0.0,0.0,0.0,0.0,0.0,0.0,0.0,0.0,0.0,0.0,0.0,0.0,0.0,0.2122905027932961,59.00756097560976,0,0,1,0,1,0,0,0,0,0,1,3,1,2,1,1,1
505871,0,29598.0,9875.09,0,0,2275.0,0,2015,10,2,0.0,0.0,0.0,0.0,999.0,0.0,0.0,0.0,0.0,0.0,0.0,0.0,0.0,0.0,0.0,0.0,0.0,0.0,0.0,0.0,0.0,0.0,0.0,0.0,0.0,0.0,0.0,0.0,0.0,0.0,0.0,0.0,0.0,0.2122905027932961,59.00756097560976,1,0,0,1,0,0,0,0,0,0,1,3,1,2,1,1,1
506149,0,0.0,8160.69,0,0,38.0,0,2021,11,5,0.0,0.0,0.0,0.0,999.0,0.0,0.0,0.0,0.0,0.0,0.0,0.0,0.0,0.0,0.0,0.0,0.0,0.0,0.0,0.0,0.0,0.0,0.0,0.0,0.0,0.0,0.0,0.0,0.0,0.0,0.0,0.0,0.0,0.0,59.00756097560976,1,0,0,0,1,0,0,0,0,1,0,3,1,2,1,1,1
506793,0,46644.0,3355.53,0,0,807.0,1,2017,1,3,0.0,0.0,0.0,0.0,999.0,0.0,0.0,0.0,0.0,0.0,0.0,0.0,0.0,0.0,0.0,0.0,0.0,0.0,0.0,0.0,0.0,0.0,0.0,0.0,0.0,0.0,0.0,0.0,0.0,0.0,0.0,0.0,0.0,0.2122905027932961,59.00756097560976,0,0,1,1,0,0,0,0,0,1,0,3,1,2,1,1,1
507360,0,62120.0,5943.07,0,0,243.0,1,2018,10,4,0.0,0.0,0.0,0.0,999.0,0.0,0.0,0.0,0.0,0.0,0.0,0.0,0.0,0.0,0.0,0.0,0.0,0.0,0.0,0.0,0.0,0.0,0.0,0.0,0.0,0.0,0.0,0.0,0.0,0.0,0.0,0.0,0.0,0.2122905027932961,59.00756097560976,0,0,1,1,0,0,0,0,0,1,0,3,1,2,1,1,1
508443,0,83527.0,5182.94,0,0,243.0,1,2018,8,0,0.0,0.0,0.0,0.0,999.0,0.0,0.0,0.0,0.0,0.0,0.0,0.0,0.0,0.0,0.0,0.0,0.0,0.0,0.0,0.0,0.0,0.0,0.0,0.0,0.0,0.0,0.0,0.0,0.0,0.0,0.0,0.0,0.0,0.2122905027932961,59.00756097560976,1,0,0,1,0,0,0,0,0,1,0,3,1,2,1,1,1
508728,1,20698.0,4744.97,0,0,2248.0,0,2015,11,1,0.0,0.0,0.0,0.0,999.0,0.0,0.0,0.0,0.0,0.0,0.0,0.0,0.0,0.0,0.0,0.0,0.0,0.0,0.0,0.0,0.0,0.0,0.0,0.0,0.0,0.0,0.0,0.0,0.0,0.0,0.0,0.0,0.0,0.2122905027932961,59.00756097560976,0,0,1,1,0,0,0,0,0,0,1,3,1,2,1,1,1
509614,0,0.0,4504.16,0,0,243.0,1,2017,7,3,0.0,0.0,0.0,0.0,999.0,0.0,0.0,0.0,0.0,0.0,0.0,0.0,0.0,0.0,0.0,0.0,0.0,0.0,0.0,0.0,0.0,0.0,0.0,0.0,0.0,0.0,0.0,0.0,0.0,0.0,0.0,0.0,0.0,0.2122905027932961,59.00756097560976,0,0,1,0,1,0,0,0,0,1,0,3,1,2,1,1,1
511626,0,53074.0,2471.08,0,0,54.0,0,2021,11,2,0.0,0.0,0.0,0.0,999.0,0.0,0.0,0.0,0.0,0.0,0.0,0.0,0.0,0.0,0.0,0.0,0.0,0.0,0.0,0.0,0.0,0.0,0.0,0.0,0.0,0.0,0.0,0.0,0.0,0.0,0.0,0.0,0.0,0.0,59.00756097560976,0,0,1,1,0,0,0,0,0,1,0,3,1,2,1,1,1
512169,0,92766.0,20096.89,0,0,523.0,1,2017,8,3,0.0,0.0,0.0,0.0,999.0,0.0,0.0,0.0,0.0,0.0,0.0,0.0,0.0,0.0,0.0,0.0,0.0,0.0,0.0,0.0,0.0,0.0,0.0,0.0,0.0,0.0,0.0,0.0,0.0,0.0,0.0,0.0,0.0,0.2122905027932961,59.00756097560976,1,0,0,1,0,0,0,0,0,1,0,3,1,2,1,1,1
515023,1,25630.0,3016.44,0,0,2258.0,0,2015,10,1,0.0,0.0,0.0,0.0,999.0,0.0,0.0,0.0,0.0,0.0,0.0,0.0,0.0,0.0,0.0,0.0,0.0,0.0,0.0,0.0,0.0,0.0,0.0,0.0,0.0,0.0,0.0,0.0,0.0,0.0,0.0,0.0,0.0,0.2122905027932961,59.00756097560976,0,1,0,0,0,0,1,0,0,0,1,3,1,2,1,1,1
515142,0,19098.0,3220.78,0,0,243.0,1,2018,12,1,0.0,0.0,0.0,0.0,999.0,0.0,0.0,0.0,0.0,0.0,0.0,0.0,0.0,0.0,0.0,0.0,0.0,0.0,0.0,0.0,0.0,0.0,0.0,0.0,0.0,0.0,0.0,0.0,0.0,0.0,0.0,0.0,0.0,0.2122905027932961,59.00756097560976,0,1,0,0,0,0,1,0,0,1,0,3,1,2,1,1,1
515298,1,0.0,4014.92,0,0,2420.0,0,2015,5,4,0.0,0.0,0.0,0.0,999.0,0.0,0.0,0.0,0.0,0.0,0.0,0.0,0.0,0.0,0.0,0.0,0.0,0.0,0.0,0.0,0.0,0.0,0.0,0.0,0.0,0.0,0.0,0.0,0.0,0.0,0.0,0.0,0.0,0.2122905027932961,59.00756097560976,0,1,0,0,1,0,0,0,0,0,1,3,1,2,1,1,1
515315,1,72608.0,6521.37,0,0,245.0,1,2016,6,4,0.0,0.0,0.0,0.0,999.0,0.0,0.0,0.0,0.0,0.0,0.0,0.0,0.0,0.0,0.0,0.0,0.0,0.0,0.0,0.0,0.0,0.0,0.0,0.0,0.0,0.0,0.0,0.0,0.0,0.0,0.0,0.0,0.0,0.2122905027932961,59.00756097560976,1,0,0,1,0,0,0,0,0,1,0,3,1,2,1,1,1
515639,0,57340.0,7868.17,0,0,79.0,1,2019,4,1,0.0,0.0,0.0,0.0,999.0,0.0,0.0,0.0,0.0,0.0,0.0,0.0,0.0,0.0,0.0,0.0,0.0,0.0,0.0,0.0,0.0,0.0,0.0,0.0,0.0,0.0,0.0,0.0,0.0,0.0,0.0,0.0,0.0,0.0,59.00756097560976,0,0,1,1,0,0,0,0,0,0,1,3,1,2,1,1,1
515790,0,82554.0,42389.01,0,0,366.0,1,2018,9,3,0.0,0.0,0.0,0.0,999.0,0.0,0.0,0.0,0.0,0.0,0.0,0.0,0.0,0.0,0.0,0.0,0.0,0.0,0.0,0.0,0.0,0.0,0.0,0.0,0.0,0.0,0.0,0.0,0.0,0.0,0.0,0.0,0.0,0.2122905027932961,59.00756097560976,0,1,0,1,0,0,0,0,0,1,0,3,1,2,1,1,1
517129,0,0.0,6980.33,0,0,318.0,1,2016,9,2,0.0,0.0,0.0,0.0,999.0,0.0,0.0,0.0,0.0,0.0,0.0,0.0,0.0,0.0,0.0,0.0,0.0,0.0,0.0,0.0,0.0,0.0,0.0,0.0,0.0,0.0,0.0,0.0,0.0,0.0,0.0,0.0,0.0,0.2122905027932961,59.00756097560976,0,1,0,0,1,0,0,0,0,0,1,3,1,2,1,1,1
517612,1,22571.0,4605.04,0,0,912.0,1,2016,7,1,0.0,0.0,0.0,0.0,999.0,0.0,0.0,0.0,0.0,0.0,0.0,0.0,0.0,0.0,0.0,0.0,0.0,0.0,0.0,0.0,0.0,0.0,0.0,0.0,0.0,0.0,0.0,0.0,0.0,0.0,0.0,0.0,0.0,0.2122905027932961,59.00756097560976,0,0,1,0,0,0,1,0,0,0,1,3,1,2,1,1,1
518210,0,0.0,2154.07,0,0,243.0,1,2018,10,0,0.0,0.0,0.0,0.0,999.0,0.0,0.0,0.0,0.0,0.0,0.0,0.0,0.0,0.0,0.0,0.0,0.0,0.0,0.0,0.0,0.0,0.0,0.0,0.0,0.0,0.0,0.0,0.0,0.0,0.0,0.0,0.0,0.0,0.2122905027932961,59.00756097560976,0,0,1,0,1,0,0,0,0,0,1,3,1,2,1,1,1
519213,0,36428.0,4896.56,0,0,243.0,1,2016,7,1,0.0,0.0,0.0,0.0,999.0,0.0,0.0,0.0,0.0,0.0,0.0,0.0,0.0,0.0,0.0,0.0,0.0,0.0,0.0,0.0,0.0,0.0,0.0,0.0,0.0,0.0,0.0,0.0,0.0,0.0,0.0,0.0,0.0,0.2122905027932961,59.00756097560976,0,0,1,1,0,0,0,0,1,0,0,3,1,2,1,1,1
520321,0,25030.0,4112.84,0,0,242.0,1,2018,9,1,0.0,0.0,0.0,0.0,999.0,0.0,0.0,0.0,0.0,0.0,0.0,0.0,0.0,0.0,0.0,0.0,0.0,0.0,0.0,0.0,0.0,0.0,0.0,0.0,0.0,0.0,0.0,0.0,0.0,0.0,0.0,0.0,0.0,0.2122905027932961,59.00756097560976,0,0,1,0,0,1,0,0,0,1,0,3,1,2,1,1,1
522851,0,0.0,6383.61,0,0,2371.0,0,2015,7,2,0.0,0.0,0.0,0.0,999.0,0.0,0.0,0.0,0.0,0.0,0.0,0.0,0.0,0.0,0.0,0.0,0.0,0.0,0.0,0.0,0.0,0.0,0.0,0.0,0.0,0.0,0.0,0.0,0.0,0.0,0.0,0.0,0.0,0.2122905027932961,59.00756097560976,0,0,1,0,1,0,0,0,0,0,1,3,1,2,1,1,1
524536,0,31725.0,5763.27,0,0,438.0,1,2018,4,3,0.0,0.0,0.0,0.0,999.0,0.0,0.0,0.0,0.0,0.0,0.0,0.0,0.0,0.0,0.0,0.0,0.0,0.0,0.0,0.0,0.0,0.0,0.0,0.0,0.0,0.0,0.0,0.0,0.0,0.0,0.0,0.0,0.0,0.2122905027932961,59.00756097560976,0,0,1,1,0,0,0,0,0,0,1,3,1,2,1,1,1
524951,0,60145.0,10272.61,0,0,18.0,0,2021,12,1,0.0,0.0,0.0,0.0,999.0,0.0,0.0,0.0,0.0,0.0,0.0,0.0,0.0,0.0,0.0,0.0,0.0,0.0,0.0,0.0,0.0,0.0,0.0,0.0,0.0,0.0,0.0,0.0,0.0,0.0,0.0,0.0,0.0,0.0,59.00756097560976,1,0,0,1,0,0,0,0,0,0,1,3,1,2,1,1,1
525476,1,0.0,2311.12,0,0,243.0,1,2018,12,4,0.0,0.0,0.0,0.0,999.0,0.0,0.0,0.0,0.0,0.0,0.0,0.0,0.0,0.0,0.0,0.0,0.0,0.0,0.0,0.0,0.0,0.0,0.0,0.0,0.0,0.0,0.0,0.0,0.0,0.0,0.0,0.0,0.0,0.2122905027932961,59.00756097560976,0,0,1,0,1,0,0,0,0,0,1,3,1,2,1,1,1
525866,0,23091.0,5926.73,0,0,243.0,1,2018,1,4,0.0,0.0,0.0,0.0,999.0,0.0,0.0,0.0,0.0,0.0,0.0,0.0,0.0,0.0,0.0,0.0,0.0,0.0,0.0,0.0,0.0,0.0,0.0,0.0,0.0,0.0,0.0,0.0,0.0,0.0,0.0,0.0,0.0,0.2122905027932961,59.00756097560976,1,0,0,0,0,0,0,1,0,1,0,3,1,2,1,1,1
526975,1,44788.0,7285.03,0,0,243.0,1,2018,10,4,0.0,0.0,0.0,0.0,999.0,0.0,0.0,0.0,0.0,0.0,0.0,0.0,0.0,0.0,0.0,0.0,0.0,0.0,0.0,0.0,0.0,0.0,0.0,0.0,0.0,0.0,0.0,0.0,0.0,0.0,0.0,0.0,0.0,0.2122905027932961,59.00756097560976,0,0,1,1,0,0,0,0,0,1,0,3,1,2,1,1,1
527414,0,70051.0,5395.83,0,0,163.0,1,2016,1,1,0.0,0.0,0.0,0.0,999.0,0.0,0.0,0.0,0.0,0.0,0.0,0.0,0.0,0.0,0.0,0.0,0.0,0.0,0.0,0.0,0.0,0.0,0.0,0.0,0.0,0.0,0.0,0.0,0.0,0.0,0.0,0.0,0.0,0.2122905027932961,59.00756097560976,0,0,1,1,0,0,0,0,0,1,0,3,1,2,1,1,1
527944,1,23636.0,5176.58,0,0,955.0,1,2017,6,5,0.0,0.0,0.0,0.0,999.0,0.0,0.0,0.0,0.0,0.0,0.0,0.0,0.0,0.0,0.0,0.0,0.0,0.0,0.0,0.0,0.0,0.0,0.0,0.0,0.0,0.0,0.0,0.0,0.0,0.0,0.0,0.0,0.0,0.2122905027932961,59.00756097560976,1,0,0,1,0,0,0,0,0,1,0,3,1,2,1,1,1
528074,0,97917.0,4928.0,0,0,2256.0,0,2015,10,2,0.0,0.0,0.0,0.0,999.0,0.0,0.0,0.0,0.0,0.0,0.0,0.0,0.0,0.0,0.0,0.0,0.0,0.0,0.0,0.0,0.0,0.0,0.0,0.0,0.0,0.0,0.0,0.0,0.0,0.0,0.0,0.0,0.0,0.2122905027932961,59.00756097560976,0,0,1,1,0,0,0,0,0,0,1,3,1,2,1,1,1
528095,1,95850.0,8845.07,0,0,243.0,1,2016,10,4,0.0,0.0,0.0,0.0,999.0,0.0,0.0,0.0,0.0,0.0,0.0,0.0,0.0,0.0,0.0,0.0,0.0,0.0,0.0,0.0,0.0,0.0,0.0,0.0,0.0,0.0,0.0,0.0,0.0,0.0,0.0,0.0,0.0,0.2122905027932961,59.00756097560976,0,1,0,1,0,0,0,0,0,1,0,3,1,2,1,1,1
528782,0,26047.0,2547.37,0,0,864.0,1,2016,8,0,0.0,0.0,0.0,0.0,999.0,0.0,0.0,0.0,0.0,0.0,0.0,0.0,0.0,0.0,0.0,0.0,0.0,0.0,0.0,0.0,0.0,0.0,0.0,0.0,0.0,0.0,0.0,0.0,0.0,0.0,0.0,0.0,0.0,0.2122905027932961,59.00756097560976,0,0,1,1,0,0,0,0,0,1,0,3,1,2,1,1,1
529331,1,63035.0,49221.43,0,0,938.0,1,2016,5,1,0.0,0.0,0.0,0.0,999.0,0.0,0.0,0.0,0.0,0.0,0.0,0.0,0.0,0.0,0.0,0.0,0.0,0.0,0.0,0.0,0.0,0.0,0.0,0.0,0.0,0.0,0.0,0.0,0.0,0.0,0.0,0.0,0.0,0.2122905027932961,59.00756097560976,1,0,0,1,0,0,0,0,0,1,0,3,1,2,1,1,1
529988,0,14290.0,10179.72,0,0,2.0,0,2021,12,1,0.0,0.0,0.0,0.0,999.0,0.0,0.0,0.0,0.0,0.0,0.0,0.0,0.0,0.0,0.0,0.0,0.0,0.0,0.0,0.0,0.0,0.0,0.0,0.0,0.0,0.0,0.0,0.0,0.0,0.0,0.0,0.0,0.0,0.0,59.00756097560976,0,1,0,0,0,0,0,1,0,1,0,3,1,2,1,1,1
530712,1,21275.0,26730.06,0,0,242.0,1,2018,11,1,0.0,0.0,0.0,0.0,999.0,0.0,0.0,0.0,0.0,0.0,0.0,0.0,0.0,0.0,0.0,0.0,0.0,0.0,0.0,0.0,0.0,0.0,0.0,0.0,0.0,0.0,0.0,0.0,0.0,0.0,0.0,0.0,0.0,0.2122905027932961,59.00756097560976,0,0,1,0,0,0,1,0,1,0,0,3,1,2,1,1,1
531201,0,0.0,4419.54,0,0,2339.0,0,2015,8,2,0.0,0.0,0.0,0.0,999.0,0.0,0.0,0.0,0.0,0.0,0.0,0.0,0.0,0.0,0.0,0.0,0.0,0.0,0.0,0.0,0.0,0.0,0.0,0.0,0.0,0.0,0.0,0.0,0.0,0.0,0.0,0.0,0.0,0.2122905027932961,59.00756097560976,0,0,1,0,1,0,0,0,0,1,0,3,1,2,1,1,1
532334,0,0.0,2840.85,0,0,243.0,1,2019,1,1,0.0,0.0,0.0,0.0,999.0,0.0,0.0,0.0,0.0,0.0,0.0,0.0,0.0,0.0,0.0,0.0,0.0,0.0,0.0,0.0,0.0,0.0,0.0,0.0,0.0,0.0,0.0,0.0,0.0,0.0,0.0,0.0,0.0,0.0,59.00756097560976,0,0,1,0,1,0,0,0,0,1,0,3,1,2,1,1,1
532752,0,79325.0,5482.55,0,0,242.0,1,2018,2,1,0.0,0.0,0.0,0.0,999.0,0.0,0.0,0.0,0.0,0.0,0.0,0.0,0.0,0.0,0.0,0.0,0.0,0.0,0.0,0.0,0.0,0.0,0.0,0.0,0.0,0.0,0.0,0.0,0.0,0.0,0.0,0.0,0.0,0.2122905027932961,59.00756097560976,0,0,1,1,0,0,0,0,0,1,0,3,1,2,1,1,1
533388,1,29734.0,17208.06,0,0,1250.0,1,2016,1,1,0.0,0.0,0.0,0.0,999.0,0.0,0.0,0.0,0.0,0.0,0.0,0.0,0.0,0.0,0.0,0.0,0.0,0.0,0.0,0.0,0.0,0.0,0.0,0.0,0.0,0.0,0.0,0.0,0.0,0.0,0.0,0.0,0.0,0.2122905027932961,59.00756097560976,1,0,0,1,0,0,0,0,1,0,0,3,1,2,1,1,1
534324,1,76522.0,5705.55,0,0,471.0,1,2017,6,4,0.0,0.0,0.0,0.0,999.0,0.0,0.0,0.0,0.0,0.0,0.0,0.0,0.0,0.0,0.0,0.0,0.0,0.0,0.0,0.0,0.0,0.0,0.0,0.0,0.0,0.0,0.0,0.0,0.0,0.0,0.0,0.0,0.0,0.2122905027932961,59.00756097560976,0,1,0,1,0,0,0,0,0,1,0,3,1,2,1,1,1
534505,1,53223.0,8535.11,0,0,2430.0,0,2015,5,1,0.0,0.0,0.0,0.0,999.0,0.0,0.0,0.0,0.0,0.0,0.0,0.0,0.0,0.0,0.0,0.0,0.0,0.0,0.0,0.0,0.0,0.0,0.0,0.0,0.0,0.0,0.0,0.0,0.0,0.0,0.0,0.0,0.0,0.2122905027932961,59.00756097560976,1,0,0,1,0,0,0,0,1,0,0,3,1,2,1,1,1
534794,1,47829.0,4708.2,0,0,2430.0,0,2015,5,0,0.0,0.0,0.0,0.0,999.0,0.0,0.0,0.0,0.0,0.0,0.0,0.0,0.0,0.0,0.0,0.0,0.0,0.0,0.0,0.0,0.0,0.0,0.0,0.0,0.0,0.0,0.0,0.0,0.0,0.0,0.0,0.0,0.0,0.2122905027932961,59.00756097560976,0,0,1,1,0,0,0,0,0,1,0,3,1,2,1,1,1
536959,0,0.0,4927.71,0,0,1.0,0,2021,12,6,0.0,0.0,0.0,0.0,999.0,0.0,0.0,0.0,0.0,0.0,0.0,0.0,0.0,0.0,0.0,0.0,0.0,0.0,0.0,0.0,0.0,0.0,0.0,0.0,0.0,0.0,0.0,0.0,0.0,0.0,0.0,0.0,0.0,0.0,59.00756097560976,0,0,1,0,1,0,0,0,0,1,0,3,1,2,1,1,1
538308,0,0.0,18269.54,0,0,243.0,1,2017,1,2,0.0,0.0,0.0,0.0,999.0,0.0,0.0,0.0,0.0,0.0,0.0,0.0,0.0,0.0,0.0,0.0,0.0,0.0,0.0,0.0,0.0,0.0,0.0,0.0,0.0,0.0,0.0,0.0,0.0,0.0,0.0,0.0,0.0,0.2122905027932961,59.00756097560976,0,0,1,0,1,0,0,0,0,0,1,3,1,2,1,1,1
539705,0,37876.0,2647.52,0,0,123.0,1,2017,3,3,0.0,0.0,0.0,0.0,999.0,0.0,0.0,0.0,0.0,0.0,0.0,0.0,0.0,0.0,0.0,0.0,0.0,0.0,0.0,0.0,0.0,0.0,0.0,0.0,0.0,0.0,0.0,0.0,0.0,0.0,0.0,0.0,0.0,0.2122905027932961,59.00756097560976,0,0,1,1,0,0,0,0,0,0,1,3,1,2,1,1,1
539941,1,97673.0,2507.88,0,0,402.0,1,2017,4,1,0.0,0.0,0.0,0.0,999.0,0.0,0.0,0.0,0.0,0.0,0.0,0.0,0.0,0.0,0.0,0.0,0.0,0.0,0.0,0.0,0.0,0.0,0.0,0.0,0.0,0.0,0.0,0.0,0.0,0.0,0.0,0.0,0.0,0.2122905027932961,59.00756097560976,0,0,1,1,0,0,0,0,0,0,1,3,1,2,1,1,1
540291,1,64692.0,8435.18,0,0,1.0,0,2021,12,2,0.0,0.0,0.0,0.0,999.0,0.0,0.0,0.0,0.0,0.0,0.0,0.0,0.0,0.0,0.0,0.0,0.0,0.0,0.0,0.0,0.0,0.0,0.0,0.0,0.0,0.0,0.0,0.0,0.0,0.0,0.0,0.0,0.0,0.0,59.00756097560976,0,0,1,1,0,0,0,0,0,1,0,3,1,2,1,1,1
540836,1,58516.0,15806.53,0,0,66.0,0,2021,10,1,0.0,0.0,0.0,0.0,999.0,0.0,0.0,0.0,0.0,0.0,0.0,0.0,0.0,0.0,0.0,0.0,0.0,0.0,0.0,0.0,0.0,0.0,0.0,0.0,0.0,0.0,0.0,0.0,0.0,0.0,0.0,0.0,0.0,0.0,59.00756097560976,0,0,1,1,0,0,0,0,0,1,0,3,1,2,1,1,1
540901,1,0.0,9338.08,0,0,1097.0,1,2016,1,2,0.0,0.0,0.0,0.0,999.0,0.0,0.0,0.0,0.0,0.0,0.0,0.0,0.0,0.0,0.0,0.0,0.0,0.0,0.0,0.0,0.0,0.0,0.0,0.0,0.0,0.0,0.0,0.0,0.0,0.0,0.0,0.0,0.0,0.2122905027932961,59.00756097560976,0,1,0,0,1,0,0,0,0,0,1,3,1,2,1,1,1
542208,1,77493.0,5610.96,0,0,243.0,1,2018,7,5,0.0,0.0,0.0,0.0,999.0,0.0,0.0,0.0,0.0,0.0,0.0,0.0,0.0,0.0,0.0,0.0,0.0,0.0,0.0,0.0,0.0,0.0,0.0,0.0,0.0,0.0,0.0,0.0,0.0,0.0,0.0,0.0,0.0,0.2122905027932961,59.00756097560976,0,1,0,1,0,0,0,0,0,0,1,3,1,2,1,1,1
542636,0,75986.0,9312.59,0,0,42.0,0,2021,11,2,0.0,0.0,0.0,0.0,999.0,0.0,0.0,0.0,0.0,0.0,0.0,0.0,0.0,0.0,0.0,0.0,0.0,0.0,0.0,0.0,0.0,0.0,0.0,0.0,0.0,0.0,0.0,0.0,0.0,0.0,0.0,0.0,0.0,0.0,59.00756097560976,1,0,0,1,0,0,0,0,0,1,0,3,1,2,1,1,1
543599,0,0.0,6474.83,0,0,503.0,1,2017,1,4,0.0,0.0,0.0,0.0,999.0,0.0,0.0,0.0,0.0,0.0,0.0,0.0,0.0,0.0,0.0,0.0,0.0,0.0,0.0,0.0,0.0,0.0,0.0,0.0,0.0,0.0,0.0,0.0,0.0,0.0,0.0,0.0,0.0,0.2122905027932961,59.00756097560976,1,0,0,0,1,0,0,0,0,0,1,3,1,2,1,1,1
545514,1,0.0,3540.9,0,0,81.0,0,2021,10,5,0.0,0.0,0.0,0.0,999.0,0.0,0.0,0.0,0.0,0.0,0.0,0.0,0.0,0.0,0.0,0.0,0.0,0.0,0.0,0.0,0.0,0.0,0.0,0.0,0.0,0.0,0.0,0.0,0.0,0.0,0.0,0.0,0.0,0.0,59.00756097560976,0,1,0,0,1,0,0,0,0,0,1,3,1,2,1,1,1
545889,1,50854.0,11516.41,0,0,20.0,0,2021,12,2,0.0,0.0,0.0,0.0,999.0,0.0,0.0,0.0,0.0,0.0,0.0,0.0,0.0,0.0,0.0,0.0,0.0,0.0,0.0,0.0,0.0,0.0,0.0,0.0,0.0,0.0,0.0,0.0,0.0,0.0,0.0,0.0,0.0,0.0,59.00756097560976,0,1,0,1,0,0,0,0,1,0,0,3,1,2,1,1,1
546037,0,69488.0,5195.82,0,0,527.0,1,2017,8,1,0.0,0.0,0.0,0.0,999.0,0.0,0.0,0.0,0.0,0.0,0.0,0.0,0.0,0.0,0.0,0.0,0.0,0.0,0.0,0.0,0.0,0.0,0.0,0.0,0.0,0.0,0.0,0.0,0.0,0.0,0.0,0.0,0.0,0.2122905027932961,59.00756097560976,0,1,0,1,0,0,0,0,1,0,0,3,1,2,1,1,1
546171,0,49390.0,7835.93,0,0,243.0,1,2017,7,1,0.0,0.0,0.0,0.0,999.0,0.0,0.0,0.0,0.0,0.0,0.0,0.0,0.0,0.0,0.0,0.0,0.0,0.0,0.0,0.0,0.0,0.0,0.0,0.0,0.0,0.0,0.0,0.0,0.0,0.0,0.0,0.0,0.0,0.2122905027932961,59.00756097560976,0,1,0,1,0,0,0,0,0,1,0,3,1,2,1,1,1
546259,1,32312.0,7218.02,0,1,669.0,0,2020,3,1,0.0,0.0,0.0,0.0,999.0,0.0,0.0,0.0,0.0,0.0,0.0,0.0,0.0,0.0,0.0,0.0,0.0,0.0,0.0,0.0,0.0,0.0,0.0,0.0,0.0,0.0,0.0,0.0,0.0,0.0,0.0,0.0,0.0,0.0,59.00756097560976,0,1,0,1,0,0,0,0,0,1,0,3,1,2,1,1,1
547217,0,53234.0,8478.28,0,0,244.0,1,2017,4,1,0.0,0.0,0.0,0.0,999.0,0.0,0.0,0.0,0.0,0.0,0.0,0.0,0.0,0.0,0.0,0.0,0.0,0.0,0.0,0.0,0.0,0.0,0.0,0.0,0.0,0.0,0.0,0.0,0.0,0.0,0.0,0.0,0.0,0.2122905027932961,59.00756097560976,0,1,0,1,0,0,0,0,0,0,1,3,1,2,1,1,1
547764,1,72208.0,5912.78,0,0,428.0,1,2016,5,5,0.0,0.0,0.0,0.0,999.0,0.0,0.0,0.0,0.0,0.0,0.0,0.0,0.0,0.0,0.0,0.0,0.0,0.0,0.0,0.0,0.0,0.0,0.0,0.0,0.0,0.0,0.0,0.0,0.0,0.0,0.0,0.0,0.0,0.2122905027932961,59.00756097560976,0,1,0,1,0,0,0,0,0,1,0,3,1,2,1,1,1
547994,0,0.0,4813.28,0,0,179.0,1,2019,1,2,0.0,0.0,0.0,0.0,999.0,0.0,0.0,0.0,0.0,0.0,0.0,0.0,0.0,0.0,0.0,0.0,0.0,0.0,0.0,0.0,0.0,0.0,0.0,0.0,0.0,0.0,0.0,0.0,0.0,0.0,0.0,0.0,0.0,0.0,59.00756097560976,0,0,1,0,1,0,0,0,0,0,1,3,1,2,1,1,1
548202,1,0.0,8390.12,0,0,37.0,0,2021,11,1,0.0,0.0,0.0,0.0,999.0,0.0,0.0,0.0,0.0,0.0,0.0,0.0,0.0,0.0,0.0,0.0,0.0,0.0,0.0,0.0,0.0,0.0,0.0,0.0,0.0,0.0,0.0,0.0,0.0,0.0,0.0,0.0,0.0,0.0,59.00756097560976,0,0,1,0,1,0,0,0,0,0,1,3,1,2,1,1,1
548883,1,0.0,7294.85,0,0,243.0,1,2017,12,2,0.0,0.0,0.0,0.0,999.0,0.0,0.0,0.0,0.0,0.0,0.0,0.0,0.0,0.0,0.0,0.0,0.0,0.0,0.0,0.0,0.0,0.0,0.0,0.0,0.0,0.0,0.0,0.0,0.0,0.0,0.0,0.0,0.0,0.2122905027932961,59.00756097560976,0,1,0,0,1,0,0,0,1,0,0,3,1,2,1,1,1
550303,0,76114.0,3548.15,0,0,225.0,1,2016,4,0,0.0,0.0,0.0,0.0,999.0,0.0,0.0,0.0,0.0,0.0,0.0,0.0,0.0,0.0,0.0,0.0,0.0,0.0,0.0,0.0,0.0,0.0,0.0,0.0,0.0,0.0,0.0,0.0,0.0,0.0,0.0,0.0,0.0,0.2122905027932961,59.00756097560976,0,1,0,1,0,0,0,0,0,1,0,3,1,2,1,1,1
550834,1,59597.0,8267.85,0,0,179.0,0,2021,7,4,0.0,0.0,0.0,0.0,999.0,0.0,0.0,0.0,0.0,0.0,0.0,0.0,0.0,0.0,0.0,0.0,0.0,0.0,0.0,0.0,0.0,0.0,0.0,0.0,0.0,0.0,0.0,0.0,0.0,0.0,0.0,0.0,0.0,0.0,59.00756097560976,0,0,1,1,0,0,0,0,0,1,0,3,1,2,1,1,1
551533,1,32437.0,2742.8,0,0,6.0,1,2017,10,0,0.0,0.0,0.0,0.0,999.0,0.0,0.0,0.0,0.0,0.0,0.0,0.0,0.0,0.0,0.0,0.0,0.0,0.0,0.0,0.0,0.0,0.0,0.0,0.0,0.0,0.0,0.0,0.0,0.0,0.0,0.0,0.0,0.0,0.2122905027932961,59.00756097560976,0,1,0,1,0,0,0,0,0,1,0,3,1,2,1,1,1
552221,1,29957.0,5046.89,0,0,2435.0,0,2015,5,3,0.0,0.0,0.0,0.0,999.0,0.0,0.0,0.0,0.0,0.0,0.0,0.0,0.0,0.0,0.0,0.0,0.0,0.0,0.0,0.0,0.0,0.0,0.0,0.0,0.0,0.0,0.0,0.0,0.0,0.0,0.0,0.0,0.0,0.2122905027932961,59.00756097560976,0,0,1,0,0,0,1,0,0,1,0,3,1,2,1,1,1
552235,0,0.0,9780.85,0,0,243.0,1,2018,7,4,0.0,0.0,0.0,0.0,999.0,0.0,0.0,0.0,0.0,0.0,0.0,0.0,0.0,0.0,0.0,0.0,0.0,0.0,0.0,0.0,0.0,0.0,0.0,0.0,0.0,0.0,0.0,0.0,0.0,0.0,0.0,0.0,0.0,0.2122905027932961,59.00756097560976,0,1,0,0,1,0,0,0,0,0,1,3,1,2,1,1,1
552546,1,45430.0,6293.96,0,0,245.0,1,2018,6,1,0.0,0.0,0.0,0.0,999.0,0.0,0.0,0.0,0.0,0.0,0.0,0.0,0.0,0.0,0.0,0.0,0.0,0.0,0.0,0.0,0.0,0.0,0.0,0.0,0.0,0.0,0.0,0.0,0.0,0.0,0.0,0.0,0.0,0.2122905027932961,59.00756097560976,0,1,0,1,0,0,0,0,0,0,1,3,1,2,1,1,1
552568,0,36537.0,23515.85,0,0,20.0,0,2021,12,1,0.0,0.0,0.0,0.0,999.0,0.0,0.0,0.0,0.0,0.0,0.0,0.0,0.0,0.0,0.0,0.0,0.0,0.0,0.0,0.0,0.0,0.0,0.0,0.0,0.0,0.0,0.0,0.0,0.0,0.0,0.0,0.0,0.0,0.0,59.00756097560976,0,1,0,1,0,0,0,0,0,0,1,3,1,2,1,1,1
553018,1,59803.0,10856.01,0,0,235.0,0,2021,5,3,0.0,0.0,0.0,0.0,999.0,0.0,0.0,0.0,0.0,0.0,0.0,0.0,0.0,0.0,0.0,0.0,0.0,0.0,0.0,0.0,0.0,0.0,0.0,0.0,0.0,0.0,0.0,0.0,0.0,0.0,0.0,0.0,0.0,0.0,59.00756097560976,0,1,0,1,0,0,0,0,0,1,0,3,1,2,1,1,1
553936,0,29462.0,4170.69,0,0,243.0,1,2017,12,1,0.0,0.0,0.0,0.0,999.0,0.0,0.0,0.0,0.0,0.0,0.0,0.0,0.0,0.0,0.0,0.0,0.0,0.0,0.0,0.0,0.0,0.0,0.0,0.0,0.0,0.0,0.0,0.0,0.0,0.0,0.0,0.0,0.0,0.2122905027932961,59.00756097560976,0,0,1,1,0,0,0,0,0,0,1,3,1,2,1,1,1
553944,0,21171.0,5605.38,0,0,24.0,0,2021,12,1,0.0,0.0,0.0,0.0,999.0,0.0,0.0,0.0,0.0,0.0,0.0,0.0,0.0,0.0,0.0,0.0,0.0,0.0,0.0,0.0,0.0,0.0,0.0,0.0,0.0,0.0,0.0,0.0,0.0,0.0,0.0,0.0,0.0,0.0,59.00756097560976,0,0,1,1,0,0,0,0,1,0,0,3,1,2,1,1,1
554572,1,60920.0,7507.46,0,0,40.0,1,2017,9,1,0.0,0.0,0.0,0.0,999.0,0.0,0.0,0.0,0.0,0.0,0.0,0.0,0.0,0.0,0.0,0.0,0.0,0.0,0.0,0.0,0.0,0.0,0.0,0.0,0.0,0.0,0.0,0.0,0.0,0.0,0.0,0.0,0.0,0.2122905027932961,59.00756097560976,1,0,0,1,0,0,0,0,0,0,1,3,1,2,1,1,1
556755,0,85018.0,5423.14,0,0,79.0,1,2021,5,6,0.0,0.0,0.0,0.0,999.0,0.0,0.0,0.0,0.0,0.0,0.0,0.0,0.0,0.0,0.0,0.0,0.0,0.0,0.0,0.0,0.0,0.0,0.0,0.0,0.0,0.0,0.0,0.0,0.0,0.0,0.0,0.0,0.0,0.0,59.00756097560976,1,0,0,1,0,0,0,0,0,1,0,3,1,2,1,1,1
557469,0,50269.0,6289.01,0,0,366.0,1,2018,1,4,0.0,0.0,0.0,0.0,999.0,0.0,0.0,0.0,0.0,0.0,0.0,0.0,0.0,0.0,0.0,0.0,0.0,0.0,0.0,0.0,0.0,0.0,0.0,0.0,0.0,0.0,0.0,0.0,0.0,0.0,0.0,0.0,0.0,0.2122905027932961,59.00756097560976,1,0,0,1,0,0,0,0,1,0,0,3,1,2,1,1,1
557852,1,75090.0,4993.03,0,0,242.0,1,2017,2,2,0.0,0.0,0.0,0.0,999.0,0.0,0.0,0.0,0.0,0.0,0.0,0.0,0.0,0.0,0.0,0.0,0.0,0.0,0.0,0.0,0.0,0.0,0.0,0.0,0.0,0.0,0.0,0.0,0.0,0.0,0.0,0.0,0.0,0.2122905027932961,59.00756097560976,0,0,1,1,0,0,0,0,0,1,0,3,1,2,1,1,1
558248,1,66161.0,4603.98,0,0,242.0,1,2018,2,2,0.0,0.0,0.0,0.0,999.0,0.0,0.0,0.0,0.0,0.0,0.0,0.0,0.0,0.0,0.0,0.0,0.0,0.0,0.0,0.0,0.0,0.0,0.0,0.0,0.0,0.0,0.0,0.0,0.0,0.0,0.0,0.0,0.0,0.2122905027932961,59.00756097560976,0,1,0,1,0,0,0,0,0,0,1,3,1,2,1,1,1
558469,0,0.0,7555.83,0,0,245.0,1,2019,3,3,0.0,0.0,0.0,0.0,999.0,0.0,0.0,0.0,0.0,0.0,0.0,0.0,0.0,0.0,0.0,0.0,0.0,0.0,0.0,0.0,0.0,0.0,0.0,0.0,0.0,0.0,0.0,0.0,0.0,0.0,0.0,0.0,0.0,0.0,59.00756097560976,0,0,1,0,1,0,0,0,0,0,1,3,1,2,1,1,1
559657,0,73876.0,9061.06,0,0,2182.0,0,2016,1,4,0.0,0.0,0.0,0.0,999.0,0.0,0.0,0.0,0.0,0.0,0.0,0.0,0.0,0.0,0.0,0.0,0.0,0.0,0.0,0.0,0.0,0.0,0.0,0.0,0.0,0.0,0.0,0.0,0.0,0.0,0.0,0.0,0.0,0.2122905027932961,59.00756097560976,0,0,1,1,0,0,0,0,0,1,0,3,1,2,1,1,1
561722,0,46546.0,27890.06,0,0,472.0,1,2018,3,4,0.0,0.0,0.0,0.0,999.0,0.0,0.0,0.0,0.0,0.0,0.0,0.0,0.0,0.0,0.0,0.0,0.0,0.0,0.0,0.0,0.0,0.0,0.0,0.0,0.0,0.0,0.0,0.0,0.0,0.0,0.0,0.0,0.0,0.2122905027932961,59.00756097560976,0,0,1,1,0,0,0,0,1,0,0,3,1,2,1,1,1
562324,0,51204.0,21592.1,0,0,243.0,1,2019,1,1,0.0,0.0,0.0,0.0,999.0,0.0,0.0,0.0,0.0,0.0,0.0,0.0,0.0,0.0,0.0,0.0,0.0,0.0,0.0,0.0,0.0,0.0,0.0,0.0,0.0,0.0,0.0,0.0,0.0,0.0,0.0,0.0,0.0,0.0,59.00756097560976,0,0,1,1,0,0,0,0,0,1,0,3,1,2,1,1,1
562501,0,55542.0,9206.43,0,0,225.0,0,2021,5,4,0.0,0.0,0.0,0.0,999.0,0.0,0.0,0.0,0.0,0.0,0.0,0.0,0.0,0.0,0.0,0.0,0.0,0.0,0.0,0.0,0.0,0.0,0.0,0.0,0.0,0.0,0.0,0.0,0.0,0.0,0.0,0.0,0.0,0.0,59.00756097560976,0,1,0,1,0,0,0,0,0,0,1,3,1,2,1,1,1
562703,0,0.0,2450.19,0,0,2200.0,0,2015,12,5,0.0,0.0,0.0,0.0,999.0,0.0,0.0,0.0,0.0,0.0,0.0,0.0,0.0,0.0,0.0,0.0,0.0,0.0,0.0,0.0,0.0,0.0,0.0,0.0,0.0,0.0,0.0,0.0,0.0,0.0,0.0,0.0,0.0,0.2122905027932961,59.00756097560976,0,0,1,0,1,0,0,0,0,0,1,3,1,2,1,1,1
563428,1,23772.0,6687.59,0,0,107.0,1,2017,10,1,0.0,0.0,0.0,0.0,999.0,0.0,0.0,0.0,0.0,0.0,0.0,0.0,0.0,0.0,0.0,0.0,0.0,0.0,0.0,0.0,0.0,0.0,0.0,0.0,0.0,0.0,0.0,0.0,0.0,0.0,0.0,0.0,0.0,0.2122905027932961,59.00756097560976,0,1,0,1,0,0,0,0,0,1,0,3,1,2,1,1,1
565074,0,72333.0,2813.31,0,0,851.0,1,2017,2,4,0.0,0.0,0.0,0.0,999.0,0.0,0.0,0.0,0.0,0.0,0.0,0.0,0.0,0.0,0.0,0.0,0.0,0.0,0.0,0.0,0.0,0.0,0.0,0.0,0.0,0.0,0.0,0.0,0.0,0.0,0.0,0.0,0.0,0.2122905027932961,59.00756097560976,0,1,0,1,0,0,0,0,0,1,0,3,1,2,1,1,1
565227,0,15083.0,12947.68,0,0,2.0,0,2021,12,4,0.0,0.0,0.0,0.0,999.0,0.0,0.0,0.0,0.0,0.0,0.0,0.0,0.0,0.0,0.0,0.0,0.0,0.0,0.0,0.0,0.0,0.0,0.0,0.0,0.0,0.0,0.0,0.0,0.0,0.0,0.0,0.0,0.0,0.0,59.00756097560976,0,1,0,0,0,0,0,1,0,1,0,3,1,2,1,1,1
565634,0,0.0,20957.61,0,0,398.0,1,2016,10,2,0.0,0.0,0.0,0.0,999.0,0.0,0.0,0.0,0.0,0.0,0.0,0.0,0.0,0.0,0.0,0.0,0.0,0.0,0.0,0.0,0.0,0.0,0.0,0.0,0.0,0.0,0.0,0.0,0.0,0.0,0.0,0.0,0.0,0.2122905027932961,59.00756097560976,0,1,0,0,1,0,0,0,0,0,1,3,1,2,1,1,1
565787,1,94230.0,5526.44,0,0,265.0,1,2017,11,2,0.0,0.0,0.0,0.0,999.0,0.0,0.0,0.0,0.0,0.0,0.0,0.0,0.0,0.0,0.0,0.0,0.0,0.0,0.0,0.0,0.0,0.0,0.0,0.0,0.0,0.0,0.0,0.0,0.0,0.0,0.0,0.0,0.0,0.2122905027932961,59.00756097560976,0,0,1,1,0,0,0,0,0,1,0,3,1,2,1,1,1
566033,1,0.0,4015.21,0,0,402.0,1,2018,6,1,0.0,0.0,0.0,0.0,999.0,0.0,0.0,0.0,0.0,0.0,0.0,0.0,0.0,0.0,0.0,0.0,0.0,0.0,0.0,0.0,0.0,0.0,0.0,0.0,0.0,0.0,0.0,0.0,0.0,0.0,0.0,0.0,0.0,0.2122905027932961,59.00756097560976,0,0,1,0,1,0,0,0,0,1,0,3,1,2,1,1,1
566343,1,0.0,4548.29,0,0,479.0,1,2016,12,4,0.0,0.0,0.0,0.0,999.0,0.0,0.0,0.0,0.0,0.0,0.0,0.0,0.0,0.0,0.0,0.0,0.0,0.0,0.0,0.0,0.0,0.0,0.0,0.0,0.0,0.0,0.0,0.0,0.0,0.0,0.0,0.0,0.0,0.2122905027932961,59.00756097560976,0,0,1,0,1,0,0,0,0,1,0,3,1,2,1,1,1
566663,0,80210.0,2623.32,0,0,383.0,1,2018,9,1,0.0,0.0,0.0,0.0,999.0,0.0,0.0,0.0,0.0,0.0,0.0,0.0,0.0,0.0,0.0,0.0,0.0,0.0,0.0,0.0,0.0,0.0,0.0,0.0,0.0,0.0,0.0,0.0,0.0,0.0,0.0,0.0,0.0,0.2122905027932961,59.00756097560976,0,0,1,1,0,0,0,0,1,0,0,3,1,2,1,1,1
566802,1,23815.0,8257.67,0,0,484.0,1,2017,10,4,0.0,0.0,0.0,0.0,999.0,0.0,0.0,0.0,0.0,0.0,0.0,0.0,0.0,0.0,0.0,0.0,0.0,0.0,0.0,0.0,0.0,0.0,0.0,0.0,0.0,0.0,0.0,0.0,0.0,0.0,0.0,0.0,0.0,0.2122905027932961,59.00756097560976,0,0,1,0,0,1,0,0,0,1,0,3,1,2,1,1,1
567082,1,0.0,3123.08,0,0,243.0,1,2018,12,4,0.0,0.0,0.0,0.0,999.0,0.0,0.0,0.0,0.0,0.0,0.0,0.0,0.0,0.0,0.0,0.0,0.0,0.0,0.0,0.0,0.0,0.0,0.0,0.0,0.0,0.0,0.0,0.0,0.0,0.0,0.0,0.0,0.0,0.2122905027932961,59.00756097560976,0,0,1,0,1,0,0,0,0,1,0,3,1,2,1,1,1
568667,1,92783.0,4874.22,0,0,2192.0,0,2015,12,4,0.0,0.0,0.0,0.0,999.0,0.0,0.0,0.0,0.0,0.0,0.0,0.0,0.0,0.0,0.0,0.0,0.0,0.0,0.0,0.0,0.0,0.0,0.0,0.0,0.0,0.0,0.0,0.0,0.0,0.0,0.0,0.0,0.0,0.2122905027932961,59.00756097560976,0,1,0,1,0,0,0,0,0,1,0,3,1,2,1,1,1
568681,0,26334.0,5305.09,0,0,2240.0,0,2015,11,0,0.0,0.0,0.0,0.0,999.0,0.0,0.0,0.0,0.0,0.0,0.0,0.0,0.0,0.0,0.0,0.0,0.0,0.0,0.0,0.0,0.0,0.0,0.0,0.0,0.0,0.0,0.0,0.0,0.0,0.0,0.0,0.0,0.0,0.2122905027932961,59.00756097560976,0,0,1,0,0,0,1,0,0,0,1,3,1,2,1,1,1
570531,1,0.0,4160.16,0,0,243.0,1,2017,1,2,0.0,0.0,0.0,0.0,999.0,0.0,0.0,0.0,0.0,0.0,0.0,0.0,0.0,0.0,0.0,0.0,0.0,0.0,0.0,0.0,0.0,0.0,0.0,0.0,0.0,0.0,0.0,0.0,0.0,0.0,0.0,0.0,0.0,0.2122905027932961,59.00756097560976,0,1,0,0,1,0,0,0,0,0,1,3,1,2,1,1,1
570668,1,66466.0,8581.64,0,0,243.0,1,2016,12,2,0.0,0.0,0.0,0.0,999.0,0.0,0.0,0.0,0.0,0.0,0.0,0.0,0.0,0.0,0.0,0.0,0.0,0.0,0.0,0.0,0.0,0.0,0.0,0.0,0.0,0.0,0.0,0.0,0.0,0.0,0.0,0.0,0.0,0.2122905027932961,59.00756097560976,1,0,0,1,0,0,0,0,0,1,0,3,1,2,1,1,1
571406,1,23665.0,22658.54,0,0,243.0,1,2016,7,3,0.0,0.0,0.0,0.0,999.0,0.0,0.0,0.0,0.0,0.0,0.0,0.0,0.0,0.0,0.0,0.0,0.0,0.0,0.0,0.0,0.0,0.0,0.0,0.0,0.0,0.0,0.0,0.0,0.0,0.0,0.0,0.0,0.0,0.2122905027932961,59.00756097560976,0,0,1,0,0,0,0,1,0,1,0,3,1,2,1,1,1
571479,0,28466.0,4067.0,0,0,237.0,0,2021,5,1,0.0,0.0,0.0,0.0,999.0,0.0,0.0,0.0,0.0,0.0,0.0,0.0,0.0,0.0,0.0,0.0,0.0,0.0,0.0,0.0,0.0,0.0,0.0,0.0,0.0,0.0,0.0,0.0,0.0,0.0,0.0,0.0,0.0,0.0,59.00756097560976,0,0,1,1,0,0,0,0,0,1,0,3,1,2,1,1,1
571845,1,23650.0,4549.34,0,0,1154.0,1,2016,6,2,0.0,0.0,0.0,0.0,999.0,0.0,0.0,0.0,0.0,0.0,0.0,0.0,0.0,0.0,0.0,0.0,0.0,0.0,0.0,0.0,0.0,0.0,0.0,0.0,0.0,0.0,0.0,0.0,0.0,0.0,0.0,0.0,0.0,0.2122905027932961,59.00756097560976,0,0,1,0,0,0,1,0,0,1,0,3,1,2,1,1,1
572062,0,85447.0,5421.54,0,0,244.0,1,2016,4,3,0.0,0.0,0.0,0.0,999.0,0.0,0.0,0.0,0.0,0.0,0.0,0.0,0.0,0.0,0.0,0.0,0.0,0.0,0.0,0.0,0.0,0.0,0.0,0.0,0.0,0.0,0.0,0.0,0.0,0.0,0.0,0.0,0.0,0.2122905027932961,59.00756097560976,1,0,0,1,0,0,0,0,0,0,1,3,1,2,1,1,1
572463,0,25632.0,4929.55,0,0,242.0,1,2018,11,2,0.0,0.0,0.0,0.0,999.0,0.0,0.0,0.0,0.0,0.0,0.0,0.0,0.0,0.0,0.0,0.0,0.0,0.0,0.0,0.0,0.0,0.0,0.0,0.0,0.0,0.0,0.0,0.0,0.0,0.0,0.0,0.0,0.0,0.2122905027932961,59.00756097560976,0,0,1,1,0,0,0,0,0,1,0,3,1,2,1,1,1
573347,0,0.0,4700.42,0,0,24.0,0,2021,12,4,0.0,0.0,0.0,0.0,999.0,0.0,0.0,0.0,0.0,0.0,0.0,0.0,0.0,0.0,0.0,0.0,0.0,0.0,0.0,0.0,0.0,0.0,0.0,0.0,0.0,0.0,0.0,0.0,0.0,0.0,0.0,0.0,0.0,0.0,59.00756097560976,0,1,0,0,1,0,0,0,0,0,1,3,1,2,1,1,1
574492,0,0.0,34039.06,0,0,220.0,0,2021,5,0,0.0,0.0,0.0,0.0,999.0,0.0,0.0,0.0,0.0,0.0,0.0,0.0,0.0,0.0,0.0,0.0,0.0,0.0,0.0,0.0,0.0,0.0,0.0,0.0,0.0,0.0,0.0,0.0,0.0,0.0,0.0,0.0,0.0,0.0,59.00756097560976,0,1,0,0,1,0,0,0,1,0,0,3,1,2,1,1,1
574560,0,28666.0,4770.74,0,0,684.0,1,2017,6,1,0.0,0.0,0.0,0.0,999.0,0.0,0.0,0.0,0.0,0.0,0.0,0.0,0.0,0.0,0.0,0.0,0.0,0.0,0.0,0.0,0.0,0.0,0.0,0.0,0.0,0.0,0.0,0.0,0.0,0.0,0.0,0.0,0.0,0.2122905027932961,59.00756097560976,0,0,1,0,0,0,1,0,1,0,0,3,1,2,1,1,1
574613,1,61785.0,4928.4,0,0,2173.0,0,2016,1,1,0.0,0.0,0.0,0.0,999.0,0.0,0.0,0.0,0.0,0.0,0.0,0.0,0.0,0.0,0.0,0.0,0.0,0.0,0.0,0.0,0.0,0.0,0.0,0.0,0.0,0.0,0.0,0.0,0.0,0.0,0.0,0.0,0.0,0.2122905027932961,59.00756097560976,0,0,1,1,0,0,0,0,0,1,0,3,1,2,1,1,1
574627,0,19637.0,2521.16,0,0,56.0,0,2021,11,2,0.0,0.0,0.0,0.0,999.0,0.0,0.0,0.0,0.0,0.0,0.0,0.0,0.0,0.0,0.0,0.0,0.0,0.0,0.0,0.0,0.0,0.0,0.0,0.0,0.0,0.0,0.0,0.0,0.0,0.0,0.0,0.0,0.0,0.0,59.00756097560976,0,0,1,0,0,0,1,0,0,1,0,3,1,2,1,1,1
574688,1,81713.0,26864.2,0,0,2440.0,0,2015,4,2,0.0,0.0,0.0,0.0,999.0,0.0,0.0,0.0,0.0,0.0,0.0,0.0,0.0,0.0,0.0,0.0,0.0,0.0,0.0,0.0,0.0,0.0,0.0,0.0,0.0,0.0,0.0,0.0,0.0,0.0,0.0,0.0,0.0,0.2122905027932961,59.00756097560976,1,0,0,1,0,0,0,0,1,0,0,3,1,2,1,1,1
574745,0,25318.0,7367.65,0,0,2465.0,0,2015,4,4,0.0,0.0,0.0,0.0,999.0,0.0,0.0,0.0,0.0,0.0,0.0,0.0,0.0,0.0,0.0,0.0,0.0,0.0,0.0,0.0,0.0,0.0,0.0,0.0,0.0,0.0,0.0,0.0,0.0,0.0,0.0,0.0,0.0,0.2122905027932961,59.00756097560976,0,1,0,1,0,0,0,0,0,1,0,3,1,2,1,1,1
575089,1,55687.0,10963.96,0,0,7.0,0,2021,12,4,0.0,0.0,0.0,0.0,999.0,0.0,0.0,0.0,0.0,0.0,0.0,0.0,0.0,0.0,0.0,0.0,0.0,0.0,0.0,0.0,0.0,0.0,0.0,0.0,0.0,0.0,0.0,0.0,0.0,0.0,0.0,0.0,0.0,0.0,59.00756097560976,0,1,0,1,0,0,0,0,1,0,0,3,1,2,1,1,1
575145,1,73259.0,9217.13,0,0,244.0,1,2017,4,1,0.0,0.0,0.0,0.0,999.0,0.0,0.0,0.0,0.0,0.0,0.0,0.0,0.0,0.0,0.0,0.0,0.0,0.0,0.0,0.0,0.0,0.0,0.0,0.0,0.0,0.0,0.0,0.0,0.0,0.0,0.0,0.0,0.0,0.2122905027932961,59.00756097560976,1,0,0,1,0,0,0,0,0,1,0,3,1,2,1,1,1
575411,0,67371.0,5059.33,0,0,46.0,0,2021,11,1,0.0,0.0,0.0,0.0,999.0,0.0,0.0,0.0,0.0,0.0,0.0,0.0,0.0,0.0,0.0,0.0,0.0,0.0,0.0,0.0,0.0,0.0,0.0,0.0,0.0,0.0,0.0,0.0,0.0,0.0,0.0,0.0,0.0,0.0,59.00756097560976,0,0,1,1,0,0,0,0,0,1,0,3,1,2,1,1,1
576654,1,56228.0,2520.3,0,0,38.0,0,2021,11,1,0.0,0.0,0.0,0.0,999.0,0.0,0.0,0.0,0.0,0.0,0.0,0.0,0.0,0.0,0.0,0.0,0.0,0.0,0.0,0.0,0.0,0.0,0.0,0.0,0.0,0.0,0.0,0.0,0.0,0.0,0.0,0.0,0.0,0.0,59.00756097560976,0,0,1,1,0,0,0,0,0,0,1,3,1,2,1,1,1
577232,1,20396.0,6047.03,0,0,306.0,1,2017,11,0,0.0,0.0,0.0,0.0,999.0,0.0,0.0,0.0,0.0,0.0,0.0,0.0,0.0,0.0,0.0,0.0,0.0,0.0,0.0,0.0,0.0,0.0,0.0,0.0,0.0,0.0,0.0,0.0,0.0,0.0,0.0,0.0,0.0,0.2122905027932961,59.00756097560976,1,0,0,1,0,0,0,0,0,1,0,3,1,2,1,1,1
577998,0,34226.0,29091.24,0,0,413.0,1,2017,10,1,0.0,0.0,0.0,0.0,999.0,0.0,0.0,0.0,0.0,0.0,0.0,0.0,0.0,0.0,0.0,0.0,0.0,0.0,0.0,0.0,0.0,0.0,0.0,0.0,0.0,0.0,0.0,0.0,0.0,0.0,0.0,0.0,0.0,0.2122905027932961,59.00756097560976,0,1,0,1,0,0,0,0,0,1,0,3,1,2,1,1,1
578751,1,99205.0,2735.54,0,0,245.0,1,2018,5,2,0.0,0.0,0.0,0.0,999.0,0.0,0.0,0.0,0.0,0.0,0.0,0.0,0.0,0.0,0.0,0.0,0.0,0.0,0.0,0.0,0.0,0.0,0.0,0.0,0.0,0.0,0.0,0.0,0.0,0.0,0.0,0.0,0.0,0.2122905027932961,59.00756097560976,0,0,1,1,0,0,0,0,0,1,0,3,1,2,1,1,1
579245,0,56835.0,5387.93,0,0,245.0,1,2019,3,1,0.0,0.0,0.0,0.0,999.0,0.0,0.0,0.0,0.0,0.0,0.0,0.0,0.0,0.0,0.0,0.0,0.0,0.0,0.0,0.0,0.0,0.0,0.0,0.0,0.0,0.0,0.0,0.0,0.0,0.0,0.0,0.0,0.0,0.0,59.00756097560976,0,0,1,1,0,0,0,0,0,1,0,3,1,2,1,1,1
579584,0,11885.0,11315.2,0,0,163.0,1,2017,2,4,0.0,0.0,0.0,0.0,999.0,0.0,0.0,0.0,0.0,0.0,0.0,0.0,0.0,0.0,0.0,0.0,0.0,0.0,0.0,0.0,0.0,0.0,0.0,0.0,0.0,0.0,0.0,0.0,0.0,0.0,0.0,0.0,0.0,0.2122905027932961,59.00756097560976,1,0,0,0,0,1,0,0,1,0,0,3,1,2,1,1,1
580592,1,23860.0,8925.63,0,0,64.0,1,2016,5,4,0.0,0.0,0.0,0.0,999.0,0.0,0.0,0.0,0.0,0.0,0.0,0.0,0.0,0.0,0.0,0.0,0.0,0.0,0.0,0.0,0.0,0.0,0.0,0.0,0.0,0.0,0.0,0.0,0.0,0.0,0.0,0.0,0.0,0.2122905027932961,59.00756097560976,1,0,0,1,0,0,0,0,0,1,0,3,1,2,1,1,1
580628,1,20868.0,4429.19,0,0,2418.0,0,2015,5,2,0.0,0.0,0.0,0.0,999.0,0.0,0.0,0.0,0.0,0.0,0.0,0.0,0.0,0.0,0.0,0.0,0.0,0.0,0.0,0.0,0.0,0.0,0.0,0.0,0.0,0.0,0.0,0.0,0.0,0.0,0.0,0.0,0.0,0.2122905027932961,59.00756097560976,0,0,1,1,0,0,0,0,0,1,0,3,1,2,1,1,1
581380,0,22590.0,2424.22,0,0,582.0,1,2017,5,1,0.0,0.0,0.0,0.0,999.0,0.0,0.0,0.0,0.0,0.0,0.0,0.0,0.0,0.0,0.0,0.0,0.0,0.0,0.0,0.0,0.0,0.0,0.0,0.0,0.0,0.0,0.0,0.0,0.0,0.0,0.0,0.0,0.0,0.2122905027932961,59.00756097560976,0,0,1,0,0,1,0,0,0,0,1,3,1,2,1,1,1
581419,1,0.0,8278.79,0,0,8.0,0,2021,12,5,0.0,0.0,0.0,0.0,999.0,0.0,0.0,0.0,0.0,0.0,0.0,0.0,0.0,0.0,0.0,0.0,0.0,0.0,0.0,0.0,0.0,0.0,0.0,0.0,0.0,0.0,0.0,0.0,0.0,0.0,0.0,0.0,0.0,0.0,59.00756097560976,0,0,1,0,1,0,0,0,0,1,0,3,1,2,1,1,1
582097,0,62464.0,8658.86,0,0,243.0,1,2017,10,1,0.0,0.0,0.0,0.0,999.0,0.0,0.0,0.0,0.0,0.0,0.0,0.0,0.0,0.0,0.0,0.0,0.0,0.0,0.0,0.0,0.0,0.0,0.0,0.0,0.0,0.0,0.0,0.0,0.0,0.0,0.0,0.0,0.0,0.2122905027932961,59.00756097560976,0,0,1,1,0,0,0,0,0,1,0,3,1,2,1,1,1
582166,0,39482.0,6006.44,0,0,130.0,1,2018,4,2,0.0,0.0,0.0,0.0,999.0,0.0,0.0,0.0,0.0,0.0,0.0,0.0,0.0,0.0,0.0,0.0,0.0,0.0,0.0,0.0,0.0,0.0,0.0,0.0,0.0,0.0,0.0,0.0,0.0,0.0,0.0,0.0,0.0,0.2122905027932961,59.00756097560976,0,1,0,1,0,0,0,0,1,0,0,3,1,2,1,1,1
582244,0,60884.0,6165.86,0,0,2453.0,0,2015,4,3,0.0,0.0,0.0,0.0,999.0,0.0,0.0,0.0,0.0,0.0,0.0,0.0,0.0,0.0,0.0,0.0,0.0,0.0,0.0,0.0,0.0,0.0,0.0,0.0,0.0,0.0,0.0,0.0,0.0,0.0,0.0,0.0,0.0,0.2122905027932961,59.00756097560976,1,0,0,1,0,0,0,0,0,1,0,3,1,2,1,1,1
582256,0,0.0,8569.36,0,0,243.0,1,2019,1,1,0.0,0.0,0.0,0.0,999.0,0.0,0.0,0.0,0.0,0.0,0.0,0.0,0.0,0.0,0.0,0.0,0.0,0.0,0.0,0.0,0.0,0.0,0.0,0.0,0.0,0.0,0.0,0.0,0.0,0.0,0.0,0.0,0.0,0.0,59.00756097560976,0,1,0,0,1,0,0,0,0,1,0,3,1,2,1,1,1
583165,1,88663.0,6382.05,0,0,226.0,1,2016,5,4,0.0,0.0,0.0,0.0,999.0,0.0,0.0,0.0,0.0,0.0,0.0,0.0,0.0,0.0,0.0,0.0,0.0,0.0,0.0,0.0,0.0,0.0,0.0,0.0,0.0,0.0,0.0,0.0,0.0,0.0,0.0,0.0,0.0,0.2122905027932961,59.00756097560976,1,0,0,1,0,0,0,0,0,1,0,3,1,2,1,1,1
584426,0,37308.0,6899.71,0,0,244.0,1,2016,1,1,0.0,0.0,0.0,0.0,999.0,0.0,0.0,0.0,0.0,0.0,0.0,0.0,0.0,0.0,0.0,0.0,0.0,0.0,0.0,0.0,0.0,0.0,0.0,0.0,0.0,0.0,0.0,0.0,0.0,0.0,0.0,0.0,0.0,0.2122905027932961,59.00756097560976,0,0,1,1,0,0,0,0,0,1,0,3,1,2,1,1,1
585066,1,67837.0,2675.57,0,0,4.0,0,2021,12,4,0.0,0.0,0.0,0.0,999.0,0.0,0.0,0.0,0.0,0.0,0.0,0.0,0.0,0.0,0.0,0.0,0.0,0.0,0.0,0.0,0.0,0.0,0.0,0.0,0.0,0.0,0.0,0.0,0.0,0.0,0.0,0.0,0.0,0.0,59.00756097560976,0,0,1,1,0,0,0,0,0,1,0,3,1,2,1,1,1
585162,1,48156.0,5666.7,0,0,262.0,1,2018,7,2,0.0,0.0,0.0,0.0,999.0,0.0,0.0,0.0,0.0,0.0,0.0,0.0,0.0,0.0,0.0,0.0,0.0,0.0,0.0,0.0,0.0,0.0,0.0,0.0,0.0,0.0,0.0,0.0,0.0,0.0,0.0,0.0,0.0,0.2122905027932961,59.00756097560976,0,0,1,1,0,0,0,0,1,0,0,3,1,2,1,1,1
585495,0,21514.0,11981.98,0,0,245.0,1,2017,5,4,0.0,0.0,0.0,0.0,999.0,0.0,0.0,0.0,0.0,0.0,0.0,0.0,0.0,0.0,0.0,0.0,0.0,0.0,0.0,0.0,0.0,0.0,0.0,0.0,0.0,0.0,0.0,0.0,0.0,0.0,0.0,0.0,0.0,0.2122905027932961,59.00756097560976,1,0,0,0,0,0,0,1,0,1,0,3,1,2,1,1,1
587769,1,23059.0,9421.1,0,0,9.0,0,2021,12,1,0.0,0.0,0.0,0.0,999.0,0.0,0.0,0.0,0.0,0.0,0.0,0.0,0.0,0.0,0.0,0.0,0.0,0.0,0.0,0.0,0.0,0.0,0.0,0.0,0.0,0.0,0.0,0.0,0.0,0.0,0.0,0.0,0.0,0.0,59.00756097560976,0,0,1,0,0,1,0,0,1,0,0,3,1,2,1,1,1
589394,0,80985.0,2707.21,0,0,2217.0,0,2015,12,1,0.0,0.0,0.0,0.0,999.0,0.0,0.0,0.0,0.0,0.0,0.0,0.0,0.0,0.0,0.0,0.0,0.0,0.0,0.0,0.0,0.0,0.0,0.0,0.0,0.0,0.0,0.0,0.0,0.0,0.0,0.0,0.0,0.0,0.2122905027932961,59.00756097560976,0,0,1,1,0,0,0,0,0,1,0,3,1,2,1,1,1
590012,0,41479.0,3746.75,0,0,245.0,1,2018,6,1,0.0,0.0,0.0,0.0,999.0,0.0,0.0,0.0,0.0,0.0,0.0,0.0,0.0,0.0,0.0,0.0,0.0,0.0,0.0,0.0,0.0,0.0,0.0,0.0,0.0,0.0,0.0,0.0,0.0,0.0,0.0,0.0,0.0,0.2122905027932961,59.00756097560976,0,1,0,1,0,0,0,0,0,1,0,3,1,2,1,1,1
591576,0,0.0,4531.68,0,0,2236.0,0,2015,11,4,0.0,0.0,0.0,0.0,999.0,0.0,0.0,0.0,0.0,0.0,0.0,0.0,0.0,0.0,0.0,0.0,0.0,0.0,0.0,0.0,0.0,0.0,0.0,0.0,0.0,0.0,0.0,0.0,0.0,0.0,0.0,0.0,0.0,0.2122905027932961,59.00756097560976,0,0,1,0,1,0,0,0,0,0,1,3,1,2,1,1,1
592213,0,82887.0,2664.24,0,0,243.0,1,2017,8,1,0.0,0.0,0.0,0.0,999.0,0.0,0.0,0.0,0.0,0.0,0.0,0.0,0.0,0.0,0.0,0.0,0.0,0.0,0.0,0.0,0.0,0.0,0.0,0.0,0.0,0.0,0.0,0.0,0.0,0.0,0.0,0.0,0.0,0.2122905027932961,59.00756097560976,0,0,1,1,0,0,0,0,0,1,0,3,1,2,1,1,1
592515,1,58498.0,2570.16,0,0,2306.0,0,2015,9,0,0.0,0.0,0.0,0.0,999.0,0.0,0.0,0.0,0.0,0.0,0.0,0.0,0.0,0.0,0.0,0.0,0.0,0.0,0.0,0.0,0.0,0.0,0.0,0.0,0.0,0.0,0.0,0.0,0.0,0.0,0.0,0.0,0.0,0.2122905027932961,59.00756097560976,0,0,1,1,0,0,0,0,0,1,0,3,1,2,1,1,1
592532,0,63860.0,2472.47,0,0,2332.0,0,2015,8,3,0.0,0.0,0.0,0.0,999.0,0.0,0.0,0.0,0.0,0.0,0.0,0.0,0.0,0.0,0.0,0.0,0.0,0.0,0.0,0.0,0.0,0.0,0.0,0.0,0.0,0.0,0.0,0.0,0.0,0.0,0.0,0.0,0.0,0.2122905027932961,59.00756097560976,0,0,1,1,0,0,0,0,0,1,0,3,1,2,1,1,1
593885,1,26811.0,5700.76,0,0,32.0,0,2021,11,5,0.0,0.0,0.0,0.0,999.0,0.0,0.0,0.0,0.0,0.0,0.0,0.0,0.0,0.0,0.0,0.0,0.0,0.0,0.0,0.0,0.0,0.0,0.0,0.0,0.0,0.0,0.0,0.0,0.0,0.0,0.0,0.0,0.0,0.0,59.00756097560976,1,0,0,1,0,0,0,0,0,1,0,3,1,2,1,1,1
594200,0,0.0,15563.37,0,0,23.0,0,2021,12,4,0.0,0.0,0.0,0.0,999.0,0.0,0.0,0.0,0.0,0.0,0.0,0.0,0.0,0.0,0.0,0.0,0.0,0.0,0.0,0.0,0.0,0.0,0.0,0.0,0.0,0.0,0.0,0.0,0.0,0.0,0.0,0.0,0.0,0.0,59.00756097560976,1,0,0,0,1,0,0,0,0,1,0,3,1,2,1,1,1
594468,0,0.0,18542.3,0,0,433.0,1,2018,9,3,0.0,0.0,0.0,0.0,999.0,0.0,0.0,0.0,0.0,0.0,0.0,0.0,0.0,0.0,0.0,0.0,0.0,0.0,0.0,0.0,0.0,0.0,0.0,0.0,0.0,0.0,0.0,0.0,0.0,0.0,0.0,0.0,0.0,0.2122905027932961,59.00756097560976,0,0,1,0,1,0,0,0,0,1,0,3,1,2,1,1,1
594626,0,33811.0,7221.15,0,0,545.0,1,2017,12,4,0.0,0.0,0.0,0.0,999.0,0.0,0.0,0.0,0.0,0.0,0.0,0.0,0.0,0.0,0.0,0.0,0.0,0.0,0.0,0.0,0.0,0.0,0.0,0.0,0.0,0.0,0.0,0.0,0.0,0.0,0.0,0.0,0.0,0.2122905027932961,59.00756097560976,0,1,0,1,0,0,0,0,0,1,0,3,1,2,1,1,1
595529,0,98118.0,6375.08,0,0,242.0,1,2018,2,4,0.0,0.0,0.0,0.0,999.0,0.0,0.0,0.0,0.0,0.0,0.0,0.0,0.0,0.0,0.0,0.0,0.0,0.0,0.0,0.0,0.0,0.0,0.0,0.0,0.0,0.0,0.0,0.0,0.0,0.0,0.0,0.0,0.0,0.2122905027932961,59.00756097560976,0,0,1,1,0,0,0,0,0,0,1,3,1,2,1,1,1
595775,1,22981.0,2393.12,0,0,21.0,0,2021,12,3,0.0,0.0,0.0,0.0,999.0,0.0,0.0,0.0,0.0,0.0,0.0,0.0,0.0,0.0,0.0,0.0,0.0,0.0,0.0,0.0,0.0,0.0,0.0,0.0,0.0,0.0,0.0,0.0,0.0,0.0,0.0,0.0,0.0,0.0,59.00756097560976,0,0,1,0,0,0,1,0,0,0,1,3,1,2,1,1,1
596033,0,13789.0,3041.79,0,0,405.0,1,2018,8,5,0.0,0.0,0.0,0.0,999.0,0.0,0.0,0.0,0.0,0.0,0.0,0.0,0.0,0.0,0.0,0.0,0.0,0.0,0.0,0.0,0.0,0.0,0.0,0.0,0.0,0.0,0.0,0.0,0.0,0.0,0.0,0.0,0.0,0.2122905027932961,59.00756097560976,0,0,1,0,0,1,0,0,1,0,0,3,1,2,1,1,1
596173,1,33901.0,20003.14,0,0,243.0,1,2018,8,4,0.0,0.0,0.0,0.0,999.0,0.0,0.0,0.0,0.0,0.0,0.0,0.0,0.0,0.0,0.0,0.0,0.0,0.0,0.0,0.0,0.0,0.0,0.0,0.0,0.0,0.0,0.0,0.0,0.0,0.0,0.0,0.0,0.0,0.2122905027932961,59.00756097560976,1,0,0,1,0,0,0,0,0,1,0,3,1,2,1,1,1
597124,1,0.0,5373.72,0,0,1226.0,1,2016,3,3,0.0,0.0,0.0,0.0,999.0,0.0,0.0,0.0,0.0,0.0,0.0,0.0,0.0,0.0,0.0,0.0,0.0,0.0,0.0,0.0,0.0,0.0,0.0,0.0,0.0,0.0,0.0,0.0,0.0,0.0,0.0,0.0,0.0,0.2122905027932961,59.00756097560976,0,1,0,0,1,0,0,0,0,1,0,3,1,2,1,1,1
597522,1,0.0,3649.19,0,0,242.0,1,2018,9,3,0.0,0.0,0.0,0.0,999.0,0.0,0.0,0.0,0.0,0.0,0.0,0.0,0.0,0.0,0.0,0.0,0.0,0.0,0.0,0.0,0.0,0.0,0.0,0.0,0.0,0.0,0.0,0.0,0.0,0.0,0.0,0.0,0.0,0.2122905027932961,59.00756097560976,0,1,0,0,1,0,0,0,0,0,1,3,1,2,1,1,1
598258,0,77693.0,5256.92,0,0,624.0,1,2018,3,2,0.0,0.0,0.0,0.0,999.0,0.0,0.0,0.0,0.0,0.0,0.0,0.0,0.0,0.0,0.0,0.0,0.0,0.0,0.0,0.0,0.0,0.0,0.0,0.0,0.0,0.0,0.0,0.0,0.0,0.0,0.0,0.0,0.0,0.2122905027932961,59.00756097560976,1,0,0,1,0,0,0,0,0,1,0,3,1,2,1,1,1
600220,0,0.0,8107.27,0,0,2423.0,0,2015,5,1,0.0,0.0,0.0,0.0,999.0,0.0,0.0,0.0,0.0,0.0,0.0,0.0,0.0,0.0,0.0,0.0,0.0,0.0,0.0,0.0,0.0,0.0,0.0,0.0,0.0,0.0,0.0,0.0,0.0,0.0,0.0,0.0,0.0,0.2122905027932961,59.00756097560976,0,1,0,0,1,0,0,0,0,1,0,3,1,2,1,1,1
600820,1,24368.0,4992.92,0,0,2380.0,0,2015,6,4,0.0,0.0,0.0,0.0,999.0,0.0,0.0,0.0,0.0,0.0,0.0,0.0,0.0,0.0,0.0,0.0,0.0,0.0,0.0,0.0,0.0,0.0,0.0,0.0,0.0,0.0,0.0,0.0,0.0,0.0,0.0,0.0,0.0,0.2122905027932961,59.00756097560976,1,0,0,0,0,1,0,0,1,0,0,3,1,2,1,1,1
600923,1,34335.0,8023.08,0,0,1320.0,1,2016,1,4,0.0,0.0,0.0,0.0,999.0,0.0,0.0,0.0,0.0,0.0,0.0,0.0,0.0,0.0,0.0,0.0,0.0,0.0,0.0,0.0,0.0,0.0,0.0,0.0,0.0,0.0,0.0,0.0,0.0,0.0,0.0,0.0,0.0,0.2122905027932961,59.00756097560976,1,0,0,1,0,0,0,0,0,1,0,3,1,2,1,1,1
601068,1,0.0,8430.06,0,0,450.0,1,2018,10,1,0.0,0.0,0.0,0.0,999.0,0.0,0.0,0.0,0.0,0.0,0.0,0.0,0.0,0.0,0.0,0.0,0.0,0.0,0.0,0.0,0.0,0.0,0.0,0.0,0.0,0.0,0.0,0.0,0.0,0.0,0.0,0.0,0.0,0.2122905027932961,59.00756097560976,1,0,0,0,1,0,0,0,0,1,0,3,1,2,1,1,1
601997,0,80540.0,22758.91,0,0,75.0,0,2021,10,4,0.0,0.0,0.0,0.0,999.0,0.0,0.0,0.0,0.0,0.0,0.0,0.0,0.0,0.0,0.0,0.0,0.0,0.0,0.0,0.0,0.0,0.0,0.0,0.0,0.0,0.0,0.0,0.0,0.0,0.0,0.0,0.0,0.0,0.0,59.00756097560976,0,0,1,1,0,0,0,0,0,1,0,3,1,2,1,1,1
602043,0,39049.0,14932.1,0,0,44.0,0,2021,11,4,0.0,0.0,0.0,0.0,999.0,0.0,0.0,0.0,0.0,0.0,0.0,0.0,0.0,0.0,0.0,0.0,0.0,0.0,0.0,0.0,0.0,0.0,0.0,0.0,0.0,0.0,0.0,0.0,0.0,0.0,0.0,0.0,0.0,0.0,59.00756097560976,0,0,1,1,0,0,0,0,0,1,0,3,1,2,1,1,1
603248,1,0.0,4157.7,0,0,242.0,1,2019,2,2,0.0,0.0,0.0,0.0,999.0,0.0,0.0,0.0,0.0,0.0,0.0,0.0,0.0,0.0,0.0,0.0,0.0,0.0,0.0,0.0,0.0,0.0,0.0,0.0,0.0,0.0,0.0,0.0,0.0,0.0,0.0,0.0,0.0,0.0,59.00756097560976,0,0,1,0,1,0,0,0,0,1,0,3,1,2,1,1,1
604039,1,50406.0,5519.08,0,0,1277.0,1,2016,1,2,0.0,0.0,0.0,0.0,999.0,0.0,0.0,0.0,0.0,0.0,0.0,0.0,0.0,0.0,0.0,0.0,0.0,0.0,0.0,0.0,0.0,0.0,0.0,0.0,0.0,0.0,0.0,0.0,0.0,0.0,0.0,0.0,0.0,0.2122905027932961,59.00756097560976,0,1,0,1,0,0,0,0,1,0,0,3,1,2,1,1,1
604076,1,0.0,2525.42,0,0,244.0,1,2019,4,1,0.0,0.0,0.0,0.0,999.0,0.0,0.0,0.0,0.0,0.0,0.0,0.0,0.0,0.0,0.0,0.0,0.0,0.0,0.0,0.0,0.0,0.0,0.0,0.0,0.0,0.0,0.0,0.0,0.0,0.0,0.0,0.0,0.0,0.0,59.00756097560976,0,0,1,0,1,0,0,0,0,1,0,3,1,2,1,1,1
604328,0,31535.0,2713.37,0,0,1.0,0,2021,12,1,0.0,0.0,0.0,0.0,999.0,0.0,0.0,0.0,0.0,0.0,0.0,0.0,0.0,0.0,0.0,0.0,0.0,0.0,0.0,0.0,0.0,0.0,0.0,0.0,0.0,0.0,0.0,0.0,0.0,0.0,0.0,0.0,0.0,0.0,59.00756097560976,0,0,1,1,0,0,0,0,0,0,1,3,1,2,1,1,1
604630,1,40870.0,12731.95,0,0,245.0,1,2018,3,4,0.0,0.0,0.0,0.0,999.0,0.0,0.0,0.0,0.0,0.0,0.0,0.0,0.0,0.0,0.0,0.0,0.0,0.0,0.0,0.0,0.0,0.0,0.0,0.0,0.0,0.0,0.0,0.0,0.0,0.0,0.0,0.0,0.0,0.2122905027932961,59.00756097560976,0,0,1,1,0,0,0,0,0,1,0,3,1,2,1,1,1
604825,1,25632.0,4929.55,0,0,2.0,0,2021,12,1,0.0,0.0,0.0,0.0,999.0,0.0,0.0,0.0,0.0,0.0,0.0,0.0,0.0,0.0,0.0,0.0,0.0,0.0,0.0,0.0,0.0,0.0,0.0,0.0,0.0,0.0,0.0,0.0,0.0,0.0,0.0,0.0,0.0,0.0,59.00756097560976,0,0,1,1,0,0,0,0,0,1,0,3,1,2,1,1,1
604839,0,48608.0,2595.85,0,0,243.0,1,2016,10,4,0.0,0.0,0.0,0.0,999.0,0.0,0.0,0.0,0.0,0.0,0.0,0.0,0.0,0.0,0.0,0.0,0.0,0.0,0.0,0.0,0.0,0.0,0.0,0.0,0.0,0.0,0.0,0.0,0.0,0.0,0.0,0.0,0.0,0.2122905027932961,59.00756097560976,0,0,1,1,0,0,0,0,1,0,0,3,1,2,1,1,1
605768,1,37282.0,25169.19,0,0,18.0,0,2021,12,4,0.0,0.0,0.0,0.0,999.0,0.0,0.0,0.0,0.0,0.0,0.0,0.0,0.0,0.0,0.0,0.0,0.0,0.0,0.0,0.0,0.0,0.0,0.0,0.0,0.0,0.0,0.0,0.0,0.0,0.0,0.0,0.0,0.0,0.0,59.00756097560976,1,0,0,1,0,0,0,0,0,1,0,3,1,2,1,1,1
606076,0,61846.0,4465.34,0,0,40.0,0,2021,11,5,0.0,0.0,0.0,0.0,999.0,0.0,0.0,0.0,0.0,0.0,0.0,0.0,0.0,0.0,0.0,0.0,0.0,0.0,0.0,0.0,0.0,0.0,0.0,0.0,0.0,0.0,0.0,0.0,0.0,0.0,0.0,0.0,0.0,0.0,59.00756097560976,0,0,1,1,0,0,0,0,0,1,0,3,1,2,1,1,1
606117,0,47197.0,9805.83,0,0,64.0,1,2017,2,5,0.0,0.0,0.0,0.0,999.0,0.0,0.0,0.0,0.0,0.0,0.0,0.0,0.0,0.0,0.0,0.0,0.0,0.0,0.0,0.0,0.0,0.0,0.0,0.0,0.0,0.0,0.0,0.0,0.0,0.0,0.0,0.0,0.0,0.2122905027932961,59.00756097560976,0,1,0,1,0,0,0,0,0,1,0,3,1,2,1,1,1
606811,0,90778.0,6131.66,0,0,2418.0,0,2015,5,1,0.0,0.0,0.0,0.0,999.0,0.0,0.0,0.0,0.0,0.0,0.0,0.0,0.0,0.0,0.0,0.0,0.0,0.0,0.0,0.0,0.0,0.0,0.0,0.0,0.0,0.0,0.0,0.0,0.0,0.0,0.0,0.0,0.0,0.2122905027932961,59.00756097560976,1,0,0,1,0,0,0,0,0,1,0,3,1,2,1,1,1
607266,1,40964.0,5824.82,0,0,2.0,1,2019,3,2,0.0,0.0,0.0,0.0,999.0,0.0,0.0,0.0,0.0,0.0,0.0,0.0,0.0,0.0,0.0,0.0,0.0,0.0,0.0,0.0,0.0,0.0,0.0,0.0,0.0,0.0,0.0,0.0,0.0,0.0,0.0,0.0,0.0,0.0,59.00756097560976,1,0,0,1,0,0,0,0,0,1,0,3,1,2,1,1,1
607752,0,56334.0,5169.56,0,0,678.0,1,2016,2,4,0.0,0.0,0.0,0.0,999.0,0.0,0.0,0.0,0.0,0.0,0.0,0.0,0.0,0.0,0.0,0.0,0.0,0.0,0.0,0.0,0.0,0.0,0.0,0.0,0.0,0.0,0.0,0.0,0.0,0.0,0.0,0.0,0.0,0.2122905027932961,59.00756097560976,0,1,0,1,0,0,0,0,0,1,0,3,1,2,1,1,1
608504,0,75651.0,9766.22,0,0,2359.0,0,2015,7,2,0.0,0.0,0.0,0.0,999.0,0.0,0.0,0.0,0.0,0.0,0.0,0.0,0.0,0.0,0.0,0.0,0.0,0.0,0.0,0.0,0.0,0.0,0.0,0.0,0.0,0.0,0.0,0.0,0.0,0.0,0.0,0.0,0.0,0.2122905027932961,59.00756097560976,1,0,0,1,0,0,0,0,0,1,0,3,1,2,1,1,1
609878,0,46922.0,5092.79,0,0,567.0,1,2018,3,1,0.0,0.0,0.0,0.0,999.0,0.0,0.0,0.0,0.0,0.0,0.0,0.0,0.0,0.0,0.0,0.0,0.0,0.0,0.0,0.0,0.0,0.0,0.0,0.0,0.0,0.0,0.0,0.0,0.0,0.0,0.0,0.0,0.0,0.2122905027932961,59.00756097560976,0,0,1,1,0,0,0,0,0,1,0,3,1,2,1,1,1
610631,1,72885.0,9667.13,0,0,361.0,1,2018,2,2,0.0,0.0,0.0,0.0,999.0,0.0,0.0,0.0,0.0,0.0,0.0,0.0,0.0,0.0,0.0,0.0,0.0,0.0,0.0,0.0,0.0,0.0,0.0,0.0,0.0,0.0,0.0,0.0,0.0,0.0,0.0,0.0,0.0,0.2122905027932961,59.00756097560976,0,1,0,1,0,0,0,0,1,0,0,3,1,2,1,1,1
610860,1,72672.0,5035.74,0,0,464.0,1,2017,2,1,0.0,0.0,0.0,0.0,999.0,0.0,0.0,0.0,0.0,0.0,0.0,0.0,0.0,0.0,0.0,0.0,0.0,0.0,0.0,0.0,0.0,0.0,0.0,0.0,0.0,0.0,0.0,0.0,0.0,0.0,0.0,0.0,0.0,0.2122905027932961,59.00756097560976,0,1,0,1,0,0,0,0,0,1,0,3,1,2,1,1,1
611247,0,93854.0,7081.69,0,0,2326.0,0,2015,8,4,0.0,0.0,0.0,0.0,999.0,0.0,0.0,0.0,0.0,0.0,0.0,0.0,0.0,0.0,0.0,0.0,0.0,0.0,0.0,0.0,0.0,0.0,0.0,0.0,0.0,0.0,0.0,0.0,0.0,0.0,0.0,0.0,0.0,0.2122905027932961,59.00756097560976,1,0,0,1,0,0,0,0,0,1,0,3,1,2,1,1,1
612370,0,0.0,2774.8,0,0,255.0,1,2018,12,3,0.0,0.0,0.0,0.0,999.0,0.0,0.0,0.0,0.0,0.0,0.0,0.0,0.0,0.0,0.0,0.0,0.0,0.0,0.0,0.0,0.0,0.0,0.0,0.0,0.0,0.0,0.0,0.0,0.0,0.0,0.0,0.0,0.0,0.2122905027932961,59.00756097560976,0,1,0,0,1,0,0,0,1,0,0,3,1,2,1,1,1
612595,0,77485.0,3109.01,0,1,68.0,0,2021,10,4,0.0,0.0,0.0,0.0,999.0,0.0,0.0,0.0,0.0,0.0,0.0,0.0,0.0,0.0,0.0,0.0,0.0,0.0,0.0,0.0,0.0,0.0,0.0,0.0,0.0,0.0,0.0,0.0,0.0,0.0,0.0,0.0,0.0,0.0,59.00756097560976,0,1,0,1,0,0,0,0,0,1,0,3,1,2,1,1,1
612742,0,31320.0,5785.22,0,0,824.0,1,2016,1,5,0.0,0.0,0.0,0.0,999.0,0.0,0.0,0.0,0.0,0.0,0.0,0.0,0.0,0.0,0.0,0.0,0.0,0.0,0.0,0.0,0.0,0.0,0.0,0.0,0.0,0.0,0.0,0.0,0.0,0.0,0.0,0.0,0.0,0.2122905027932961,59.00756097560976,0,1,0,1,0,0,0,0,0,1,0,3,1,2,1,1,1
613709,0,0.0,5770.68,0,0,25.0,0,2021,12,1,0.0,0.0,0.0,0.0,999.0,0.0,0.0,0.0,0.0,0.0,0.0,0.0,0.0,0.0,0.0,0.0,0.0,0.0,0.0,0.0,0.0,0.0,0.0,0.0,0.0,0.0,0.0,0.0,0.0,0.0,0.0,0.0,0.0,0.0,59.00756097560976,1,0,0,0,1,0,0,0,0,0,1,3,1,2,1,1,1
614428,1,60804.0,3679.14,0,0,3.0,0,2021,12,1,0.0,0.0,0.0,0.0,999.0,0.0,0.0,0.0,0.0,0.0,0.0,0.0,0.0,0.0,0.0,0.0,0.0,0.0,0.0,0.0,0.0,0.0,0.0,0.0,0.0,0.0,0.0,0.0,0.0,0.0,0.0,0.0,0.0,0.0,59.00756097560976,0,0,1,1,0,0,0,0,0,1,0,3,1,2,1,1,1
614720,1,24976.0,5493.02,0,0,13.0,0,2021,12,1,0.0,0.0,0.0,0.0,999.0,0.0,0.0,0.0,0.0,0.0,0.0,0.0,0.0,0.0,0.0,0.0,0.0,0.0,0.0,0.0,0.0,0.0,0.0,0.0,0.0,0.0,0.0,0.0,0.0,0.0,0.0,0.0,0.0,0.0,59.00756097560976,0,0,1,1,0,0,0,0,0,0,1,3,1,2,1,1,1
616522,1,39854.0,5217.51,0,0,15.0,0,2021,12,3,0.0,0.0,0.0,0.0,999.0,0.0,0.0,0.0,0.0,0.0,0.0,0.0,0.0,0.0,0.0,0.0,0.0,0.0,0.0,0.0,0.0,0.0,0.0,0.0,0.0,0.0,0.0,0.0,0.0,0.0,0.0,0.0,0.0,0.0,59.00756097560976,0,0,1,1,0,0,0,0,1,0,0,3,1,2,1,1,1
616611,1,70950.0,6898.46,0,0,563.0,1,2016,8,5,0.0,0.0,0.0,0.0,999.0,0.0,0.0,0.0,0.0,0.0,0.0,0.0,0.0,0.0,0.0,0.0,0.0,0.0,0.0,0.0,0.0,0.0,0.0,0.0,0.0,0.0,0.0,0.0,0.0,0.0,0.0,0.0,0.0,0.2122905027932961,59.00756097560976,0,1,0,1,0,0,0,0,0,1,0,3,1,2,1,1,1
620587,0,37929.0,4682.25,0,0,8.0,0,2021,12,2,0.0,0.0,0.0,0.0,999.0,0.0,0.0,0.0,0.0,0.0,0.0,0.0,0.0,0.0,0.0,0.0,0.0,0.0,0.0,0.0,0.0,0.0,0.0,0.0,0.0,0.0,0.0,0.0,0.0,0.0,0.0,0.0,0.0,0.0,59.00756097560976,0,0,1,1,0,0,0,0,1,0,0,3,1,2,1,1,1
622269,1,21342.0,4949.8,0,0,221.0,1,2017,4,5,0.0,0.0,0.0,0.0,999.0,0.0,0.0,0.0,0.0,0.0,0.0,0.0,0.0,0.0,0.0,0.0,0.0,0.0,0.0,0.0,0.0,0.0,0.0,0.0,0.0,0.0,0.0,0.0,0.0,0.0,0.0,0.0,0.0,0.2122905027932961,59.00756097560976,1,0,0,1,0,0,0,0,0,1,0,3,1,2,1,1,1
622632,1,85470.0,8661.74,0,0,58.0,1,2018,8,4,0.0,0.0,0.0,0.0,999.0,0.0,0.0,0.0,0.0,0.0,0.0,0.0,0.0,0.0,0.0,0.0,0.0,0.0,0.0,0.0,0.0,0.0,0.0,0.0,0.0,0.0,0.0,0.0,0.0,0.0,0.0,0.0,0.0,0.2122905027932961,59.00756097560976,0,1,0,1,0,0,0,0,0,0,1,3,1,2,1,1,1
622801,0,40870.0,12731.95,0,0,243.0,1,2016,12,1,0.0,0.0,0.0,0.0,999.0,0.0,0.0,0.0,0.0,0.0,0.0,0.0,0.0,0.0,0.0,0.0,0.0,0.0,0.0,0.0,0.0,0.0,0.0,0.0,0.0,0.0,0.0,0.0,0.0,0.0,0.0,0.0,0.0,0.2122905027932961,59.00756097560976,0,1,0,1,0,0,0,0,0,1,0,3,1,2,1,1,1
622953,0,27357.0,4688.46,0,0,250.0,1,2017,2,4,0.0,0.0,0.0,0.0,999.0,0.0,0.0,0.0,0.0,0.0,0.0,0.0,0.0,0.0,0.0,0.0,0.0,0.0,0.0,0.0,0.0,0.0,0.0,0.0,0.0,0.0,0.0,0.0,0.0,0.0,0.0,0.0,0.0,0.2122905027932961,59.00756097560976,0,1,0,0,0,1,0,0,0,1,0,3,1,2,1,1,1
622992,0,43072.0,2523.07,0,0,55.0,0,2021,11,5,0.0,0.0,0.0,0.0,999.0,0.0,0.0,0.0,0.0,0.0,0.0,0.0,0.0,0.0,0.0,0.0,0.0,0.0,0.0,0.0,0.0,0.0,0.0,0.0,0.0,0.0,0.0,0.0,0.0,0.0,0.0,0.0,0.0,0.0,59.00756097560976,0,0,1,1,0,0,0,0,0,1,0,3,1,2,1,1,1
623341,1,59961.0,2640.59,0,0,245.0,1,2019,3,1,0.0,0.0,0.0,0.0,999.0,0.0,0.0,0.0,0.0,0.0,0.0,0.0,0.0,0.0,0.0,0.0,0.0,0.0,0.0,0.0,0.0,0.0,0.0,0.0,0.0,0.0,0.0,0.0,0.0,0.0,0.0,0.0,0.0,0.0,59.00756097560976,0,0,1,1,0,0,0,0,0,0,1,3,1,2,1,1,1
624485,0,82210.0,2687.31,0,0,477.0,1,2018,5,1,0.0,0.0,0.0,0.0,999.0,0.0,0.0,0.0,0.0,0.0,0.0,0.0,0.0,0.0,0.0,0.0,0.0,0.0,0.0,0.0,0.0,0.0,0.0,0.0,0.0,0.0,0.0,0.0,0.0,0.0,0.0,0.0,0.0,0.2122905027932961,59.00756097560976,0,0,1,1,0,0,0,0,0,1,0,3,1,2,1,1,1
624528,1,17453.0,8693.63,0,0,478.0,1,2016,9,1,0.0,0.0,0.0,0.0,999.0,0.0,0.0,0.0,0.0,0.0,0.0,0.0,0.0,0.0,0.0,0.0,0.0,0.0,0.0,0.0,0.0,0.0,0.0,0.0,0.0,0.0,0.0,0.0,0.0,0.0,0.0,0.0,0.0,0.2122905027932961,59.00756097560976,0,0,1,0,0,1,0,0,0,1,0,3,1,2,1,1,1
626070,0,26004.0,2805.1,0,0,10.0,0,2021,12,4,0.0,0.0,0.0,0.0,999.0,0.0,0.0,0.0,0.0,0.0,0.0,0.0,0.0,0.0,0.0,0.0,0.0,0.0,0.0,0.0,0.0,0.0,0.0,0.0,0.0,0.0,0.0,0.0,0.0,0.0,0.0,0.0,0.0,0.0,59.00756097560976,0,1,0,1,0,0,0,0,0,1,0,3,1,2,1,1,1
626217,0,38702.0,8024.99,0,0,2385.0,0,2015,6,1,0.0,0.0,0.0,0.0,999.0,0.0,0.0,0.0,0.0,0.0,0.0,0.0,0.0,0.0,0.0,0.0,0.0,0.0,0.0,0.0,0.0,0.0,0.0,0.0,0.0,0.0,0.0,0.0,0.0,0.0,0.0,0.0,0.0,0.2122905027932961,59.00756097560976,0,0,1,1,0,0,0,0,0,1,0,3,1,2,1,1,1
626312,0,73205.0,3712.43,0,0,261.0,1,2018,11,5,0.0,0.0,0.0,0.0,999.0,0.0,0.0,0.0,0.0,0.0,0.0,0.0,0.0,0.0,0.0,0.0,0.0,0.0,0.0,0.0,0.0,0.0,0.0,0.0,0.0,0.0,0.0,0.0,0.0,0.0,0.0,0.0,0.0,0.2122905027932961,59.00756097560976,0,0,1,1,0,0,0,0,0,1,0,3,1,2,1,1,1
626326,0,82534.0,4692.05,0,0,2164.0,0,2016,1,4,0.0,0.0,0.0,0.0,999.0,0.0,0.0,0.0,0.0,0.0,0.0,0.0,0.0,0.0,0.0,0.0,0.0,0.0,0.0,0.0,0.0,0.0,0.0,0.0,0.0,0.0,0.0,0.0,0.0,0.0,0.0,0.0,0.0,0.2122905027932961,59.00756097560976,0,0,1,1,0,0,0,0,0,0,1,3,1,2,1,1,1
626510,1,47272.0,9422.57,0,0,243.0,1,2018,8,1,0.0,0.0,0.0,0.0,999.0,0.0,0.0,0.0,0.0,0.0,0.0,0.0,0.0,0.0,0.0,0.0,0.0,0.0,0.0,0.0,0.0,0.0,0.0,0.0,0.0,0.0,0.0,0.0,0.0,0.0,0.0,0.0,0.0,0.2122905027932961,59.00756097560976,1,0,0,1,0,0,0,0,0,1,0,3,1,2,1,1,1
627244,0,34137.0,7440.92,0,0,245.0,1,2018,6,2,0.0,0.0,0.0,0.0,999.0,0.0,0.0,0.0,0.0,0.0,0.0,0.0,0.0,0.0,0.0,0.0,0.0,0.0,0.0,0.0,0.0,0.0,0.0,0.0,0.0,0.0,0.0,0.0,0.0,0.0,0.0,0.0,0.0,0.2122905027932961,59.00756097560976,0,0,1,1,0,0,0,0,0,1,0,3,1,2,1,1,1
627869,0,0.0,2753.78,0,0,1125.0,1,2016,1,2,0.0,0.0,0.0,0.0,999.0,0.0,0.0,0.0,0.0,0.0,0.0,0.0,0.0,0.0,0.0,0.0,0.0,0.0,0.0,0.0,0.0,0.0,0.0,0.0,0.0,0.0,0.0,0.0,0.0,0.0,0.0,0.0,0.0,0.2122905027932961,59.00756097560976,0,1,0,0,1,0,0,0,0,1,0,3,1,2,1,1,1
627913,0,33681.0,5322.29,0,0,242.0,1,2017,2,0,0.0,0.0,0.0,0.0,999.0,0.0,0.0,0.0,0.0,0.0,0.0,0.0,0.0,0.0,0.0,0.0,0.0,0.0,0.0,0.0,0.0,0.0,0.0,0.0,0.0,0.0,0.0,0.0,0.0,0.0,0.0,0.0,0.0,0.2122905027932961,59.00756097560976,0,0,1,1,0,0,0,0,0,0,1,3,1,2,1,1,1
628452,1,31532.0,3038.11,0,0,127.0,1,2018,2,2,0.0,0.0,0.0,0.0,999.0,0.0,0.0,0.0,0.0,0.0,0.0,0.0,0.0,0.0,0.0,0.0,0.0,0.0,0.0,0.0,0.0,0.0,0.0,0.0,0.0,0.0,0.0,0.0,0.0,0.0,0.0,0.0,0.0,0.2122905027932961,59.00756097560976,0,1,0,1,0,0,0,0,0,0,1,3,1,2,1,1,1
629267,1,66367.0,5032.17,0,0,51.0,0,2021,11,1,0.0,0.0,0.0,0.0,999.0,0.0,0.0,0.0,0.0,0.0,0.0,0.0,0.0,0.0,0.0,0.0,0.0,0.0,0.0,0.0,0.0,0.0,0.0,0.0,0.0,0.0,0.0,0.0,0.0,0.0,0.0,0.0,0.0,0.0,59.00756097560976,0,0,1,1,0,0,0,0,1,0,0,3,1,2,1,1,1
629341,0,58357.0,5350.37,0,0,492.0,1,2017,9,0,0.0,0.0,0.0,0.0,999.0,0.0,0.0,0.0,0.0,0.0,0.0,0.0,0.0,0.0,0.0,0.0,0.0,0.0,0.0,0.0,0.0,0.0,0.0,0.0,0.0,0.0,0.0,0.0,0.0,0.0,0.0,0.0,0.0,0.2122905027932961,59.00756097560976,0,1,0,1,0,0,0,0,0,0,1,3,1,2,1,1,1
631232,1,46143.0,4794.93,0,0,12.0,0,2021,12,1,0.0,0.0,0.0,0.0,999.0,0.0,0.0,0.0,0.0,0.0,0.0,0.0,0.0,0.0,0.0,0.0,0.0,0.0,0.0,0.0,0.0,0.0,0.0,0.0,0.0,0.0,0.0,0.0,0.0,0.0,0.0,0.0,0.0,0.0,59.00756097560976,0,0,1,1,0,0,0,0,1,0,0,3,1,2,1,1,1
631369,0,37256.0,9816.53,0,0,1265.0,1,2016,7,4,0.0,0.0,0.0,0.0,999.0,0.0,0.0,0.0,0.0,0.0,0.0,0.0,0.0,0.0,0.0,0.0,0.0,0.0,0.0,0.0,0.0,0.0,0.0,0.0,0.0,0.0,0.0,0.0,0.0,0.0,0.0,0.0,0.0,0.2122905027932961,59.00756097560976,0,0,1,1,0,0,0,0,0,1,0,3,1,2,1,1,1
631442,1,83632.0,3728.87,0,0,52.0,0,2021,11,3,0.0,0.0,0.0,0.0,999.0,0.0,0.0,0.0,0.0,0.0,0.0,0.0,0.0,0.0,0.0,0.0,0.0,0.0,0.0,0.0,0.0,0.0,0.0,0.0,0.0,0.0,0.0,0.0,0.0,0.0,0.0,0.0,0.0,0.0,59.00756097560976,0,1,0,1,0,0,0,0,0,1,0,3,1,2,1,1,1
631714,0,18495.0,26197.41,1,0,2366.0,0,2015,7,2,0.0,0.0,0.0,0.0,999.0,0.0,0.0,0.0,0.0,0.0,0.0,0.0,0.0,0.0,0.0,0.0,0.0,0.0,0.0,0.0,0.0,0.0,0.0,0.0,0.0,0.0,0.0,0.0,0.0,0.0,0.0,0.0,0.0,0.2122905027932961,59.00756097560976,0,1,0,0,0,1,0,0,0,1,0,3,1,2,1,1,1
632816,0,85185.0,8709.85,0,0,290.0,1,2017,7,4,0.0,0.0,0.0,0.0,999.0,0.0,0.0,0.0,0.0,0.0,0.0,0.0,0.0,0.0,0.0,0.0,0.0,0.0,0.0,0.0,0.0,0.0,0.0,0.0,0.0,0.0,0.0,0.0,0.0,0.0,0.0,0.0,0.0,0.2122905027932961,59.00756097560976,1,0,0,1,0,0,0,0,0,1,0,3,1,2,1,1,1
633067,1,26161.0,4064.67,0,0,243.0,1,2017,8,1,0.0,0.0,0.0,0.0,999.0,0.0,0.0,0.0,0.0,0.0,0.0,0.0,0.0,0.0,0.0,0.0,0.0,0.0,0.0,0.0,0.0,0.0,0.0,0.0,0.0,0.0,0.0,0.0,0.0,0.0,0.0,0.0,0.0,0.2122905027932961,59.00756097560976,0,1,0,0,0,0,0,1,0,0,1,3,1,2,1,1,1
633339,1,0.0,7754.67,0,0,18.0,0,2021,12,4,0.0,0.0,0.0,0.0,999.0,0.0,0.0,0.0,0.0,0.0,0.0,0.0,0.0,0.0,0.0,0.0,0.0,0.0,0.0,0.0,0.0,0.0,0.0,0.0,0.0,0.0,0.0,0.0,0.0,0.0,0.0,0.0,0.0,0.0,59.00756097560976,0,0,1,0,1,0,0,0,0,0,1,3,1,2,1,1,1
633490,1,29462.0,4170.69,0,0,243.0,1,2018,7,1,0.0,0.0,0.0,0.0,999.0,0.0,0.0,0.0,0.0,0.0,0.0,0.0,0.0,0.0,0.0,0.0,0.0,0.0,0.0,0.0,0.0,0.0,0.0,0.0,0.0,0.0,0.0,0.0,0.0,0.0,0.0,0.0,0.0,0.2122905027932961,59.00756097560976,0,1,0,1,0,0,0,0,0,0,1,3,1,2,1,1,1
635026,0,43184.0,12052.89,0,0,245.0,1,2019,5,1,0.0,0.0,0.0,0.0,999.0,0.0,0.0,0.0,0.0,0.0,0.0,0.0,0.0,0.0,0.0,0.0,0.0,0.0,0.0,0.0,0.0,0.0,0.0,0.0,0.0,0.0,0.0,0.0,0.0,0.0,0.0,0.0,0.0,0.0,59.00756097560976,1,0,0,1,0,0,0,0,1,0,0,3,1,2,1,1,1
635398,0,80550.0,5392.5,0,0,243.0,1,2017,10,2,0.0,0.0,0.0,0.0,999.0,0.0,0.0,0.0,0.0,0.0,0.0,0.0,0.0,0.0,0.0,0.0,0.0,0.0,0.0,0.0,0.0,0.0,0.0,0.0,0.0,0.0,0.0,0.0,0.0,0.0,0.0,0.0,0.0,0.2122905027932961,59.00756097560976,0,0,1,1,0,0,0,0,0,1,0,3,1,2,1,1,1
636206,1,0.0,5340.81,0,0,69.0,1,2017,8,0,0.0,0.0,0.0,0.0,999.0,0.0,0.0,0.0,0.0,0.0,0.0,0.0,0.0,0.0,0.0,0.0,0.0,0.0,0.0,0.0,0.0,0.0,0.0,0.0,0.0,0.0,0.0,0.0,0.0,0.0,0.0,0.0,0.0,0.2122905027932961,59.00756097560976,0,0,1,0,1,0,0,0,0,1,0,3,1,2,1,1,1
637100,0,17870.0,2392.11,0,0,812.0,1,2016,8,5,0.0,0.0,0.0,0.0,999.0,0.0,0.0,0.0,0.0,0.0,0.0,0.0,0.0,0.0,0.0,0.0,0.0,0.0,0.0,0.0,0.0,0.0,0.0,0.0,0.0,0.0,0.0,0.0,0.0,0.0,0.0,0.0,0.0,0.2122905027932961,59.00756097560976,0,0,1,0,0,1,0,0,0,1,0,3,1,2,1,1,1
637235,0,47481.0,4605.87,0,0,245.0,1,2018,5,7,0.0,0.0,0.0,0.0,999.0,0.0,0.0,0.0,0.0,0.0,0.0,0.0,0.0,0.0,0.0,0.0,0.0,0.0,0.0,0.0,0.0,0.0,0.0,0.0,0.0,0.0,0.0,0.0,0.0,0.0,0.0,0.0,0.0,0.2122905027932961,59.00756097560976,0,0,1,1,0,0,0,0,0,1,0,3,1,2,1,1,1
637453,1,0.0,4983.11,0,0,544.0,1,2018,4,0,0.0,0.0,0.0,0.0,999.0,0.0,0.0,0.0,0.0,0.0,0.0,0.0,0.0,0.0,0.0,0.0,0.0,0.0,0.0,0.0,0.0,0.0,0.0,0.0,0.0,0.0,0.0,0.0,0.0,0.0,0.0,0.0,0.0,0.2122905027932961,59.00756097560976,0,1,0,0,1,0,0,0,1,0,0,3,1,2,1,1,1
638085,1,74212.0,2908.02,0,0,8.0,0,2021,12,1,0.0,0.0,0.0,0.0,999.0,0.0,0.0,0.0,0.0,0.0,0.0,0.0,0.0,0.0,0.0,0.0,0.0,0.0,0.0,0.0,0.0,0.0,0.0,0.0,0.0,0.0,0.0,0.0,0.0,0.0,0.0,0.0,0.0,0.0,59.00756097560976,0,1,0,1,0,0,0,0,0,1,0,3,1,2,1,1,1
638528,0,50335.0,5619.07,0,0,896.0,1,2016,3,1,0.0,0.0,0.0,0.0,999.0,0.0,0.0,0.0,0.0,0.0,0.0,0.0,0.0,0.0,0.0,0.0,0.0,0.0,0.0,0.0,0.0,0.0,0.0,0.0,0.0,0.0,0.0,0.0,0.0,0.0,0.0,0.0,0.0,0.2122905027932961,59.00756097560976,1,0,0,1,0,0,0,0,0,1,0,3,1,2,1,1,1
638740,1,79797.0,3308.0,0,0,137.0,0,2021,8,5,0.0,0.0,0.0,0.0,999.0,0.0,0.0,0.0,0.0,0.0,0.0,0.0,0.0,0.0,0.0,0.0,0.0,0.0,0.0,0.0,0.0,0.0,0.0,0.0,0.0,0.0,0.0,0.0,0.0,0.0,0.0,0.0,0.0,0.0,59.00756097560976,0,1,0,1,0,0,0,0,1,0,0,3,1,2,1,1,1
639346,1,0.0,2482.92,0,0,20.0,0,2021,12,4,0.0,0.0,0.0,0.0,999.0,0.0,0.0,0.0,0.0,0.0,0.0,0.0,0.0,0.0,0.0,0.0,0.0,0.0,0.0,0.0,0.0,0.0,0.0,0.0,0.0,0.0,0.0,0.0,0.0,0.0,0.0,0.0,0.0,0.0,59.00756097560976,0,0,1,0,1,0,0,0,0,1,0,3,1,2,1,1,1
639584,0,22946.0,5980.85,0,0,288.0,1,2016,1,4,0.0,0.0,0.0,0.0,999.0,0.0,0.0,0.0,0.0,0.0,0.0,0.0,0.0,0.0,0.0,0.0,0.0,0.0,0.0,0.0,0.0,0.0,0.0,0.0,0.0,0.0,0.0,0.0,0.0,0.0,0.0,0.0,0.0,0.2122905027932961,59.00756097560976,0,0,1,1,0,0,0,0,0,1,0,3,1,2,1,1,1
641121,0,0.0,2537.74,0,0,243.0,1,2017,7,5,0.0,0.0,0.0,0.0,999.0,0.0,0.0,0.0,0.0,0.0,0.0,0.0,0.0,0.0,0.0,0.0,0.0,0.0,0.0,0.0,0.0,0.0,0.0,0.0,0.0,0.0,0.0,0.0,0.0,0.0,0.0,0.0,0.0,0.2122905027932961,59.00756097560976,0,0,1,0,1,0,0,0,0,1,0,3,1,2,1,1,1
641827,1,13037.0,4726.87,0,0,245.0,1,2017,3,2,0.0,0.0,0.0,0.0,999.0,0.0,0.0,0.0,0.0,0.0,0.0,0.0,0.0,0.0,0.0,0.0,0.0,0.0,0.0,0.0,0.0,0.0,0.0,0.0,0.0,0.0,0.0,0.0,0.0,0.0,0.0,0.0,0.0,0.2122905027932961,59.00756097560976,0,1,0,0,0,0,1,0,0,1,0,3,1,2,1,1,1
641903,0,16495.0,2962.72,0,0,244.0,1,2016,1,5,0.0,0.0,0.0,0.0,999.0,0.0,0.0,0.0,0.0,0.0,0.0,0.0,0.0,0.0,0.0,0.0,0.0,0.0,0.0,0.0,0.0,0.0,0.0,0.0,0.0,0.0,0.0,0.0,0.0,0.0,0.0,0.0,0.0,0.2122905027932961,59.00756097560976,0,1,0,0,0,0,1,0,0,1,0,3,1,2,1,1,1
642784,1,82634.0,8224.77,0,0,499.0,1,2016,2,0,0.0,0.0,0.0,0.0,999.0,0.0,0.0,0.0,0.0,0.0,0.0,0.0,0.0,0.0,0.0,0.0,0.0,0.0,0.0,0.0,0.0,0.0,0.0,0.0,0.0,0.0,0.0,0.0,0.0,0.0,0.0,0.0,0.0,0.2122905027932961,59.00756097560976,1,0,0,1,0,0,0,0,0,0,1,3,1,2,1,1,1
645333,1,96917.0,17263.64,0,0,242.0,1,2019,2,1,0.0,0.0,0.0,0.0,999.0,0.0,0.0,0.0,0.0,0.0,0.0,0.0,0.0,0.0,0.0,0.0,0.0,0.0,0.0,0.0,0.0,0.0,0.0,0.0,0.0,0.0,0.0,0.0,0.0,0.0,0.0,0.0,0.0,0.0,59.00756097560976,0,0,1,1,0,0,0,0,0,1,0,3,1,2,1,1,1
645635,1,78092.0,3349.64,0,0,1075.0,1,2016,1,3,0.0,0.0,0.0,0.0,999.0,0.0,0.0,0.0,0.0,0.0,0.0,0.0,0.0,0.0,0.0,0.0,0.0,0.0,0.0,0.0,0.0,0.0,0.0,0.0,0.0,0.0,0.0,0.0,0.0,0.0,0.0,0.0,0.0,0.2122905027932961,59.00756097560976,0,1,0,1,0,0,0,0,0,1,0,3,1,2,1,1,1
645742,1,60334.0,4235.18,0,0,371.0,1,2017,8,1,0.0,0.0,0.0,0.0,999.0,0.0,0.0,0.0,0.0,0.0,0.0,0.0,0.0,0.0,0.0,0.0,0.0,0.0,0.0,0.0,0.0,0.0,0.0,0.0,0.0,0.0,0.0,0.0,0.0,0.0,0.0,0.0,0.0,0.2122905027932961,59.00756097560976,0,0,1,1,0,0,0,0,0,1,0,3,1,2,1,1,1
646262,1,25572.0,4893.98,0,0,243.0,1,2017,8,4,0.0,0.0,0.0,0.0,999.0,0.0,0.0,0.0,0.0,0.0,0.0,0.0,0.0,0.0,0.0,0.0,0.0,0.0,0.0,0.0,0.0,0.0,0.0,0.0,0.0,0.0,0.0,0.0,0.0,0.0,0.0,0.0,0.0,0.2122905027932961,59.00756097560976,0,1,0,0,0,1,0,0,0,1,0,3,1,2,1,1,1
646756,0,64600.0,6883.67,0,0,67.0,0,2021,10,4,0.0,0.0,0.0,0.0,999.0,0.0,0.0,0.0,0.0,0.0,0.0,0.0,0.0,0.0,0.0,0.0,0.0,0.0,0.0,0.0,0.0,0.0,0.0,0.0,0.0,0.0,0.0,0.0,0.0,0.0,0.0,0.0,0.0,0.0,59.00756097560976,1,0,0,1,0,0,0,0,0,1,0,3,1,2,1,1,1
647393,1,0.0,8356.18,0,0,0.0,0,2021,12,4,0.0,0.0,0.0,0.0,999.0,0.0,0.0,0.0,0.0,0.0,0.0,0.0,0.0,0.0,0.0,0.0,0.0,0.0,0.0,0.0,0.0,0.0,0.0,0.0,0.0,0.0,0.0,0.0,0.0,0.0,0.0,0.0,0.0,0.2122905027932961,59.00756097560976,0,1,0,0,1,0,0,0,0,1,0,3,1,2,1,1,1
648286,0,19112.0,2399.05,0,0,19.0,0,2021,12,4,0.0,0.0,0.0,0.0,999.0,0.0,0.0,0.0,0.0,0.0,0.0,0.0,0.0,0.0,0.0,0.0,0.0,0.0,0.0,0.0,0.0,0.0,0.0,0.0,0.0,0.0,0.0,0.0,0.0,0.0,0.0,0.0,0.0,0.0,59.00756097560976,0,0,1,0,0,1,0,0,0,1,0,3,1,2,1,1,1
649404,1,0.0,6361.95,0,0,242.0,1,2017,9,1,0.0,0.0,0.0,0.0,999.0,0.0,0.0,0.0,0.0,0.0,0.0,0.0,0.0,0.0,0.0,0.0,0.0,0.0,0.0,0.0,0.0,0.0,0.0,0.0,0.0,0.0,0.0,0.0,0.0,0.0,0.0,0.0,0.0,0.2122905027932961,59.00756097560976,0,1,0,0,1,0,0,0,0,1,0,3,1,2,1,1,1
650366,1,0.0,5558.31,0,0,218.0,1,2018,3,1,0.0,0.0,0.0,0.0,999.0,0.0,0.0,0.0,0.0,0.0,0.0,0.0,0.0,0.0,0.0,0.0,0.0,0.0,0.0,0.0,0.0,0.0,0.0,0.0,0.0,0.0,0.0,0.0,0.0,0.0,0.0,0.0,0.0,0.2122905027932961,59.00756097560976,0,0,1,0,1,0,0,0,0,0,1,3,1,2,1,1,1
650801,0,49851.0,8334.32,0,0,243.0,1,2016,8,1,0.0,0.0,0.0,0.0,999.0,0.0,0.0,0.0,0.0,0.0,0.0,0.0,0.0,0.0,0.0,0.0,0.0,0.0,0.0,0.0,0.0,0.0,0.0,0.0,0.0,0.0,0.0,0.0,0.0,0.0,0.0,0.0,0.0,0.2122905027932961,59.00756097560976,0,1,0,1,0,0,0,0,1,0,0,3,1,2,1,1,1
650957,0,67414.0,5424.26,0,0,245.0,1,2017,6,2,0.0,0.0,0.0,0.0,999.0,0.0,0.0,0.0,0.0,0.0,0.0,0.0,0.0,0.0,0.0,0.0,0.0,0.0,0.0,0.0,0.0,0.0,0.0,0.0,0.0,0.0,0.0,0.0,0.0,0.0,0.0,0.0,0.0,0.2122905027932961,59.00756097560976,0,1,0,1,0,0,0,0,0,1,0,3,1,2,1,1,1
651210,0,50397.0,2813.51,0,0,313.0,1,2019,1,0,0.0,0.0,0.0,0.0,999.0,0.0,0.0,0.0,0.0,0.0,0.0,0.0,0.0,0.0,0.0,0.0,0.0,0.0,0.0,0.0,0.0,0.0,0.0,0.0,0.0,0.0,0.0,0.0,0.0,0.0,0.0,0.0,0.0,0.0,59.00756097560976,0,1,0,1,0,0,0,0,0,1,0,3,1,2,1,1,1
651277,0,0.0,12992.28,0,0,57.0,0,2021,11,1,0.0,0.0,0.0,0.0,999.0,0.0,0.0,0.0,0.0,0.0,0.0,0.0,0.0,0.0,0.0,0.0,0.0,0.0,0.0,0.0,0.0,0.0,0.0,0.0,0.0,0.0,0.0,0.0,0.0,0.0,0.0,0.0,0.0,0.0,59.00756097560976,0,1,0,0,1,0,0,0,0,0,1,3,1,2,1,1,1
651469,1,53988.0,2533.74,0,0,242.0,1,2017,9,4,0.0,0.0,0.0,0.0,999.0,0.0,0.0,0.0,0.0,0.0,0.0,0.0,0.0,0.0,0.0,0.0,0.0,0.0,0.0,0.0,0.0,0.0,0.0,0.0,0.0,0.0,0.0,0.0,0.0,0.0,0.0,0.0,0.0,0.2122905027932961,59.00756097560976,0,0,1,1,0,0,0,0,0,1,0,3,1,2,1,1,1
652300,1,25634.0,10622.52,0,0,211.0,1,2016,1,4,0.0,0.0,0.0,0.0,999.0,0.0,0.0,0.0,0.0,0.0,0.0,0.0,0.0,0.0,0.0,0.0,0.0,0.0,0.0,0.0,0.0,0.0,0.0,0.0,0.0,0.0,0.0,0.0,0.0,0.0,0.0,0.0,0.0,0.2122905027932961,59.00756097560976,0,0,1,1,0,0,0,0,0,1,0,3,1,2,1,1,1
652357,1,63528.0,10115.45,0,0,243.0,1,2017,12,5,0.0,0.0,0.0,0.0,999.0,0.0,0.0,0.0,0.0,0.0,0.0,0.0,0.0,0.0,0.0,0.0,0.0,0.0,0.0,0.0,0.0,0.0,0.0,0.0,0.0,0.0,0.0,0.0,0.0,0.0,0.0,0.0,0.0,0.2122905027932961,59.00756097560976,0,0,1,1,0,0,0,0,1,0,0,3,1,2,1,1,1
652431,1,0.0,19504.47,0,0,2461.0,0,2015,4,1,0.0,0.0,0.0,0.0,999.0,0.0,0.0,0.0,0.0,0.0,0.0,0.0,0.0,0.0,0.0,0.0,0.0,0.0,0.0,0.0,0.0,0.0,0.0,0.0,0.0,0.0,0.0,0.0,0.0,0.0,0.0,0.0,0.0,0.2122905027932961,59.00756097560976,1,0,0,0,1,0,0,0,0,0,1,3,1,2,1,1,1
652627,0,58958.0,83325.38,0,0,243.0,1,2018,12,0,0.0,0.0,0.0,0.0,999.0,0.0,0.0,0.0,0.0,0.0,0.0,0.0,0.0,0.0,0.0,0.0,0.0,0.0,0.0,0.0,0.0,0.0,0.0,0.0,0.0,0.0,0.0,0.0,0.0,0.0,0.0,0.0,0.0,0.2122905027932961,59.00756097560976,0,0,1,1,0,0,0,0,0,1,0,3,1,2,1,1,1
652781,1,52583.0,8879.79,0,0,220.0,0,2021,5,2,0.0,0.0,0.0,0.0,999.0,0.0,0.0,0.0,0.0,0.0,0.0,0.0,0.0,0.0,0.0,0.0,0.0,0.0,0.0,0.0,0.0,0.0,0.0,0.0,0.0,0.0,0.0,0.0,0.0,0.0,0.0,0.0,0.0,0.0,59.00756097560976,0,1,0,1,0,0,0,0,0,0,1,3,1,2,1,1,1
652809,1,34498.0,6369.26,0,0,2237.0,0,2015,11,4,0.0,0.0,0.0,0.0,999.0,0.0,0.0,0.0,0.0,0.0,0.0,0.0,0.0,0.0,0.0,0.0,0.0,0.0,0.0,0.0,0.0,0.0,0.0,0.0,0.0,0.0,0.0,0.0,0.0,0.0,0.0,0.0,0.0,0.2122905027932961,59.00756097560976,0,0,1,1,0,0,0,0,0,0,1,3,1,2,1,1,1
653890,0,0.0,6947.84,0,0,245.0,1,2018,6,2,0.0,0.0,0.0,0.0,999.0,0.0,0.0,0.0,0.0,0.0,0.0,0.0,0.0,0.0,0.0,0.0,0.0,0.0,0.0,0.0,0.0,0.0,0.0,0.0,0.0,0.0,0.0,0.0,0.0,0.0,0.0,0.0,0.0,0.2122905027932961,59.00756097560976,0,1,0,0,1,0,0,0,0,0,1,3,1,2,1,1,1
654919,0,29723.0,9162.06,0,0,494.0,1,2016,4,2,0.0,0.0,0.0,0.0,999.0,0.0,0.0,0.0,0.0,0.0,0.0,0.0,0.0,0.0,0.0,0.0,0.0,0.0,0.0,0.0,0.0,0.0,0.0,0.0,0.0,0.0,0.0,0.0,0.0,0.0,0.0,0.0,0.0,0.2122905027932961,59.00756097560976,1,0,0,0,0,0,1,0,0,1,0,3,1,2,1,1,1
654983,1,29385.0,3303.09,0,0,1.0,0,2021,12,0,0.0,0.0,0.0,0.0,999.0,0.0,0.0,0.0,0.0,0.0,0.0,0.0,0.0,0.0,0.0,0.0,0.0,0.0,0.0,0.0,0.0,0.0,0.0,0.0,0.0,0.0,0.0,0.0,0.0,0.0,0.0,0.0,0.0,0.0,59.00756097560976,0,1,0,1,0,0,0,0,0,0,1,3,1,2,1,1,1
655263,0,24065.0,8630.05,0,0,2332.0,0,2015,8,5,0.0,0.0,0.0,0.0,999.0,0.0,0.0,0.0,0.0,0.0,0.0,0.0,0.0,0.0,0.0,0.0,0.0,0.0,0.0,0.0,0.0,0.0,0.0,0.0,0.0,0.0,0.0,0.0,0.0,0.0,0.0,0.0,0.0,0.2122905027932961,59.00756097560976,0,0,1,1,0,0,0,0,1,0,0,3,1,2,1,1,1
655473,0,23908.0,5297.15,0,0,242.0,1,2017,2,1,0.0,0.0,0.0,0.0,999.0,0.0,0.0,0.0,0.0,0.0,0.0,0.0,0.0,0.0,0.0,0.0,0.0,0.0,0.0,0.0,0.0,0.0,0.0,0.0,0.0,0.0,0.0,0.0,0.0,0.0,0.0,0.0,0.0,0.2122905027932961,59.00756097560976,0,0,1,0,0,0,1,0,0,1,0,3,1,2,1,1,1
655614,0,78796.0,4945.07,0,0,245.0,1,2018,3,4,0.0,0.0,0.0,0.0,999.0,0.0,0.0,0.0,0.0,0.0,0.0,0.0,0.0,0.0,0.0,0.0,0.0,0.0,0.0,0.0,0.0,0.0,0.0,0.0,0.0,0.0,0.0,0.0,0.0,0.0,0.0,0.0,0.0,0.2122905027932961,59.00756097560976,1,0,0,1,0,0,0,0,1,0,0,3,1,2,1,1,1
655995,1,34482.0,13265.96,0,0,2285.0,0,2015,9,1,0.0,0.0,0.0,0.0,999.0,0.0,0.0,0.0,0.0,0.0,0.0,0.0,0.0,0.0,0.0,0.0,0.0,0.0,0.0,0.0,0.0,0.0,0.0,0.0,0.0,0.0,0.0,0.0,0.0,0.0,0.0,0.0,0.0,0.2122905027932961,59.00756097560976,1,0,0,1,0,0,0,0,0,1,0,3,1,2,1,1,1
656858,1,52728.0,4863.47,0,0,222.0,0,2021,5,2,0.0,0.0,0.0,0.0,999.0,0.0,0.0,0.0,0.0,0.0,0.0,0.0,0.0,0.0,0.0,0.0,0.0,0.0,0.0,0.0,0.0,0.0,0.0,0.0,0.0,0.0,0.0,0.0,0.0,0.0,0.0,0.0,0.0,0.0,59.00756097560976,0,1,0,1,0,0,0,0,1,0,0,3,1,2,1,1,1
656958,0,0.0,29412.29,0,0,59.0,1,2016,10,5,0.0,0.0,0.0,0.0,999.0,0.0,0.0,0.0,0.0,0.0,0.0,0.0,0.0,0.0,0.0,0.0,0.0,0.0,0.0,0.0,0.0,0.0,0.0,0.0,0.0,0.0,0.0,0.0,0.0,0.0,0.0,0.0,0.0,0.2122905027932961,59.00756097560976,0,0,1,0,1,0,0,0,1,0,0,3,1,2,1,1,1
657777,1,64801.0,7582.11,0,0,2358.0,0,2015,7,1,0.0,0.0,0.0,0.0,999.0,0.0,0.0,0.0,0.0,0.0,0.0,0.0,0.0,0.0,0.0,0.0,0.0,0.0,0.0,0.0,0.0,0.0,0.0,0.0,0.0,0.0,0.0,0.0,0.0,0.0,0.0,0.0,0.0,0.2122905027932961,59.00756097560976,0,0,1,1,0,0,0,0,0,1,0,3,1,2,1,1,1
657980,1,44428.0,12036.62,0,0,155.0,1,2018,3,2,0.0,0.0,0.0,0.0,999.0,0.0,0.0,0.0,0.0,0.0,0.0,0.0,0.0,0.0,0.0,0.0,0.0,0.0,0.0,0.0,0.0,0.0,0.0,0.0,0.0,0.0,0.0,0.0,0.0,0.0,0.0,0.0,0.0,0.2122905027932961,59.00756097560976,1,0,0,1,0,0,0,0,0,0,1,3,1,2,1,1,1
658257,1,93558.0,2733.43,0,0,32.0,0,2021,11,1,0.0,0.0,0.0,0.0,999.0,0.0,0.0,0.0,0.0,0.0,0.0,0.0,0.0,0.0,0.0,0.0,0.0,0.0,0.0,0.0,0.0,0.0,0.0,0.0,0.0,0.0,0.0,0.0,0.0,0.0,0.0,0.0,0.0,0.0,59.00756097560976,0,0,1,1,0,0,0,0,0,1,0,3,1,2,1,1,1
659454,1,0.0,5181.05,0,0,18.0,0,2021,12,0,0.0,0.0,0.0,0.0,999.0,0.0,0.0,0.0,0.0,0.0,0.0,0.0,0.0,0.0,0.0,0.0,0.0,0.0,0.0,0.0,0.0,0.0,0.0,0.0,0.0,0.0,0.0,0.0,0.0,0.0,0.0,0.0,0.0,0.0,59.00756097560976,0,1,0,0,1,0,0,0,0,1,0,3,1,2,1,1,1
659731,0,81639.0,16548.86,0,0,2444.0,0,2015,4,2,0.0,0.0,0.0,0.0,999.0,0.0,0.0,0.0,0.0,0.0,0.0,0.0,0.0,0.0,0.0,0.0,0.0,0.0,0.0,0.0,0.0,0.0,0.0,0.0,0.0,0.0,0.0,0.0,0.0,0.0,0.0,0.0,0.0,0.2122905027932961,59.00756097560976,1,0,0,1,0,0,0,0,0,0,1,3,1,2,1,1,1
659792,1,22081.0,6503.4,0,0,2350.0,0,2015,7,5,0.0,0.0,0.0,0.0,999.0,0.0,0.0,0.0,0.0,0.0,0.0,0.0,0.0,0.0,0.0,0.0,0.0,0.0,0.0,0.0,0.0,0.0,0.0,0.0,0.0,0.0,0.0,0.0,0.0,0.0,0.0,0.0,0.0,0.2122905027932961,59.00756097560976,0,0,1,0,0,1,0,0,0,1,0,3,1,2,1,1,1
660349,0,76731.0,2582.41,0,0,243.0,1,2018,12,1,0.0,0.0,0.0,0.0,999.0,0.0,0.0,0.0,0.0,0.0,0.0,0.0,0.0,0.0,0.0,0.0,0.0,0.0,0.0,0.0,0.0,0.0,0.0,0.0,0.0,0.0,0.0,0.0,0.0,0.0,0.0,0.0,0.0,0.2122905027932961,59.00756097560976,0,0,1,1,0,0,0,0,0,1,0,3,1,2,1,1,1
661442,0,62488.0,2404.38,0,0,4.0,0,2021,12,2,0.0,0.0,0.0,0.0,999.0,0.0,0.0,0.0,0.0,0.0,0.0,0.0,0.0,0.0,0.0,0.0,0.0,0.0,0.0,0.0,0.0,0.0,0.0,0.0,0.0,0.0,0.0,0.0,0.0,0.0,0.0,0.0,0.0,0.0,59.00756097560976,0,0,1,1,0,0,0,0,0,1,0,3,1,2,1,1,1
661546,1,20954.0,3094.32,0,0,52.0,0,2021,11,3,0.0,0.0,0.0,0.0,999.0,0.0,0.0,0.0,0.0,0.0,0.0,0.0,0.0,0.0,0.0,0.0,0.0,0.0,0.0,0.0,0.0,0.0,0.0,0.0,0.0,0.0,0.0,0.0,0.0,0.0,0.0,0.0,0.0,0.0,59.00756097560976,0,1,0,1,0,0,0,0,0,1,0,3,1,2,1,1,1
662723,1,59311.0,5480.07,0,0,5.0,0,2021,12,2,0.0,0.0,0.0,0.0,999.0,0.0,0.0,0.0,0.0,0.0,0.0,0.0,0.0,0.0,0.0,0.0,0.0,0.0,0.0,0.0,0.0,0.0,0.0,0.0,0.0,0.0,0.0,0.0,0.0,0.0,0.0,0.0,0.0,0.0,59.00756097560976,1,0,0,1,0,0,0,0,1,0,0,3,1,2,1,1,1
663072,1,0.0,7209.09,0,0,610.0,1,2016,2,1,0.0,0.0,0.0,0.0,999.0,0.0,0.0,0.0,0.0,0.0,0.0,0.0,0.0,0.0,0.0,0.0,0.0,0.0,0.0,0.0,0.0,0.0,0.0,0.0,0.0,0.0,0.0,0.0,0.0,0.0,0.0,0.0,0.0,0.2122905027932961,59.00756097560976,0,1,0,0,1,0,0,0,0,0,1,3,1,2,1,1,1
663098,1,34148.0,12883.81,0,0,65.0,0,2021,10,2,0.0,0.0,0.0,0.0,999.0,0.0,0.0,0.0,0.0,0.0,0.0,0.0,0.0,0.0,0.0,0.0,0.0,0.0,0.0,0.0,0.0,0.0,0.0,0.0,0.0,0.0,0.0,0.0,0.0,0.0,0.0,0.0,0.0,0.0,59.00756097560976,1,0,0,1,0,0,0,0,0,1,0,3,1,2,1,1,1
663641,1,0.0,5705.9,0,0,85.0,0,2021,10,0,0.0,0.0,0.0,0.0,999.0,0.0,0.0,0.0,0.0,0.0,0.0,0.0,0.0,0.0,0.0,0.0,0.0,0.0,0.0,0.0,0.0,0.0,0.0,0.0,0.0,0.0,0.0,0.0,0.0,0.0,0.0,0.0,0.0,0.0,59.00756097560976,0,1,0,0,1,0,0,0,0,1,0,3,1,2,1,1,1
665031,0,22166.0,9799.18,0,0,245.0,1,2018,5,4,0.0,0.0,0.0,0.0,999.0,0.0,0.0,0.0,0.0,0.0,0.0,0.0,0.0,0.0,0.0,0.0,0.0,0.0,0.0,0.0,0.0,0.0,0.0,0.0,0.0,0.0,0.0,0.0,0.0,0.0,0.0,0.0,0.0,0.2122905027932961,59.00756097560976,1,0,0,0,0,0,1,0,0,1,0,3,1,2,1,1,1
665374,1,93595.0,3763.64,0,0,242.0,1,2019,2,5,0.0,0.0,0.0,0.0,999.0,0.0,0.0,0.0,0.0,0.0,0.0,0.0,0.0,0.0,0.0,0.0,0.0,0.0,0.0,0.0,0.0,0.0,0.0,0.0,0.0,0.0,0.0,0.0,0.0,0.0,0.0,0.0,0.0,0.0,59.00756097560976,0,1,0,1,0,0,0,0,0,1,0,3,1,2,1,1,1
665533,0,68654.0,5642.75,0,0,245.0,1,2017,5,2,0.0,0.0,0.0,0.0,999.0,0.0,0.0,0.0,0.0,0.0,0.0,0.0,0.0,0.0,0.0,0.0,0.0,0.0,0.0,0.0,0.0,0.0,0.0,0.0,0.0,0.0,0.0,0.0,0.0,0.0,0.0,0.0,0.0,0.2122905027932961,59.00756097560976,0,1,0,1,0,0,0,0,0,1,0,3,1,2,1,1,1
665763,0,92254.0,5729.86,0,0,2168.0,0,2016,1,4,0.0,0.0,0.0,0.0,999.0,0.0,0.0,0.0,0.0,0.0,0.0,0.0,0.0,0.0,0.0,0.0,0.0,0.0,0.0,0.0,0.0,0.0,0.0,0.0,0.0,0.0,0.0,0.0,0.0,0.0,0.0,0.0,0.0,0.2122905027932961,59.00756097560976,1,0,0,1,0,0,0,0,0,1,0,3,1,2,1,1,1
667678,0,30720.0,10018.66,0,0,1063.0,1,2016,8,1,0.0,0.0,0.0,0.0,999.0,0.0,0.0,0.0,0.0,0.0,0.0,0.0,0.0,0.0,0.0,0.0,0.0,0.0,0.0,0.0,0.0,0.0,0.0,0.0,0.0,0.0,0.0,0.0,0.0,0.0,0.0,0.0,0.0,0.2122905027932961,59.00756097560976,0,0,1,1,0,0,0,0,0,1,0,3,1,2,1,1,1
667800,0,0.0,32654.84,0,0,274.0,1,2016,5,1,0.0,0.0,0.0,0.0,999.0,0.0,0.0,0.0,0.0,0.0,0.0,0.0,0.0,0.0,0.0,0.0,0.0,0.0,0.0,0.0,0.0,0.0,0.0,0.0,0.0,0.0,0.0,0.0,0.0,0.0,0.0,0.0,0.0,0.2122905027932961,59.00756097560976,0,1,0,0,1,0,0,0,0,0,1,3,1,2,1,1,1
670230,0,0.0,8207.86,0,0,245.0,1,2016,6,1,0.0,0.0,0.0,0.0,999.0,0.0,0.0,0.0,0.0,0.0,0.0,0.0,0.0,0.0,0.0,0.0,0.0,0.0,0.0,0.0,0.0,0.0,0.0,0.0,0.0,0.0,0.0,0.0,0.0,0.0,0.0,0.0,0.0,0.2122905027932961,59.00756097560976,1,0,0,0,1,0,0,0,0,0,1,3,1,2,1,1,1
670981,1,23665.0,22658.54,0,0,2249.0,0,2015,11,0,0.0,0.0,0.0,0.0,999.0,0.0,0.0,0.0,0.0,0.0,0.0,0.0,0.0,0.0,0.0,0.0,0.0,0.0,0.0,0.0,0.0,0.0,0.0,0.0,0.0,0.0,0.0,0.0,0.0,0.0,0.0,0.0,0.0,0.2122905027932961,59.00756097560976,0,1,0,0,0,0,0,1,0,1,0,3,1,2,1,1,1
671906,0,25317.0,2829.86,0,0,89.0,1,2018,4,2,0.0,0.0,0.0,0.0,999.0,0.0,0.0,0.0,0.0,0.0,0.0,0.0,0.0,0.0,0.0,0.0,0.0,0.0,0.0,0.0,0.0,0.0,0.0,0.0,0.0,0.0,0.0,0.0,0.0,0.0,0.0,0.0,0.0,0.2122905027932961,59.00756097560976,0,1,0,1,0,0,0,0,0,1,0,3,1,2,1,1,1
672582,1,36723.0,4171.3,0,0,2208.0,0,2015,12,3,0.0,0.0,0.0,0.0,999.0,0.0,0.0,0.0,0.0,0.0,0.0,0.0,0.0,0.0,0.0,0.0,0.0,0.0,0.0,0.0,0.0,0.0,0.0,0.0,0.0,0.0,0.0,0.0,0.0,0.0,0.0,0.0,0.0,0.2122905027932961,59.00756097560976,0,1,0,1,0,0,0,0,0,1,0,3,1,2,1,1,1
672917,0,61321.0,58166.55,0,0,243.0,1,2018,1,1,0.0,0.0,0.0,0.0,999.0,0.0,0.0,0.0,0.0,0.0,0.0,0.0,0.0,0.0,0.0,0.0,0.0,0.0,0.0,0.0,0.0,0.0,0.0,0.0,0.0,0.0,0.0,0.0,0.0,0.0,0.0,0.0,0.0,0.2122905027932961,59.00756097560976,0,0,1,1,0,0,0,0,0,0,1,3,1,2,1,1,1
675240,1,0.0,13197.93,0,0,243.0,1,2019,1,2,0.0,0.0,0.0,0.0,999.0,0.0,0.0,0.0,0.0,0.0,0.0,0.0,0.0,0.0,0.0,0.0,0.0,0.0,0.0,0.0,0.0,0.0,0.0,0.0,0.0,0.0,0.0,0.0,0.0,0.0,0.0,0.0,0.0,0.0,59.00756097560976,1,0,0,0,1,0,0,0,0,0,1,3,1,2,1,1,1
675419,0,0.0,39400.19,0,0,243.0,1,2016,7,1,0.0,0.0,0.0,0.0,999.0,0.0,0.0,0.0,0.0,0.0,0.0,0.0,0.0,0.0,0.0,0.0,0.0,0.0,0.0,0.0,0.0,0.0,0.0,0.0,0.0,0.0,0.0,0.0,0.0,0.0,0.0,0.0,0.0,0.2122905027932961,59.00756097560976,1,0,0,0,1,0,0,0,0,0,1,3,1,2,1,1,1
675710,1,0.0,8509.45,0,0,2440.0,0,2015,4,4,0.0,0.0,0.0,0.0,999.0,0.0,0.0,0.0,0.0,0.0,0.0,0.0,0.0,0.0,0.0,0.0,0.0,0.0,0.0,0.0,0.0,0.0,0.0,0.0,0.0,0.0,0.0,0.0,0.0,0.0,0.0,0.0,0.0,0.2122905027932961,59.00756097560976,0,0,1,0,1,0,0,0,0,0,1,3,1,2,1,1,1
676676,0,0.0,4642.02,0,0,243.0,1,2018,10,3,0.0,0.0,0.0,0.0,999.0,0.0,0.0,0.0,0.0,0.0,0.0,0.0,0.0,0.0,0.0,0.0,0.0,0.0,0.0,0.0,0.0,0.0,0.0,0.0,0.0,0.0,0.0,0.0,0.0,0.0,0.0,0.0,0.0,0.2122905027932961,59.00756097560976,0,0,1,0,1,0,0,0,0,0,1,3,1,2,1,1,1
677153,0,0.0,2561.58,0,0,91.0,0,2021,9,2,0.0,0.0,0.0,0.0,999.0,0.0,0.0,0.0,0.0,0.0,0.0,0.0,0.0,0.0,0.0,0.0,0.0,0.0,0.0,0.0,0.0,0.0,0.0,0.0,0.0,0.0,0.0,0.0,0.0,0.0,0.0,0.0,0.0,0.0,59.00756097560976,0,0,1,0,1,0,0,0,0,0,1,3,1,2,1,1,1
677292,1,34337.0,9035.67,0,0,242.0,1,2019,2,1,0.0,0.0,0.0,0.0,999.0,0.0,0.0,0.0,0.0,0.0,0.0,0.0,0.0,0.0,0.0,0.0,0.0,0.0,0.0,0.0,0.0,0.0,0.0,0.0,0.0,0.0,0.0,0.0,0.0,0.0,0.0,0.0,0.0,0.0,59.00756097560976,0,0,1,1,0,0,0,0,0,1,0,3,1,2,1,1,1
677669,0,67952.0,2843.56,0,0,436.0,1,2017,10,0,0.0,0.0,0.0,0.0,999.0,0.0,0.0,0.0,0.0,0.0,0.0,0.0,0.0,0.0,0.0,0.0,0.0,0.0,0.0,0.0,0.0,0.0,0.0,0.0,0.0,0.0,0.0,0.0,0.0,0.0,0.0,0.0,0.0,0.2122905027932961,59.00756097560976,0,0,1,1,0,0,0,0,0,1,0,3,1,2,1,1,1
677925,0,53074.0,2471.08,0,0,243.0,1,2016,8,4,0.0,0.0,0.0,0.0,999.0,0.0,0.0,0.0,0.0,0.0,0.0,0.0,0.0,0.0,0.0,0.0,0.0,0.0,0.0,0.0,0.0,0.0,0.0,0.0,0.0,0.0,0.0,0.0,0.0,0.0,0.0,0.0,0.0,0.2122905027932961,59.00756097560976,0,0,1,1,0,0,0,0,0,1,0,3,1,2,1,1,1
678544,0,73876.0,9061.06,0,0,2270.0,0,2015,10,2,0.0,0.0,0.0,0.0,999.0,0.0,0.0,0.0,0.0,0.0,0.0,0.0,0.0,0.0,0.0,0.0,0.0,0.0,0.0,0.0,0.0,0.0,0.0,0.0,0.0,0.0,0.0,0.0,0.0,0.0,0.0,0.0,0.0,0.2122905027932961,59.00756097560976,0,0,1,1,0,0,0,0,0,1,0,3,1,2,1,1,1
678858,1,84978.0,11665.1,0,0,244.0,1,2019,4,1,0.0,0.0,0.0,0.0,999.0,0.0,0.0,0.0,0.0,0.0,0.0,0.0,0.0,0.0,0.0,0.0,0.0,0.0,0.0,0.0,0.0,0.0,0.0,0.0,0.0,0.0,0.0,0.0,0.0,0.0,0.0,0.0,0.0,0.0,59.00756097560976,0,1,0,1,0,0,0,0,0,1,0,3,1,2,1,1,1
678991,0,65724.0,22110.4,0,0,242.0,1,2018,10,2,0.0,0.0,0.0,0.0,999.0,0.0,0.0,0.0,0.0,0.0,0.0,0.0,0.0,0.0,0.0,0.0,0.0,0.0,0.0,0.0,0.0,0.0,0.0,0.0,0.0,0.0,0.0,0.0,0.0,0.0,0.0,0.0,0.0,0.2122905027932961,59.00756097560976,0,1,0,1,0,0,0,0,0,0,1,3,1,2,1,1,1
679155,0,68158.0,10978.78,0,0,2398.0,0,2015,6,5,0.0,0.0,0.0,0.0,999.0,0.0,0.0,0.0,0.0,0.0,0.0,0.0,0.0,0.0,0.0,0.0,0.0,0.0,0.0,0.0,0.0,0.0,0.0,0.0,0.0,0.0,0.0,0.0,0.0,0.0,0.0,0.0,0.0,0.2122905027932961,59.00756097560976,1,0,0,1,0,0,0,0,0,1,0,3,1,2,1,1,1
680193,1,45360.0,2833.8,0,0,2421.0,0,2015,5,2,0.0,0.0,0.0,0.0,999.0,0.0,0.0,0.0,0.0,0.0,0.0,0.0,0.0,0.0,0.0,0.0,0.0,0.0,0.0,0.0,0.0,0.0,0.0,0.0,0.0,0.0,0.0,0.0,0.0,0.0,0.0,0.0,0.0,0.2122905027932961,59.00756097560976,0,0,1,1,0,0,0,0,1,0,0,3,1,2,1,1,1
680553,0,99803.0,8569.42,0,0,724.0,1,2016,4,4,0.0,0.0,0.0,0.0,999.0,0.0,0.0,0.0,0.0,0.0,0.0,0.0,0.0,0.0,0.0,0.0,0.0,0.0,0.0,0.0,0.0,0.0,0.0,0.0,0.0,0.0,0.0,0.0,0.0,0.0,0.0,0.0,0.0,0.2122905027932961,59.00756097560976,1,0,0,1,0,0,0,0,0,1,0,3,1,2,1,1,1
681961,1,28915.0,11611.95,0,0,242.0,1,2018,2,4,0.0,0.0,0.0,0.0,999.0,0.0,0.0,0.0,0.0,0.0,0.0,0.0,0.0,0.0,0.0,0.0,0.0,0.0,0.0,0.0,0.0,0.0,0.0,0.0,0.0,0.0,0.0,0.0,0.0,0.0,0.0,0.0,0.0,0.2122905027932961,59.00756097560976,0,1,0,1,0,0,0,0,0,0,1,3,1,2,1,1,1
682064,0,53021.0,2599.04,0,0,2463.0,0,2015,4,1,0.0,0.0,0.0,0.0,999.0,0.0,0.0,0.0,0.0,0.0,0.0,0.0,0.0,0.0,0.0,0.0,0.0,0.0,0.0,0.0,0.0,0.0,0.0,0.0,0.0,0.0,0.0,0.0,0.0,0.0,0.0,0.0,0.0,0.2122905027932961,59.00756097560976,0,0,1,1,0,0,0,0,0,1,0,3,1,2,1,1,1
682337,1,0.0,4873.67,0,0,111.0,0,2021,9,0,0.0,0.0,0.0,0.0,999.0,0.0,0.0,0.0,0.0,0.0,0.0,0.0,0.0,0.0,0.0,0.0,0.0,0.0,0.0,0.0,0.0,0.0,0.0,0.0,0.0,0.0,0.0,0.0,0.0,0.0,0.0,0.0,0.0,0.0,59.00756097560976,0,0,1,0,1,0,0,0,0,0,1,3,1,2,1,1,1
683250,1,58557.0,3554.85,0,0,243.0,1,2017,10,4,0.0,0.0,0.0,0.0,999.0,0.0,0.0,0.0,0.0,0.0,0.0,0.0,0.0,0.0,0.0,0.0,0.0,0.0,0.0,0.0,0.0,0.0,0.0,0.0,0.0,0.0,0.0,0.0,0.0,0.0,0.0,0.0,0.0,0.2122905027932961,59.00756097560976,0,1,0,1,0,0,0,0,0,1,0,3,1,2,1,1,1
683458,0,28056.0,5045.87,1,0,268.0,0,2021,4,1,0.0,0.0,0.0,0.0,999.0,0.0,0.0,0.0,0.0,0.0,0.0,0.0,0.0,0.0,0.0,0.0,0.0,0.0,0.0,0.0,0.0,0.0,0.0,0.0,0.0,0.0,0.0,0.0,0.0,0.0,0.0,0.0,0.0,0.0,59.00756097560976,0,0,1,1,0,0,0,0,0,1,0,3,1,2,1,1,1
683550,1,49080.0,3585.88,0,0,761.0,1,2017,4,5,0.0,0.0,0.0,0.0,999.0,0.0,0.0,0.0,0.0,0.0,0.0,0.0,0.0,0.0,0.0,0.0,0.0,0.0,0.0,0.0,0.0,0.0,0.0,0.0,0.0,0.0,0.0,0.0,0.0,0.0,0.0,0.0,0.0,0.2122905027932961,59.00756097560976,0,1,0,1,0,0,0,0,0,0,1,3,1,2,1,1,1
683685,1,48767.0,12887.43,0,0,245.0,1,2018,5,1,0.0,0.0,0.0,0.0,999.0,0.0,0.0,0.0,0.0,0.0,0.0,0.0,0.0,0.0,0.0,0.0,0.0,0.0,0.0,0.0,0.0,0.0,0.0,0.0,0.0,0.0,0.0,0.0,0.0,0.0,0.0,0.0,0.0,0.2122905027932961,59.00756097560976,0,1,0,1,0,0,0,0,0,1,0,3,1,2,1,1,1
684296,1,59124.0,2777.53,0,0,1086.0,1,2016,12,2,0.0,0.0,0.0,0.0,999.0,0.0,0.0,0.0,0.0,0.0,0.0,0.0,0.0,0.0,0.0,0.0,0.0,0.0,0.0,0.0,0.0,0.0,0.0,0.0,0.0,0.0,0.0,0.0,0.0,0.0,0.0,0.0,0.0,0.2122905027932961,59.00756097560976,0,1,0,1,0,0,0,0,0,1,0,3,1,2,1,1,1
684699,0,76157.0,4669.23,0,0,55.0,1,2018,1,3,0.0,0.0,0.0,0.0,999.0,0.0,0.0,0.0,0.0,0.0,0.0,0.0,0.0,0.0,0.0,0.0,0.0,0.0,0.0,0.0,0.0,0.0,0.0,0.0,0.0,0.0,0.0,0.0,0.0,0.0,0.0,0.0,0.0,0.2122905027932961,59.00756097560976,0,1,0,1,0,0,0,0,0,1,0,3,1,2,1,1,1
685653,1,0.0,2393.92,0,0,158.0,1,2016,5,4,0.0,0.0,0.0,0.0,999.0,0.0,0.0,0.0,0.0,0.0,0.0,0.0,0.0,0.0,0.0,0.0,0.0,0.0,0.0,0.0,0.0,0.0,0.0,0.0,0.0,0.0,0.0,0.0,0.0,0.0,0.0,0.0,0.0,0.2122905027932961,59.00756097560976,0,0,1,0,1,0,0,0,0,0,1,3,1,2,1,1,1
686432,0,0.0,6650.46,0,0,2265.0,0,2015,10,0,0.0,0.0,0.0,0.0,999.0,0.0,0.0,0.0,0.0,0.0,0.0,0.0,0.0,0.0,0.0,0.0,0.0,0.0,0.0,0.0,0.0,0.0,0.0,0.0,0.0,0.0,0.0,0.0,0.0,0.0,0.0,0.0,0.0,0.2122905027932961,59.00756097560976,0,0,1,0,1,0,0,0,0,0,1,3,1,2,1,1,1
686474,0,68964.0,6274.12,0,0,244.0,1,2017,4,1,0.0,0.0,0.0,0.0,999.0,0.0,0.0,0.0,0.0,0.0,0.0,0.0,0.0,0.0,0.0,0.0,0.0,0.0,0.0,0.0,0.0,0.0,0.0,0.0,0.0,0.0,0.0,0.0,0.0,0.0,0.0,0.0,0.0,0.2122905027932961,59.00756097560976,0,0,1,1,0,0,0,0,0,1,0,3,1,2,1,1,1
687108,0,25813.0,4784.96,0,0,245.0,1,2019,3,2,0.0,0.0,0.0,0.0,999.0,0.0,0.0,0.0,0.0,0.0,0.0,0.0,0.0,0.0,0.0,0.0,0.0,0.0,0.0,0.0,0.0,0.0,0.0,0.0,0.0,0.0,0.0,0.0,0.0,0.0,0.0,0.0,0.0,0.0,59.00756097560976,0,0,1,1,0,0,0,0,1,0,0,3,1,2,1,1,1
687984,1,87502.0,20461.15,0,0,2230.0,0,2015,11,1,0.0,0.0,0.0,0.0,999.0,0.0,0.0,0.0,0.0,0.0,0.0,0.0,0.0,0.0,0.0,0.0,0.0,0.0,0.0,0.0,0.0,0.0,0.0,0.0,0.0,0.0,0.0,0.0,0.0,0.0,0.0,0.0,0.0,0.2122905027932961,59.00756097560976,0,1,0,1,0,0,0,0,0,1,0,3,1,2,1,1,1
688132,0,33190.0,33473.35,0,0,2305.0,0,2015,9,2,0.0,0.0,0.0,0.0,999.0,0.0,0.0,0.0,0.0,0.0,0.0,0.0,0.0,0.0,0.0,0.0,0.0,0.0,0.0,0.0,0.0,0.0,0.0,0.0,0.0,0.0,0.0,0.0,0.0,0.0,0.0,0.0,0.0,0.2122905027932961,59.00756097560976,1,0,0,1,0,0,0,0,1,0,0,3,1,2,1,1,1
688902,1,20416.0,7048.54,0,0,43.0,1,2018,4,2,0.0,0.0,0.0,0.0,999.0,0.0,0.0,0.0,0.0,0.0,0.0,0.0,0.0,0.0,0.0,0.0,0.0,0.0,0.0,0.0,0.0,0.0,0.0,0.0,0.0,0.0,0.0,0.0,0.0,0.0,0.0,0.0,0.0,0.2122905027932961,59.00756097560976,0,0,1,0,0,1,0,0,0,1,0,3,1,2,1,1,1
689993,0,0.0,3885.46,0,0,551.0,1,2016,1,0,0.0,0.0,0.0,0.0,999.0,0.0,0.0,0.0,0.0,0.0,0.0,0.0,0.0,0.0,0.0,0.0,0.0,0.0,0.0,0.0,0.0,0.0,0.0,0.0,0.0,0.0,0.0,0.0,0.0,0.0,0.0,0.0,0.0,0.2122905027932961,59.00756097560976,0,0,1,0,1,0,0,0,0,1,0,3,1,2,1,1,1
691365,1,27514.0,15613.95,0,0,879.0,1,2016,7,1,0.0,0.0,0.0,0.0,999.0,0.0,0.0,0.0,0.0,0.0,0.0,0.0,0.0,0.0,0.0,0.0,0.0,0.0,0.0,0.0,0.0,0.0,0.0,0.0,0.0,0.0,0.0,0.0,0.0,0.0,0.0,0.0,0.0,0.2122905027932961,59.00756097560976,1,0,0,1,0,0,0,0,0,1,0,3,1,2,1,1,1
692097,0,82940.0,5039.44,0,0,253.0,1,2017,12,1,0.0,0.0,0.0,0.0,999.0,0.0,0.0,0.0,0.0,0.0,0.0,0.0,0.0,0.0,0.0,0.0,0.0,0.0,0.0,0.0,0.0,0.0,0.0,0.0,0.0,0.0,0.0,0.0,0.0,0.0,0.0,0.0,0.0,0.2122905027932961,59.00756097560976,1,0,0,1,0,0,0,0,0,0,1,3,1,2,1,1,1
692121,0,0.0,8105.87,0,0,245.0,1,2019,3,4,0.0,0.0,0.0,0.0,999.0,0.0,0.0,0.0,0.0,0.0,0.0,0.0,0.0,0.0,0.0,0.0,0.0,0.0,0.0,0.0,0.0,0.0,0.0,0.0,0.0,0.0,0.0,0.0,0.0,0.0,0.0,0.0,0.0,0.0,59.00756097560976,0,0,1,0,1,0,0,0,0,1,0,3,1,2,1,1,1
692291,0,36615.0,5243.83,0,0,955.0,1,2016,4,5,0.0,0.0,0.0,0.0,999.0,0.0,0.0,0.0,0.0,0.0,0.0,0.0,0.0,0.0,0.0,0.0,0.0,0.0,0.0,0.0,0.0,0.0,0.0,0.0,0.0,0.0,0.0,0.0,0.0,0.0,0.0,0.0,0.0,0.2122905027932961,59.00756097560976,0,1,0,1,0,0,0,0,0,1,0,3,1,2,1,1,1
692741,1,32906.0,4574.92,0,0,1122.0,1,2016,4,3,0.0,0.0,0.0,0.0,999.0,0.0,0.0,0.0,0.0,0.0,0.0,0.0,0.0,0.0,0.0,0.0,0.0,0.0,0.0,0.0,0.0,0.0,0.0,0.0,0.0,0.0,0.0,0.0,0.0,0.0,0.0,0.0,0.0,0.2122905027932961,59.00756097560976,0,1,0,1,0,0,0,0,0,0,1,3,1,2,1,1,1
693393,1,61108.0,10484.92,0,0,242.0,1,2017,9,6,0.0,0.0,0.0,0.0,999.0,0.0,0.0,0.0,0.0,0.0,0.0,0.0,0.0,0.0,0.0,0.0,0.0,0.0,0.0,0.0,0.0,0.0,0.0,0.0,0.0,0.0,0.0,0.0,0.0,0.0,0.0,0.0,0.0,0.2122905027932961,59.00756097560976,0,0,1,1,0,0,0,0,1,0,0,3,1,2,1,1,1
693926,1,14315.0,2665.22,0,0,2128.0,0,2016,3,1,0.0,0.0,0.0,0.0,999.0,0.0,0.0,0.0,0.0,0.0,0.0,0.0,0.0,0.0,0.0,0.0,0.0,0.0,0.0,0.0,0.0,0.0,0.0,0.0,0.0,0.0,0.0,0.0,0.0,0.0,0.0,0.0,0.0,0.2122905027932961,59.00756097560976,0,0,1,0,0,0,1,0,0,1,0,3,1,2,1,1,1
695385,0,49447.0,4739.35,0,0,411.0,1,2017,7,0,0.0,0.0,0.0,0.0,999.0,0.0,0.0,0.0,0.0,0.0,0.0,0.0,0.0,0.0,0.0,0.0,0.0,0.0,0.0,0.0,0.0,0.0,0.0,0.0,0.0,0.0,0.0,0.0,0.0,0.0,0.0,0.0,0.0,0.2122905027932961,59.00756097560976,0,1,0,1,0,0,0,0,0,1,0,3,1,2,1,1,1
695564,0,27869.0,18474.71,0,0,245.0,1,2018,3,1,0.0,0.0,0.0,0.0,999.0,0.0,0.0,0.0,0.0,0.0,0.0,0.0,0.0,0.0,0.0,0.0,0.0,0.0,0.0,0.0,0.0,0.0,0.0,0.0,0.0,0.0,0.0,0.0,0.0,0.0,0.0,0.0,0.0,0.2122905027932961,59.00756097560976,1,0,0,0,0,0,1,0,0,1,0,3,1,2,1,1,1
695755,0,64478.0,4144.87,0,0,2463.0,0,2015,4,2,0.0,0.0,0.0,0.0,999.0,0.0,0.0,0.0,0.0,0.0,0.0,0.0,0.0,0.0,0.0,0.0,0.0,0.0,0.0,0.0,0.0,0.0,0.0,0.0,0.0,0.0,0.0,0.0,0.0,0.0,0.0,0.0,0.0,0.2122905027932961,59.00756097560976,0,0,1,1,0,0,0,0,0,1,0,3,1,2,1,1,1
697323,0,35300.0,26305.42,0,0,158.0,1,2016,10,1,0.0,0.0,0.0,0.0,999.0,0.0,0.0,0.0,0.0,0.0,0.0,0.0,0.0,0.0,0.0,0.0,0.0,0.0,0.0,0.0,0.0,0.0,0.0,0.0,0.0,0.0,0.0,0.0,0.0,0.0,0.0,0.0,0.0,0.2122905027932961,59.00756097560976,0,1,0,1,0,0,0,0,0,1,0,3,1,2,1,1,1
697824,1,23051.0,3837.36,0,0,103.0,1,2019,10,5,0.0,0.0,0.0,0.0,999.0,0.0,0.0,0.0,0.0,0.0,0.0,0.0,0.0,0.0,0.0,0.0,0.0,0.0,0.0,0.0,0.0,0.0,0.0,0.0,0.0,0.0,0.0,0.0,0.0,0.0,0.0,0.0,0.0,0.0,59.00756097560976,0,1,0,0,0,0,1,0,1,0,0,3,1,2,1,1,1
697840,1,0.0,8510.53,0,0,252.0,1,2018,11,1,0.0,0.0,0.0,0.0,999.0,0.0,0.0,0.0,0.0,0.0,0.0,0.0,0.0,0.0,0.0,0.0,0.0,0.0,0.0,0.0,0.0,0.0,0.0,0.0,0.0,0.0,0.0,0.0,0.0,0.0,0.0,0.0,0.0,0.2122905027932961,59.00756097560976,0,0,1,0,1,0,0,0,0,0,1,3,1,2,1,1,1
697962,0,0.0,5619.69,0,0,32.0,1,2019,4,1,0.0,0.0,0.0,0.0,999.0,0.0,0.0,0.0,0.0,0.0,0.0,0.0,0.0,0.0,0.0,0.0,0.0,0.0,0.0,0.0,0.0,0.0,0.0,0.0,0.0,0.0,0.0,0.0,0.0,0.0,0.0,0.0,0.0,0.0,59.00756097560976,0,1,0,0,1,0,0,0,0,1,0,3,1,2,1,1,1
698915,0,15383.0,4567.87,0,0,243.0,1,2019,1,3,0.0,0.0,0.0,0.0,999.0,0.0,0.0,0.0,0.0,0.0,0.0,0.0,0.0,0.0,0.0,0.0,0.0,0.0,0.0,0.0,0.0,0.0,0.0,0.0,0.0,0.0,0.0,0.0,0.0,0.0,0.0,0.0,0.0,0.0,59.00756097560976,0,1,0,0,0,1,0,0,0,1,0,3,1,2,1,1,1
699220,1,30064.0,2594.79,0,0,244.0,1,2017,4,4,0.0,0.0,0.0,0.0,999.0,0.0,0.0,0.0,0.0,0.0,0.0,0.0,0.0,0.0,0.0,0.0,0.0,0.0,0.0,0.0,0.0,0.0,0.0,0.0,0.0,0.0,0.0,0.0,0.0,0.0,0.0,0.0,0.0,0.2122905027932961,59.00756097560976,0,0,1,1,0,0,0,0,0,1,0,3,1,2,1,1,1
700011,0,58414.0,7840.17,0,0,2381.0,0,2015,6,2,0.0,0.0,0.0,0.0,999.0,0.0,0.0,0.0,0.0,0.0,0.0,0.0,0.0,0.0,0.0,0.0,0.0,0.0,0.0,0.0,0.0,0.0,0.0,0.0,0.0,0.0,0.0,0.0,0.0,0.0,0.0,0.0,0.0,0.2122905027932961,59.00756097560976,0,1,0,1,0,0,0,0,0,0,1,3,1,2,1,1,1
700958,0,66146.0,11243.9,0,0,242.0,1,2016,11,6,0.0,0.0,0.0,0.0,999.0,0.0,0.0,0.0,0.0,0.0,0.0,0.0,0.0,0.0,0.0,0.0,0.0,0.0,0.0,0.0,0.0,0.0,0.0,0.0,0.0,0.0,0.0,0.0,0.0,0.0,0.0,0.0,0.0,0.2122905027932961,59.00756097560976,1,0,0,1,0,0,0,0,0,0,1,3,1,2,1,1,1
701708,0,63774.0,4376.36,0,0,245.0,1,2018,5,2,0.0,0.0,0.0,0.0,999.0,0.0,0.0,0.0,0.0,0.0,0.0,0.0,0.0,0.0,0.0,0.0,0.0,0.0,0.0,0.0,0.0,0.0,0.0,0.0,0.0,0.0,0.0,0.0,0.0,0.0,0.0,0.0,0.0,0.2122905027932961,59.00756097560976,0,0,1,1,0,0,0,0,1,0,0,3,1,2,1,1,1
702325,1,71333.0,3721.06,0,0,313.0,1,2018,12,4,0.0,0.0,0.0,0.0,999.0,0.0,0.0,0.0,0.0,0.0,0.0,0.0,0.0,0.0,0.0,0.0,0.0,0.0,0.0,0.0,0.0,0.0,0.0,0.0,0.0,0.0,0.0,0.0,0.0,0.0,0.0,0.0,0.0,0.2122905027932961,59.00756097560976,0,0,1,1,0,0,0,0,0,1,0,3,1,2,1,1,1
702938,0,28726.0,4983.9,0,0,242.0,1,2018,11,6,0.0,0.0,0.0,0.0,999.0,0.0,0.0,0.0,0.0,0.0,0.0,0.0,0.0,0.0,0.0,0.0,0.0,0.0,0.0,0.0,0.0,0.0,0.0,0.0,0.0,0.0,0.0,0.0,0.0,0.0,0.0,0.0,0.0,0.2122905027932961,59.00756097560976,0,0,1,1,0,0,0,0,1,0,0,3,1,2,1,1,1
703160,1,29327.0,4561.27,0,0,95.0,1,2019,8,0,0.0,0.0,0.0,0.0,999.0,0.0,0.0,0.0,0.0,0.0,0.0,0.0,0.0,0.0,0.0,0.0,0.0,0.0,0.0,0.0,0.0,0.0,0.0,0.0,0.0,0.0,0.0,0.0,0.0,0.0,0.0,0.0,0.0,0.0,59.00756097560976,0,1,0,0,0,0,1,0,0,1,0,3,1,2,1,1,1
703278,1,76847.0,9409.14,0,0,2463.0,0,2015,4,2,0.0,0.0,0.0,0.0,999.0,0.0,0.0,0.0,0.0,0.0,0.0,0.0,0.0,0.0,0.0,0.0,0.0,0.0,0.0,0.0,0.0,0.0,0.0,0.0,0.0,0.0,0.0,0.0,0.0,0.0,0.0,0.0,0.0,0.2122905027932961,59.00756097560976,0,0,1,1,0,0,0,0,0,0,1,3,1,2,1,1,1
703882,1,0.0,4922.17,0,0,2463.0,0,2015,4,2,0.0,0.0,0.0,0.0,999.0,0.0,0.0,0.0,0.0,0.0,0.0,0.0,0.0,0.0,0.0,0.0,0.0,0.0,0.0,0.0,0.0,0.0,0.0,0.0,0.0,0.0,0.0,0.0,0.0,0.0,0.0,0.0,0.0,0.2122905027932961,59.00756097560976,0,0,1,0,1,0,0,0,0,0,1,3,1,2,1,1,1
703972,0,0.0,17497.52,0,0,201.0,1,2016,10,1,0.0,0.0,0.0,0.0,999.0,0.0,0.0,0.0,0.0,0.0,0.0,0.0,0.0,0.0,0.0,0.0,0.0,0.0,0.0,0.0,0.0,0.0,0.0,0.0,0.0,0.0,0.0,0.0,0.0,0.0,0.0,0.0,0.0,0.2122905027932961,59.00756097560976,1,0,0,0,1,0,0,0,1,0,0,3,1,2,1,1,1
704308,0,0.0,5917.47,0,0,243.0,1,2017,10,1,0.0,0.0,0.0,0.0,999.0,0.0,0.0,0.0,0.0,0.0,0.0,0.0,0.0,0.0,0.0,0.0,0.0,0.0,0.0,0.0,0.0,0.0,0.0,0.0,0.0,0.0,0.0,0.0,0.0,0.0,0.0,0.0,0.0,0.2122905027932961,59.00756097560976,0,1,0,0,1,0,0,0,0,0,1,3,1,2,1,1,1
705756,0,78374.0,16331.43,0,0,623.0,1,2018,4,1,0.0,0.0,0.0,0.0,999.0,0.0,0.0,0.0,0.0,0.0,0.0,0.0,0.0,0.0,0.0,0.0,0.0,0.0,0.0,0.0,0.0,0.0,0.0,0.0,0.0,0.0,0.0,0.0,0.0,0.0,0.0,0.0,0.0,0.2122905027932961,59.00756097560976,0,0,1,1,0,0,0,0,0,0,1,3,1,2,1,1,1
706185,0,44047.0,5395.43,0,0,245.0,1,2016,5,1,0.0,0.0,0.0,0.0,999.0,0.0,0.0,0.0,0.0,0.0,0.0,0.0,0.0,0.0,0.0,0.0,0.0,0.0,0.0,0.0,0.0,0.0,0.0,0.0,0.0,0.0,0.0,0.0,0.0,0.0,0.0,0.0,0.0,0.2122905027932961,59.00756097560976,1,0,0,1,0,0,0,0,0,1,0,3,1,2,1,1,1
706425,1,10334.0,7284.26,0,0,245.0,1,2018,5,1,0.0,0.0,0.0,0.0,999.0,0.0,0.0,0.0,0.0,0.0,0.0,0.0,0.0,0.0,0.0,0.0,0.0,0.0,0.0,0.0,0.0,0.0,0.0,0.0,0.0,0.0,0.0,0.0,0.0,0.0,0.0,0.0,0.0,0.2122905027932961,59.00756097560976,1,0,0,0,0,0,1,0,0,1,0,3,1,2,1,1,1
706747,1,77577.0,7910.87,0,0,150.0,1,2018,9,3,0.0,0.0,0.0,0.0,999.0,0.0,0.0,0.0,0.0,0.0,0.0,0.0,0.0,0.0,0.0,0.0,0.0,0.0,0.0,0.0,0.0,0.0,0.0,0.0,0.0,0.0,0.0,0.0,0.0,0.0,0.0,0.0,0.0,0.2122905027932961,59.00756097560976,0,0,1,1,0,0,0,0,0,1,0,3,1,2,1,1,1
706876,0,0.0,5380.32,0,0,339.0,1,2017,1,1,0.0,0.0,0.0,0.0,999.0,0.0,0.0,0.0,0.0,0.0,0.0,0.0,0.0,0.0,0.0,0.0,0.0,0.0,0.0,0.0,0.0,0.0,0.0,0.0,0.0,0.0,0.0,0.0,0.0,0.0,0.0,0.0,0.0,0.2122905027932961,59.00756097560976,0,1,0,0,1,0,0,0,0,1,0,3,1,2,1,1,1
706970,0,0.0,4788.93,1,0,264.0,0,2021,4,1,0.0,0.0,0.0,0.0,999.0,0.0,0.0,0.0,0.0,0.0,0.0,0.0,0.0,0.0,0.0,0.0,0.0,0.0,0.0,0.0,0.0,0.0,0.0,0.0,0.0,0.0,0.0,0.0,0.0,0.0,0.0,0.0,0.0,0.0,59.00756097560976,0,1,0,0,1,0,0,0,0,1,0,3,1,2,1,1,1
707710,1,20903.0,8886.3,1,1,299.0,0,2021,3,0,0.0,0.0,0.0,0.0,999.0,0.0,0.0,0.0,0.0,0.0,0.0,0.0,0.0,0.0,0.0,0.0,0.0,0.0,0.0,0.0,0.0,0.0,0.0,0.0,0.0,0.0,0.0,0.0,0.0,0.0,0.0,0.0,0.0,0.0,59.00756097560976,0,0,1,0,0,1,0,0,0,1,0,3,1,2,1,1,1
707860,0,0.0,3021.94,0,0,77.0,0,2021,10,2,0.0,0.0,0.0,0.0,999.0,0.0,0.0,0.0,0.0,0.0,0.0,0.0,0.0,0.0,0.0,0.0,0.0,0.0,0.0,0.0,0.0,0.0,0.0,0.0,0.0,0.0,0.0,0.0,0.0,0.0,0.0,0.0,0.0,0.0,59.00756097560976,0,0,1,0,1,0,0,0,0,0,1,3,1,2,1,1,1
708151,0,39841.0,5646.32,0,0,911.0,1,2017,5,1,0.0,0.0,0.0,0.0,999.0,0.0,0.0,0.0,0.0,0.0,0.0,0.0,0.0,0.0,0.0,0.0,0.0,0.0,0.0,0.0,0.0,0.0,0.0,0.0,0.0,0.0,0.0,0.0,0.0,0.0,0.0,0.0,0.0,0.2122905027932961,59.00756097560976,0,0,1,1,0,0,0,0,0,0,1,3,1,2,1,1,1
709212,0,0.0,2142.89,0,0,1195.0,1,2016,8,4,0.0,0.0,0.0,0.0,999.0,0.0,0.0,0.0,0.0,0.0,0.0,0.0,0.0,0.0,0.0,0.0,0.0,0.0,0.0,0.0,0.0,0.0,0.0,0.0,0.0,0.0,0.0,0.0,0.0,0.0,0.0,0.0,0.0,0.2122905027932961,59.00756097560976,0,0,1,0,1,0,0,0,0,0,1,3,1,2,1,1,1
709844,0,41611.0,5973.98,0,0,242.0,1,2017,2,1,0.0,0.0,0.0,0.0,999.0,0.0,0.0,0.0,0.0,0.0,0.0,0.0,0.0,0.0,0.0,0.0,0.0,0.0,0.0,0.0,0.0,0.0,0.0,0.0,0.0,0.0,0.0,0.0,0.0,0.0,0.0,0.0,0.0,0.2122905027932961,59.00756097560976,0,1,0,1,0,0,0,0,0,1,0,3,1,2,1,1,1
710003,1,33137.0,5644.47,0,0,1037.0,0,2019,2,1,0.0,0.0,0.0,0.0,999.0,0.0,0.0,0.0,0.0,0.0,0.0,0.0,0.0,0.0,0.0,0.0,0.0,0.0,0.0,0.0,0.0,0.0,0.0,0.0,0.0,0.0,0.0,0.0,0.0,0.0,0.0,0.0,0.0,0.0,59.00756097560976,1,0,0,1,0,0,0,0,0,0,1,3,1,2,1,1,1
710203,1,77048.0,4191.97,0,0,245.0,1,2018,6,1,0.0,0.0,0.0,0.0,999.0,0.0,0.0,0.0,0.0,0.0,0.0,0.0,0.0,0.0,0.0,0.0,0.0,0.0,0.0,0.0,0.0,0.0,0.0,0.0,0.0,0.0,0.0,0.0,0.0,0.0,0.0,0.0,0.0,0.2122905027932961,59.00756097560976,0,0,1,1,0,0,0,0,0,1,0,3,1,2,1,1,1
710473,0,0.0,5248.98,0,0,287.0,1,2019,2,4,0.0,0.0,0.0,0.0,999.0,0.0,0.0,0.0,0.0,0.0,0.0,0.0,0.0,0.0,0.0,0.0,0.0,0.0,0.0,0.0,0.0,0.0,0.0,0.0,0.0,0.0,0.0,0.0,0.0,0.0,0.0,0.0,0.0,0.0,59.00756097560976,0,0,1,0,1,0,0,0,0,1,0,3,1,2,1,1,1
711129,1,80744.0,13441.01,0,0,2463.0,0,2015,4,1,0.0,0.0,0.0,0.0,999.0,0.0,0.0,0.0,0.0,0.0,0.0,0.0,0.0,0.0,0.0,0.0,0.0,0.0,0.0,0.0,0.0,0.0,0.0,0.0,0.0,0.0,0.0,0.0,0.0,0.0,0.0,0.0,0.0,0.2122905027932961,59.00756097560976,0,1,0,1,0,0,0,0,0,1,0,3,1,2,1,1,1
711285,1,21514.0,11981.98,0,0,935.0,1,2017,5,1,0.0,0.0,0.0,0.0,999.0,0.0,0.0,0.0,0.0,0.0,0.0,0.0,0.0,0.0,0.0,0.0,0.0,0.0,0.0,0.0,0.0,0.0,0.0,0.0,0.0,0.0,0.0,0.0,0.0,0.0,0.0,0.0,0.0,0.2122905027932961,59.00756097560976,1,0,0,0,0,0,0,1,0,1,0,3,1,2,1,1,1
711775,0,56980.0,6689.02,0,0,79.0,1,2018,4,4,0.0,0.0,0.0,0.0,999.0,0.0,0.0,0.0,0.0,0.0,0.0,0.0,0.0,0.0,0.0,0.0,0.0,0.0,0.0,0.0,0.0,0.0,0.0,0.0,0.0,0.0,0.0,0.0,0.0,0.0,0.0,0.0,0.0,0.2122905027932961,59.00756097560976,0,1,0,1,0,0,0,0,0,1,0,3,1,2,1,1,1
712132,0,63867.0,7069.74,0,0,320.0,1,2018,7,4,0.0,0.0,0.0,0.0,999.0,0.0,0.0,0.0,0.0,0.0,0.0,0.0,0.0,0.0,0.0,0.0,0.0,0.0,0.0,0.0,0.0,0.0,0.0,0.0,0.0,0.0,0.0,0.0,0.0,0.0,0.0,0.0,0.0,0.2122905027932961,59.00756097560976,0,1,0,1,0,0,0,0,0,1,0,3,1,2,1,1,1
712874,1,41671.0,16261.17,0,0,242.0,1,2019,2,4,0.0,0.0,0.0,0.0,999.0,0.0,0.0,0.0,0.0,0.0,0.0,0.0,0.0,0.0,0.0,0.0,0.0,0.0,0.0,0.0,0.0,0.0,0.0,0.0,0.0,0.0,0.0,0.0,0.0,0.0,0.0,0.0,0.0,0.0,59.00756097560976,0,1,0,1,0,0,0,0,0,0,1,3,1,2,1,1,1
714161,0,85537.0,26416.25,0,0,2229.0,0,2015,11,4,0.0,0.0,0.0,0.0,999.0,0.0,0.0,0.0,0.0,0.0,0.0,0.0,0.0,0.0,0.0,0.0,0.0,0.0,0.0,0.0,0.0,0.0,0.0,0.0,0.0,0.0,0.0,0.0,0.0,0.0,0.0,0.0,0.0,0.2122905027932961,59.00756097560976,0,0,1,1,0,0,0,0,0,1,0,3,1,2,1,1,1
716371,0,56233.0,9487.72,0,0,245.0,1,2018,6,1,0.0,0.0,0.0,0.0,999.0,0.0,0.0,0.0,0.0,0.0,0.0,0.0,0.0,0.0,0.0,0.0,0.0,0.0,0.0,0.0,0.0,0.0,0.0,0.0,0.0,0.0,0.0,0.0,0.0,0.0,0.0,0.0,0.0,0.2122905027932961,59.00756097560976,0,1,0,1,0,0,0,0,0,1,0,3,1,2,1,1,1
716435,1,23300.0,4962.21,0,0,2463.0,0,2015,4,1,0.0,0.0,0.0,0.0,999.0,0.0,0.0,0.0,0.0,0.0,0.0,0.0,0.0,0.0,0.0,0.0,0.0,0.0,0.0,0.0,0.0,0.0,0.0,0.0,0.0,0.0,0.0,0.0,0.0,0.0,0.0,0.0,0.0,0.2122905027932961,59.00756097560976,0,0,1,1,0,0,0,0,0,1,0,3,1,2,1,1,1
717772,0,38606.0,5282.54,0,0,242.0,1,2018,9,4,0.0,0.0,0.0,0.0,999.0,0.0,0.0,0.0,0.0,0.0,0.0,0.0,0.0,0.0,0.0,0.0,0.0,0.0,0.0,0.0,0.0,0.0,0.0,0.0,0.0,0.0,0.0,0.0,0.0,0.0,0.0,0.0,0.0,0.2122905027932961,59.00756097560976,0,0,1,1,0,0,0,0,0,0,1,3,1,2,1,1,1
719633,1,27608.0,4250.78,0,0,758.0,0,2019,12,2,0.0,0.0,0.0,0.0,999.0,0.0,0.0,0.0,0.0,0.0,0.0,0.0,0.0,0.0,0.0,0.0,0.0,0.0,0.0,0.0,0.0,0.0,0.0,0.0,0.0,0.0,0.0,0.0,0.0,0.0,0.0,0.0,0.0,0.0,59.00756097560976,0,0,1,1,0,0,0,0,1,0,0,3,1,2,1,1,1
719850,1,65726.0,14226.5,0,0,2273.0,0,2015,10,1,0.0,0.0,0.0,0.0,999.0,0.0,0.0,0.0,0.0,0.0,0.0,0.0,0.0,0.0,0.0,0.0,0.0,0.0,0.0,0.0,0.0,0.0,0.0,0.0,0.0,0.0,0.0,0.0,0.0,0.0,0.0,0.0,0.0,0.2122905027932961,59.00756097560976,0,1,0,1,0,0,0,0,0,1,0,3,1,2,1,1,1
720178,1,26540.0,2648.47,0,0,2463.0,0,2015,4,2,0.0,0.0,0.0,0.0,999.0,0.0,0.0,0.0,0.0,0.0,0.0,0.0,0.0,0.0,0.0,0.0,0.0,0.0,0.0,0.0,0.0,0.0,0.0,0.0,0.0,0.0,0.0,0.0,0.0,0.0,0.0,0.0,0.0,0.2122905027932961,59.00756097560976,0,0,1,0,0,1,0,0,0,1,0,3,1,2,1,1,1
720536,0,0.0,6852.0,0,0,242.0,1,2017,9,2,0.0,0.0,0.0,0.0,999.0,0.0,0.0,0.0,0.0,0.0,0.0,0.0,0.0,0.0,0.0,0.0,0.0,0.0,0.0,0.0,0.0,0.0,0.0,0.0,0.0,0.0,0.0,0.0,0.0,0.0,0.0,0.0,0.0,0.2122905027932961,59.00756097560976,0,1,0,0,1,0,0,0,0,0,1,3,1,2,1,1,1
721364,1,67798.0,5548.03,0,0,2215.0,0,2015,12,4,0.0,0.0,0.0,0.0,999.0,0.0,0.0,0.0,0.0,0.0,0.0,0.0,0.0,0.0,0.0,0.0,0.0,0.0,0.0,0.0,0.0,0.0,0.0,0.0,0.0,0.0,0.0,0.0,0.0,0.0,0.0,0.0,0.0,0.2122905027932961,59.00756097560976,0,1,0,1,0,0,0,0,1,0,0,3,1,2,1,1,1
724599,1,22976.0,4900.55,0,0,2463.0,0,2015,4,2,0.0,0.0,0.0,0.0,999.0,0.0,0.0,0.0,0.0,0.0,0.0,0.0,0.0,0.0,0.0,0.0,0.0,0.0,0.0,0.0,0.0,0.0,0.0,0.0,0.0,0.0,0.0,0.0,0.0,0.0,0.0,0.0,0.0,0.2122905027932961,59.00756097560976,0,1,0,0,0,1,0,0,0,1,0,3,1,2,1,1,1
726472,0,0.0,8532.72,0,0,242.0,1,2018,9,1,0.0,0.0,0.0,0.0,999.0,0.0,0.0,0.0,0.0,0.0,0.0,0.0,0.0,0.0,0.0,0.0,0.0,0.0,0.0,0.0,0.0,0.0,0.0,0.0,0.0,0.0,0.0,0.0,0.0,0.0,0.0,0.0,0.0,0.2122905027932961,59.00756097560976,0,0,1,0,1,0,0,0,0,1,0,3,1,2,1,1,1
727072,0,60642.0,10660.9,0,0,47.0,1,2016,9,4,0.0,0.0,0.0,0.0,999.0,0.0,0.0,0.0,0.0,0.0,0.0,0.0,0.0,0.0,0.0,0.0,0.0,0.0,0.0,0.0,0.0,0.0,0.0,0.0,0.0,0.0,0.0,0.0,0.0,0.0,0.0,0.0,0.0,0.2122905027932961,59.00756097560976,0,1,0,1,0,0,0,0,0,1,0,3,1,2,1,1,1
727197,0,26991.0,4260.34,0,0,2463.0,0,2015,4,2,0.0,0.0,0.0,0.0,999.0,0.0,0.0,0.0,0.0,0.0,0.0,0.0,0.0,0.0,0.0,0.0,0.0,0.0,0.0,0.0,0.0,0.0,0.0,0.0,0.0,0.0,0.0,0.0,0.0,0.0,0.0,0.0,0.0,0.2122905027932961,59.00756097560976,0,1,0,0,0,0,1,0,1,0,0,3,1,2,1,1,1
727363,1,84493.0,3705.29,0,0,242.0,1,2018,9,0,0.0,0.0,0.0,0.0,999.0,0.0,0.0,0.0,0.0,0.0,0.0,0.0,0.0,0.0,0.0,0.0,0.0,0.0,0.0,0.0,0.0,0.0,0.0,0.0,0.0,0.0,0.0,0.0,0.0,0.0,0.0,0.0,0.0,0.2122905027932961,59.00756097560976,0,0,1,1,0,0,0,0,0,1,0,3,1,2,1,1,1
728009,0,35005.0,34931.0,0,0,192.0,0,2021,6,5,0.0,0.0,0.0,0.0,999.0,0.0,0.0,0.0,0.0,0.0,0.0,0.0,0.0,0.0,0.0,0.0,0.0,0.0,0.0,0.0,0.0,0.0,0.0,0.0,0.0,0.0,0.0,0.0,0.0,0.0,0.0,0.0,0.0,0.0,59.00756097560976,1,0,0,1,0,0,0,0,0,1,0,3,1,2,1,1,1
728687,1,69772.0,8725.29,0,0,245.0,1,2019,3,0,0.0,0.0,0.0,0.0,999.0,0.0,0.0,0.0,0.0,0.0,0.0,0.0,0.0,0.0,0.0,0.0,0.0,0.0,0.0,0.0,0.0,0.0,0.0,0.0,0.0,0.0,0.0,0.0,0.0,0.0,0.0,0.0,0.0,0.0,59.00756097560976,0,0,1,1,0,0,0,0,0,0,1,3,1,2,1,1,1
729542,1,67735.0,7096.6,0,0,242.0,1,2018,9,1,0.0,0.0,0.0,0.0,999.0,0.0,0.0,0.0,0.0,0.0,0.0,0.0,0.0,0.0,0.0,0.0,0.0,0.0,0.0,0.0,0.0,0.0,0.0,0.0,0.0,0.0,0.0,0.0,0.0,0.0,0.0,0.0,0.0,0.2122905027932961,59.00756097560976,0,1,0,1,0,0,0,0,0,1,0,3,1,2,1,1,1
729752,1,63774.0,4376.36,0,0,2413.0,0,2015,5,4,0.0,0.0,0.0,0.0,999.0,0.0,0.0,0.0,0.0,0.0,0.0,0.0,0.0,0.0,0.0,0.0,0.0,0.0,0.0,0.0,0.0,0.0,0.0,0.0,0.0,0.0,0.0,0.0,0.0,0.0,0.0,0.0,0.0,0.2122905027932961,59.00756097560976,0,1,0,1,0,0,0,0,1,0,0,3,1,2,1,1,1
730008,1,56875.0,6676.73,0,0,2305.0,0,2015,9,1,0.0,0.0,0.0,0.0,999.0,0.0,0.0,0.0,0.0,0.0,0.0,0.0,0.0,0.0,0.0,0.0,0.0,0.0,0.0,0.0,0.0,0.0,0.0,0.0,0.0,0.0,0.0,0.0,0.0,0.0,0.0,0.0,0.0,0.2122905027932961,59.00756097560976,1,0,0,1,0,0,0,0,0,1,0,3,1,2,1,1,1
730768,1,32869.0,20120.56,0,0,243.0,1,2018,1,0,0.0,0.0,0.0,0.0,999.0,0.0,0.0,0.0,0.0,0.0,0.0,0.0,0.0,0.0,0.0,0.0,0.0,0.0,0.0,0.0,0.0,0.0,0.0,0.0,0.0,0.0,0.0,0.0,0.0,0.0,0.0,0.0,0.0,0.2122905027932961,59.00756097560976,0,0,1,1,0,0,0,0,0,1,0,3,1,2,1,1,1
730795,1,0.0,24258.71,0,0,553.0,1,2017,7,2,0.0,0.0,0.0,0.0,999.0,0.0,0.0,0.0,0.0,0.0,0.0,0.0,0.0,0.0,0.0,0.0,0.0,0.0,0.0,0.0,0.0,0.0,0.0,0.0,0.0,0.0,0.0,0.0,0.0,0.0,0.0,0.0,0.0,0.2122905027932961,59.00756097560976,0,0,1,0,1,0,0,0,0,0,1,3,1,2,1,1,1
731286,1,86205.0,17776.82,0,0,2463.0,0,2015,4,3,0.0,0.0,0.0,0.0,999.0,0.0,0.0,0.0,0.0,0.0,0.0,0.0,0.0,0.0,0.0,0.0,0.0,0.0,0.0,0.0,0.0,0.0,0.0,0.0,0.0,0.0,0.0,0.0,0.0,0.0,0.0,0.0,0.0,0.2122905027932961,59.00756097560976,1,0,0,1,0,0,0,0,0,0,1,3,1,2,1,1,1
732862,1,71551.0,2476.59,0,0,2463.0,0,2015,4,4,0.0,0.0,0.0,0.0,999.0,0.0,0.0,0.0,0.0,0.0,0.0,0.0,0.0,0.0,0.0,0.0,0.0,0.0,0.0,0.0,0.0,0.0,0.0,0.0,0.0,0.0,0.0,0.0,0.0,0.0,0.0,0.0,0.0,0.2122905027932961,59.00756097560976,0,0,1,1,0,0,0,0,0,0,1,3,1,2,1,1,1
732880,0,44938.0,7373.23,0,0,261.0,1,2018,8,1,0.0,0.0,0.0,0.0,999.0,0.0,0.0,0.0,0.0,0.0,0.0,0.0,0.0,0.0,0.0,0.0,0.0,0.0,0.0,0.0,0.0,0.0,0.0,0.0,0.0,0.0,0.0,0.0,0.0,0.0,0.0,0.0,0.0,0.2122905027932961,59.00756097560976,0,0,1,1,0,0,0,0,0,1,0,3,1,2,1,1,1
733434,1,24239.0,7039.26,0,0,152.0,1,2018,9,5,0.0,0.0,0.0,0.0,999.0,0.0,0.0,0.0,0.0,0.0,0.0,0.0,0.0,0.0,0.0,0.0,0.0,0.0,0.0,0.0,0.0,0.0,0.0,0.0,0.0,0.0,0.0,0.0,0.0,0.0,0.0,0.0,0.0,0.2122905027932961,59.00756097560976,0,1,0,1,0,0,0,0,0,1,0,3,1,2,1,1,1
733467,1,36007.0,25093.57,0,0,242.0,1,2018,11,0,0.0,0.0,0.0,0.0,999.0,0.0,0.0,0.0,0.0,0.0,0.0,0.0,0.0,0.0,0.0,0.0,0.0,0.0,0.0,0.0,0.0,0.0,0.0,0.0,0.0,0.0,0.0,0.0,0.0,0.0,0.0,0.0,0.0,0.2122905027932961,59.00756097560976,1,0,0,1,0,0,0,0,0,1,0,3,1,2,1,1,1
734119,0,89797.0,4315.67,0,0,243.0,1,2018,8,2,0.0,0.0,0.0,0.0,999.0,0.0,0.0,0.0,0.0,0.0,0.0,0.0,0.0,0.0,0.0,0.0,0.0,0.0,0.0,0.0,0.0,0.0,0.0,0.0,0.0,0.0,0.0,0.0,0.0,0.0,0.0,0.0,0.0,0.2122905027932961,59.00756097560976,0,0,1,1,0,0,0,0,0,1,0,3,1,2,1,1,1
735171,0,61709.0,6410.97,0,0,245.0,1,2017,6,1,0.0,0.0,0.0,0.0,999.0,0.0,0.0,0.0,0.0,0.0,0.0,0.0,0.0,0.0,0.0,0.0,0.0,0.0,0.0,0.0,0.0,0.0,0.0,0.0,0.0,0.0,0.0,0.0,0.0,0.0,0.0,0.0,0.0,0.2122905027932961,59.00756097560976,0,1,0,1,0,0,0,0,0,1,0,3,1,2,1,1,1
737027,0,63035.0,49221.43,0,0,2463.0,0,2015,4,2,0.0,0.0,0.0,0.0,999.0,0.0,0.0,0.0,0.0,0.0,0.0,0.0,0.0,0.0,0.0,0.0,0.0,0.0,0.0,0.0,0.0,0.0,0.0,0.0,0.0,0.0,0.0,0.0,0.0,0.0,0.0,0.0,0.0,0.2122905027932961,59.00756097560976,0,1,0,1,0,0,0,0,0,1,0,3,1,2,1,1,1
737451,1,58467.0,7771.02,0,0,2236.0,0,2015,11,4,0.0,0.0,0.0,0.0,999.0,0.0,0.0,0.0,0.0,0.0,0.0,0.0,0.0,0.0,0.0,0.0,0.0,0.0,0.0,0.0,0.0,0.0,0.0,0.0,0.0,0.0,0.0,0.0,0.0,0.0,0.0,0.0,0.0,0.2122905027932961,59.00756097560976,0,1,0,1,0,0,0,0,0,1,0,3,1,2,1,1,1
737676,0,0.0,2215.91,0,0,51.0,0,2021,11,2,0.0,0.0,0.0,0.0,999.0,0.0,0.0,0.0,0.0,0.0,0.0,0.0,0.0,0.0,0.0,0.0,0.0,0.0,0.0,0.0,0.0,0.0,0.0,0.0,0.0,0.0,0.0,0.0,0.0,0.0,0.0,0.0,0.0,0.0,59.00756097560976,0,0,1,0,1,0,0,0,0,0,1,3,1,2,1,1,1
738253,1,39102.0,10481.94,0,0,39.0,0,2021,11,5,0.0,0.0,0.0,0.0,999.0,0.0,0.0,0.0,0.0,0.0,0.0,0.0,0.0,0.0,0.0,0.0,0.0,0.0,0.0,0.0,0.0,0.0,0.0,0.0,0.0,0.0,0.0,0.0,0.0,0.0,0.0,0.0,0.0,0.0,59.00756097560976,0,1,0,1,0,0,0,0,0,1,0,3,1,2,1,1,1
740349,0,25820.0,3265.16,0,0,245.0,1,2019,3,1,0.0,0.0,0.0,0.0,999.0,0.0,0.0,0.0,0.0,0.0,0.0,0.0,0.0,0.0,0.0,0.0,0.0,0.0,0.0,0.0,0.0,0.0,0.0,0.0,0.0,0.0,0.0,0.0,0.0,0.0,0.0,0.0,0.0,0.0,59.00756097560976,0,0,1,1,0,0,0,0,1,0,0,3,1,2,1,1,1
740509,0,95697.0,2471.53,0,0,181.0,1,2018,8,2,0.0,0.0,0.0,0.0,999.0,0.0,0.0,0.0,0.0,0.0,0.0,0.0,0.0,0.0,0.0,0.0,0.0,0.0,0.0,0.0,0.0,0.0,0.0,0.0,0.0,0.0,0.0,0.0,0.0,0.0,0.0,0.0,0.0,0.2122905027932961,59.00756097560976,0,0,1,1,0,0,0,0,0,1,0,3,1,2,1,1,1
741384,1,38667.0,2487.65,0,0,34.0,0,2021,11,4,0.0,0.0,0.0,0.0,999.0,0.0,0.0,0.0,0.0,0.0,0.0,0.0,0.0,0.0,0.0,0.0,0.0,0.0,0.0,0.0,0.0,0.0,0.0,0.0,0.0,0.0,0.0,0.0,0.0,0.0,0.0,0.0,0.0,0.0,59.00756097560976,0,0,1,1,0,0,0,0,0,1,0,3,1,2,1,1,1
741470,0,24290.0,6459.64,0,0,842.0,1,2016,9,1,0.0,0.0,0.0,0.0,999.0,0.0,0.0,0.0,0.0,0.0,0.0,0.0,0.0,0.0,0.0,0.0,0.0,0.0,0.0,0.0,0.0,0.0,0.0,0.0,0.0,0.0,0.0,0.0,0.0,0.0,0.0,0.0,0.0,0.2122905027932961,59.00756097560976,1,0,0,1,0,0,0,0,0,1,0,3,1,2,1,1,1
741657,0,0.0,7542.71,0,0,2340.0,0,2015,8,1,0.0,0.0,0.0,0.0,999.0,0.0,0.0,0.0,0.0,0.0,0.0,0.0,0.0,0.0,0.0,0.0,0.0,0.0,0.0,0.0,0.0,0.0,0.0,0.0,0.0,0.0,0.0,0.0,0.0,0.0,0.0,0.0,0.0,0.2122905027932961,59.00756097560976,1,0,0,0,1,0,0,0,0,0,1,3,1,2,1,1,1
741848,0,32437.0,2748.85,0,0,777.0,1,2016,2,4,0.0,0.0,0.0,0.0,999.0,0.0,0.0,0.0,0.0,0.0,0.0,0.0,0.0,0.0,0.0,0.0,0.0,0.0,0.0,0.0,0.0,0.0,0.0,0.0,0.0,0.0,0.0,0.0,0.0,0.0,0.0,0.0,0.0,0.2122905027932961,59.00756097560976,0,1,0,1,0,0,0,0,0,1,0,3,1,2,1,1,1
741926,1,0.0,29706.78,0,0,76.0,0,2021,10,4,0.0,0.0,0.0,0.0,999.0,0.0,0.0,0.0,0.0,0.0,0.0,0.0,0.0,0.0,0.0,0.0,0.0,0.0,0.0,0.0,0.0,0.0,0.0,0.0,0.0,0.0,0.0,0.0,0.0,0.0,0.0,0.0,0.0,0.0,59.00756097560976,0,0,1,0,1,0,0,0,0,0,1,3,1,2,1,1,1
742356,0,0.0,5936.01,0,0,2463.0,0,2015,4,1,0.0,0.0,0.0,0.0,999.0,0.0,0.0,0.0,0.0,0.0,0.0,0.0,0.0,0.0,0.0,0.0,0.0,0.0,0.0,0.0,0.0,0.0,0.0,0.0,0.0,0.0,0.0,0.0,0.0,0.0,0.0,0.0,0.0,0.2122905027932961,59.00756097560976,1,0,0,0,1,0,0,0,0,0,1,3,1,2,1,1,1
742673,1,54378.0,2637.6,0,0,153.0,1,2017,3,6,0.0,0.0,0.0,0.0,999.0,0.0,0.0,0.0,0.0,0.0,0.0,0.0,0.0,0.0,0.0,0.0,0.0,0.0,0.0,0.0,0.0,0.0,0.0,0.0,0.0,0.0,0.0,0.0,0.0,0.0,0.0,0.0,0.0,0.2122905027932961,59.00756097560976,0,0,1,1,0,0,0,0,0,1,0,3,1,2,1,1,1
743108,1,0.0,2332.1,0,0,129.0,1,2017,10,4,0.0,0.0,0.0,0.0,999.0,0.0,0.0,0.0,0.0,0.0,0.0,0.0,0.0,0.0,0.0,0.0,0.0,0.0,0.0,0.0,0.0,0.0,0.0,0.0,0.0,0.0,0.0,0.0,0.0,0.0,0.0,0.0,0.0,0.2122905027932961,59.00756097560976,0,0,1,0,1,0,0,0,0,0,1,3,1,2,1,1,1
743257,0,0.0,13668.36,0,0,245.0,1,2017,6,5,0.0,0.0,0.0,0.0,999.0,0.0,0.0,0.0,0.0,0.0,0.0,0.0,0.0,0.0,0.0,0.0,0.0,0.0,0.0,0.0,0.0,0.0,0.0,0.0,0.0,0.0,0.0,0.0,0.0,0.0,0.0,0.0,0.0,0.2122905027932961,59.00756097560976,0,0,1,0,1,0,0,0,0,0,1,3,1,2,1,1,1
743320,1,0.0,7511.66,0,0,288.0,1,2018,12,1,0.0,0.0,0.0,0.0,999.0,0.0,0.0,0.0,0.0,0.0,0.0,0.0,0.0,0.0,0.0,0.0,0.0,0.0,0.0,0.0,0.0,0.0,0.0,0.0,0.0,0.0,0.0,0.0,0.0,0.0,0.0,0.0,0.0,0.2122905027932961,59.00756097560976,0,1,0,0,1,0,0,0,0,0,1,3,1,2,1,1,1
743481,0,79780.0,8277.64,0,0,29.0,1,2018,1,5,0.0,0.0,0.0,0.0,999.0,0.0,0.0,0.0,0.0,0.0,0.0,0.0,0.0,0.0,0.0,0.0,0.0,0.0,0.0,0.0,0.0,0.0,0.0,0.0,0.0,0.0,0.0,0.0,0.0,0.0,0.0,0.0,0.0,0.2122905027932961,59.00756097560976,0,1,0,1,0,0,0,0,0,1,0,3,1,2,1,1,1
743953,1,22044.0,7405.42,0,0,85.0,1,2016,5,2,0.0,0.0,0.0,0.0,999.0,0.0,0.0,0.0,0.0,0.0,0.0,0.0,0.0,0.0,0.0,0.0,0.0,0.0,0.0,0.0,0.0,0.0,0.0,0.0,0.0,0.0,0.0,0.0,0.0,0.0,0.0,0.0,0.0,0.2122905027932961,59.00756097560976,0,0,1,0,0,1,0,0,1,0,0,3,1,2,1,1,1
744441,1,31477.0,7516.83,0,0,242.0,1,2018,9,2,0.0,0.0,0.0,0.0,999.0,0.0,0.0,0.0,0.0,0.0,0.0,0.0,0.0,0.0,0.0,0.0,0.0,0.0,0.0,0.0,0.0,0.0,0.0,0.0,0.0,0.0,0.0,0.0,0.0,0.0,0.0,0.0,0.0,0.2122905027932961,59.00756097560976,0,0,1,1,0,0,0,0,0,1,0,3,1,2,1,1,1
744731,1,33243.0,3344.81,0,0,60.0,1,2017,5,2,0.0,0.0,0.0,0.0,999.0,0.0,0.0,0.0,0.0,0.0,0.0,0.0,0.0,0.0,0.0,0.0,0.0,0.0,0.0,0.0,0.0,0.0,0.0,0.0,0.0,0.0,0.0,0.0,0.0,0.0,0.0,0.0,0.0,0.2122905027932961,59.00756097560976,0,0,1,1,0,0,0,0,0,1,0,3,1,2,1,1,1
744746,1,0.0,21159.3,0,0,26.0,1,2018,9,2,0.0,0.0,0.0,0.0,999.0,0.0,0.0,0.0,0.0,0.0,0.0,0.0,0.0,0.0,0.0,0.0,0.0,0.0,0.0,0.0,0.0,0.0,0.0,0.0,0.0,0.0,0.0,0.0,0.0,0.0,0.0,0.0,0.0,0.2122905027932961,59.00756097560976,1,0,0,0,1,0,0,0,0,0,1,3,1,2,1,1,1
744837,0,76731.0,2582.41,0,0,242.0,1,2017,11,2,0.0,0.0,0.0,0.0,999.0,0.0,0.0,0.0,0.0,0.0,0.0,0.0,0.0,0.0,0.0,0.0,0.0,0.0,0.0,0.0,0.0,0.0,0.0,0.0,0.0,0.0,0.0,0.0,0.0,0.0,0.0,0.0,0.0,0.2122905027932961,59.00756097560976,0,0,1,1,0,0,0,0,0,1,0,3,1,2,1,1,1
745080,1,0.0,5007.22,0,0,77.0,1,2016,9,2,0.0,0.0,0.0,0.0,999.0,0.0,0.0,0.0,0.0,0.0,0.0,0.0,0.0,0.0,0.0,0.0,0.0,0.0,0.0,0.0,0.0,0.0,0.0,0.0,0.0,0.0,0.0,0.0,0.0,0.0,0.0,0.0,0.0,0.2122905027932961,59.00756097560976,0,1,0,0,1,0,0,0,0,0,1,3,1,2,1,1,1
745336,0,29111.0,4791.08,0,0,244.0,1,2018,4,4,0.0,0.0,0.0,0.0,999.0,0.0,0.0,0.0,0.0,0.0,0.0,0.0,0.0,0.0,0.0,0.0,0.0,0.0,0.0,0.0,0.0,0.0,0.0,0.0,0.0,0.0,0.0,0.0,0.0,0.0,0.0,0.0,0.0,0.2122905027932961,59.00756097560976,0,0,1,0,0,1,0,0,0,1,0,3,1,2,1,1,1
745565,0,26806.0,7019.18,0,0,242.0,1,2018,11,2,0.0,0.0,0.0,0.0,999.0,0.0,0.0,0.0,0.0,0.0,0.0,0.0,0.0,0.0,0.0,0.0,0.0,0.0,0.0,0.0,0.0,0.0,0.0,0.0,0.0,0.0,0.0,0.0,0.0,0.0,0.0,0.0,0.0,0.2122905027932961,59.00756097560976,0,0,1,0,0,0,0,1,0,1,0,3,1,2,1,1,1
745870,0,88592.0,18321.42,0,0,90.0,0,2021,10,1,0.0,0.0,0.0,0.0,999.0,0.0,0.0,0.0,0.0,0.0,0.0,0.0,0.0,0.0,0.0,0.0,0.0,0.0,0.0,0.0,0.0,0.0,0.0,0.0,0.0,0.0,0.0,0.0,0.0,0.0,0.0,0.0,0.0,0.0,59.00756097560976,1,0,0,1,0,0,0,0,0,1,0,3,1,2,1,1,1
745938,1,55217.0,8476.81,0,0,2463.0,0,2015,4,2,0.0,0.0,0.0,0.0,999.0,0.0,0.0,0.0,0.0,0.0,0.0,0.0,0.0,0.0,0.0,0.0,0.0,0.0,0.0,0.0,0.0,0.0,0.0,0.0,0.0,0.0,0.0,0.0,0.0,0.0,0.0,0.0,0.0,0.2122905027932961,59.00756097560976,0,0,1,1,0,0,0,0,0,1,0,3,1,2,1,1,1
746235,1,0.0,6732.2,0,0,93.0,1,2018,3,4,0.0,0.0,0.0,0.0,999.0,0.0,0.0,0.0,0.0,0.0,0.0,0.0,0.0,0.0,0.0,0.0,0.0,0.0,0.0,0.0,0.0,0.0,0.0,0.0,0.0,0.0,0.0,0.0,0.0,0.0,0.0,0.0,0.0,0.2122905027932961,59.00756097560976,1,0,0,0,1,0,0,0,0,0,1,3,1,2,1,1,1
746863,0,54050.0,4746.76,0,0,54.0,0,2021,11,4,0.0,0.0,0.0,0.0,999.0,0.0,0.0,0.0,0.0,0.0,0.0,0.0,0.0,0.0,0.0,0.0,0.0,0.0,0.0,0.0,0.0,0.0,0.0,0.0,0.0,0.0,0.0,0.0,0.0,0.0,0.0,0.0,0.0,0.0,59.00756097560976,0,1,0,1,0,0,0,0,0,1,0,3,1,2,1,1,1
747655,0,34835.0,6981.08,0,0,2463.0,0,2015,4,2,0.0,0.0,0.0,0.0,999.0,0.0,0.0,0.0,0.0,0.0,0.0,0.0,0.0,0.0,0.0,0.0,0.0,0.0,0.0,0.0,0.0,0.0,0.0,0.0,0.0,0.0,0.0,0.0,0.0,0.0,0.0,0.0,0.0,0.2122905027932961,59.00756097560976,0,1,0,1,0,0,0,0,0,1,0,3,1,2,1,1,1
747816,0,69247.0,4872.77,0,0,1003.0,1,2016,12,1,0.0,0.0,0.0,0.0,999.0,0.0,0.0,0.0,0.0,0.0,0.0,0.0,0.0,0.0,0.0,0.0,0.0,0.0,0.0,0.0,0.0,0.0,0.0,0.0,0.0,0.0,0.0,0.0,0.0,0.0,0.0,0.0,0.0,0.2122905027932961,59.00756097560976,0,1,0,1,0,0,0,0,0,1,0,3,1,2,1,1,1
748105,1,43947.0,6817.43,0,0,242.0,1,2017,11,0,0.0,0.0,0.0,0.0,999.0,0.0,0.0,0.0,0.0,0.0,0.0,0.0,0.0,0.0,0.0,0.0,0.0,0.0,0.0,0.0,0.0,0.0,0.0,0.0,0.0,0.0,0.0,0.0,0.0,0.0,0.0,0.0,0.0,0.2122905027932961,59.00756097560976,1,0,0,1,0,0,0,0,0,1,0,3,1,2,1,1,1
748174,1,0.0,6986.6,0,0,711.0,1,2018,1,1,0.0,0.0,0.0,0.0,999.0,0.0,0.0,0.0,0.0,0.0,0.0,0.0,0.0,0.0,0.0,0.0,0.0,0.0,0.0,0.0,0.0,0.0,0.0,0.0,0.0,0.0,0.0,0.0,0.0,0.0,0.0,0.0,0.0,0.2122905027932961,59.00756097560976,0,0,1,0,1,0,0,0,0,1,0,3,1,2,1,1,1
749362,1,29550.0,4456.02,0,0,243.0,1,2018,1,1,0.0,0.0,0.0,0.0,999.0,0.0,0.0,0.0,0.0,0.0,0.0,0.0,0.0,0.0,0.0,0.0,0.0,0.0,0.0,0.0,0.0,0.0,0.0,0.0,0.0,0.0,0.0,0.0,0.0,0.0,0.0,0.0,0.0,0.2122905027932961,59.00756097560976,0,0,1,1,0,0,0,0,0,0,1,3,1,2,1,1,1
749418,1,30786.0,10442.43,0,0,763.0,1,2017,8,2,0.0,0.0,0.0,0.0,999.0,0.0,0.0,0.0,0.0,0.0,0.0,0.0,0.0,0.0,0.0,0.0,0.0,0.0,0.0,0.0,0.0,0.0,0.0,0.0,0.0,0.0,0.0,0.0,0.0,0.0,0.0,0.0,0.0,0.2122905027932961,59.00756097560976,0,0,1,1,0,0,0,0,0,0,1,3,1,2,1,1,1
750153,1,33806.0,27789.69,0,0,243.0,1,2017,12,6,0.0,0.0,0.0,0.0,999.0,0.0,0.0,0.0,0.0,0.0,0.0,0.0,0.0,0.0,0.0,0.0,0.0,0.0,0.0,0.0,0.0,0.0,0.0,0.0,0.0,0.0,0.0,0.0,0.0,0.0,0.0,0.0,0.0,0.2122905027932961,59.00756097560976,1,0,0,1,0,0,0,0,1,0,0,3,1,2,1,1,1
750154,1,52653.0,3193.46,0,0,245.0,1,2016,3,4,0.0,0.0,0.0,0.0,999.0,0.0,0.0,0.0,0.0,0.0,0.0,0.0,0.0,0.0,0.0,0.0,0.0,0.0,0.0,0.0,0.0,0.0,0.0,0.0,0.0,0.0,0.0,0.0,0.0,0.0,0.0,0.0,0.0,0.2122905027932961,59.00756097560976,0,1,0,1,0,0,0,0,0,0,1,3,1,2,1,1,1
750247,1,29227.0,5897.56,0,0,369.0,1,2018,4,4,0.0,0.0,0.0,0.0,999.0,0.0,0.0,0.0,0.0,0.0,0.0,0.0,0.0,0.0,0.0,0.0,0.0,0.0,0.0,0.0,0.0,0.0,0.0,0.0,0.0,0.0,0.0,0.0,0.0,0.0,0.0,0.0,0.0,0.2122905027932961,59.00756097560976,0,1,0,1,0,0,0,0,0,1,0,3,1,2,1,1,1
750893,1,28513.0,15114.4,0,0,760.0,1,2017,1,2,0.0,0.0,0.0,0.0,999.0,0.0,0.0,0.0,0.0,0.0,0.0,0.0,0.0,0.0,0.0,0.0,0.0,0.0,0.0,0.0,0.0,0.0,0.0,0.0,0.0,0.0,0.0,0.0,0.0,0.0,0.0,0.0,0.0,0.2122905027932961,59.00756097560976,0,0,1,0,0,0,1,0,0,1,0,3,1,2,1,1,1
750922,1,52679.0,4964.63,0,0,186.0,1,2016,4,1,0.0,0.0,0.0,0.0,999.0,0.0,0.0,0.0,0.0,0.0,0.0,0.0,0.0,0.0,0.0,0.0,0.0,0.0,0.0,0.0,0.0,0.0,0.0,0.0,0.0,0.0,0.0,0.0,0.0,0.0,0.0,0.0,0.0,0.2122905027932961,59.00756097560976,0,0,1,1,0,0,0,0,0,1,0,3,1,2,1,1,1
752885,1,38713.0,4834.71,0,0,2463.0,0,2015,4,1,0.0,0.0,0.0,0.0,999.0,0.0,0.0,0.0,0.0,0.0,0.0,0.0,0.0,0.0,0.0,0.0,0.0,0.0,0.0,0.0,0.0,0.0,0.0,0.0,0.0,0.0,0.0,0.0,0.0,0.0,0.0,0.0,0.0,0.2122905027932961,59.00756097560976,0,1,0,1,0,0,0,0,1,0,0,3,1,2,1,1,1
754163,0,0.0,2356.07,1,1,302.0,0,2021,3,4,0.0,0.0,0.0,0.0,999.0,0.0,0.0,0.0,0.0,0.0,0.0,0.0,0.0,0.0,0.0,0.0,0.0,0.0,0.0,0.0,0.0,0.0,0.0,0.0,0.0,0.0,0.0,0.0,0.0,0.0,0.0,0.0,0.0,0.0,59.00756097560976,0,0,1,0,1,0,0,0,0,1,0,3,1,2,1,1,1
754850,0,91147.0,8563.97,0,0,243.0,1,2016,12,0,0.0,0.0,0.0,0.0,999.0,0.0,0.0,0.0,0.0,0.0,0.0,0.0,0.0,0.0,0.0,0.0,0.0,0.0,0.0,0.0,0.0,0.0,0.0,0.0,0.0,0.0,0.0,0.0,0.0,0.0,0.0,0.0,0.0,0.2122905027932961,59.00756097560976,0,1,0,1,0,0,0,0,0,1,0,3,1,2,1,1,1
755582,1,34865.0,2734.15,0,0,242.0,1,2017,11,0,0.0,0.0,0.0,0.0,999.0,0.0,0.0,0.0,0.0,0.0,0.0,0.0,0.0,0.0,0.0,0.0,0.0,0.0,0.0,0.0,0.0,0.0,0.0,0.0,0.0,0.0,0.0,0.0,0.0,0.0,0.0,0.0,0.0,0.2122905027932961,59.00756097560976,0,0,1,1,0,0,0,0,0,1,0,3,1,2,1,1,1
756043,1,37256.0,9816.53,0,0,2463.0,0,2015,4,2,0.0,0.0,0.0,0.0,999.0,0.0,0.0,0.0,0.0,0.0,0.0,0.0,0.0,0.0,0.0,0.0,0.0,0.0,0.0,0.0,0.0,0.0,0.0,0.0,0.0,0.0,0.0,0.0,0.0,0.0,0.0,0.0,0.0,0.2122905027932961,59.00756097560976,0,1,0,1,0,0,0,0,0,1,0,3,1,2,1,1,1
756280,1,0.0,28435.64,0,0,243.0,1,2017,6,2,0.0,0.0,0.0,0.0,999.0,0.0,0.0,0.0,0.0,0.0,0.0,0.0,0.0,0.0,0.0,0.0,0.0,0.0,0.0,0.0,0.0,0.0,0.0,0.0,0.0,0.0,0.0,0.0,0.0,0.0,0.0,0.0,0.0,0.2122905027932961,59.00756097560976,0,1,0,0,1,0,0,0,0,0,1,3,1,2,1,1,1
756526,1,69841.0,15417.68,1,0,2265.0,0,2015,10,2,0.0,0.0,0.0,0.0,999.0,0.0,0.0,0.0,0.0,0.0,0.0,0.0,0.0,0.0,0.0,0.0,0.0,0.0,0.0,0.0,0.0,0.0,0.0,0.0,0.0,0.0,0.0,0.0,0.0,0.0,0.0,0.0,0.0,0.2122905027932961,59.00756097560976,0,0,1,1,0,0,0,0,0,1,0,3,1,2,1,1,1
756559,0,61987.0,5021.15,0,0,2463.0,0,2015,4,6,0.0,0.0,0.0,0.0,999.0,0.0,0.0,0.0,0.0,0.0,0.0,0.0,0.0,0.0,0.0,0.0,0.0,0.0,0.0,0.0,0.0,0.0,0.0,0.0,0.0,0.0,0.0,0.0,0.0,0.0,0.0,0.0,0.0,0.2122905027932961,59.00756097560976,0,0,1,1,0,0,0,0,0,1,0,3,1,2,1,1,1
756592,1,0.0,6199.96,0,0,2463.0,0,2015,4,4,0.0,0.0,0.0,0.0,999.0,0.0,0.0,0.0,0.0,0.0,0.0,0.0,0.0,0.0,0.0,0.0,0.0,0.0,0.0,0.0,0.0,0.0,0.0,0.0,0.0,0.0,0.0,0.0,0.0,0.0,0.0,0.0,0.0,0.2122905027932961,59.00756097560976,1,0,0,0,1,0,0,0,0,0,1,3,1,2,1,1,1
756973,0,36839.0,4862.91,0,0,408.0,1,2017,8,0,0.0,0.0,0.0,0.0,999.0,0.0,0.0,0.0,0.0,0.0,0.0,0.0,0.0,0.0,0.0,0.0,0.0,0.0,0.0,0.0,0.0,0.0,0.0,0.0,0.0,0.0,0.0,0.0,0.0,0.0,0.0,0.0,0.0,0.2122905027932961,59.00756097560976,0,0,1,1,0,0,0,0,0,1,0,3,1,2,1,1,1
757060,0,97541.0,5802.07,0,0,663.0,1,2016,5,5,0.0,0.0,0.0,0.0,999.0,0.0,0.0,0.0,0.0,0.0,0.0,0.0,0.0,0.0,0.0,0.0,0.0,0.0,0.0,0.0,0.0,0.0,0.0,0.0,0.0,0.0,0.0,0.0,0.0,0.0,0.0,0.0,0.0,0.2122905027932961,59.00756097560976,0,0,1,1,0,0,0,0,0,1,0,3,1,2,1,1,1
757127,0,83208.0,5459.22,0,0,26.0,0,2021,12,4,0.0,0.0,0.0,0.0,999.0,0.0,0.0,0.0,0.0,0.0,0.0,0.0,0.0,0.0,0.0,0.0,0.0,0.0,0.0,0.0,0.0,0.0,0.0,0.0,0.0,0.0,0.0,0.0,0.0,0.0,0.0,0.0,0.0,0.0,59.00756097560976,1,0,0,1,0,0,0,0,0,1,0,3,1,2,1,1,1
757416,1,28727.0,13270.94,0,0,2360.0,0,2015,7,2,0.0,0.0,0.0,0.0,999.0,0.0,0.0,0.0,0.0,0.0,0.0,0.0,0.0,0.0,0.0,0.0,0.0,0.0,0.0,0.0,0.0,0.0,0.0,0.0,0.0,0.0,0.0,0.0,0.0,0.0,0.0,0.0,0.0,0.2122905027932961,59.00756097560976,1,0,0,1,0,0,0,0,0,1,0,3,1,2,1,1,1
757704,1,0.0,7821.19,0,0,103.0,0,2021,9,2,0.0,0.0,0.0,0.0,999.0,0.0,0.0,0.0,0.0,0.0,0.0,0.0,0.0,0.0,0.0,0.0,0.0,0.0,0.0,0.0,0.0,0.0,0.0,0.0,0.0,0.0,0.0,0.0,0.0,0.0,0.0,0.0,0.0,0.0,59.00756097560976,0,0,1,0,1,0,0,0,0,0,1,3,1,2,1,1,1
758322,0,0.0,10255.8,0,0,2303.0,0,2015,9,3,0.0,0.0,0.0,0.0,999.0,0.0,0.0,0.0,0.0,0.0,0.0,0.0,0.0,0.0,0.0,0.0,0.0,0.0,0.0,0.0,0.0,0.0,0.0,0.0,0.0,0.0,0.0,0.0,0.0,0.0,0.0,0.0,0.0,0.2122905027932961,59.00756097560976,0,0,1,0,1,0,0,0,0,0,1,3,1,2,1,1,1
759132,1,0.0,5366.78,0,0,509.0,1,2018,7,1,0.0,0.0,0.0,0.0,999.0,0.0,0.0,0.0,0.0,0.0,0.0,0.0,0.0,0.0,0.0,0.0,0.0,0.0,0.0,0.0,0.0,0.0,0.0,0.0,0.0,0.0,0.0,0.0,0.0,0.0,0.0,0.0,0.0,0.2122905027932961,59.00756097560976,1,0,0,0,1,0,0,0,0,1,0,3,1,2,1,1,1
759983,1,0.0,3615.89,0,0,245.0,1,2019,6,4,0.0,0.0,0.0,0.0,999.0,0.0,0.0,0.0,0.0,0.0,0.0,0.0,0.0,0.0,0.0,0.0,0.0,0.0,0.0,0.0,0.0,0.0,0.0,0.0,0.0,0.0,0.0,0.0,0.0,0.0,0.0,0.0,0.0,0.0,59.00756097560976,0,1,0,0,1,0,0,0,0,1,0,3,1,2,1,1,1
760077,0,25998.0,8382.48,0,0,26.0,0,2021,12,1,0.0,0.0,0.0,0.0,999.0,0.0,0.0,0.0,0.0,0.0,0.0,0.0,0.0,0.0,0.0,0.0,0.0,0.0,0.0,0.0,0.0,0.0,0.0,0.0,0.0,0.0,0.0,0.0,0.0,0.0,0.0,0.0,0.0,0.0,59.00756097560976,0,1,0,1,0,0,0,0,0,1,0,3,1,2,1,1,1
761007,0,28215.0,4650.06,0,0,2260.0,0,2015,10,1,0.0,0.0,0.0,0.0,999.0,0.0,0.0,0.0,0.0,0.0,0.0,0.0,0.0,0.0,0.0,0.0,0.0,0.0,0.0,0.0,0.0,0.0,0.0,0.0,0.0,0.0,0.0,0.0,0.0,0.0,0.0,0.0,0.0,0.2122905027932961,59.00756097560976,0,0,1,0,0,0,0,1,0,0,1,3,1,2,1,1,1
761305,1,26000.0,17790.41,0,0,24.0,1,2016,12,4,0.0,0.0,0.0,0.0,999.0,0.0,0.0,0.0,0.0,0.0,0.0,0.0,0.0,0.0,0.0,0.0,0.0,0.0,0.0,0.0,0.0,0.0,0.0,0.0,0.0,0.0,0.0,0.0,0.0,0.0,0.0,0.0,0.0,0.2122905027932961,59.00756097560976,0,1,0,0,0,0,0,1,1,0,0,3,1,2,1,1,1
761444,0,0.0,5846.42,0,0,244.0,1,2018,4,1,0.0,0.0,0.0,0.0,999.0,0.0,0.0,0.0,0.0,0.0,0.0,0.0,0.0,0.0,0.0,0.0,0.0,0.0,0.0,0.0,0.0,0.0,0.0,0.0,0.0,0.0,0.0,0.0,0.0,0.0,0.0,0.0,0.0,0.2122905027932961,59.00756097560976,1,0,0,0,1,0,0,0,0,0,1,3,1,2,1,1,1
762446,0,0.0,2325.26,0,0,244.0,1,2019,2,2,0.0,0.0,0.0,0.0,999.0,0.0,0.0,0.0,0.0,0.0,0.0,0.0,0.0,0.0,0.0,0.0,0.0,0.0,0.0,0.0,0.0,0.0,0.0,0.0,0.0,0.0,0.0,0.0,0.0,0.0,0.0,0.0,0.0,0.0,59.00756097560976,0,0,1,0,1,0,0,0,0,1,0,3,1,2,1,1,1
762990,1,61337.0,8447.89,0,0,1122.0,1,2016,7,2,0.0,0.0,0.0,0.0,999.0,0.0,0.0,0.0,0.0,0.0,0.0,0.0,0.0,0.0,0.0,0.0,0.0,0.0,0.0,0.0,0.0,0.0,0.0,0.0,0.0,0.0,0.0,0.0,0.0,0.0,0.0,0.0,0.0,0.2122905027932961,59.00756097560976,1,0,0,1,0,0,0,0,0,1,0,3,1,2,1,1,1
763806,1,27972.0,2227.07,0,0,20.0,0,2021,12,1,0.0,0.0,0.0,0.0,999.0,0.0,0.0,0.0,0.0,0.0,0.0,0.0,0.0,0.0,0.0,0.0,0.0,0.0,0.0,0.0,0.0,0.0,0.0,0.0,0.0,0.0,0.0,0.0,0.0,0.0,0.0,0.0,0.0,0.0,59.00756097560976,0,0,1,0,0,0,0,1,0,1,0,3,1,2,1,1,1
764227,1,56342.0,2674.73,0,0,163.0,1,2018,6,4,0.0,0.0,0.0,0.0,999.0,0.0,0.0,0.0,0.0,0.0,0.0,0.0,0.0,0.0,0.0,0.0,0.0,0.0,0.0,0.0,0.0,0.0,0.0,0.0,0.0,0.0,0.0,0.0,0.0,0.0,0.0,0.0,0.0,0.2122905027932961,59.00756097560976,0,0,1,1,0,0,0,0,0,0,1,3,1,2,1,1,1
765446,0,0.0,9783.63,0,0,243.0,1,2018,10,3,0.0,0.0,0.0,0.0,999.0,0.0,0.0,0.0,0.0,0.0,0.0,0.0,0.0,0.0,0.0,0.0,0.0,0.0,0.0,0.0,0.0,0.0,0.0,0.0,0.0,0.0,0.0,0.0,0.0,0.0,0.0,0.0,0.0,0.2122905027932961,59.00756097560976,0,0,1,0,1,0,0,0,0,1,0,3,1,2,1,1,1
765973,1,0.0,4931.22,0,0,244.0,1,2018,4,1,0.0,0.0,0.0,0.0,999.0,0.0,0.0,0.0,0.0,0.0,0.0,0.0,0.0,0.0,0.0,0.0,0.0,0.0,0.0,0.0,0.0,0.0,0.0,0.0,0.0,0.0,0.0,0.0,0.0,0.0,0.0,0.0,0.0,0.2122905027932961,59.00756097560976,0,0,1,0,1,0,0,0,0,1,0,3,1,2,1,1,1
766012,1,0.0,12877.78,0,0,243.0,1,2017,7,4,0.0,0.0,0.0,0.0,999.0,0.0,0.0,0.0,0.0,0.0,0.0,0.0,0.0,0.0,0.0,0.0,0.0,0.0,0.0,0.0,0.0,0.0,0.0,0.0,0.0,0.0,0.0,0.0,0.0,0.0,0.0,0.0,0.0,0.2122905027932961,59.00756097560976,1,0,0,0,1,0,0,0,0,1,0,3,1,2,1,1,1
766401,1,97131.0,5181.62,1,0,270.0,0,2021,4,2,0.0,0.0,0.0,0.0,999.0,0.0,0.0,0.0,0.0,0.0,0.0,0.0,0.0,0.0,0.0,0.0,0.0,0.0,0.0,0.0,0.0,0.0,0.0,0.0,0.0,0.0,0.0,0.0,0.0,0.0,0.0,0.0,0.0,0.0,59.00756097560976,0,0,1,1,0,0,0,0,0,1,0,3,1,2,1,1,1
766766,0,0.0,4216.2,0,0,513.0,1,2017,11,1,0.0,0.0,0.0,0.0,999.0,0.0,0.0,0.0,0.0,0.0,0.0,0.0,0.0,0.0,0.0,0.0,0.0,0.0,0.0,0.0,0.0,0.0,0.0,0.0,0.0,0.0,0.0,0.0,0.0,0.0,0.0,0.0,0.0,0.2122905027932961,59.00756097560976,0,1,0,0,1,0,0,0,0,0,1,3,1,2,1,1,1
766909,0,48943.0,7851.58,0,0,212.0,1,2016,1,0,0.0,0.0,0.0,0.0,999.0,0.0,0.0,0.0,0.0,0.0,0.0,0.0,0.0,0.0,0.0,0.0,0.0,0.0,0.0,0.0,0.0,0.0,0.0,0.0,0.0,0.0,0.0,0.0,0.0,0.0,0.0,0.0,0.0,0.2122905027932961,59.00756097560976,0,1,0,1,0,0,0,0,0,1,0,3,1,2,1,1,1
767456,0,0.0,5039.39,0,0,18.0,0,2021,12,3,0.0,0.0,0.0,0.0,999.0,0.0,0.0,0.0,0.0,0.0,0.0,0.0,0.0,0.0,0.0,0.0,0.0,0.0,0.0,0.0,0.0,0.0,0.0,0.0,0.0,0.0,0.0,0.0,0.0,0.0,0.0,0.0,0.0,0.0,59.00756097560976,0,0,1,0,1,0,0,0,0,0,1,3,1,2,1,1,1
767494,1,38667.0,2787.42,0,0,2430.0,0,2015,5,1,0.0,0.0,0.0,0.0,999.0,0.0,0.0,0.0,0.0,0.0,0.0,0.0,0.0,0.0,0.0,0.0,0.0,0.0,0.0,0.0,0.0,0.0,0.0,0.0,0.0,0.0,0.0,0.0,0.0,0.0,0.0,0.0,0.0,0.2122905027932961,59.00756097560976,0,1,0,1,0,0,0,0,0,0,1,3,1,2,1,1,1
767678,1,84629.0,7291.6,0,0,243.0,1,2018,8,1,0.0,0.0,0.0,0.0,999.0,0.0,0.0,0.0,0.0,0.0,0.0,0.0,0.0,0.0,0.0,0.0,0.0,0.0,0.0,0.0,0.0,0.0,0.0,0.0,0.0,0.0,0.0,0.0,0.0,0.0,0.0,0.0,0.0,0.2122905027932961,59.00756097560976,0,0,1,1,0,0,0,0,0,1,0,3,1,2,1,1,1
767774,0,82877.0,7919.2,0,0,244.0,1,2016,1,1,0.0,0.0,0.0,0.0,999.0,0.0,0.0,0.0,0.0,0.0,0.0,0.0,0.0,0.0,0.0,0.0,0.0,0.0,0.0,0.0,0.0,0.0,0.0,0.0,0.0,0.0,0.0,0.0,0.0,0.0,0.0,0.0,0.0,0.2122905027932961,59.00756097560976,1,0,0,1,0,0,0,0,0,1,0,3,1,2,1,1,1
767971,1,31267.0,40636.67,0,0,2250.0,0,2015,11,4,0.0,0.0,0.0,0.0,999.0,0.0,0.0,0.0,0.0,0.0,0.0,0.0,0.0,0.0,0.0,0.0,0.0,0.0,0.0,0.0,0.0,0.0,0.0,0.0,0.0,0.0,0.0,0.0,0.0,0.0,0.0,0.0,0.0,0.2122905027932961,59.00756097560976,1,0,0,1,0,0,0,0,0,1,0,3,1,2,1,1,1
769166,0,0.0,7714.62,0,0,243.0,1,2018,10,4,0.0,0.0,0.0,0.0,999.0,0.0,0.0,0.0,0.0,0.0,0.0,0.0,0.0,0.0,0.0,0.0,0.0,0.0,0.0,0.0,0.0,0.0,0.0,0.0,0.0,0.0,0.0,0.0,0.0,0.0,0.0,0.0,0.0,0.2122905027932961,59.00756097560976,0,1,0,0,1,0,0,0,0,0,1,3,1,2,1,1,1
769602,0,90751.0,6627.17,0,0,242.0,1,2018,11,1,0.0,0.0,0.0,0.0,999.0,0.0,0.0,0.0,0.0,0.0,0.0,0.0,0.0,0.0,0.0,0.0,0.0,0.0,0.0,0.0,0.0,0.0,0.0,0.0,0.0,0.0,0.0,0.0,0.0,0.0,0.0,0.0,0.0,0.2122905027932961,59.00756097560976,0,1,0,1,0,0,0,0,0,1,0,3,1,2,1,1,1
771133,0,0.0,8152.24,0,0,242.0,1,2018,11,3,0.0,0.0,0.0,0.0,999.0,0.0,0.0,0.0,0.0,0.0,0.0,0.0,0.0,0.0,0.0,0.0,0.0,0.0,0.0,0.0,0.0,0.0,0.0,0.0,0.0,0.0,0.0,0.0,0.0,0.0,0.0,0.0,0.0,0.2122905027932961,59.00756097560976,0,0,1,0,1,0,0,0,0,0,1,3,1,2,1,1,1
771220,1,16258.0,2410.11,0,0,243.0,1,2019,1,2,0.0,0.0,0.0,0.0,999.0,0.0,0.0,0.0,0.0,0.0,0.0,0.0,0.0,0.0,0.0,0.0,0.0,0.0,0.0,0.0,0.0,0.0,0.0,0.0,0.0,0.0,0.0,0.0,0.0,0.0,0.0,0.0,0.0,0.0,59.00756097560976,0,0,1,0,0,0,1,0,0,1,0,3,1,2,1,1,1
771753,1,52348.0,7590.91,0,0,9.0,0,2021,12,4,0.0,0.0,0.0,0.0,999.0,0.0,0.0,0.0,0.0,0.0,0.0,0.0,0.0,0.0,0.0,0.0,0.0,0.0,0.0,0.0,0.0,0.0,0.0,0.0,0.0,0.0,0.0,0.0,0.0,0.0,0.0,0.0,0.0,0.0,59.00756097560976,0,1,0,1,0,0,0,0,1,0,0,3,1,2,1,1,1
773593,0,0.0,2315.09,0,0,244.0,1,2019,4,5,0.0,0.0,0.0,0.0,999.0,0.0,0.0,0.0,0.0,0.0,0.0,0.0,0.0,0.0,0.0,0.0,0.0,0.0,0.0,0.0,0.0,0.0,0.0,0.0,0.0,0.0,0.0,0.0,0.0,0.0,0.0,0.0,0.0,0.0,59.00756097560976,0,0,1,0,1,0,0,0,0,0,1,3,1,2,1,1,1
773857,1,12964.0,4770.55,0,0,243.0,1,2016,12,1,0.0,0.0,0.0,0.0,999.0,0.0,0.0,0.0,0.0,0.0,0.0,0.0,0.0,0.0,0.0,0.0,0.0,0.0,0.0,0.0,0.0,0.0,0.0,0.0,0.0,0.0,0.0,0.0,0.0,0.0,0.0,0.0,0.0,0.2122905027932961,59.00756097560976,0,0,1,0,0,0,1,0,0,0,1,3,1,2,1,1,1
776399,0,28513.0,15114.4,0,0,16.0,0,2021,12,0,0.0,0.0,0.0,0.0,999.0,0.0,0.0,0.0,0.0,0.0,0.0,0.0,0.0,0.0,0.0,0.0,0.0,0.0,0.0,0.0,0.0,0.0,0.0,0.0,0.0,0.0,0.0,0.0,0.0,0.0,0.0,0.0,0.0,0.0,59.00756097560976,0,0,1,0,0,0,1,0,0,1,0,3,1,2,1,1,1
776830,1,21371.0,5218.97,0,0,77.0,1,2017,5,4,0.0,0.0,0.0,0.0,999.0,0.0,0.0,0.0,0.0,0.0,0.0,0.0,0.0,0.0,0.0,0.0,0.0,0.0,0.0,0.0,0.0,0.0,0.0,0.0,0.0,0.0,0.0,0.0,0.0,0.0,0.0,0.0,0.0,0.2122905027932961,59.00756097560976,1,0,0,1,0,0,0,0,0,1,0,3,1,2,1,1,1
779444,0,87462.0,2436.01,1,0,249.0,0,2021,4,2,0.0,0.0,0.0,0.0,999.0,0.0,0.0,0.0,0.0,0.0,0.0,0.0,0.0,0.0,0.0,0.0,0.0,0.0,0.0,0.0,0.0,0.0,0.0,0.0,0.0,0.0,0.0,0.0,0.0,0.0,0.0,0.0,0.0,0.0,59.00756097560976,0,0,1,1,0,0,0,0,0,1,0,3,1,2,1,1,1
780389,1,25381.0,8200.79,0,0,25.0,0,2021,12,2,0.0,0.0,0.0,0.0,999.0,0.0,0.0,0.0,0.0,0.0,0.0,0.0,0.0,0.0,0.0,0.0,0.0,0.0,0.0,0.0,0.0,0.0,0.0,0.0,0.0,0.0,0.0,0.0,0.0,0.0,0.0,0.0,0.0,0.0,59.00756097560976,0,0,1,1,0,0,0,0,0,0,1,3,1,2,1,1,1
780525,0,58705.0,2754.14,0,0,6.0,0,2021,12,4,0.0,0.0,0.0,0.0,999.0,0.0,0.0,0.0,0.0,0.0,0.0,0.0,0.0,0.0,0.0,0.0,0.0,0.0,0.0,0.0,0.0,0.0,0.0,0.0,0.0,0.0,0.0,0.0,0.0,0.0,0.0,0.0,0.0,0.0,59.00756097560976,0,1,0,1,0,0,0,0,0,1,0,3,1,2,1,1,1
780855,0,84863.0,5535.96,0,0,2345.0,0,2015,7,0,0.0,0.0,0.0,0.0,999.0,0.0,0.0,0.0,0.0,0.0,0.0,0.0,0.0,0.0,0.0,0.0,0.0,0.0,0.0,0.0,0.0,0.0,0.0,0.0,0.0,0.0,0.0,0.0,0.0,0.0,0.0,0.0,0.0,0.2122905027932961,59.00756097560976,0,0,1,1,0,0,0,0,1,0,0,3,1,2,1,1,1
782318,0,50450.0,2513.97,0,0,245.0,1,2017,6,1,0.0,0.0,0.0,0.0,999.0,0.0,0.0,0.0,0.0,0.0,0.0,0.0,0.0,0.0,0.0,0.0,0.0,0.0,0.0,0.0,0.0,0.0,0.0,0.0,0.0,0.0,0.0,0.0,0.0,0.0,0.0,0.0,0.0,0.2122905027932961,59.00756097560976,0,0,1,1,0,0,0,0,0,1,0,3,1,2,1,1,1
782503,1,89285.0,7443.83,0,0,43.0,1,2017,6,6,0.0,0.0,0.0,0.0,999.0,0.0,0.0,0.0,0.0,0.0,0.0,0.0,0.0,0.0,0.0,0.0,0.0,0.0,0.0,0.0,0.0,0.0,0.0,0.0,0.0,0.0,0.0,0.0,0.0,0.0,0.0,0.0,0.0,0.2122905027932961,59.00756097560976,0,1,0,1,0,0,0,0,0,1,0,3,1,2,1,1,1
782606,1,40160.0,4579.61,0,0,6.0,0,2021,12,2,0.0,0.0,0.0,0.0,999.0,0.0,0.0,0.0,0.0,0.0,0.0,0.0,0.0,0.0,0.0,0.0,0.0,0.0,0.0,0.0,0.0,0.0,0.0,0.0,0.0,0.0,0.0,0.0,0.0,0.0,0.0,0.0,0.0,0.0,59.00756097560976,0,1,0,1,0,0,0,0,0,1,0,3,1,2,1,1,1
782804,1,12439.0,12624.96,0,0,41.0,0,2021,11,1,0.0,0.0,0.0,0.0,999.0,0.0,0.0,0.0,0.0,0.0,0.0,0.0,0.0,0.0,0.0,0.0,0.0,0.0,0.0,0.0,0.0,0.0,0.0,0.0,0.0,0.0,0.0,0.0,0.0,0.0,0.0,0.0,0.0,0.0,59.00756097560976,1,0,0,0,0,0,1,0,1,0,0,3,1,2,1,1,1
783165,0,98912.0,16553.23,0,0,243.0,1,2017,12,2,0.0,0.0,0.0,0.0,999.0,0.0,0.0,0.0,0.0,0.0,0.0,0.0,0.0,0.0,0.0,0.0,0.0,0.0,0.0,0.0,0.0,0.0,0.0,0.0,0.0,0.0,0.0,0.0,0.0,0.0,0.0,0.0,0.0,0.2122905027932961,59.00756097560976,1,0,0,1,0,0,0,0,0,1,0,3,1,2,1,1,1
784597,1,31503.0,32098.32,0,0,243.0,1,2017,12,4,0.0,0.0,0.0,0.0,999.0,0.0,0.0,0.0,0.0,0.0,0.0,0.0,0.0,0.0,0.0,0.0,0.0,0.0,0.0,0.0,0.0,0.0,0.0,0.0,0.0,0.0,0.0,0.0,0.0,0.0,0.0,0.0,0.0,0.2122905027932961,59.00756097560976,0,0,1,1,0,0,0,0,0,1,0,3,1,2,1,1,1
784787,1,35830.0,4674.71,0,0,244.0,1,2019,4,4,0.0,0.0,0.0,0.0,999.0,0.0,0.0,0.0,0.0,0.0,0.0,0.0,0.0,0.0,0.0,0.0,0.0,0.0,0.0,0.0,0.0,0.0,0.0,0.0,0.0,0.0,0.0,0.0,0.0,0.0,0.0,0.0,0.0,0.0,59.00756097560976,0,0,1,1,0,0,0,0,0,1,0,3,1,2,1,1,1
785389,1,89025.0,20467.72,0,0,309.0,1,2017,11,0,0.0,0.0,0.0,0.0,999.0,0.0,0.0,0.0,0.0,0.0,0.0,0.0,0.0,0.0,0.0,0.0,0.0,0.0,0.0,0.0,0.0,0.0,0.0,0.0,0.0,0.0,0.0,0.0,0.0,0.0,0.0,0.0,0.0,0.2122905027932961,59.00756097560976,0,0,1,1,0,0,0,0,0,1,0,3,1,2,1,1,1
786330,1,0.0,2415.06,0,0,347.0,1,2017,3,4,0.0,0.0,0.0,0.0,999.0,0.0,0.0,0.0,0.0,0.0,0.0,0.0,0.0,0.0,0.0,0.0,0.0,0.0,0.0,0.0,0.0,0.0,0.0,0.0,0.0,0.0,0.0,0.0,0.0,0.0,0.0,0.0,0.0,0.2122905027932961,59.00756097560976,0,0,1,0,1,0,0,0,0,0,1,3,1,2,1,1,1
787018,1,44695.0,10787.12,0,0,243.0,1,2016,10,4,0.0,0.0,0.0,0.0,999.0,0.0,0.0,0.0,0.0,0.0,0.0,0.0,0.0,0.0,0.0,0.0,0.0,0.0,0.0,0.0,0.0,0.0,0.0,0.0,0.0,0.0,0.0,0.0,0.0,0.0,0.0,0.0,0.0,0.2122905027932961,59.00756097560976,1,0,0,1,0,0,0,0,1,0,0,3,1,2,1,1,1
787172,1,94415.0,5113.87,0,0,245.0,1,2018,5,5,0.0,0.0,0.0,0.0,999.0,0.0,0.0,0.0,0.0,0.0,0.0,0.0,0.0,0.0,0.0,0.0,0.0,0.0,0.0,0.0,0.0,0.0,0.0,0.0,0.0,0.0,0.0,0.0,0.0,0.0,0.0,0.0,0.0,0.2122905027932961,59.00756097560976,1,0,0,1,0,0,0,0,0,1,0,3,1,2,1,1,1
787249,1,99359.0,7591.83,0,0,242.0,1,2019,2,2,0.0,0.0,0.0,0.0,999.0,0.0,0.0,0.0,0.0,0.0,0.0,0.0,0.0,0.0,0.0,0.0,0.0,0.0,0.0,0.0,0.0,0.0,0.0,0.0,0.0,0.0,0.0,0.0,0.0,0.0,0.0,0.0,0.0,0.0,59.00756097560976,1,0,0,1,0,0,0,0,0,1,0,3,1,2,1,1,1
787322,0,0.0,5409.96,0,0,34.0,0,2021,11,4,0.0,0.0,0.0,0.0,999.0,0.0,0.0,0.0,0.0,0.0,0.0,0.0,0.0,0.0,0.0,0.0,0.0,0.0,0.0,0.0,0.0,0.0,0.0,0.0,0.0,0.0,0.0,0.0,0.0,0.0,0.0,0.0,0.0,0.0,59.00756097560976,0,1,0,0,1,0,0,0,0,0,1,3,1,2,1,1,1
787651,1,61546.0,5439.8,0,0,52.0,0,2021,11,5,0.0,0.0,0.0,0.0,999.0,0.0,0.0,0.0,0.0,0.0,0.0,0.0,0.0,0.0,0.0,0.0,0.0,0.0,0.0,0.0,0.0,0.0,0.0,0.0,0.0,0.0,0.0,0.0,0.0,0.0,0.0,0.0,0.0,0.0,59.00756097560976,0,1,0,1,0,0,0,0,0,1,0,3,1,2,1,1,1
787899,0,74143.0,9106.87,0,0,845.0,1,2016,7,3,0.0,0.0,0.0,0.0,999.0,0.0,0.0,0.0,0.0,0.0,0.0,0.0,0.0,0.0,0.0,0.0,0.0,0.0,0.0,0.0,0.0,0.0,0.0,0.0,0.0,0.0,0.0,0.0,0.0,0.0,0.0,0.0,0.0,0.2122905027932961,59.00756097560976,0,0,1,1,0,0,0,0,0,1,0,3,1,2,1,1,1
787911,1,0.0,6874.85,0,0,18.0,0,2021,12,2,0.0,0.0,0.0,0.0,999.0,0.0,0.0,0.0,0.0,0.0,0.0,0.0,0.0,0.0,0.0,0.0,0.0,0.0,0.0,0.0,0.0,0.0,0.0,0.0,0.0,0.0,0.0,0.0,0.0,0.0,0.0,0.0,0.0,0.0,59.00756097560976,0,0,1,0,1,0,0,0,0,0,1,3,1,2,1,1,1
789431,1,0.0,2430.8,1,1,287.0,0,2021,3,1,0.0,0.0,0.0,0.0,999.0,0.0,0.0,0.0,0.0,0.0,0.0,0.0,0.0,0.0,0.0,0.0,0.0,0.0,0.0,0.0,0.0,0.0,0.0,0.0,0.0,0.0,0.0,0.0,0.0,0.0,0.0,0.0,0.0,0.0,59.00756097560976,0,0,1,0,1,0,0,0,0,1,0,3,1,2,1,1,1
790366,0,45525.0,2671.3,0,0,953.0,1,2016,6,4,0.0,0.0,0.0,0.0,999.0,0.0,0.0,0.0,0.0,0.0,0.0,0.0,0.0,0.0,0.0,0.0,0.0,0.0,0.0,0.0,0.0,0.0,0.0,0.0,0.0,0.0,0.0,0.0,0.0,0.0,0.0,0.0,0.0,0.2122905027932961,59.00756097560976,0,0,1,1,0,0,0,0,0,1,0,3,1,2,1,1,1
790940,0,48315.0,8404.4,0,0,27.0,0,2021,12,2,0.0,0.0,0.0,0.0,999.0,0.0,0.0,0.0,0.0,0.0,0.0,0.0,0.0,0.0,0.0,0.0,0.0,0.0,0.0,0.0,0.0,0.0,0.0,0.0,0.0,0.0,0.0,0.0,0.0,0.0,0.0,0.0,0.0,0.0,59.00756097560976,0,1,0,1,0,0,0,0,1,0,0,3,1,2,1,1,1
792094,0,0.0,2274.67,0,0,244.0,1,2017,4,1,0.0,0.0,0.0,0.0,999.0,0.0,0.0,0.0,0.0,0.0,0.0,0.0,0.0,0.0,0.0,0.0,0.0,0.0,0.0,0.0,0.0,0.0,0.0,0.0,0.0,0.0,0.0,0.0,0.0,0.0,0.0,0.0,0.0,0.2122905027932961,59.00756097560976,0,0,1,0,1,0,0,0,0,0,1,3,1,2,1,1,1
792277,1,14209.0,18591.55,0,0,243.0,1,2017,10,0,0.0,0.0,0.0,0.0,999.0,0.0,0.0,0.0,0.0,0.0,0.0,0.0,0.0,0.0,0.0,0.0,0.0,0.0,0.0,0.0,0.0,0.0,0.0,0.0,0.0,0.0,0.0,0.0,0.0,0.0,0.0,0.0,0.0,0.2122905027932961,59.00756097560976,1,0,0,0,0,1,0,0,0,1,0,3,1,2,1,1,1
793801,1,24445.0,7268.74,0,0,372.0,1,2016,4,1,0.0,0.0,0.0,0.0,999.0,0.0,0.0,0.0,0.0,0.0,0.0,0.0,0.0,0.0,0.0,0.0,0.0,0.0,0.0,0.0,0.0,0.0,0.0,0.0,0.0,0.0,0.0,0.0,0.0,0.0,0.0,0.0,0.0,0.2122905027932961,59.00756097560976,0,1,0,1,0,0,0,0,0,0,1,3,1,2,1,1,1
794334,0,29734.0,17208.06,0,0,534.0,1,2016,3,0,0.0,0.0,0.0,0.0,999.0,0.0,0.0,0.0,0.0,0.0,0.0,0.0,0.0,0.0,0.0,0.0,0.0,0.0,0.0,0.0,0.0,0.0,0.0,0.0,0.0,0.0,0.0,0.0,0.0,0.0,0.0,0.0,0.0,0.2122905027932961,59.00756097560976,0,0,1,1,0,0,0,0,1,0,0,3,1,2,1,1,1
794625,1,0.0,16468.22,0,0,2236.0,0,2015,11,4,0.0,0.0,0.0,0.0,999.0,0.0,0.0,0.0,0.0,0.0,0.0,0.0,0.0,0.0,0.0,0.0,0.0,0.0,0.0,0.0,0.0,0.0,0.0,0.0,0.0,0.0,0.0,0.0,0.0,0.0,0.0,0.0,0.0,0.2122905027932961,59.00756097560976,0,1,0,0,1,0,0,0,1,0,0,3,1,2,1,1,1
795155,0,14030.0,2719.51,0,0,56.0,0,2021,11,3,0.0,0.0,0.0,0.0,999.0,0.0,0.0,0.0,0.0,0.0,0.0,0.0,0.0,0.0,0.0,0.0,0.0,0.0,0.0,0.0,0.0,0.0,0.0,0.0,0.0,0.0,0.0,0.0,0.0,0.0,0.0,0.0,0.0,0.0,59.00756097560976,0,0,1,0,0,0,0,1,0,1,0,3,1,2,1,1,1
795554,0,81945.0,5534.82,0,0,2.0,0,2021,12,0,0.0,0.0,0.0,0.0,999.0,0.0,0.0,0.0,0.0,0.0,0.0,0.0,0.0,0.0,0.0,0.0,0.0,0.0,0.0,0.0,0.0,0.0,0.0,0.0,0.0,0.0,0.0,0.0,0.0,0.0,0.0,0.0,0.0,0.0,59.00756097560976,0,0,1,1,0,0,0,0,0,0,1,3,1,2,1,1,1
795714,0,0.0,7687.3,0,0,243.0,1,2018,12,0,0.0,0.0,0.0,0.0,999.0,0.0,0.0,0.0,0.0,0.0,0.0,0.0,0.0,0.0,0.0,0.0,0.0,0.0,0.0,0.0,0.0,0.0,0.0,0.0,0.0,0.0,0.0,0.0,0.0,0.0,0.0,0.0,0.0,0.2122905027932961,59.00756097560976,0,0,1,0,1,0,0,0,1,0,0,3,1,2,1,1,1
795743,1,0.0,43019.01,0,0,242.0,1,2016,11,0,0.0,0.0,0.0,0.0,999.0,0.0,0.0,0.0,0.0,0.0,0.0,0.0,0.0,0.0,0.0,0.0,0.0,0.0,0.0,0.0,0.0,0.0,0.0,0.0,0.0,0.0,0.0,0.0,0.0,0.0,0.0,0.0,0.0,0.2122905027932961,59.00756097560976,0,0,1,0,1,0,0,0,0,1,0,3,1,2,1,1,1
796429,1,0.0,3059.18,0,0,245.0,1,2016,6,0,0.0,0.0,0.0,0.0,999.0,0.0,0.0,0.0,0.0,0.0,0.0,0.0,0.0,0.0,0.0,0.0,0.0,0.0,0.0,0.0,0.0,0.0,0.0,0.0,0.0,0.0,0.0,0.0,0.0,0.0,0.0,0.0,0.0,0.2122905027932961,59.00756097560976,0,1,0,0,1,0,0,0,0,0,1,3,1,2,1,1,1
796943,1,86595.0,2546.87,0,0,245.0,1,2017,3,2,0.0,0.0,0.0,0.0,999.0,0.0,0.0,0.0,0.0,0.0,0.0,0.0,0.0,0.0,0.0,0.0,0.0,0.0,0.0,0.0,0.0,0.0,0.0,0.0,0.0,0.0,0.0,0.0,0.0,0.0,0.0,0.0,0.0,0.2122905027932961,59.00756097560976,0,0,1,1,0,0,0,0,0,1,0,3,1,2,1,1,1
797391,1,29981.0,5421.05,0,0,25.0,0,2021,12,2,0.0,0.0,0.0,0.0,999.0,0.0,0.0,0.0,0.0,0.0,0.0,0.0,0.0,0.0,0.0,0.0,0.0,0.0,0.0,0.0,0.0,0.0,0.0,0.0,0.0,0.0,0.0,0.0,0.0,0.0,0.0,0.0,0.0,0.0,59.00756097560976,1,0,0,0,0,1,0,0,1,0,0,3,1,2,1,1,1
798352,1,25163.0,2534.99,0,0,583.0,1,2016,12,4,0.0,0.0,0.0,0.0,999.0,0.0,0.0,0.0,0.0,0.0,0.0,0.0,0.0,0.0,0.0,0.0,0.0,0.0,0.0,0.0,0.0,0.0,0.0,0.0,0.0,0.0,0.0,0.0,0.0,0.0,0.0,0.0,0.0,0.2122905027932961,59.00756097560976,0,0,1,0,0,1,0,0,0,1,0,3,1,2,1,1,1
799622,1,32967.0,8161.94,0,0,571.0,1,2017,10,1,0.0,0.0,0.0,0.0,999.0,0.0,0.0,0.0,0.0,0.0,0.0,0.0,0.0,0.0,0.0,0.0,0.0,0.0,0.0,0.0,0.0,0.0,0.0,0.0,0.0,0.0,0.0,0.0,0.0,0.0,0.0,0.0,0.0,0.2122905027932961,59.00756097560976,0,1,0,1,0,0,0,0,0,1,0,3,1,2,1,1,1
800945,1,22828.0,16473.17,0,0,669.0,1,2017,5,1,0.0,0.0,0.0,0.0,999.0,0.0,0.0,0.0,0.0,0.0,0.0,0.0,0.0,0.0,0.0,0.0,0.0,0.0,0.0,0.0,0.0,0.0,0.0,0.0,0.0,0.0,0.0,0.0,0.0,0.0,0.0,0.0,0.0,0.2122905027932961,59.00756097560976,1,0,0,0,0,0,0,1,0,1,0,3,1,2,1,1,1
801241,1,97361.0,8622.84,0,0,245.0,1,2019,3,2,0.0,0.0,0.0,0.0,999.0,0.0,0.0,0.0,0.0,0.0,0.0,0.0,0.0,0.0,0.0,0.0,0.0,0.0,0.0,0.0,0.0,0.0,0.0,0.0,0.0,0.0,0.0,0.0,0.0,0.0,0.0,0.0,0.0,0.0,59.00756097560976,0,0,1,1,0,0,0,0,0,0,1,3,1,2,1,1,1
801607,0,25860.0,2829.31,0,0,189.0,0,2021,6,0,0.0,0.0,0.0,0.0,999.0,0.0,0.0,0.0,0.0,0.0,0.0,0.0,0.0,0.0,0.0,0.0,0.0,0.0,0.0,0.0,0.0,0.0,0.0,0.0,0.0,0.0,0.0,0.0,0.0,0.0,0.0,0.0,0.0,0.0,59.00756097560976,0,1,0,1,0,0,0,0,0,1,0,3,1,2,1,1,1
801832,0,0.0,2693.76,0,0,88.0,0,2021,10,2,0.0,0.0,0.0,0.0,999.0,0.0,0.0,0.0,0.0,0.0,0.0,0.0,0.0,0.0,0.0,0.0,0.0,0.0,0.0,0.0,0.0,0.0,0.0,0.0,0.0,0.0,0.0,0.0,0.0,0.0,0.0,0.0,0.0,0.0,59.00756097560976,0,0,1,0,1,0,0,0,0,1,0,3,1,2,1,1,1
802023,0,0.0,3726.73,0,0,2402.0,0,2015,6,5,0.0,0.0,0.0,0.0,999.0,0.0,0.0,0.0,0.0,0.0,0.0,0.0,0.0,0.0,0.0,0.0,0.0,0.0,0.0,0.0,0.0,0.0,0.0,0.0,0.0,0.0,0.0,0.0,0.0,0.0,0.0,0.0,0.0,0.2122905027932961,59.00756097560976,0,1,0,0,1,0,0,0,0,0,1,3,1,2,1,1,1
802519,0,68332.0,6240.9,0,0,245.0,1,2019,3,0,0.0,0.0,0.0,0.0,999.0,0.0,0.0,0.0,0.0,0.0,0.0,0.0,0.0,0.0,0.0,0.0,0.0,0.0,0.0,0.0,0.0,0.0,0.0,0.0,0.0,0.0,0.0,0.0,0.0,0.0,0.0,0.0,0.0,0.0,59.00756097560976,0,0,1,1,0,0,0,0,0,1,0,3,1,2,1,1,1
802958,0,30606.0,2772.84,0,0,612.0,1,2017,4,4,0.0,0.0,0.0,0.0,999.0,0.0,0.0,0.0,0.0,0.0,0.0,0.0,0.0,0.0,0.0,0.0,0.0,0.0,0.0,0.0,0.0,0.0,0.0,0.0,0.0,0.0,0.0,0.0,0.0,0.0,0.0,0.0,0.0,0.2122905027932961,59.00756097560976,0,0,1,1,0,0,0,0,0,1,0,3,1,2,1,1,1
802974,0,25251.0,11790.5,1,0,265.0,0,2021,4,4,0.0,0.0,0.0,0.0,999.0,0.0,0.0,0.0,0.0,0.0,0.0,0.0,0.0,0.0,0.0,0.0,0.0,0.0,0.0,0.0,0.0,0.0,0.0,0.0,0.0,0.0,0.0,0.0,0.0,0.0,0.0,0.0,0.0,0.0,59.00756097560976,0,0,1,0,0,0,0,1,1,0,0,3,1,2,1,1,1
803252,1,95191.0,8024.51,0,0,145.0,1,2017,5,4,0.0,0.0,0.0,0.0,999.0,0.0,0.0,0.0,0.0,0.0,0.0,0.0,0.0,0.0,0.0,0.0,0.0,0.0,0.0,0.0,0.0,0.0,0.0,0.0,0.0,0.0,0.0,0.0,0.0,0.0,0.0,0.0,0.0,0.2122905027932961,59.00756097560976,1,0,0,1,0,0,0,0,1,0,0,3,1,2,1,1,1
803357,0,52471.0,4187.78,0,0,2385.0,0,2015,6,4,0.0,0.0,0.0,0.0,999.0,0.0,0.0,0.0,0.0,0.0,0.0,0.0,0.0,0.0,0.0,0.0,0.0,0.0,0.0,0.0,0.0,0.0,0.0,0.0,0.0,0.0,0.0,0.0,0.0,0.0,0.0,0.0,0.0,0.2122905027932961,59.00756097560976,0,1,0,1,0,0,0,0,0,1,0,3,1,2,1,1,1
804510,1,32375.0,6563.64,0,0,6.0,0,2021,12,5,0.0,0.0,0.0,0.0,999.0,0.0,0.0,0.0,0.0,0.0,0.0,0.0,0.0,0.0,0.0,0.0,0.0,0.0,0.0,0.0,0.0,0.0,0.0,0.0,0.0,0.0,0.0,0.0,0.0,0.0,0.0,0.0,0.0,0.0,59.00756097560976,1,0,0,1,0,0,0,0,0,1,0,3,1,2,1,1,1
804911,0,42803.0,28421.57,0,0,2213.0,0,2015,12,2,0.0,0.0,0.0,0.0,999.0,0.0,0.0,0.0,0.0,0.0,0.0,0.0,0.0,0.0,0.0,0.0,0.0,0.0,0.0,0.0,0.0,0.0,0.0,0.0,0.0,0.0,0.0,0.0,0.0,0.0,0.0,0.0,0.0,0.2122905027932961,59.00756097560976,0,1,0,1,0,0,0,0,1,0,0,3,1,2,1,1,1
807262,1,32764.0,2452.73,0,0,730.0,1,2017,8,4,0.0,0.0,0.0,0.0,999.0,0.0,0.0,0.0,0.0,0.0,0.0,0.0,0.0,0.0,0.0,0.0,0.0,0.0,0.0,0.0,0.0,0.0,0.0,0.0,0.0,0.0,0.0,0.0,0.0,0.0,0.0,0.0,0.0,0.2122905027932961,59.00756097560976,0,0,1,1,0,0,0,0,0,1,0,3,1,2,1,1,1
807942,1,0.0,16728.34,0,0,204.0,1,2016,11,4,0.0,0.0,0.0,0.0,999.0,0.0,0.0,0.0,0.0,0.0,0.0,0.0,0.0,0.0,0.0,0.0,0.0,0.0,0.0,0.0,0.0,0.0,0.0,0.0,0.0,0.0,0.0,0.0,0.0,0.0,0.0,0.0,0.0,0.2122905027932961,59.00756097560976,1,0,0,0,1,0,0,0,0,0,1,3,1,2,1,1,1
809301,1,99654.0,9863.5,0,0,23.0,0,2021,12,2,0.0,0.0,0.0,0.0,999.0,0.0,0.0,0.0,0.0,0.0,0.0,0.0,0.0,0.0,0.0,0.0,0.0,0.0,0.0,0.0,0.0,0.0,0.0,0.0,0.0,0.0,0.0,0.0,0.0,0.0,0.0,0.0,0.0,0.0,59.00756097560976,0,1,0,1,0,0,0,0,0,1,0,3,1,2,1,1,1
811429,0,62777.0,2656.71,0,0,245.0,1,2017,3,2,0.0,0.0,0.0,0.0,999.0,0.0,0.0,0.0,0.0,0.0,0.0,0.0,0.0,0.0,0.0,0.0,0.0,0.0,0.0,0.0,0.0,0.0,0.0,0.0,0.0,0.0,0.0,0.0,0.0,0.0,0.0,0.0,0.0,0.2122905027932961,59.00756097560976,0,0,1,1,0,0,0,0,0,0,1,3,1,2,1,1,1
813352,1,38772.0,28393.33,0,0,231.0,1,2017,4,5,0.0,0.0,0.0,0.0,999.0,0.0,0.0,0.0,0.0,0.0,0.0,0.0,0.0,0.0,0.0,0.0,0.0,0.0,0.0,0.0,0.0,0.0,0.0,0.0,0.0,0.0,0.0,0.0,0.0,0.0,0.0,0.0,0.0,0.2122905027932961,59.00756097560976,1,0,0,1,0,0,0,0,0,1,0,3,1,2,1,1,1
815381,1,74300.0,19483.24,0,0,2240.0,0,2015,11,4,0.0,0.0,0.0,0.0,999.0,0.0,0.0,0.0,0.0,0.0,0.0,0.0,0.0,0.0,0.0,0.0,0.0,0.0,0.0,0.0,0.0,0.0,0.0,0.0,0.0,0.0,0.0,0.0,0.0,0.0,0.0,0.0,0.0,0.2122905027932961,59.00756097560976,0,1,0,1,0,0,0,0,0,1,0,3,1,2,1,1,1
815603,1,69202.0,2379.83,0,0,790.0,1,2017,9,3,0.0,0.0,0.0,0.0,999.0,0.0,0.0,0.0,0.0,0.0,0.0,0.0,0.0,0.0,0.0,0.0,0.0,0.0,0.0,0.0,0.0,0.0,0.0,0.0,0.0,0.0,0.0,0.0,0.0,0.0,0.0,0.0,0.0,0.2122905027932961,59.00756097560976,0,0,1,1,0,0,0,0,0,0,1,3,1,2,1,1,1
816406,0,0.0,9904.98,0,0,2361.0,0,2015,7,2,0.0,0.0,0.0,0.0,999.0,0.0,0.0,0.0,0.0,0.0,0.0,0.0,0.0,0.0,0.0,0.0,0.0,0.0,0.0,0.0,0.0,0.0,0.0,0.0,0.0,0.0,0.0,0.0,0.0,0.0,0.0,0.0,0.0,0.2122905027932961,59.00756097560976,0,0,1,0,1,0,0,0,0,0,1,3,1,2,1,1,1
817041,0,49078.0,22332.44,1,0,251.0,0,2021,4,4,0.0,0.0,0.0,0.0,999.0,0.0,0.0,0.0,0.0,0.0,0.0,0.0,0.0,0.0,0.0,0.0,0.0,0.0,0.0,0.0,0.0,0.0,0.0,0.0,0.0,0.0,0.0,0.0,0.0,0.0,0.0,0.0,0.0,0.0,59.00756097560976,0,0,1,1,0,0,0,0,0,0,1,3,1,2,1,1,1
818040,0,46131.0,2969.59,0,0,245.0,1,2018,5,1,0.0,0.0,0.0,0.0,999.0,0.0,0.0,0.0,0.0,0.0,0.0,0.0,0.0,0.0,0.0,0.0,0.0,0.0,0.0,0.0,0.0,0.0,0.0,0.0,0.0,0.0,0.0,0.0,0.0,0.0,0.0,0.0,0.0,0.2122905027932961,59.00756097560976,0,1,0,1,0,0,0,0,0,1,0,3,1,2,1,1,1
818886,0,39837.0,23893.3,0,0,1328.0,1,2016,2,2,0.0,0.0,0.0,0.0,999.0,0.0,0.0,0.0,0.0,0.0,0.0,0.0,0.0,0.0,0.0,0.0,0.0,0.0,0.0,0.0,0.0,0.0,0.0,0.0,0.0,0.0,0.0,0.0,0.0,0.0,0.0,0.0,0.0,0.2122905027932961,59.00756097560976,0,1,0,1,0,0,0,0,0,1,0,3,1,2,1,1,1
819246,0,25290.0,7705.28,0,0,1102.0,1,2016,10,1,0.0,0.0,0.0,0.0,999.0,0.0,0.0,0.0,0.0,0.0,0.0,0.0,0.0,0.0,0.0,0.0,0.0,0.0,0.0,0.0,0.0,0.0,0.0,0.0,0.0,0.0,0.0,0.0,0.0,0.0,0.0,0.0,0.0,0.2122905027932961,59.00756097560976,0,0,1,1,0,0,0,0,0,0,1,3,1,2,1,1,1
820187,0,0.0,5162.37,0,0,82.0,1,2019,4,2,0.0,0.0,0.0,0.0,999.0,0.0,0.0,0.0,0.0,0.0,0.0,0.0,0.0,0.0,0.0,0.0,0.0,0.0,0.0,0.0,0.0,0.0,0.0,0.0,0.0,0.0,0.0,0.0,0.0,0.0,0.0,0.0,0.0,0.0,59.00756097560976,1,0,0,0,1,0,0,0,0,0,1,3,1,2,1,1,1
821705,0,13128.0,4447.42,0,0,2280.0,0,2015,10,4,0.0,0.0,0.0,0.0,999.0,0.0,0.0,0.0,0.0,0.0,0.0,0.0,0.0,0.0,0.0,0.0,0.0,0.0,0.0,0.0,0.0,0.0,0.0,0.0,0.0,0.0,0.0,0.0,0.0,0.0,0.0,0.0,0.0,0.2122905027932961,59.00756097560976,0,0,1,0,0,1,0,0,0,1,0,3,1,2,1,1,1
821712,1,52342.0,10426.09,0,0,245.0,1,2019,3,4,0.0,0.0,0.0,0.0,999.0,0.0,0.0,0.0,0.0,0.0,0.0,0.0,0.0,0.0,0.0,0.0,0.0,0.0,0.0,0.0,0.0,0.0,0.0,0.0,0.0,0.0,0.0,0.0,0.0,0.0,0.0,0.0,0.0,0.0,59.00756097560976,1,0,0,1,0,0,0,0,0,1,0,3,1,2,1,1,1
822653,0,26140.0,3269.01,0,0,2332.0,0,2015,8,4,0.0,0.0,0.0,0.0,999.0,0.0,0.0,0.0,0.0,0.0,0.0,0.0,0.0,0.0,0.0,0.0,0.0,0.0,0.0,0.0,0.0,0.0,0.0,0.0,0.0,0.0,0.0,0.0,0.0,0.0,0.0,0.0,0.0,0.2122905027932961,59.00756097560976,0,1,0,1,0,0,0,0,0,1,0,3,1,2,1,1,1
823212,1,23006.0,4448.64,0,0,29.0,0,2021,12,4,0.0,0.0,0.0,0.0,999.0,0.0,0.0,0.0,0.0,0.0,0.0,0.0,0.0,0.0,0.0,0.0,0.0,0.0,0.0,0.0,0.0,0.0,0.0,0.0,0.0,0.0,0.0,0.0,0.0,0.0,0.0,0.0,0.0,0.0,59.00756097560976,0,1,0,1,0,0,0,0,0,1,0,3,1,2,1,1,1
823663,0,75277.0,2753.16,0,0,2292.0,0,2015,9,4,0.0,0.0,0.0,0.0,999.0,0.0,0.0,0.0,0.0,0.0,0.0,0.0,0.0,0.0,0.0,0.0,0.0,0.0,0.0,0.0,0.0,0.0,0.0,0.0,0.0,0.0,0.0,0.0,0.0,0.0,0.0,0.0,0.0,0.2122905027932961,59.00756097560976,0,1,0,1,0,0,0,0,0,1,0,3,1,2,1,1,1
824076,0,59886.0,8323.53,0,0,2408.0,0,2015,5,5,0.0,0.0,0.0,0.0,999.0,0.0,0.0,0.0,0.0,0.0,0.0,0.0,0.0,0.0,0.0,0.0,0.0,0.0,0.0,0.0,0.0,0.0,0.0,0.0,0.0,0.0,0.0,0.0,0.0,0.0,0.0,0.0,0.0,0.2122905027932961,59.00756097560976,0,1,0,1,0,0,0,0,0,1,0,3,1,2,1,1,1
825730,0,84831.0,22986.15,0,0,243.0,1,2018,12,5,0.0,0.0,0.0,0.0,999.0,0.0,0.0,0.0,0.0,0.0,0.0,0.0,0.0,0.0,0.0,0.0,0.0,0.0,0.0,0.0,0.0,0.0,0.0,0.0,0.0,0.0,0.0,0.0,0.0,0.0,0.0,0.0,0.0,0.2122905027932961,59.00756097560976,1,0,0,1,0,0,0,0,0,0,1,3,1,2,1,1,1
825920,1,25221.0,3818.47,0,0,106.0,1,2016,5,6,0.0,0.0,0.0,0.0,999.0,0.0,0.0,0.0,0.0,0.0,0.0,0.0,0.0,0.0,0.0,0.0,0.0,0.0,0.0,0.0,0.0,0.0,0.0,0.0,0.0,0.0,0.0,0.0,0.0,0.0,0.0,0.0,0.0,0.2122905027932961,59.00756097560976,0,0,1,1,0,0,0,0,0,1,0,3,1,2,1,1,1
826312,0,12430.0,5169.5,0,0,2.0,0,2021,12,4,0.0,0.0,0.0,0.0,999.0,0.0,0.0,0.0,0.0,0.0,0.0,0.0,0.0,0.0,0.0,0.0,0.0,0.0,0.0,0.0,0.0,0.0,0.0,0.0,0.0,0.0,0.0,0.0,0.0,0.0,0.0,0.0,0.0,0.0,59.00756097560976,0,0,1,0,0,0,1,0,0,0,1,3,1,2,1,1,1
826930,1,0.0,16468.22,0,0,41.0,0,2021,11,0,0.0,0.0,0.0,0.0,999.0,0.0,0.0,0.0,0.0,0.0,0.0,0.0,0.0,0.0,0.0,0.0,0.0,0.0,0.0,0.0,0.0,0.0,0.0,0.0,0.0,0.0,0.0,0.0,0.0,0.0,0.0,0.0,0.0,0.0,59.00756097560976,0,0,1,0,1,0,0,0,1,0,0,3,1,2,1,1,1
826984,1,87128.0,7780.49,0,0,804.0,1,2017,8,2,0.0,0.0,0.0,0.0,999.0,0.0,0.0,0.0,0.0,0.0,0.0,0.0,0.0,0.0,0.0,0.0,0.0,0.0,0.0,0.0,0.0,0.0,0.0,0.0,0.0,0.0,0.0,0.0,0.0,0.0,0.0,0.0,0.0,0.2122905027932961,59.00756097560976,1,0,0,1,0,0,0,0,0,0,1,3,1,2,1,1,1
827815,1,42360.0,5601.14,0,0,122.0,1,2017,5,1,0.0,0.0,0.0,0.0,999.0,0.0,0.0,0.0,0.0,0.0,0.0,0.0,0.0,0.0,0.0,0.0,0.0,0.0,0.0,0.0,0.0,0.0,0.0,0.0,0.0,0.0,0.0,0.0,0.0,0.0,0.0,0.0,0.0,0.2122905027932961,59.00756097560976,0,1,0,1,0,0,0,0,0,0,1,3,1,2,1,1,1
828884,0,19581.0,2342.01,0,0,22.0,0,2021,12,1,0.0,0.0,0.0,0.0,999.0,0.0,0.0,0.0,0.0,0.0,0.0,0.0,0.0,0.0,0.0,0.0,0.0,0.0,0.0,0.0,0.0,0.0,0.0,0.0,0.0,0.0,0.0,0.0,0.0,0.0,0.0,0.0,0.0,0.0,59.00756097560976,0,0,1,0,0,0,0,1,0,0,1,3,1,2,1,1,1
829316,0,25275.0,14065.3,0,0,2387.0,0,2015,6,4,0.0,0.0,0.0,0.0,999.0,0.0,0.0,0.0,0.0,0.0,0.0,0.0,0.0,0.0,0.0,0.0,0.0,0.0,0.0,0.0,0.0,0.0,0.0,0.0,0.0,0.0,0.0,0.0,0.0,0.0,0.0,0.0,0.0,0.2122905027932961,59.00756097560976,1,0,0,1,0,0,0,0,0,0,1,3,1,2,1,1,1
829863,0,46298.0,6503.22,0,0,5.0,0,2021,12,1,0.0,0.0,0.0,0.0,999.0,0.0,0.0,0.0,0.0,0.0,0.0,0.0,0.0,0.0,0.0,0.0,0.0,0.0,0.0,0.0,0.0,0.0,0.0,0.0,0.0,0.0,0.0,0.0,0.0,0.0,0.0,0.0,0.0,0.0,59.00756097560976,0,0,1,1,0,0,0,0,1,0,0,3,1,2,1,1,1
830394,0,28089.0,3146.04,0,0,242.0,1,2018,9,3,0.0,0.0,0.0,0.0,999.0,0.0,0.0,0.0,0.0,0.0,0.0,0.0,0.0,0.0,0.0,0.0,0.0,0.0,0.0,0.0,0.0,0.0,0.0,0.0,0.0,0.0,0.0,0.0,0.0,0.0,0.0,0.0,0.0,0.2122905027932961,59.00756097560976,0,1,0,1,0,0,0,0,0,0,1,3,1,2,1,1,1
830836,0,49078.0,22332.44,0,0,2278.0,0,2015,10,2,0.0,0.0,0.0,0.0,999.0,0.0,0.0,0.0,0.0,0.0,0.0,0.0,0.0,0.0,0.0,0.0,0.0,0.0,0.0,0.0,0.0,0.0,0.0,0.0,0.0,0.0,0.0,0.0,0.0,0.0,0.0,0.0,0.0,0.2122905027932961,59.00756097560976,0,1,0,1,0,0,0,0,0,0,1,3,1,2,1,1,1
831987,0,26790.0,2810.46,0,0,3.0,0,2021,12,2,0.0,0.0,0.0,0.0,999.0,0.0,0.0,0.0,0.0,0.0,0.0,0.0,0.0,0.0,0.0,0.0,0.0,0.0,0.0,0.0,0.0,0.0,0.0,0.0,0.0,0.0,0.0,0.0,0.0,0.0,0.0,0.0,0.0,0.0,59.00756097560976,0,1,0,1,0,0,0,0,0,1,0,3,1,2,1,1,1
833165,1,31177.0,3139.17,0,0,36.0,0,2021,11,2,0.0,0.0,0.0,0.0,999.0,0.0,0.0,0.0,0.0,0.0,0.0,0.0,0.0,0.0,0.0,0.0,0.0,0.0,0.0,0.0,0.0,0.0,0.0,0.0,0.0,0.0,0.0,0.0,0.0,0.0,0.0,0.0,0.0,0.0,59.00756097560976,0,1,0,1,0,0,0,0,0,1,0,3,1,2,1,1,1
833169,1,36551.0,12472.12,0,0,1445.0,1,2016,2,0,0.0,0.0,0.0,0.0,999.0,0.0,0.0,0.0,0.0,0.0,0.0,0.0,0.0,0.0,0.0,0.0,0.0,0.0,0.0,0.0,0.0,0.0,0.0,0.0,0.0,0.0,0.0,0.0,0.0,0.0,0.0,0.0,0.0,0.2122905027932961,59.00756097560976,0,0,1,1,0,0,0,0,0,0,1,3,1,2,1,1,1
834522,0,97131.0,5181.62,0,0,2311.0,0,2015,9,1,0.0,0.0,0.0,0.0,999.0,0.0,0.0,0.0,0.0,0.0,0.0,0.0,0.0,0.0,0.0,0.0,0.0,0.0,0.0,0.0,0.0,0.0,0.0,0.0,0.0,0.0,0.0,0.0,0.0,0.0,0.0,0.0,0.0,0.2122905027932961,59.00756097560976,1,0,0,1,0,0,0,0,0,1,0,3,1,2,1,1,1
834891,0,30821.0,3911.12,0,0,41.0,1,2020,3,2,0.0,0.0,0.0,0.0,999.0,0.0,0.0,0.0,0.0,0.0,0.0,0.0,0.0,0.0,0.0,0.0,0.0,0.0,0.0,0.0,0.0,0.0,0.0,0.0,0.0,0.0,0.0,0.0,0.0,0.0,0.0,0.0,0.0,0.0,59.00756097560976,0,0,1,1,0,0,0,0,0,1,0,3,1,2,1,1,1
835975,1,0.0,7511.66,0,0,244.0,1,2019,4,2,0.0,0.0,0.0,0.0,999.0,0.0,0.0,0.0,0.0,0.0,0.0,0.0,0.0,0.0,0.0,0.0,0.0,0.0,0.0,0.0,0.0,0.0,0.0,0.0,0.0,0.0,0.0,0.0,0.0,0.0,0.0,0.0,0.0,0.0,59.00756097560976,0,0,1,0,1,0,0,0,0,0,1,3,1,2,1,1,1
837327,0,92681.0,7145.3,0,0,940.0,1,2017,3,4,0.0,0.0,0.0,0.0,999.0,0.0,0.0,0.0,0.0,0.0,0.0,0.0,0.0,0.0,0.0,0.0,0.0,0.0,0.0,0.0,0.0,0.0,0.0,0.0,0.0,0.0,0.0,0.0,0.0,0.0,0.0,0.0,0.0,0.2122905027932961,59.00756097560976,0,1,0,1,0,0,0,0,1,0,0,3,1,2,1,1,1
837408,1,0.0,2315.09,0,0,895.0,1,2016,9,1,0.0,0.0,0.0,0.0,999.0,0.0,0.0,0.0,0.0,0.0,0.0,0.0,0.0,0.0,0.0,0.0,0.0,0.0,0.0,0.0,0.0,0.0,0.0,0.0,0.0,0.0,0.0,0.0,0.0,0.0,0.0,0.0,0.0,0.2122905027932961,59.00756097560976,0,0,1,0,1,0,0,0,0,0,1,3,1,2,1,1,1
837615,0,17932.0,21274.34,0,0,244.0,1,2017,4,2,0.0,0.0,0.0,0.0,999.0,0.0,0.0,0.0,0.0,0.0,0.0,0.0,0.0,0.0,0.0,0.0,0.0,0.0,0.0,0.0,0.0,0.0,0.0,0.0,0.0,0.0,0.0,0.0,0.0,0.0,0.0,0.0,0.0,0.2122905027932961,59.00756097560976,0,1,0,0,0,0,1,0,0,1,0,3,1,2,1,1,1
838263,1,78310.0,67907.27,0,0,2350.0,0,2015,7,3,0.0,0.0,0.0,0.0,999.0,0.0,0.0,0.0,0.0,0.0,0.0,0.0,0.0,0.0,0.0,0.0,0.0,0.0,0.0,0.0,0.0,0.0,0.0,0.0,0.0,0.0,0.0,0.0,0.0,0.0,0.0,0.0,0.0,0.2122905027932961,59.00756097560976,1,0,0,1,0,0,0,0,0,1,0,3,1,2,1,1,1
841324,1,18495.0,26197.41,0,0,102.0,1,2019,6,3,0.0,0.0,0.0,0.0,999.0,0.0,0.0,0.0,0.0,0.0,0.0,0.0,0.0,0.0,0.0,0.0,0.0,0.0,0.0,0.0,0.0,0.0,0.0,0.0,0.0,0.0,0.0,0.0,0.0,0.0,0.0,0.0,0.0,0.0,59.00756097560976,1,0,0,0,0,1,0,0,0,1,0,3,1,2,1,1,1
841957,1,70360.0,5524.31,0,0,79.0,1,2017,11,6,0.0,0.0,0.0,0.0,999.0,0.0,0.0,0.0,0.0,0.0,0.0,0.0,0.0,0.0,0.0,0.0,0.0,0.0,0.0,0.0,0.0,0.0,0.0,0.0,0.0,0.0,0.0,0.0,0.0,0.0,0.0,0.0,0.0,0.2122905027932961,59.00756097560976,0,1,0,1,0,0,0,0,0,1,0,3,1,2,1,1,1
842047,0,0.0,2202.34,0,0,242.0,1,2019,2,5,0.0,0.0,0.0,0.0,999.0,0.0,0.0,0.0,0.0,0.0,0.0,0.0,0.0,0.0,0.0,0.0,0.0,0.0,0.0,0.0,0.0,0.0,0.0,0.0,0.0,0.0,0.0,0.0,0.0,0.0,0.0,0.0,0.0,0.0,59.00756097560976,0,0,1,0,1,0,0,0,0,1,0,3,1,2,1,1,1
842064,1,0.0,4630.36,0,0,243.0,1,2016,12,3,0.0,0.0,0.0,0.0,999.0,0.0,0.0,0.0,0.0,0.0,0.0,0.0,0.0,0.0,0.0,0.0,0.0,0.0,0.0,0.0,0.0,0.0,0.0,0.0,0.0,0.0,0.0,0.0,0.0,0.0,0.0,0.0,0.0,0.2122905027932961,59.00756097560976,0,0,1,0,1,0,0,0,0,0,1,3,1,2,1,1,1
842190,0,0.0,4931.22,0,0,914.0,1,2017,5,5,0.0,0.0,0.0,0.0,999.0,0.0,0.0,0.0,0.0,0.0,0.0,0.0,0.0,0.0,0.0,0.0,0.0,0.0,0.0,0.0,0.0,0.0,0.0,0.0,0.0,0.0,0.0,0.0,0.0,0.0,0.0,0.0,0.0,0.2122905027932961,59.00756097560976,0,0,1,0,1,0,0,0,0,1,0,3,1,2,1,1,1
842523,0,0.0,14635.45,0,0,700.0,1,2016,6,2,0.0,0.0,0.0,0.0,999.0,0.0,0.0,0.0,0.0,0.0,0.0,0.0,0.0,0.0,0.0,0.0,0.0,0.0,0.0,0.0,0.0,0.0,0.0,0.0,0.0,0.0,0.0,0.0,0.0,0.0,0.0,0.0,0.0,0.2122905027932961,59.00756097560976,0,0,1,0,1,0,0,0,1,0,0,3,1,2,1,1,1
842835,0,22705.0,19160.99,0,0,244.0,1,2019,4,1,0.0,0.0,0.0,0.0,999.0,0.0,0.0,0.0,0.0,0.0,0.0,0.0,0.0,0.0,0.0,0.0,0.0,0.0,0.0,0.0,0.0,0.0,0.0,0.0,0.0,0.0,0.0,0.0,0.0,0.0,0.0,0.0,0.0,0.0,59.00756097560976,1,0,0,1,0,0,0,0,1,0,0,3,1,2,1,1,1
843816,1,18577.0,6273.91,0,0,242.0,1,2018,11,2,0.0,0.0,0.0,0.0,999.0,0.0,0.0,0.0,0.0,0.0,0.0,0.0,0.0,0.0,0.0,0.0,0.0,0.0,0.0,0.0,0.0,0.0,0.0,0.0,0.0,0.0,0.0,0.0,0.0,0.0,0.0,0.0,0.0,0.2122905027932961,59.00756097560976,0,0,1,0,0,0,0,1,1,0,0,3,1,2,1,1,1
844046,0,61725.0,8512.13,0,0,75.0,0,2021,10,1,0.0,0.0,0.0,0.0,999.0,0.0,0.0,0.0,0.0,0.0,0.0,0.0,0.0,0.0,0.0,0.0,0.0,0.0,0.0,0.0,0.0,0.0,0.0,0.0,0.0,0.0,0.0,0.0,0.0,0.0,0.0,0.0,0.0,0.0,59.00756097560976,0,1,0,1,0,0,0,0,1,0,0,3,1,2,1,1,1
844145,0,0.0,74228.52,0,0,210.0,1,2018,9,1,0.0,0.0,0.0,0.0,999.0,0.0,0.0,0.0,0.0,0.0,0.0,0.0,0.0,0.0,0.0,0.0,0.0,0.0,0.0,0.0,0.0,0.0,0.0,0.0,0.0,0.0,0.0,0.0,0.0,0.0,0.0,0.0,0.0,0.2122905027932961,59.00756097560976,0,1,0,0,1,0,0,0,0,0,1,3,1,2,1,1,1
844477,1,69781.0,23990.15,0,0,242.0,1,2016,11,1,0.0,0.0,0.0,0.0,999.0,0.0,0.0,0.0,0.0,0.0,0.0,0.0,0.0,0.0,0.0,0.0,0.0,0.0,0.0,0.0,0.0,0.0,0.0,0.0,0.0,0.0,0.0,0.0,0.0,0.0,0.0,0.0,0.0,0.2122905027932961,59.00756097560976,1,0,0,1,0,0,0,0,0,1,0,3,1,2,1,1,1
844949,1,24164.0,10972.07,0,0,259.0,1,2019,2,2,0.0,0.0,0.0,0.0,999.0,0.0,0.0,0.0,0.0,0.0,0.0,0.0,0.0,0.0,0.0,0.0,0.0,0.0,0.0,0.0,0.0,0.0,0.0,0.0,0.0,0.0,0.0,0.0,0.0,0.0,0.0,0.0,0.0,0.0,59.00756097560976,0,1,0,1,0,0,0,0,1,0,0,3,1,2,1,1,1
846215,0,0.0,2856.95,0,0,242.0,1,2018,11,6,0.0,0.0,0.0,0.0,999.0,0.0,0.0,0.0,0.0,0.0,0.0,0.0,0.0,0.0,0.0,0.0,0.0,0.0,0.0,0.0,0.0,0.0,0.0,0.0,0.0,0.0,0.0,0.0,0.0,0.0,0.0,0.0,0.0,0.2122905027932961,59.00756097560976,0,1,0,0,1,0,0,0,0,1,0,3,1,2,1,1,1
846717,0,12195.0,7453.0,0,0,2205.0,0,2015,12,2,0.0,0.0,0.0,0.0,999.0,0.0,0.0,0.0,0.0,0.0,0.0,0.0,0.0,0.0,0.0,0.0,0.0,0.0,0.0,0.0,0.0,0.0,0.0,0.0,0.0,0.0,0.0,0.0,0.0,0.0,0.0,0.0,0.0,0.2122905027932961,59.00756097560976,0,1,0,0,0,0,1,0,1,0,0,3,1,2,1,1,1
846718,1,22799.0,15042.58,0,0,824.0,1,2016,3,3,0.0,0.0,0.0,0.0,999.0,0.0,0.0,0.0,0.0,0.0,0.0,0.0,0.0,0.0,0.0,0.0,0.0,0.0,0.0,0.0,0.0,0.0,0.0,0.0,0.0,0.0,0.0,0.0,0.0,0.0,0.0,0.0,0.0,0.2122905027932961,59.00756097560976,0,0,1,1,0,0,0,0,0,1,0,3,1,2,1,1,1
847283,0,0.0,8992.78,0,1,55.0,0,2021,11,4,0.0,0.0,0.0,0.0,999.0,0.0,0.0,0.0,0.0,0.0,0.0,0.0,0.0,0.0,0.0,0.0,0.0,0.0,0.0,0.0,0.0,0.0,0.0,0.0,0.0,0.0,0.0,0.0,0.0,0.0,0.0,0.0,0.0,0.0,59.00756097560976,1,0,0,0,1,0,0,0,0,0,1,3,1,2,1,1,1
847938,0,46503.0,8427.17,0,0,245.0,1,2018,3,2,0.0,0.0,0.0,0.0,999.0,0.0,0.0,0.0,0.0,0.0,0.0,0.0,0.0,0.0,0.0,0.0,0.0,0.0,0.0,0.0,0.0,0.0,0.0,0.0,0.0,0.0,0.0,0.0,0.0,0.0,0.0,0.0,0.0,0.2122905027932961,59.00756097560976,0,0,1,1,0,0,0,0,1,0,0,3,1,2,1,1,1
848498,1,31354.0,8667.09,0,0,8.0,0,2021,12,6,0.0,0.0,0.0,0.0,999.0,0.0,0.0,0.0,0.0,0.0,0.0,0.0,0.0,0.0,0.0,0.0,0.0,0.0,0.0,0.0,0.0,0.0,0.0,0.0,0.0,0.0,0.0,0.0,0.0,0.0,0.0,0.0,0.0,0.0,59.00756097560976,0,0,1,1,0,0,0,0,0,1,0,3,1,2,1,1,1
849813,0,0.0,7809.86,0,0,608.0,0,2020,5,1,0.0,0.0,0.0,0.0,999.0,0.0,0.0,0.0,0.0,0.0,0.0,0.0,0.0,0.0,0.0,0.0,0.0,0.0,0.0,0.0,0.0,0.0,0.0,0.0,0.0,0.0,0.0,0.0,0.0,0.0,0.0,0.0,0.0,0.0,59.00756097560976,0,1,0,0,1,0,0,0,0,0,1,3,1,2,1,1,1
851370,0,0.0,6625.47,0,0,205.0,0,2021,6,2,0.0,0.0,0.0,0.0,999.0,0.0,0.0,0.0,0.0,0.0,0.0,0.0,0.0,0.0,0.0,0.0,0.0,0.0,0.0,0.0,0.0,0.0,0.0,0.0,0.0,0.0,0.0,0.0,0.0,0.0,0.0,0.0,0.0,0.0,59.00756097560976,0,1,0,0,1,0,0,0,0,1,0,3,1,2,1,1,1
851845,1,0.0,7589.63,0,0,27.0,0,2021,12,2,0.0,0.0,0.0,0.0,999.0,0.0,0.0,0.0,0.0,0.0,0.0,0.0,0.0,0.0,0.0,0.0,0.0,0.0,0.0,0.0,0.0,0.0,0.0,0.0,0.0,0.0,0.0,0.0,0.0,0.0,0.0,0.0,0.0,0.0,59.00756097560976,1,0,0,0,1,0,0,0,0,1,0,3,1,2,1,1,1
851979,1,0.0,39033.08,0,0,2246.0,0,2015,11,4,0.0,0.0,0.0,0.0,999.0,0.0,0.0,0.0,0.0,0.0,0.0,0.0,0.0,0.0,0.0,0.0,0.0,0.0,0.0,0.0,0.0,0.0,0.0,0.0,0.0,0.0,0.0,0.0,0.0,0.0,0.0,0.0,0.0,0.2122905027932961,59.00756097560976,0,0,1,0,1,0,0,0,0,1,0,3,1,2,1,1,1
852012,0,0.0,13197.93,0,0,242.0,1,2017,11,2,0.0,0.0,0.0,0.0,999.0,0.0,0.0,0.0,0.0,0.0,0.0,0.0,0.0,0.0,0.0,0.0,0.0,0.0,0.0,0.0,0.0,0.0,0.0,0.0,0.0,0.0,0.0,0.0,0.0,0.0,0.0,0.0,0.0,0.2122905027932961,59.00756097560976,1,0,0,0,1,0,0,0,0,0,1,3,1,2,1,1,1
852629,1,14660.0,2319.82,0,0,55.0,0,2021,11,2,0.0,0.0,0.0,0.0,999.0,0.0,0.0,0.0,0.0,0.0,0.0,0.0,0.0,0.0,0.0,0.0,0.0,0.0,0.0,0.0,0.0,0.0,0.0,0.0,0.0,0.0,0.0,0.0,0.0,0.0,0.0,0.0,0.0,0.0,59.00756097560976,0,0,1,0,0,1,0,0,0,1,0,3,1,2,1,1,1
853037,0,44186.0,7474.61,0,0,2395.0,0,2015,6,1,0.0,0.0,0.0,0.0,999.0,0.0,0.0,0.0,0.0,0.0,0.0,0.0,0.0,0.0,0.0,0.0,0.0,0.0,0.0,0.0,0.0,0.0,0.0,0.0,0.0,0.0,0.0,0.0,0.0,0.0,0.0,0.0,0.0,0.2122905027932961,59.00756097560976,0,1,0,1,0,0,0,0,0,1,0,3,1,2,1,1,1
854742,1,20961.0,8009.47,0,0,454.0,1,2018,4,5,0.0,0.0,0.0,0.0,999.0,0.0,0.0,0.0,0.0,0.0,0.0,0.0,0.0,0.0,0.0,0.0,0.0,0.0,0.0,0.0,0.0,0.0,0.0,0.0,0.0,0.0,0.0,0.0,0.0,0.0,0.0,0.0,0.0,0.2122905027932961,59.00756097560976,1,0,0,1,0,0,0,0,0,1,0,3,1,2,1,1,1
854855,0,54339.0,3430.32,1,0,269.0,0,2021,4,4,0.0,0.0,0.0,0.0,999.0,0.0,0.0,0.0,0.0,0.0,0.0,0.0,0.0,0.0,0.0,0.0,0.0,0.0,0.0,0.0,0.0,0.0,0.0,0.0,0.0,0.0,0.0,0.0,0.0,0.0,0.0,0.0,0.0,0.0,59.00756097560976,0,1,0,1,0,0,0,0,0,1,0,3,1,2,1,1,1
855351,1,57428.0,3402.78,0,0,228.0,1,2016,2,2,0.0,0.0,0.0,0.0,999.0,0.0,0.0,0.0,0.0,0.0,0.0,0.0,0.0,0.0,0.0,0.0,0.0,0.0,0.0,0.0,0.0,0.0,0.0,0.0,0.0,0.0,0.0,0.0,0.0,0.0,0.0,0.0,0.0,0.2122905027932961,59.00756097560976,0,1,0,1,0,0,0,0,0,1,0,3,1,2,1,1,1
855510,0,28804.0,5995.41,0,0,242.0,1,2016,11,5,0.0,0.0,0.0,0.0,999.0,0.0,0.0,0.0,0.0,0.0,0.0,0.0,0.0,0.0,0.0,0.0,0.0,0.0,0.0,0.0,0.0,0.0,0.0,0.0,0.0,0.0,0.0,0.0,0.0,0.0,0.0,0.0,0.0,0.2122905027932961,59.00756097560976,0,1,0,0,0,0,1,0,0,1,0,3,1,2,1,1,1
857235,1,0.0,2897.78,0,0,2251.0,0,2015,11,1,0.0,0.0,0.0,0.0,999.0,0.0,0.0,0.0,0.0,0.0,0.0,0.0,0.0,0.0,0.0,0.0,0.0,0.0,0.0,0.0,0.0,0.0,0.0,0.0,0.0,0.0,0.0,0.0,0.0,0.0,0.0,0.0,0.0,0.2122905027932961,59.00756097560976,0,1,0,0,1,0,0,0,0,0,1,3,1,2,1,1,1
857949,0,83846.0,8717.05,0,0,243.0,1,2017,8,0,0.0,0.0,0.0,0.0,999.0,0.0,0.0,0.0,0.0,0.0,0.0,0.0,0.0,0.0,0.0,0.0,0.0,0.0,0.0,0.0,0.0,0.0,0.0,0.0,0.0,0.0,0.0,0.0,0.0,0.0,0.0,0.0,0.0,0.2122905027932961,59.00756097560976,1,0,0,1,0,0,0,0,0,1,0,3,1,2,1,1,1
858125,0,0.0,12520.98,1,0,266.0,0,2021,4,4,0.0,0.0,0.0,0.0,999.0,0.0,0.0,0.0,0.0,0.0,0.0,0.0,0.0,0.0,0.0,0.0,0.0,0.0,0.0,0.0,0.0,0.0,0.0,0.0,0.0,0.0,0.0,0.0,0.0,0.0,0.0,0.0,0.0,0.0,59.00756097560976,0,1,0,0,1,0,0,0,0,0,1,3,1,2,1,1,1
858427,1,56172.0,2500.84,0,0,243.0,1,2018,10,4,0.0,0.0,0.0,0.0,999.0,0.0,0.0,0.0,0.0,0.0,0.0,0.0,0.0,0.0,0.0,0.0,0.0,0.0,0.0,0.0,0.0,0.0,0.0,0.0,0.0,0.0,0.0,0.0,0.0,0.0,0.0,0.0,0.0,0.2122905027932961,59.00756097560976,0,0,1,1,0,0,0,0,1,0,0,3,1,2,1,1,1
858814,1,17622.0,4458.11,0,0,21.0,0,2021,12,1,0.0,0.0,0.0,0.0,999.0,0.0,0.0,0.0,0.0,0.0,0.0,0.0,0.0,0.0,0.0,0.0,0.0,0.0,0.0,0.0,0.0,0.0,0.0,0.0,0.0,0.0,0.0,0.0,0.0,0.0,0.0,0.0,0.0,0.0,59.00756097560976,0,0,1,0,0,0,0,1,1,0,0,3,1,2,1,1,1
859196,1,32848.0,5876.05,0,0,3.0,0,2021,12,2,0.0,0.0,0.0,0.0,999.0,0.0,0.0,0.0,0.0,0.0,0.0,0.0,0.0,0.0,0.0,0.0,0.0,0.0,0.0,0.0,0.0,0.0,0.0,0.0,0.0,0.0,0.0,0.0,0.0,0.0,0.0,0.0,0.0,0.0,59.00756097560976,0,1,0,1,0,0,0,0,0,1,0,3,1,2,1,1,1
860553,1,85871.0,3693.44,0,0,245.0,1,2018,5,2,0.0,0.0,0.0,0.0,999.0,0.0,0.0,0.0,0.0,0.0,0.0,0.0,0.0,0.0,0.0,0.0,0.0,0.0,0.0,0.0,0.0,0.0,0.0,0.0,0.0,0.0,0.0,0.0,0.0,0.0,0.0,0.0,0.0,0.2122905027932961,59.00756097560976,0,0,1,1,0,0,0,0,0,1,0,3,1,2,1,1,1
861917,0,34911.0,4039.32,0,0,243.0,1,2019,1,1,0.0,0.0,0.0,0.0,999.0,0.0,0.0,0.0,0.0,0.0,0.0,0.0,0.0,0.0,0.0,0.0,0.0,0.0,0.0,0.0,0.0,0.0,0.0,0.0,0.0,0.0,0.0,0.0,0.0,0.0,0.0,0.0,0.0,0.0,59.00756097560976,0,0,1,1,0,0,0,0,1,0,0,3,1,2,1,1,1
862543,0,65706.0,7380.98,0,0,25.0,0,2021,12,5,0.0,0.0,0.0,0.0,999.0,0.0,0.0,0.0,0.0,0.0,0.0,0.0,0.0,0.0,0.0,0.0,0.0,0.0,0.0,0.0,0.0,0.0,0.0,0.0,0.0,0.0,0.0,0.0,0.0,0.0,0.0,0.0,0.0,0.0,59.00756097560976,0,1,0,1,0,0,0,0,0,1,0,3,1,2,1,1,1
863374,1,49945.0,19363.53,0,0,245.0,1,2019,3,4,0.0,0.0,0.0,0.0,999.0,0.0,0.0,0.0,0.0,0.0,0.0,0.0,0.0,0.0,0.0,0.0,0.0,0.0,0.0,0.0,0.0,0.0,0.0,0.0,0.0,0.0,0.0,0.0,0.0,0.0,0.0,0.0,0.0,0.0,59.00756097560976,1,0,0,1,0,0,0,0,0,1,0,3,1,2,1,1,1
863490,1,33906.0,7579.53,0,0,11.0,0,2021,12,1,0.0,0.0,0.0,0.0,999.0,0.0,0.0,0.0,0.0,0.0,0.0,0.0,0.0,0.0,0.0,0.0,0.0,0.0,0.0,0.0,0.0,0.0,0.0,0.0,0.0,0.0,0.0,0.0,0.0,0.0,0.0,0.0,0.0,0.0,59.00756097560976,0,1,0,1,0,0,0,0,0,1,0,3,1,2,1,1,1
863942,1,75438.0,5392.44,0,0,930.0,1,2016,5,4,0.0,0.0,0.0,0.0,999.0,0.0,0.0,0.0,0.0,0.0,0.0,0.0,0.0,0.0,0.0,0.0,0.0,0.0,0.0,0.0,0.0,0.0,0.0,0.0,0.0,0.0,0.0,0.0,0.0,0.0,0.0,0.0,0.0,0.2122905027932961,59.00756097560976,0,0,1,1,0,0,0,0,0,0,1,3,1,2,1,1,1
865213,1,95018.0,3900.91,0,0,245.0,1,2019,3,2,0.0,0.0,0.0,0.0,999.0,0.0,0.0,0.0,0.0,0.0,0.0,0.0,0.0,0.0,0.0,0.0,0.0,0.0,0.0,0.0,0.0,0.0,0.0,0.0,0.0,0.0,0.0,0.0,0.0,0.0,0.0,0.0,0.0,0.0,59.00756097560976,0,1,0,1,0,0,0,0,0,1,0,3,1,2,1,1,1
865798,0,0.0,14837.5,0,0,243.0,1,2018,12,1,0.0,0.0,0.0,0.0,999.0,0.0,0.0,0.0,0.0,0.0,0.0,0.0,0.0,0.0,0.0,0.0,0.0,0.0,0.0,0.0,0.0,0.0,0.0,0.0,0.0,0.0,0.0,0.0,0.0,0.0,0.0,0.0,0.0,0.2122905027932961,59.00756097560976,0,1,0,0,1,0,0,0,0,0,1,3,1,2,1,1,1
868327,1,0.0,2357.8,0,0,2377.0,0,2015,6,4,0.0,0.0,0.0,0.0,999.0,0.0,0.0,0.0,0.0,0.0,0.0,0.0,0.0,0.0,0.0,0.0,0.0,0.0,0.0,0.0,0.0,0.0,0.0,0.0,0.0,0.0,0.0,0.0,0.0,0.0,0.0,0.0,0.0,0.2122905027932961,59.00756097560976,0,0,1,0,1,0,0,0,0,1,0,3,1,2,1,1,1
869712,1,23541.0,7247.74,0,0,243.0,1,2019,1,3,0.0,0.0,0.0,0.0,999.0,0.0,0.0,0.0,0.0,0.0,0.0,0.0,0.0,0.0,0.0,0.0,0.0,0.0,0.0,0.0,0.0,0.0,0.0,0.0,0.0,0.0,0.0,0.0,0.0,0.0,0.0,0.0,0.0,0.0,59.00756097560976,1,0,0,1,0,0,0,0,0,1,0,3,1,2,1,1,1
870960,0,72834.0,2464.24,0,0,48.0,1,2017,10,2,0.0,0.0,0.0,0.0,999.0,0.0,0.0,0.0,0.0,0.0,0.0,0.0,0.0,0.0,0.0,0.0,0.0,0.0,0.0,0.0,0.0,0.0,0.0,0.0,0.0,0.0,0.0,0.0,0.0,0.0,0.0,0.0,0.0,0.2122905027932961,59.00756097560976,0,0,1,1,0,0,0,0,1,0,0,3,1,2,1,1,1
871329,0,32646.0,4686.81,0,0,1107.0,1,2016,6,3,0.0,0.0,0.0,0.0,999.0,0.0,0.0,0.0,0.0,0.0,0.0,0.0,0.0,0.0,0.0,0.0,0.0,0.0,0.0,0.0,0.0,0.0,0.0,0.0,0.0,0.0,0.0,0.0,0.0,0.0,0.0,0.0,0.0,0.2122905027932961,59.00756097560976,0,0,1,1,0,0,0,0,0,1,0,3,1,2,1,1,1
871455,1,16269.0,3211.07,0,0,0.0,0,2020,6,5,0.0,0.0,0.0,0.0,999.0,0.0,0.0,0.0,0.0,0.0,0.0,0.0,0.0,0.0,0.0,0.0,0.0,0.0,0.0,0.0,0.0,0.0,0.0,0.0,0.0,0.0,0.0,0.0,0.0,0.0,0.0,0.0,0.0,0.2122905027932961,59.00756097560976,0,0,1,0,0,1,0,0,1,0,0,3,1,2,1,1,1
872158,0,0.0,6265.34,0,0,243.0,1,2017,8,4,0.0,0.0,0.0,0.0,999.0,0.0,0.0,0.0,0.0,0.0,0.0,0.0,0.0,0.0,0.0,0.0,0.0,0.0,0.0,0.0,0.0,0.0,0.0,0.0,0.0,0.0,0.0,0.0,0.0,0.0,0.0,0.0,0.0,0.2122905027932961,59.00756097560976,1,0,0,0,1,0,0,0,0,1,0,3,1,2,1,1,1
872340,1,99981.0,2859.53,0,0,12.0,0,2021,12,1,0.0,0.0,0.0,0.0,999.0,0.0,0.0,0.0,0.0,0.0,0.0,0.0,0.0,0.0,0.0,0.0,0.0,0.0,0.0,0.0,0.0,0.0,0.0,0.0,0.0,0.0,0.0,0.0,0.0,0.0,0.0,0.0,0.0,0.0,59.00756097560976,0,1,0,1,0,0,0,0,0,1,0,3,1,2,1,1,1
872341,1,33402.0,8640.75,0,0,116.0,0,2021,9,3,0.0,0.0,0.0,0.0,999.0,0.0,0.0,0.0,0.0,0.0,0.0,0.0,0.0,0.0,0.0,0.0,0.0,0.0,0.0,0.0,0.0,0.0,0.0,0.0,0.0,0.0,0.0,0.0,0.0,0.0,0.0,0.0,0.0,0.0,59.00756097560976,0,1,0,1,0,0,0,0,0,1,0,3,1,2,1,1,1
872408,0,18107.0,4801.66,0,0,16.0,0,2021,12,5,0.0,0.0,0.0,0.0,999.0,0.0,0.0,0.0,0.0,0.0,0.0,0.0,0.0,0.0,0.0,0.0,0.0,0.0,0.0,0.0,0.0,0.0,0.0,0.0,0.0,0.0,0.0,0.0,0.0,0.0,0.0,0.0,0.0,0.0,59.00756097560976,0,0,1,0,0,0,1,0,0,1,0,3,1,2,1,1,1
872669,0,29414.0,4729.59,0,0,2269.0,0,2015,10,1,0.0,0.0,0.0,0.0,999.0,0.0,0.0,0.0,0.0,0.0,0.0,0.0,0.0,0.0,0.0,0.0,0.0,0.0,0.0,0.0,0.0,0.0,0.0,0.0,0.0,0.0,0.0,0.0,0.0,0.0,0.0,0.0,0.0,0.2122905027932961,59.00756097560976,0,1,0,0,0,0,1,0,1,0,0,3,1,2,1,1,1
872706,1,0.0,5232.33,0,0,243.0,1,2018,10,2,0.0,0.0,0.0,0.0,999.0,0.0,0.0,0.0,0.0,0.0,0.0,0.0,0.0,0.0,0.0,0.0,0.0,0.0,0.0,0.0,0.0,0.0,0.0,0.0,0.0,0.0,0.0,0.0,0.0,0.0,0.0,0.0,0.0,0.2122905027932961,59.00756097560976,0,0,1,0,1,0,0,0,0,0,1,3,1,2,1,1,1
873426,0,41440.0,14808.06,0,0,88.0,1,2020,12,1,0.0,0.0,0.0,0.0,999.0,0.0,0.0,0.0,0.0,0.0,0.0,0.0,0.0,0.0,0.0,0.0,0.0,0.0,0.0,0.0,0.0,0.0,0.0,0.0,0.0,0.0,0.0,0.0,0.0,0.0,0.0,0.0,0.0,0.0,59.00756097560976,0,1,0,1,0,0,0,0,0,1,0,3,1,2,1,1,1
873578,0,20200.0,2417.78,0,0,244.0,1,2019,4,0,0.0,0.0,0.0,0.0,999.0,0.0,0.0,0.0,0.0,0.0,0.0,0.0,0.0,0.0,0.0,0.0,0.0,0.0,0.0,0.0,0.0,0.0,0.0,0.0,0.0,0.0,0.0,0.0,0.0,0.0,0.0,0.0,0.0,0.0,59.00756097560976,0,0,1,1,0,0,0,0,0,0,1,3,1,2,1,1,1
874938,0,26441.0,2647.2,0,0,12.0,0,2021,12,4,0.0,0.0,0.0,0.0,999.0,0.0,0.0,0.0,0.0,0.0,0.0,0.0,0.0,0.0,0.0,0.0,0.0,0.0,0.0,0.0,0.0,0.0,0.0,0.0,0.0,0.0,0.0,0.0,0.0,0.0,0.0,0.0,0.0,0.0,59.00756097560976,0,0,1,1,0,0,0,0,0,1,0,3,1,2,1,1,1
876243,0,51204.0,21592.1,0,0,242.0,1,2017,11,2,0.0,0.0,0.0,0.0,999.0,0.0,0.0,0.0,0.0,0.0,0.0,0.0,0.0,0.0,0.0,0.0,0.0,0.0,0.0,0.0,0.0,0.0,0.0,0.0,0.0,0.0,0.0,0.0,0.0,0.0,0.0,0.0,0.0,0.2122905027932961,59.00756097560976,1,0,0,1,0,0,0,0,0,1,0,3,1,2,1,1,1
878327,0,51125.0,7957.63,0,0,242.0,1,2018,11,1,0.0,0.0,0.0,0.0,999.0,0.0,0.0,0.0,0.0,0.0,0.0,0.0,0.0,0.0,0.0,0.0,0.0,0.0,0.0,0.0,0.0,0.0,0.0,0.0,0.0,0.0,0.0,0.0,0.0,0.0,0.0,0.0,0.0,0.2122905027932961,59.00756097560976,1,0,0,1,0,0,0,0,1,0,0,3,1,2,1,1,1
879600,0,65375.0,5214.97,0,0,243.0,1,2018,12,2,0.0,0.0,0.0,0.0,999.0,0.0,0.0,0.0,0.0,0.0,0.0,0.0,0.0,0.0,0.0,0.0,0.0,0.0,0.0,0.0,0.0,0.0,0.0,0.0,0.0,0.0,0.0,0.0,0.0,0.0,0.0,0.0,0.0,0.2122905027932961,59.00756097560976,1,0,0,1,0,0,0,0,0,1,0,3,1,2,1,1,1
879638,0,0.0,2180.08,0,0,1255.0,1,2016,1,4,0.0,0.0,0.0,0.0,999.0,0.0,0.0,0.0,0.0,0.0,0.0,0.0,0.0,0.0,0.0,0.0,0.0,0.0,0.0,0.0,0.0,0.0,0.0,0.0,0.0,0.0,0.0,0.0,0.0,0.0,0.0,0.0,0.0,0.2122905027932961,59.00756097560976,0,0,1,0,1,0,0,0,0,0,1,3,1,2,1,1,1
879812,1,37722.0,9075.77,0,0,240.0,1,2017,12,2,0.0,0.0,0.0,0.0,999.0,0.0,0.0,0.0,0.0,0.0,0.0,0.0,0.0,0.0,0.0,0.0,0.0,0.0,0.0,0.0,0.0,0.0,0.0,0.0,0.0,0.0,0.0,0.0,0.0,0.0,0.0,0.0,0.0,0.2122905027932961,59.00756097560976,0,1,0,1,0,0,0,0,0,0,1,3,1,2,1,1,1
880099,0,47746.0,4260.77,0,0,197.0,1,2017,6,1,0.0,0.0,0.0,0.0,999.0,0.0,0.0,0.0,0.0,0.0,0.0,0.0,0.0,0.0,0.0,0.0,0.0,0.0,0.0,0.0,0.0,0.0,0.0,0.0,0.0,0.0,0.0,0.0,0.0,0.0,0.0,0.0,0.0,0.2122905027932961,59.00756097560976,0,1,0,1,0,0,0,0,0,1,0,3,1,2,1,1,1
880897,0,94962.0,2627.61,0,0,244.0,1,2018,4,4,0.0,0.0,0.0,0.0,999.0,0.0,0.0,0.0,0.0,0.0,0.0,0.0,0.0,0.0,0.0,0.0,0.0,0.0,0.0,0.0,0.0,0.0,0.0,0.0,0.0,0.0,0.0,0.0,0.0,0.0,0.0,0.0,0.0,0.2122905027932961,59.00756097560976,0,0,1,1,0,0,0,0,0,1,0,3,1,2,1,1,1
881399,1,25302.0,13473.19,0,0,2266.0,0,2015,10,1,0.0,0.0,0.0,0.0,999.0,0.0,0.0,0.0,0.0,0.0,0.0,0.0,0.0,0.0,0.0,0.0,0.0,0.0,0.0,0.0,0.0,0.0,0.0,0.0,0.0,0.0,0.0,0.0,0.0,0.0,0.0,0.0,0.0,0.2122905027932961,59.00756097560976,0,0,1,1,0,0,0,0,0,1,0,3,1,2,1,1,1
881428,1,30095.0,21740.03,0,0,243.0,1,2018,7,1,0.0,0.0,0.0,0.0,999.0,0.0,0.0,0.0,0.0,0.0,0.0,0.0,0.0,0.0,0.0,0.0,0.0,0.0,0.0,0.0,0.0,0.0,0.0,0.0,0.0,0.0,0.0,0.0,0.0,0.0,0.0,0.0,0.0,0.2122905027932961,59.00756097560976,1,0,0,1,0,0,0,0,0,1,0,3,1,2,1,1,1
882443,0,82664.0,8838.09,0,0,244.0,1,2018,4,1,0.0,0.0,0.0,0.0,999.0,0.0,0.0,0.0,0.0,0.0,0.0,0.0,0.0,0.0,0.0,0.0,0.0,0.0,0.0,0.0,0.0,0.0,0.0,0.0,0.0,0.0,0.0,0.0,0.0,0.0,0.0,0.0,0.0,0.2122905027932961,59.00756097560976,1,0,0,1,0,0,0,0,0,1,0,3,1,2,1,1,1
882874,0,29590.0,2599.31,0,0,20.0,0,2021,12,1,0.0,0.0,0.0,0.0,999.0,0.0,0.0,0.0,0.0,0.0,0.0,0.0,0.0,0.0,0.0,0.0,0.0,0.0,0.0,0.0,0.0,0.0,0.0,0.0,0.0,0.0,0.0,0.0,0.0,0.0,0.0,0.0,0.0,0.0,59.00756097560976,0,0,1,1,0,0,0,0,0,1,0,3,1,2,1,1,1
883349,0,48207.0,4908.12,0,0,244.0,1,2017,4,4,0.0,0.0,0.0,0.0,999.0,0.0,0.0,0.0,0.0,0.0,0.0,0.0,0.0,0.0,0.0,0.0,0.0,0.0,0.0,0.0,0.0,0.0,0.0,0.0,0.0,0.0,0.0,0.0,0.0,0.0,0.0,0.0,0.0,0.2122905027932961,59.00756097560976,0,0,1,1,0,0,0,0,0,1,0,3,1,2,1,1,1
883606,0,36121.0,9470.27,0,0,245.0,1,2019,3,2,0.0,0.0,0.0,0.0,999.0,0.0,0.0,0.0,0.0,0.0,0.0,0.0,0.0,0.0,0.0,0.0,0.0,0.0,0.0,0.0,0.0,0.0,0.0,0.0,0.0,0.0,0.0,0.0,0.0,0.0,0.0,0.0,0.0,0.0,59.00756097560976,0,1,0,1,0,0,0,0,0,1,0,3,1,2,1,1,1
883693,1,82695.0,2450.88,0,0,386.0,1,2017,7,2,0.0,0.0,0.0,0.0,999.0,0.0,0.0,0.0,0.0,0.0,0.0,0.0,0.0,0.0,0.0,0.0,0.0,0.0,0.0,0.0,0.0,0.0,0.0,0.0,0.0,0.0,0.0,0.0,0.0,0.0,0.0,0.0,0.0,0.2122905027932961,59.00756097560976,0,0,1,1,0,0,0,0,1,0,0,3,1,2,1,1,1
883916,0,41727.0,23055.57,0,0,242.0,1,2018,9,0,0.0,0.0,0.0,0.0,999.0,0.0,0.0,0.0,0.0,0.0,0.0,0.0,0.0,0.0,0.0,0.0,0.0,0.0,0.0,0.0,0.0,0.0,0.0,0.0,0.0,0.0,0.0,0.0,0.0,0.0,0.0,0.0,0.0,0.2122905027932961,59.00756097560976,0,0,1,1,0,0,0,0,0,1,0,3,1,2,1,1,1
884570,0,36354.0,15956.03,0,0,245.0,1,2019,5,4,0.0,0.0,0.0,0.0,999.0,0.0,0.0,0.0,0.0,0.0,0.0,0.0,0.0,0.0,0.0,0.0,0.0,0.0,0.0,0.0,0.0,0.0,0.0,0.0,0.0,0.0,0.0,0.0,0.0,0.0,0.0,0.0,0.0,0.0,59.00756097560976,1,0,0,1,0,0,0,0,0,1,0,3,1,2,1,1,1
884992,1,28227.0,7119.53,0,0,1103.0,1,2016,9,2,0.0,0.0,0.0,0.0,999.0,0.0,0.0,0.0,0.0,0.0,0.0,0.0,0.0,0.0,0.0,0.0,0.0,0.0,0.0,0.0,0.0,0.0,0.0,0.0,0.0,0.0,0.0,0.0,0.0,0.0,0.0,0.0,0.0,0.2122905027932961,59.00756097560976,0,0,1,0,0,1,0,0,0,1,0,3,1,2,1,1,1
885210,1,0.0,4038.86,0,0,610.0,1,2016,10,4,0.0,0.0,0.0,0.0,999.0,0.0,0.0,0.0,0.0,0.0,0.0,0.0,0.0,0.0,0.0,0.0,0.0,0.0,0.0,0.0,0.0,0.0,0.0,0.0,0.0,0.0,0.0,0.0,0.0,0.0,0.0,0.0,0.0,0.2122905027932961,59.00756097560976,0,0,1,0,1,0,0,0,0,1,0,3,1,2,1,1,1
887026,1,18107.0,4801.66,0,0,574.0,1,2018,2,1,0.0,0.0,0.0,0.0,999.0,0.0,0.0,0.0,0.0,0.0,0.0,0.0,0.0,0.0,0.0,0.0,0.0,0.0,0.0,0.0,0.0,0.0,0.0,0.0,0.0,0.0,0.0,0.0,0.0,0.0,0.0,0.0,0.0,0.2122905027932961,59.00756097560976,0,0,1,0,0,0,1,0,0,1,0,3,1,2,1,1,1
887069,0,40589.0,8159.14,0,0,244.0,1,2017,4,5,0.0,0.0,0.0,0.0,999.0,0.0,0.0,0.0,0.0,0.0,0.0,0.0,0.0,0.0,0.0,0.0,0.0,0.0,0.0,0.0,0.0,0.0,0.0,0.0,0.0,0.0,0.0,0.0,0.0,0.0,0.0,0.0,0.0,0.2122905027932961,59.00756097560976,1,0,0,1,0,0,0,0,1,0,0,3,1,2,1,1,1
887705,0,73740.0,5124.22,0,0,243.0,1,2018,1,3,0.0,0.0,0.0,0.0,999.0,0.0,0.0,0.0,0.0,0.0,0.0,0.0,0.0,0.0,0.0,0.0,0.0,0.0,0.0,0.0,0.0,0.0,0.0,0.0,0.0,0.0,0.0,0.0,0.0,0.0,0.0,0.0,0.0,0.2122905027932961,59.00756097560976,1,0,0,1,0,0,0,0,1,0,0,3,1,2,1,1,1
889964,0,18375.0,3954.34,0,0,244.0,1,2018,4,1,0.0,0.0,0.0,0.0,999.0,0.0,0.0,0.0,0.0,0.0,0.0,0.0,0.0,0.0,0.0,0.0,0.0,0.0,0.0,0.0,0.0,0.0,0.0,0.0,0.0,0.0,0.0,0.0,0.0,0.0,0.0,0.0,0.0,0.2122905027932961,59.00756097560976,0,1,0,0,0,1,0,0,0,1,0,3,1,2,1,1,1
890839,1,82730.0,5154.76,0,0,216.0,1,2017,11,6,0.0,0.0,0.0,0.0,999.0,0.0,0.0,0.0,0.0,0.0,0.0,0.0,0.0,0.0,0.0,0.0,0.0,0.0,0.0,0.0,0.0,0.0,0.0,0.0,0.0,0.0,0.0,0.0,0.0,0.0,0.0,0.0,0.0,0.2122905027932961,59.00756097560976,0,0,1,1,0,0,0,0,0,1,0,3,1,2,1,1,1
891105,0,36898.0,13246.57,0,0,26.0,0,2021,12,0,0.0,0.0,0.0,0.0,999.0,0.0,0.0,0.0,0.0,0.0,0.0,0.0,0.0,0.0,0.0,0.0,0.0,0.0,0.0,0.0,0.0,0.0,0.0,0.0,0.0,0.0,0.0,0.0,0.0,0.0,0.0,0.0,0.0,0.0,59.00756097560976,0,1,0,1,0,0,0,0,0,1,0,3,1,2,1,1,1
891218,1,26049.0,8533.83,0,0,245.0,1,2018,3,5,0.0,0.0,0.0,0.0,999.0,0.0,0.0,0.0,0.0,0.0,0.0,0.0,0.0,0.0,0.0,0.0,0.0,0.0,0.0,0.0,0.0,0.0,0.0,0.0,0.0,0.0,0.0,0.0,0.0,0.0,0.0,0.0,0.0,0.2122905027932961,59.00756097560976,0,1,0,0,0,1,0,0,0,1,0,3,1,2,1,1,1
891233,1,92801.0,4048.16,0,0,19.0,0,2021,12,1,0.0,0.0,0.0,0.0,999.0,0.0,0.0,0.0,0.0,0.0,0.0,0.0,0.0,0.0,0.0,0.0,0.0,0.0,0.0,0.0,0.0,0.0,0.0,0.0,0.0,0.0,0.0,0.0,0.0,0.0,0.0,0.0,0.0,0.0,59.00756097560976,0,1,0,1,0,0,0,0,0,1,0,3,1,2,1,1,1
891927,0,0.0,12489.21,0,0,580.0,1,2017,12,1,0.0,0.0,0.0,0.0,999.0,0.0,0.0,0.0,0.0,0.0,0.0,0.0,0.0,0.0,0.0,0.0,0.0,0.0,0.0,0.0,0.0,0.0,0.0,0.0,0.0,0.0,0.0,0.0,0.0,0.0,0.0,0.0,0.0,0.2122905027932961,59.00756097560976,0,1,0,0,1,0,0,0,0,1,0,3,1,2,1,1,1
892000,1,51425.0,9378.9,0,0,242.0,1,2018,9,2,0.0,0.0,0.0,0.0,999.0,0.0,0.0,0.0,0.0,0.0,0.0,0.0,0.0,0.0,0.0,0.0,0.0,0.0,0.0,0.0,0.0,0.0,0.0,0.0,0.0,0.0,0.0,0.0,0.0,0.0,0.0,0.0,0.0,0.2122905027932961,59.00756097560976,1,0,0,1,0,0,0,0,0,1,0,3,1,2,1,1,1
892273,0,0.0,2194.67,0,0,2311.0,0,2015,9,1,0.0,0.0,0.0,0.0,999.0,0.0,0.0,0.0,0.0,0.0,0.0,0.0,0.0,0.0,0.0,0.0,0.0,0.0,0.0,0.0,0.0,0.0,0.0,0.0,0.0,0.0,0.0,0.0,0.0,0.0,0.0,0.0,0.0,0.2122905027932961,59.00756097560976,0,0,1,0,1,0,0,0,0,0,1,3,1,2,1,1,1
892517,0,34498.0,6369.26,0,0,2274.0,0,2015,10,1,0.0,0.0,0.0,0.0,999.0,0.0,0.0,0.0,0.0,0.0,0.0,0.0,0.0,0.0,0.0,0.0,0.0,0.0,0.0,0.0,0.0,0.0,0.0,0.0,0.0,0.0,0.0,0.0,0.0,0.0,0.0,0.0,0.0,0.2122905027932961,59.00756097560976,1,0,0,1,0,0,0,0,0,0,1,3,1,2,1,1,1
892556,0,36094.0,7834.15,0,0,459.0,1,2017,3,2,0.0,0.0,0.0,0.0,999.0,0.0,0.0,0.0,0.0,0.0,0.0,0.0,0.0,0.0,0.0,0.0,0.0,0.0,0.0,0.0,0.0,0.0,0.0,0.0,0.0,0.0,0.0,0.0,0.0,0.0,0.0,0.0,0.0,0.2122905027932961,59.00756097560976,0,1,0,1,0,0,0,0,0,1,0,3,1,2,1,1,1
892639,1,0.0,3731.5,0,0,1253.0,1,2016,6,5,0.0,0.0,0.0,0.0,999.0,0.0,0.0,0.0,0.0,0.0,0.0,0.0,0.0,0.0,0.0,0.0,0.0,0.0,0.0,0.0,0.0,0.0,0.0,0.0,0.0,0.0,0.0,0.0,0.0,0.0,0.0,0.0,0.0,0.2122905027932961,59.00756097560976,0,0,1,0,1,0,0,0,0,1,0,3,1,2,1,1,1
893376,0,0.0,3549.75,0,0,2226.0,0,2015,11,1,0.0,0.0,0.0,0.0,999.0,0.0,0.0,0.0,0.0,0.0,0.0,0.0,0.0,0.0,0.0,0.0,0.0,0.0,0.0,0.0,0.0,0.0,0.0,0.0,0.0,0.0,0.0,0.0,0.0,0.0,0.0,0.0,0.0,0.2122905027932961,59.00756097560976,0,1,0,0,1,0,0,0,0,1,0,3,1,2,1,1,1
895180,0,83221.0,7305.94,0,0,242.0,1,2018,11,4,0.0,0.0,0.0,0.0,999.0,0.0,0.0,0.0,0.0,0.0,0.0,0.0,0.0,0.0,0.0,0.0,0.0,0.0,0.0,0.0,0.0,0.0,0.0,0.0,0.0,0.0,0.0,0.0,0.0,0.0,0.0,0.0,0.0,0.2122905027932961,59.00756097560976,0,1,0,1,0,0,0,0,0,1,0,3,1,2,1,1,1
895821,0,58645.0,22118.81,0,0,368.0,1,2018,12,4,0.0,0.0,0.0,0.0,999.0,0.0,0.0,0.0,0.0,0.0,0.0,0.0,0.0,0.0,0.0,0.0,0.0,0.0,0.0,0.0,0.0,0.0,0.0,0.0,0.0,0.0,0.0,0.0,0.0,0.0,0.0,0.0,0.0,0.2122905027932961,59.00756097560976,0,1,0,1,0,0,0,0,0,1,0,3,1,2,1,1,1
896685,1,0.0,11293.98,0,0,1.0,1,2019,12,2,0.0,0.0,0.0,0.0,999.0,0.0,0.0,0.0,0.0,0.0,0.0,0.0,0.0,0.0,0.0,0.0,0.0,0.0,0.0,0.0,0.0,0.0,0.0,0.0,0.0,0.0,0.0,0.0,0.0,0.0,0.0,0.0,0.0,0.0,59.00756097560976,0,1,0,0,1,0,0,0,0,1,0,3,1,2,1,1,1
897734,1,29757.0,2581.11,0,0,243.0,1,2016,8,5,0.0,0.0,0.0,0.0,999.0,0.0,0.0,0.0,0.0,0.0,0.0,0.0,0.0,0.0,0.0,0.0,0.0,0.0,0.0,0.0,0.0,0.0,0.0,0.0,0.0,0.0,0.0,0.0,0.0,0.0,0.0,0.0,0.0,0.2122905027932961,59.00756097560976,0,0,1,1,0,0,0,0,0,1,0,3,1,2,1,1,1
898119,1,42743.0,9061.95,0,0,243.0,1,2018,12,2,0.0,0.0,0.0,0.0,999.0,0.0,0.0,0.0,0.0,0.0,0.0,0.0,0.0,0.0,0.0,0.0,0.0,0.0,0.0,0.0,0.0,0.0,0.0,0.0,0.0,0.0,0.0,0.0,0.0,0.0,0.0,0.0,0.0,0.2122905027932961,59.00756097560976,0,1,0,1,0,0,0,0,0,1,0,3,1,2,1,1,1
898887,0,0.0,16468.22,0,0,759.0,1,2016,3,4,0.0,0.0,0.0,0.0,999.0,0.0,0.0,0.0,0.0,0.0,0.0,0.0,0.0,0.0,0.0,0.0,0.0,0.0,0.0,0.0,0.0,0.0,0.0,0.0,0.0,0.0,0.0,0.0,0.0,0.0,0.0,0.0,0.0,0.2122905027932961,59.00756097560976,1,0,0,0,1,0,0,0,1,0,0,3,1,2,1,1,1
899271,1,34337.0,9035.67,0,0,346.0,1,2018,1,4,0.0,0.0,0.0,0.0,999.0,0.0,0.0,0.0,0.0,0.0,0.0,0.0,0.0,0.0,0.0,0.0,0.0,0.0,0.0,0.0,0.0,0.0,0.0,0.0,0.0,0.0,0.0,0.0,0.0,0.0,0.0,0.0,0.0,0.2122905027932961,59.00756097560976,0,0,1,1,0,0,0,0,0,1,0,3,1,2,1,1,1
899543,0,94242.0,8595.98,0,0,885.0,1,2017,5,2,0.0,0.0,0.0,0.0,999.0,0.0,0.0,0.0,0.0,0.0,0.0,0.0,0.0,0.0,0.0,0.0,0.0,0.0,0.0,0.0,0.0,0.0,0.0,0.0,0.0,0.0,0.0,0.0,0.0,0.0,0.0,0.0,0.0,0.2122905027932961,59.00756097560976,0,0,1,1,0,0,0,0,0,1,0,3,1,2,1,1,1
899734,1,42800.0,6102.31,0,0,245.0,1,2019,3,1,0.0,0.0,0.0,0.0,999.0,0.0,0.0,0.0,0.0,0.0,0.0,0.0,0.0,0.0,0.0,0.0,0.0,0.0,0.0,0.0,0.0,0.0,0.0,0.0,0.0,0.0,0.0,0.0,0.0,0.0,0.0,0.0,0.0,0.0,59.00756097560976,0,1,0,1,0,0,0,0,0,1,0,3,1,2,1,1,1
900331,1,72421.0,2592.44,0,0,243.0,1,2017,8,4,0.0,0.0,0.0,0.0,999.0,0.0,0.0,0.0,0.0,0.0,0.0,0.0,0.0,0.0,0.0,0.0,0.0,0.0,0.0,0.0,0.0,0.0,0.0,0.0,0.0,0.0,0.0,0.0,0.0,0.0,0.0,0.0,0.0,0.2122905027932961,59.00756097560976,0,0,1,1,0,0,0,0,0,1,0,3,1,2,1,1,1
900977,0,11904.0,4254.62,0,0,243.0,1,2018,12,4,0.0,0.0,0.0,0.0,999.0,0.0,0.0,0.0,0.0,0.0,0.0,0.0,0.0,0.0,0.0,0.0,0.0,0.0,0.0,0.0,0.0,0.0,0.0,0.0,0.0,0.0,0.0,0.0,0.0,0.0,0.0,0.0,0.0,0.2122905027932961,59.00756097560976,0,0,1,0,0,1,0,0,0,0,1,3,1,2,1,1,1
901478,0,48567.0,5015.01,0,0,8.0,0,2021,12,1,0.0,0.0,0.0,0.0,999.0,0.0,0.0,0.0,0.0,0.0,0.0,0.0,0.0,0.0,0.0,0.0,0.0,0.0,0.0,0.0,0.0,0.0,0.0,0.0,0.0,0.0,0.0,0.0,0.0,0.0,0.0,0.0,0.0,0.0,59.00756097560976,0,1,0,1,0,0,0,0,0,0,1,3,1,2,1,1,1
901582,0,95697.0,8564.77,0,0,2342.0,0,2015,8,4,0.0,0.0,0.0,0.0,999.0,0.0,0.0,0.0,0.0,0.0,0.0,0.0,0.0,0.0,0.0,0.0,0.0,0.0,0.0,0.0,0.0,0.0,0.0,0.0,0.0,0.0,0.0,0.0,0.0,0.0,0.0,0.0,0.0,0.2122905027932961,59.00756097560976,1,0,0,1,0,0,0,0,0,1,0,3,1,2,1,1,1
902200,1,68211.0,28119.29,0,0,963.0,1,2016,8,4,0.0,0.0,0.0,0.0,999.0,0.0,0.0,0.0,0.0,0.0,0.0,0.0,0.0,0.0,0.0,0.0,0.0,0.0,0.0,0.0,0.0,0.0,0.0,0.0,0.0,0.0,0.0,0.0,0.0,0.0,0.0,0.0,0.0,0.2122905027932961,59.00756097560976,0,0,1,1,0,0,0,0,0,1,0,3,1,2,1,1,1
902833,0,77857.0,5155.53,0,0,79.0,1,2018,1,4,0.0,0.0,0.0,0.0,999.0,0.0,0.0,0.0,0.0,0.0,0.0,0.0,0.0,0.0,0.0,0.0,0.0,0.0,0.0,0.0,0.0,0.0,0.0,0.0,0.0,0.0,0.0,0.0,0.0,0.0,0.0,0.0,0.0,0.2122905027932961,59.00756097560976,0,1,0,1,0,0,0,0,0,1,0,3,1,2,1,1,1
902993,1,58843.0,8018.5,0,0,15.0,1,2018,2,6,0.0,0.0,0.0,0.0,999.0,0.0,0.0,0.0,0.0,0.0,0.0,0.0,0.0,0.0,0.0,0.0,0.0,0.0,0.0,0.0,0.0,0.0,0.0,0.0,0.0,0.0,0.0,0.0,0.0,0.0,0.0,0.0,0.0,0.2122905027932961,59.00756097560976,0,1,0,1,0,0,0,0,0,0,1,3,1,2,1,1,1
904317,1,94846.0,5918.33,0,0,242.0,1,2018,11,2,0.0,0.0,0.0,0.0,999.0,0.0,0.0,0.0,0.0,0.0,0.0,0.0,0.0,0.0,0.0,0.0,0.0,0.0,0.0,0.0,0.0,0.0,0.0,0.0,0.0,0.0,0.0,0.0,0.0,0.0,0.0,0.0,0.0,0.2122905027932961,59.00756097560976,1,0,0,1,0,0,0,0,0,1,0,3,1,2,1,1,1
904410,0,0.0,8415.64,0,0,55.0,0,2021,11,2,0.0,0.0,0.0,0.0,999.0,0.0,0.0,0.0,0.0,0.0,0.0,0.0,0.0,0.0,0.0,0.0,0.0,0.0,0.0,0.0,0.0,0.0,0.0,0.0,0.0,0.0,0.0,0.0,0.0,0.0,0.0,0.0,0.0,0.0,59.00756097560976,0,1,0,0,1,0,0,0,0,0,1,3,1,2,1,1,1
905161,0,70503.0,19393.21,0,0,67.0,0,2021,10,5,0.0,0.0,0.0,0.0,999.0,0.0,0.0,0.0,0.0,0.0,0.0,0.0,0.0,0.0,0.0,0.0,0.0,0.0,0.0,0.0,0.0,0.0,0.0,0.0,0.0,0.0,0.0,0.0,0.0,0.0,0.0,0.0,0.0,0.0,59.00756097560976,1,0,0,1,0,0,0,0,1,0,0,3,1,2,1,1,1
905288,1,79719.0,5714.23,0,0,210.0,0,2021,6,1,0.0,0.0,0.0,0.0,999.0,0.0,0.0,0.0,0.0,0.0,0.0,0.0,0.0,0.0,0.0,0.0,0.0,0.0,0.0,0.0,0.0,0.0,0.0,0.0,0.0,0.0,0.0,0.0,0.0,0.0,0.0,0.0,0.0,0.0,59.00756097560976,0,1,0,1,0,0,0,0,0,0,1,3,1,2,1,1,1
905497,0,0.0,5161.79,0,0,2382.0,0,2015,6,5,0.0,0.0,0.0,0.0,999.0,0.0,0.0,0.0,0.0,0.0,0.0,0.0,0.0,0.0,0.0,0.0,0.0,0.0,0.0,0.0,0.0,0.0,0.0,0.0,0.0,0.0,0.0,0.0,0.0,0.0,0.0,0.0,0.0,0.2122905027932961,59.00756097560976,1,0,0,0,1,0,0,0,0,1,0,3,1,2,1,1,1
906884,0,89284.0,7920.11,0,0,1.0,0,2021,12,5,0.0,0.0,0.0,0.0,999.0,0.0,0.0,0.0,0.0,0.0,0.0,0.0,0.0,0.0,0.0,0.0,0.0,0.0,0.0,0.0,0.0,0.0,0.0,0.0,0.0,0.0,0.0,0.0,0.0,0.0,0.0,0.0,0.0,0.0,59.00756097560976,0,0,1,1,0,0,0,0,0,1,0,3,1,2,1,1,1
907945,1,0.0,16152.9,0,0,243.0,1,2017,12,1,0.0,0.0,0.0,0.0,999.0,0.0,0.0,0.0,0.0,0.0,0.0,0.0,0.0,0.0,0.0,0.0,0.0,0.0,0.0,0.0,0.0,0.0,0.0,0.0,0.0,0.0,0.0,0.0,0.0,0.0,0.0,0.0,0.0,0.2122905027932961,59.00756097560976,1,0,0,0,1,0,0,0,1,0,0,3,1,2,1,1,1
908201,0,75685.0,2927.07,0,0,49.0,0,2021,11,2,0.0,0.0,0.0,0.0,999.0,0.0,0.0,0.0,0.0,0.0,0.0,0.0,0.0,0.0,0.0,0.0,0.0,0.0,0.0,0.0,0.0,0.0,0.0,0.0,0.0,0.0,0.0,0.0,0.0,0.0,0.0,0.0,0.0,0.0,59.00756097560976,0,0,1,1,0,0,0,0,0,1,0,3,1,2,1,1,1
908248,1,12607.0,12516.92,0,0,244.0,1,2018,4,3,0.0,0.0,0.0,0.0,999.0,0.0,0.0,0.0,0.0,0.0,0.0,0.0,0.0,0.0,0.0,0.0,0.0,0.0,0.0,0.0,0.0,0.0,0.0,0.0,0.0,0.0,0.0,0.0,0.0,0.0,0.0,0.0,0.0,0.2122905027932961,59.00756097560976,0,0,1,0,0,0,1,0,0,1,0,3,1,2,1,1,1
908994,0,79027.0,5511.49,0,0,243.0,1,2018,1,5,0.0,0.0,0.0,0.0,999.0,0.0,0.0,0.0,0.0,0.0,0.0,0.0,0.0,0.0,0.0,0.0,0.0,0.0,0.0,0.0,0.0,0.0,0.0,0.0,0.0,0.0,0.0,0.0,0.0,0.0,0.0,0.0,0.0,0.2122905027932961,59.00756097560976,0,1,0,1,0,0,0,0,0,0,1,3,1,2,1,1,1
909854,0,0.0,4838.98,0,0,243.0,1,2019,1,5,0.0,0.0,0.0,0.0,999.0,0.0,0.0,0.0,0.0,0.0,0.0,0.0,0.0,0.0,0.0,0.0,0.0,0.0,0.0,0.0,0.0,0.0,0.0,0.0,0.0,0.0,0.0,0.0,0.0,0.0,0.0,0.0,0.0,0.0,59.00756097560976,0,0,1,0,1,0,0,0,1,0,0,3,1,2,1,1,1
910028,0,74606.0,5334.78,0,0,2335.0,0,2015,8,2,0.0,0.0,0.0,0.0,999.0,0.0,0.0,0.0,0.0,0.0,0.0,0.0,0.0,0.0,0.0,0.0,0.0,0.0,0.0,0.0,0.0,0.0,0.0,0.0,0.0,0.0,0.0,0.0,0.0,0.0,0.0,0.0,0.0,0.2122905027932961,59.00756097560976,0,1,0,1,0,0,0,0,1,0,0,3,1,2,1,1,1
910092,0,72421.0,2592.44,0,0,165.0,1,2016,11,5,0.0,0.0,0.0,0.0,999.0,0.0,0.0,0.0,0.0,0.0,0.0,0.0,0.0,0.0,0.0,0.0,0.0,0.0,0.0,0.0,0.0,0.0,0.0,0.0,0.0,0.0,0.0,0.0,0.0,0.0,0.0,0.0,0.0,0.2122905027932961,59.00756097560976,0,0,1,1,0,0,0,0,0,1,0,3,1,2,1,1,1
910373,1,32808.0,2688.86,0,0,937.0,1,2016,11,1,0.0,0.0,0.0,0.0,999.0,0.0,0.0,0.0,0.0,0.0,0.0,0.0,0.0,0.0,0.0,0.0,0.0,0.0,0.0,0.0,0.0,0.0,0.0,0.0,0.0,0.0,0.0,0.0,0.0,0.0,0.0,0.0,0.0,0.2122905027932961,59.00756097560976,0,0,1,1,0,0,0,0,0,1,0,3,1,2,1,1,1
912220,1,20079.0,4097.37,0,0,243.0,1,2016,8,2,0.0,0.0,0.0,0.0,999.0,0.0,0.0,0.0,0.0,0.0,0.0,0.0,0.0,0.0,0.0,0.0,0.0,0.0,0.0,0.0,0.0,0.0,0.0,0.0,0.0,0.0,0.0,0.0,0.0,0.0,0.0,0.0,0.0,0.2122905027932961,59.00756097560976,0,0,1,0,0,0,1,0,0,0,1,3,1,2,1,1,1
912984,0,20228.0,10408.97,0,0,313.0,1,2016,9,2,0.0,0.0,0.0,0.0,999.0,0.0,0.0,0.0,0.0,0.0,0.0,0.0,0.0,0.0,0.0,0.0,0.0,0.0,0.0,0.0,0.0,0.0,0.0,0.0,0.0,0.0,0.0,0.0,0.0,0.0,0.0,0.0,0.0,0.2122905027932961,59.00756097560976,1,0,0,0,0,0,0,1,1,0,0,3,1,2,1,1,1
913809,0,26242.0,2926.83,0,0,242.0,1,2017,2,4,0.0,0.0,0.0,0.0,999.0,0.0,0.0,0.0,0.0,0.0,0.0,0.0,0.0,0.0,0.0,0.0,0.0,0.0,0.0,0.0,0.0,0.0,0.0,0.0,0.0,0.0,0.0,0.0,0.0,0.0,0.0,0.0,0.0,0.2122905027932961,59.00756097560976,0,1,0,1,0,0,0,0,0,1,0,3,1,2,1,1,1
914255,1,0.0,4217.86,0,0,242.0,1,2018,11,1,0.0,0.0,0.0,0.0,999.0,0.0,0.0,0.0,0.0,0.0,0.0,0.0,0.0,0.0,0.0,0.0,0.0,0.0,0.0,0.0,0.0,0.0,0.0,0.0,0.0,0.0,0.0,0.0,0.0,0.0,0.0,0.0,0.0,0.2122905027932961,59.00756097560976,0,0,1,0,1,0,0,0,0,0,1,3,1,2,1,1,1
914514,0,98338.0,2617.18,0,0,866.0,1,2016,4,2,0.0,0.0,0.0,0.0,999.0,0.0,0.0,0.0,0.0,0.0,0.0,0.0,0.0,0.0,0.0,0.0,0.0,0.0,0.0,0.0,0.0,0.0,0.0,0.0,0.0,0.0,0.0,0.0,0.0,0.0,0.0,0.0,0.0,0.2122905027932961,59.00756097560976,0,0,1,1,0,0,0,0,0,0,1,3,1,2,1,1,1
914920,0,0.0,6811.58,0,0,243.0,1,2016,12,3,0.0,0.0,0.0,0.0,999.0,0.0,0.0,0.0,0.0,0.0,0.0,0.0,0.0,0.0,0.0,0.0,0.0,0.0,0.0,0.0,0.0,0.0,0.0,0.0,0.0,0.0,0.0,0.0,0.0,0.0,0.0,0.0,0.0,0.2122905027932961,59.00756097560976,0,0,1,0,1,0,0,0,1,0,0,3,1,2,1,1,1
914959,0,43406.0,7457.34,0,0,30.0,1,2021,10,3,0.0,0.0,0.0,0.0,999.0,0.0,0.0,0.0,0.0,0.0,0.0,0.0,0.0,0.0,0.0,0.0,0.0,0.0,0.0,0.0,0.0,0.0,0.0,0.0,0.0,0.0,0.0,0.0,0.0,0.0,0.0,0.0,0.0,0.0,59.00756097560976,1,0,0,1,0,0,0,0,0,1,0,3,1,2,1,1,1
915009,0,0.0,27287.5,0,0,352.0,1,2016,7,2,0.0,0.0,0.0,0.0,999.0,0.0,0.0,0.0,0.0,0.0,0.0,0.0,0.0,0.0,0.0,0.0,0.0,0.0,0.0,0.0,0.0,0.0,0.0,0.0,0.0,0.0,0.0,0.0,0.0,0.0,0.0,0.0,0.0,0.2122905027932961,59.00756097560976,1,0,0,0,1,0,0,0,0,0,1,3,1,2,1,1,1
915164,0,33317.0,5643.72,0,0,242.0,1,2018,9,1,0.0,0.0,0.0,0.0,999.0,0.0,0.0,0.0,0.0,0.0,0.0,0.0,0.0,0.0,0.0,0.0,0.0,0.0,0.0,0.0,0.0,0.0,0.0,0.0,0.0,0.0,0.0,0.0,0.0,0.0,0.0,0.0,0.0,0.2122905027932961,59.00756097560976,0,1,0,1,0,0,0,0,0,1,0,3,1,2,1,1,1
915927,1,77563.0,5821.68,0,0,245.0,1,2018,3,1,0.0,0.0,0.0,0.0,999.0,0.0,0.0,0.0,0.0,0.0,0.0,0.0,0.0,0.0,0.0,0.0,0.0,0.0,0.0,0.0,0.0,0.0,0.0,0.0,0.0,0.0,0.0,0.0,0.0,0.0,0.0,0.0,0.0,0.2122905027932961,59.00756097560976,1,0,0,1,0,0,0,0,0,1,0,3,1,2,1,1,1
916003,1,67760.0,5947.22,0,0,190.0,0,2021,6,2,0.0,0.0,0.0,0.0,999.0,0.0,0.0,0.0,0.0,0.0,0.0,0.0,0.0,0.0,0.0,0.0,0.0,0.0,0.0,0.0,0.0,0.0,0.0,0.0,0.0,0.0,0.0,0.0,0.0,0.0,0.0,0.0,0.0,0.0,59.00756097560976,0,1,0,1,0,0,0,0,0,1,0,3,1,2,1,1,1
918350,1,18017.0,8583.27,0,0,2406.0,0,2015,5,2,0.0,0.0,0.0,0.0,999.0,0.0,0.0,0.0,0.0,0.0,0.0,0.0,0.0,0.0,0.0,0.0,0.0,0.0,0.0,0.0,0.0,0.0,0.0,0.0,0.0,0.0,0.0,0.0,0.0,0.0,0.0,0.0,0.0,0.2122905027932961,59.00756097560976,0,1,0,0,0,1,0,0,1,0,0,3,1,2,1,1,1
918404,0,70974.0,2870.0,0,0,245.0,1,2016,6,2,0.0,0.0,0.0,0.0,999.0,0.0,0.0,0.0,0.0,0.0,0.0,0.0,0.0,0.0,0.0,0.0,0.0,0.0,0.0,0.0,0.0,0.0,0.0,0.0,0.0,0.0,0.0,0.0,0.0,0.0,0.0,0.0,0.0,0.2122905027932961,59.00756097560976,0,0,1,1,0,0,0,0,0,1,0,3,1,2,1,1,1
919463,1,51725.0,16515.01,1,0,246.0,0,2021,4,1,0.0,0.0,0.0,0.0,999.0,0.0,0.0,0.0,0.0,0.0,0.0,0.0,0.0,0.0,0.0,0.0,0.0,0.0,0.0,0.0,0.0,0.0,0.0,0.0,0.0,0.0,0.0,0.0,0.0,0.0,0.0,0.0,0.0,0.0,59.00756097560976,0,0,1,1,0,0,0,0,0,1,0,3,1,2,1,1,1
920068,0,0.0,11972.78,0,0,242.0,1,2018,9,4,0.0,0.0,0.0,0.0,999.0,0.0,0.0,0.0,0.0,0.0,0.0,0.0,0.0,0.0,0.0,0.0,0.0,0.0,0.0,0.0,0.0,0.0,0.0,0.0,0.0,0.0,0.0,0.0,0.0,0.0,0.0,0.0,0.0,0.2122905027932961,59.00756097560976,0,1,0,0,1,0,0,0,0,0,1,3,1,2,1,1,1
920102,0,25965.0,2491.26,0,0,26.0,0,2021,12,2,0.0,0.0,0.0,0.0,999.0,0.0,0.0,0.0,0.0,0.0,0.0,0.0,0.0,0.0,0.0,0.0,0.0,0.0,0.0,0.0,0.0,0.0,0.0,0.0,0.0,0.0,0.0,0.0,0.0,0.0,0.0,0.0,0.0,0.0,59.00756097560976,0,0,1,0,0,0,1,0,1,0,0,3,1,2,1,1,1
921410,1,48784.0,7715.1,0,0,103.0,1,2017,3,2,0.0,0.0,0.0,0.0,999.0,0.0,0.0,0.0,0.0,0.0,0.0,0.0,0.0,0.0,0.0,0.0,0.0,0.0,0.0,0.0,0.0,0.0,0.0,0.0,0.0,0.0,0.0,0.0,0.0,0.0,0.0,0.0,0.0,0.2122905027932961,59.00756097560976,0,0,1,1,0,0,0,0,0,1,0,3,1,2,1,1,1
921903,1,22978.0,14941.9,0,0,17.0,0,2021,12,4,0.0,0.0,0.0,0.0,999.0,0.0,0.0,0.0,0.0,0.0,0.0,0.0,0.0,0.0,0.0,0.0,0.0,0.0,0.0,0.0,0.0,0.0,0.0,0.0,0.0,0.0,0.0,0.0,0.0,0.0,0.0,0.0,0.0,0.0,59.00756097560976,0,1,0,0,0,1,0,0,0,1,0,3,1,2,1,1,1
922665,1,67414.0,5424.26,0,0,194.0,1,2018,11,4,0.0,0.0,0.0,0.0,999.0,0.0,0.0,0.0,0.0,0.0,0.0,0.0,0.0,0.0,0.0,0.0,0.0,0.0,0.0,0.0,0.0,0.0,0.0,0.0,0.0,0.0,0.0,0.0,0.0,0.0,0.0,0.0,0.0,0.2122905027932961,59.00756097560976,1,0,0,1,0,0,0,0,0,1,0,3,1,2,1,1,1
923766,1,64460.0,5343.12,0,0,10.0,0,2021,12,5,0.0,0.0,0.0,0.0,999.0,0.0,0.0,0.0,0.0,0.0,0.0,0.0,0.0,0.0,0.0,0.0,0.0,0.0,0.0,0.0,0.0,0.0,0.0,0.0,0.0,0.0,0.0,0.0,0.0,0.0,0.0,0.0,0.0,0.0,59.00756097560976,0,1,0,1,0,0,0,0,0,1,0,3,1,2,1,1,1
924736,0,23604.0,4804.51,0,0,29.0,0,2021,12,2,0.0,0.0,0.0,0.0,999.0,0.0,0.0,0.0,0.0,0.0,0.0,0.0,0.0,0.0,0.0,0.0,0.0,0.0,0.0,0.0,0.0,0.0,0.0,0.0,0.0,0.0,0.0,0.0,0.0,0.0,0.0,0.0,0.0,0.0,59.00756097560976,0,1,0,0,0,1,0,0,0,1,0,3,1,2,1,1,1
924796,1,0.0,9022.08,0,0,245.0,1,2018,3,1,0.0,0.0,0.0,0.0,999.0,0.0,0.0,0.0,0.0,0.0,0.0,0.0,0.0,0.0,0.0,0.0,0.0,0.0,0.0,0.0,0.0,0.0,0.0,0.0,0.0,0.0,0.0,0.0,0.0,0.0,0.0,0.0,0.0,0.2122905027932961,59.00756097560976,1,0,0,0,1,0,0,0,0,0,1,3,1,2,1,1,1
926531,1,66841.0,2425.49,0,0,16.0,0,2021,12,1,0.0,0.0,0.0,0.0,999.0,0.0,0.0,0.0,0.0,0.0,0.0,0.0,0.0,0.0,0.0,0.0,0.0,0.0,0.0,0.0,0.0,0.0,0.0,0.0,0.0,0.0,0.0,0.0,0.0,0.0,0.0,0.0,0.0,0.0,59.00756097560976,0,0,1,1,0,0,0,0,1,0,0,3,1,2,1,1,1
927165,0,26628.0,6656.15,0,0,27.0,0,2021,12,0,0.0,0.0,0.0,0.0,999.0,0.0,0.0,0.0,0.0,0.0,0.0,0.0,0.0,0.0,0.0,0.0,0.0,0.0,0.0,0.0,0.0,0.0,0.0,0.0,0.0,0.0,0.0,0.0,0.0,0.0,0.0,0.0,0.0,0.0,59.00756097560976,1,0,0,0,0,1,0,0,0,1,0,3,1,2,1,1,1
927559,0,78310.0,3056.99,0,0,242.0,1,2018,11,4,0.0,0.0,0.0,0.0,999.0,0.0,0.0,0.0,0.0,0.0,0.0,0.0,0.0,0.0,0.0,0.0,0.0,0.0,0.0,0.0,0.0,0.0,0.0,0.0,0.0,0.0,0.0,0.0,0.0,0.0,0.0,0.0,0.0,0.2122905027932961,59.00756097560976,0,1,0,1,0,0,0,0,0,1,0,3,1,2,1,1,1
928188,1,49480.0,5490.78,0,0,2264.0,0,2015,10,4,0.0,0.0,0.0,0.0,999.0,0.0,0.0,0.0,0.0,0.0,0.0,0.0,0.0,0.0,0.0,0.0,0.0,0.0,0.0,0.0,0.0,0.0,0.0,0.0,0.0,0.0,0.0,0.0,0.0,0.0,0.0,0.0,0.0,0.2122905027932961,59.00756097560976,0,1,0,1,0,0,0,0,0,1,0,3,1,2,1,1,1
929231,0,28646.0,2393.04,0,0,242.0,1,2017,2,4,0.0,0.0,0.0,0.0,999.0,0.0,0.0,0.0,0.0,0.0,0.0,0.0,0.0,0.0,0.0,0.0,0.0,0.0,0.0,0.0,0.0,0.0,0.0,0.0,0.0,0.0,0.0,0.0,0.0,0.0,0.0,0.0,0.0,0.2122905027932961,59.00756097560976,0,0,1,0,0,0,1,0,0,1,0,3,1,2,1,1,1
930041,0,10375.0,7590.05,0,0,1212.0,1,2016,8,3,0.0,0.0,0.0,0.0,999.0,0.0,0.0,0.0,0.0,0.0,0.0,0.0,0.0,0.0,0.0,0.0,0.0,0.0,0.0,0.0,0.0,0.0,0.0,0.0,0.0,0.0,0.0,0.0,0.0,0.0,0.0,0.0,0.0,0.2122905027932961,59.00756097560976,0,0,1,0,0,1,0,0,0,1,0,3,1,2,1,1,1
930337,0,45754.0,2685.74,0,0,14.0,0,2021,12,0,0.0,0.0,0.0,0.0,999.0,0.0,0.0,0.0,0.0,0.0,0.0,0.0,0.0,0.0,0.0,0.0,0.0,0.0,0.0,0.0,0.0,0.0,0.0,0.0,0.0,0.0,0.0,0.0,0.0,0.0,0.0,0.0,0.0,0.0,59.00756097560976,0,0,1,1,0,0,0,0,1,0,0,3,1,2,1,1,1
930887,0,66707.0,4887.34,0,0,1.0,0,2021,12,1,0.0,0.0,0.0,0.0,999.0,0.0,0.0,0.0,0.0,0.0,0.0,0.0,0.0,0.0,0.0,0.0,0.0,0.0,0.0,0.0,0.0,0.0,0.0,0.0,0.0,0.0,0.0,0.0,0.0,0.0,0.0,0.0,0.0,0.0,59.00756097560976,0,1,0,1,0,0,0,0,0,1,0,3,1,2,1,1,1
931170,1,32356.0,13452.19,0,0,2335.0,0,2015,8,0,0.0,0.0,0.0,0.0,999.0,0.0,0.0,0.0,0.0,0.0,0.0,0.0,0.0,0.0,0.0,0.0,0.0,0.0,0.0,0.0,0.0,0.0,0.0,0.0,0.0,0.0,0.0,0.0,0.0,0.0,0.0,0.0,0.0,0.2122905027932961,59.00756097560976,0,0,1,1,0,0,0,0,0,1,0,3,1,2,1,1,1
931238,1,58779.0,7405.27,0,0,6.0,0,2021,12,2,0.0,0.0,0.0,0.0,999.0,0.0,0.0,0.0,0.0,0.0,0.0,0.0,0.0,0.0,0.0,0.0,0.0,0.0,0.0,0.0,0.0,0.0,0.0,0.0,0.0,0.0,0.0,0.0,0.0,0.0,0.0,0.0,0.0,0.0,59.00756097560976,0,1,0,1,0,0,0,0,0,0,1,3,1,2,1,1,1
931701,0,25561.0,19357.8,0,0,243.0,1,2018,7,0,0.0,0.0,0.0,0.0,999.0,0.0,0.0,0.0,0.0,0.0,0.0,0.0,0.0,0.0,0.0,0.0,0.0,0.0,0.0,0.0,0.0,0.0,0.0,0.0,0.0,0.0,0.0,0.0,0.0,0.0,0.0,0.0,0.0,0.2122905027932961,59.00756097560976,0,1,0,1,0,0,0,0,0,1,0,3,1,2,1,1,1
931828,0,0.0,7844.25,0,0,532.0,1,2018,3,1,0.0,0.0,0.0,0.0,999.0,0.0,0.0,0.0,0.0,0.0,0.0,0.0,0.0,0.0,0.0,0.0,0.0,0.0,0.0,0.0,0.0,0.0,0.0,0.0,0.0,0.0,0.0,0.0,0.0,0.0,0.0,0.0,0.0,0.2122905027932961,59.00756097560976,0,1,0,0,1,0,0,0,0,1,0,3,1,2,1,1,1
931834,1,48696.0,5338.53,0,0,2236.0,0,2015,11,0,0.0,0.0,0.0,0.0,999.0,0.0,0.0,0.0,0.0,0.0,0.0,0.0,0.0,0.0,0.0,0.0,0.0,0.0,0.0,0.0,0.0,0.0,0.0,0.0,0.0,0.0,0.0,0.0,0.0,0.0,0.0,0.0,0.0,0.2122905027932961,59.00756097560976,0,0,1,1,0,0,0,0,0,1,0,3,1,2,1,1,1
932100,1,33288.0,6756.65,0,0,517.0,1,2016,12,5,0.0,0.0,0.0,0.0,999.0,0.0,0.0,0.0,0.0,0.0,0.0,0.0,0.0,0.0,0.0,0.0,0.0,0.0,0.0,0.0,0.0,0.0,0.0,0.0,0.0,0.0,0.0,0.0,0.0,0.0,0.0,0.0,0.0,0.2122905027932961,59.00756097560976,0,1,0,1,0,0,0,0,0,1,0,3,1,2,1,1,1
932261,0,16121.0,7099.57,0,0,242.0,1,2018,2,1,0.0,0.0,0.0,0.0,999.0,0.0,0.0,0.0,0.0,0.0,0.0,0.0,0.0,0.0,0.0,0.0,0.0,0.0,0.0,0.0,0.0,0.0,0.0,0.0,0.0,0.0,0.0,0.0,0.0,0.0,0.0,0.0,0.0,0.2122905027932961,59.00756097560976,0,0,1,0,0,1,0,0,0,1,0,3,1,2,1,1,1
932323,1,0.0,2466.58,0,0,243.0,1,2018,8,4,0.0,0.0,0.0,0.0,999.0,0.0,0.0,0.0,0.0,0.0,0.0,0.0,0.0,0.0,0.0,0.0,0.0,0.0,0.0,0.0,0.0,0.0,0.0,0.0,0.0,0.0,0.0,0.0,0.0,0.0,0.0,0.0,0.0,0.2122905027932961,59.00756097560976,0,0,1,0,1,0,0,0,0,0,1,3,1,2,1,1,1
934150,1,63110.0,8590.33,0,0,243.0,1,2016,10,1,0.0,0.0,0.0,0.0,999.0,0.0,0.0,0.0,0.0,0.0,0.0,0.0,0.0,0.0,0.0,0.0,0.0,0.0,0.0,0.0,0.0,0.0,0.0,0.0,0.0,0.0,0.0,0.0,0.0,0.0,0.0,0.0,0.0,0.2122905027932961,59.00756097560976,0,1,0,1,0,0,0,0,0,1,0,3,1,2,1,1,1
934577,1,21385.0,4953.09,0,0,242.0,1,2017,11,2,0.0,0.0,0.0,0.0,999.0,0.0,0.0,0.0,0.0,0.0,0.0,0.0,0.0,0.0,0.0,0.0,0.0,0.0,0.0,0.0,0.0,0.0,0.0,0.0,0.0,0.0,0.0,0.0,0.0,0.0,0.0,0.0,0.0,0.2122905027932961,59.00756097560976,0,1,0,1,0,0,0,0,1,0,0,3,1,2,1,1,1
935665,1,42780.0,31221.75,0,0,2367.0,0,2015,7,1,0.0,0.0,0.0,0.0,999.0,0.0,0.0,0.0,0.0,0.0,0.0,0.0,0.0,0.0,0.0,0.0,0.0,0.0,0.0,0.0,0.0,0.0,0.0,0.0,0.0,0.0,0.0,0.0,0.0,0.0,0.0,0.0,0.0,0.2122905027932961,59.00756097560976,0,0,1,1,0,0,0,0,1,0,0,3,1,2,1,1,1
935836,1,68074.0,2582.19,0,0,243.0,1,2019,1,5,0.0,0.0,0.0,0.0,999.0,0.0,0.0,0.0,0.0,0.0,0.0,0.0,0.0,0.0,0.0,0.0,0.0,0.0,0.0,0.0,0.0,0.0,0.0,0.0,0.0,0.0,0.0,0.0,0.0,0.0,0.0,0.0,0.0,0.0,59.00756097560976,0,0,1,1,0,0,0,0,0,1,0,3,1,2,1,1,1
936044,0,35095.0,16979.8,0,0,139.0,1,2016,10,0,0.0,0.0,0.0,0.0,999.0,0.0,0.0,0.0,0.0,0.0,0.0,0.0,0.0,0.0,0.0,0.0,0.0,0.0,0.0,0.0,0.0,0.0,0.0,0.0,0.0,0.0,0.0,0.0,0.0,0.0,0.0,0.0,0.0,0.2122905027932961,59.00756097560976,0,1,0,1,0,0,0,0,1,0,0,3,1,2,1,1,1
936232,0,46922.0,5092.79,0,0,242.0,1,2018,2,2,0.0,0.0,0.0,0.0,999.0,0.0,0.0,0.0,0.0,0.0,0.0,0.0,0.0,0.0,0.0,0.0,0.0,0.0,0.0,0.0,0.0,0.0,0.0,0.0,0.0,0.0,0.0,0.0,0.0,0.0,0.0,0.0,0.0,0.2122905027932961,59.00756097560976,0,0,1,1,0,0,0,0,0,1,0,3,1,2,1,1,1
936860,1,0.0,6277.01,0,0,170.0,1,2018,11,1,0.0,0.0,0.0,0.0,999.0,0.0,0.0,0.0,0.0,0.0,0.0,0.0,0.0,0.0,0.0,0.0,0.0,0.0,0.0,0.0,0.0,0.0,0.0,0.0,0.0,0.0,0.0,0.0,0.0,0.0,0.0,0.0,0.0,0.2122905027932961,59.00756097560976,0,1,0,0,1,0,0,0,0,0,1,3,1,2,1,1,1
937254,1,81081.0,11546.17,0,0,126.0,1,2017,2,0,0.0,0.0,0.0,0.0,999.0,0.0,0.0,0.0,0.0,0.0,0.0,0.0,0.0,0.0,0.0,0.0,0.0,0.0,0.0,0.0,0.0,0.0,0.0,0.0,0.0,0.0,0.0,0.0,0.0,0.0,0.0,0.0,0.0,0.2122905027932961,59.00756097560976,1,0,0,1,0,0,0,0,0,1,0,3,1,2,1,1,1
938126,1,0.0,8229.24,0,0,242.0,1,2017,2,4,0.0,0.0,0.0,0.0,999.0,0.0,0.0,0.0,0.0,0.0,0.0,0.0,0.0,0.0,0.0,0.0,0.0,0.0,0.0,0.0,0.0,0.0,0.0,0.0,0.0,0.0,0.0,0.0,0.0,0.0,0.0,0.0,0.0,0.2122905027932961,59.00756097560976,0,0,1,0,1,0,0,0,0,1,0,3,1,2,1,1,1
938830,1,61568.0,7430.35,0,0,243.0,1,2019,1,4,0.0,0.0,0.0,0.0,999.0,0.0,0.0,0.0,0.0,0.0,0.0,0.0,0.0,0.0,0.0,0.0,0.0,0.0,0.0,0.0,0.0,0.0,0.0,0.0,0.0,0.0,0.0,0.0,0.0,0.0,0.0,0.0,0.0,0.0,59.00756097560976,1,0,0,1,0,0,0,0,0,1,0,3,1,2,1,1,1
939074,1,20978.0,3508.57,0,0,552.0,1,2016,10,2,0.0,0.0,0.0,0.0,999.0,0.0,0.0,0.0,0.0,0.0,0.0,0.0,0.0,0.0,0.0,0.0,0.0,0.0,0.0,0.0,0.0,0.0,0.0,0.0,0.0,0.0,0.0,0.0,0.0,0.0,0.0,0.0,0.0,0.2122905027932961,59.00756097560976,0,1,0,0,0,0,1,0,0,1,0,3,1,2,1,1,1
939204,1,89771.0,2688.86,0,0,242.0,1,2017,11,4,0.0,0.0,0.0,0.0,999.0,0.0,0.0,0.0,0.0,0.0,0.0,0.0,0.0,0.0,0.0,0.0,0.0,0.0,0.0,0.0,0.0,0.0,0.0,0.0,0.0,0.0,0.0,0.0,0.0,0.0,0.0,0.0,0.0,0.2122905027932961,59.00756097560976,0,0,1,1,0,0,0,0,0,1,0,3,1,2,1,1,1
939333,0,28095.0,6403.58,0,0,7.0,0,2021,12,2,0.0,0.0,0.0,0.0,999.0,0.0,0.0,0.0,0.0,0.0,0.0,0.0,0.0,0.0,0.0,0.0,0.0,0.0,0.0,0.0,0.0,0.0,0.0,0.0,0.0,0.0,0.0,0.0,0.0,0.0,0.0,0.0,0.0,0.0,59.00756097560976,0,1,0,1,0,0,0,0,0,1,0,3,1,2,1,1,1
939474,0,0.0,2594.59,1,1,277.0,0,2021,3,4,0.0,0.0,0.0,0.0,999.0,0.0,0.0,0.0,0.0,0.0,0.0,0.0,0.0,0.0,0.0,0.0,0.0,0.0,0.0,0.0,0.0,0.0,0.0,0.0,0.0,0.0,0.0,0.0,0.0,0.0,0.0,0.0,0.0,0.0,59.00756097560976,0,0,1,0,1,0,0,0,0,1,0,3,1,2,1,1,1
939593,0,0.0,6624.61,0,0,15.0,1,2016,9,5,0.0,0.0,0.0,0.0,999.0,0.0,0.0,0.0,0.0,0.0,0.0,0.0,0.0,0.0,0.0,0.0,0.0,0.0,0.0,0.0,0.0,0.0,0.0,0.0,0.0,0.0,0.0,0.0,0.0,0.0,0.0,0.0,0.0,0.2122905027932961,59.00756097560976,1,0,0,0,1,0,0,0,0,1,0,3,1,2,1,1,1
939760,1,17343.0,4607.24,0,0,329.0,1,2018,12,1,0.0,0.0,0.0,0.0,999.0,0.0,0.0,0.0,0.0,0.0,0.0,0.0,0.0,0.0,0.0,0.0,0.0,0.0,0.0,0.0,0.0,0.0,0.0,0.0,0.0,0.0,0.0,0.0,0.0,0.0,0.0,0.0,0.0,0.2122905027932961,59.00756097560976,0,1,0,0,0,1,0,0,0,0,1,3,1,2,1,1,1
940523,0,27681.0,6057.07,0,0,927.0,1,2016,4,3,0.0,0.0,0.0,0.0,999.0,0.0,0.0,0.0,0.0,0.0,0.0,0.0,0.0,0.0,0.0,0.0,0.0,0.0,0.0,0.0,0.0,0.0,0.0,0.0,0.0,0.0,0.0,0.0,0.0,0.0,0.0,0.0,0.0,0.2122905027932961,59.00756097560976,0,1,0,0,0,0,0,1,0,1,0,3,1,2,1,1,1
940874,1,0.0,6829.41,0,0,591.0,1,2016,11,3,0.0,0.0,0.0,0.0,999.0,0.0,0.0,0.0,0.0,0.0,0.0,0.0,0.0,0.0,0.0,0.0,0.0,0.0,0.0,0.0,0.0,0.0,0.0,0.0,0.0,0.0,0.0,0.0,0.0,0.0,0.0,0.0,0.0,0.2122905027932961,59.00756097560976,1,0,0,0,1,0,0,0,0,0,1,3,1,2,1,1,1
940901,1,0.0,2921.68,0,0,243.0,1,2018,7,2,0.0,0.0,0.0,0.0,999.0,0.0,0.0,0.0,0.0,0.0,0.0,0.0,0.0,0.0,0.0,0.0,0.0,0.0,0.0,0.0,0.0,0.0,0.0,0.0,0.0,0.0,0.0,0.0,0.0,0.0,0.0,0.0,0.0,0.2122905027932961,59.00756097560976,0,1,0,0,1,0,0,0,0,0,1,3,1,2,1,1,1
942287,0,0.0,5815.05,0,0,934.0,1,2017,1,1,0.0,0.0,0.0,0.0,999.0,0.0,0.0,0.0,0.0,0.0,0.0,0.0,0.0,0.0,0.0,0.0,0.0,0.0,0.0,0.0,0.0,0.0,0.0,0.0,0.0,0.0,0.0,0.0,0.0,0.0,0.0,0.0,0.0,0.2122905027932961,59.00756097560976,0,0,1,0,1,0,0,0,0,1,0,3,1,2,1,1,1
942952,1,0.0,22103.51,0,0,71.0,1,2017,1,4,0.0,0.0,0.0,0.0,999.0,0.0,0.0,0.0,0.0,0.0,0.0,0.0,0.0,0.0,0.0,0.0,0.0,0.0,0.0,0.0,0.0,0.0,0.0,0.0,0.0,0.0,0.0,0.0,0.0,0.0,0.0,0.0,0.0,0.2122905027932961,59.00756097560976,1,0,0,0,1,0,0,0,0,1,0,3,1,2,1,1,1
943056,1,95697.0,2471.53,0,0,243.0,1,2018,12,2,0.0,0.0,0.0,0.0,999.0,0.0,0.0,0.0,0.0,0.0,0.0,0.0,0.0,0.0,0.0,0.0,0.0,0.0,0.0,0.0,0.0,0.0,0.0,0.0,0.0,0.0,0.0,0.0,0.0,0.0,0.0,0.0,0.0,0.2122905027932961,59.00756097560976,0,0,1,1,0,0,0,0,0,1,0,3,1,2,1,1,1
943393,0,52499.0,48356.96,0,0,243.0,1,2017,7,2,0.0,0.0,0.0,0.0,999.0,0.0,0.0,0.0,0.0,0.0,0.0,0.0,0.0,0.0,0.0,0.0,0.0,0.0,0.0,0.0,0.0,0.0,0.0,0.0,0.0,0.0,0.0,0.0,0.0,0.0,0.0,0.0,0.0,0.2122905027932961,59.00756097560976,0,1,0,1,0,0,0,0,1,0,0,3,1,2,1,1,1
945050,0,46819.0,4889.77,0,0,3.0,0,2021,12,1,0.0,0.0,0.0,0.0,999.0,0.0,0.0,0.0,0.0,0.0,0.0,0.0,0.0,0.0,0.0,0.0,0.0,0.0,0.0,0.0,0.0,0.0,0.0,0.0,0.0,0.0,0.0,0.0,0.0,0.0,0.0,0.0,0.0,0.0,59.00756097560976,0,0,1,1,0,0,0,0,1,0,0,3,1,2,1,1,1
946439,1,11276.0,30591.61,0,0,16.0,0,2021,12,4,0.0,0.0,0.0,0.0,999.0,0.0,0.0,0.0,0.0,0.0,0.0,0.0,0.0,0.0,0.0,0.0,0.0,0.0,0.0,0.0,0.0,0.0,0.0,0.0,0.0,0.0,0.0,0.0,0.0,0.0,0.0,0.0,0.0,0.0,59.00756097560976,1,0,0,0,0,0,0,1,0,1,0,3,1,2,1,1,1
946956,0,51808.0,2417.76,0,0,244.0,1,2019,4,5,0.0,0.0,0.0,0.0,999.0,0.0,0.0,0.0,0.0,0.0,0.0,0.0,0.0,0.0,0.0,0.0,0.0,0.0,0.0,0.0,0.0,0.0,0.0,0.0,0.0,0.0,0.0,0.0,0.0,0.0,0.0,0.0,0.0,0.0,59.00756097560976,0,0,1,1,0,0,0,0,0,1,0,3,1,2,1,1,1
947778,1,62864.0,4049.42,0,0,244.0,1,2019,10,0,0.0,0.0,0.0,0.0,999.0,0.0,0.0,0.0,0.0,0.0,0.0,0.0,0.0,0.0,0.0,0.0,0.0,0.0,0.0,0.0,0.0,0.0,0.0,0.0,0.0,0.0,0.0,0.0,0.0,0.0,0.0,0.0,0.0,0.0,59.00756097560976,0,1,0,1,0,0,0,0,0,0,1,3,1,2,1,1,1
948961,1,94303.0,7908.45,0,0,0.0,0,2021,12,1,0.0,0.0,0.0,0.0,999.0,0.0,0.0,0.0,0.0,0.0,0.0,0.0,0.0,0.0,0.0,0.0,0.0,0.0,0.0,0.0,0.0,0.0,0.0,0.0,0.0,0.0,0.0,0.0,0.0,0.0,0.0,0.0,0.0,0.2122905027932961,59.00756097560976,0,1,0,1,0,0,0,0,0,1,0,3,1,2,1,1,1
949628,0,0.0,2563.58,0,0,2352.0,0,2015,7,0,0.0,0.0,0.0,0.0,999.0,0.0,0.0,0.0,0.0,0.0,0.0,0.0,0.0,0.0,0.0,0.0,0.0,0.0,0.0,0.0,0.0,0.0,0.0,0.0,0.0,0.0,0.0,0.0,0.0,0.0,0.0,0.0,0.0,0.2122905027932961,59.00756097560976,0,0,1,0,1,0,0,0,0,1,0,3,1,2,1,1,1
950947,0,15871.0,6838.77,0,0,496.0,1,2017,12,2,0.0,0.0,0.0,0.0,999.0,0.0,0.0,0.0,0.0,0.0,0.0,0.0,0.0,0.0,0.0,0.0,0.0,0.0,0.0,0.0,0.0,0.0,0.0,0.0,0.0,0.0,0.0,0.0,0.0,0.0,0.0,0.0,0.0,0.2122905027932961,59.00756097560976,0,1,0,0,0,1,0,0,0,1,0,3,1,2,1,1,1
950961,0,0.0,7281.44,0,0,3.0,0,2021,12,5,0.0,0.0,0.0,0.0,999.0,0.0,0.0,0.0,0.0,0.0,0.0,0.0,0.0,0.0,0.0,0.0,0.0,0.0,0.0,0.0,0.0,0.0,0.0,0.0,0.0,0.0,0.0,0.0,0.0,0.0,0.0,0.0,0.0,0.0,59.00756097560976,1,0,0,0,1,0,0,0,0,1,0,3,1,2,1,1,1
952163,0,0.0,12779.06,0,0,390.0,1,2018,1,4,0.0,0.0,0.0,0.0,999.0,0.0,0.0,0.0,0.0,0.0,0.0,0.0,0.0,0.0,0.0,0.0,0.0,0.0,0.0,0.0,0.0,0.0,0.0,0.0,0.0,0.0,0.0,0.0,0.0,0.0,0.0,0.0,0.0,0.2122905027932961,59.00756097560976,0,0,1,0,1,0,0,0,0,0,1,3,1,2,1,1,1
952244,1,40105.0,8346.02,0,0,54.0,0,2021,11,2,0.0,0.0,0.0,0.0,999.0,0.0,0.0,0.0,0.0,0.0,0.0,0.0,0.0,0.0,0.0,0.0,0.0,0.0,0.0,0.0,0.0,0.0,0.0,0.0,0.0,0.0,0.0,0.0,0.0,0.0,0.0,0.0,0.0,0.0,59.00756097560976,0,1,0,1,0,0,0,0,1,0,0,3,1,2,1,1,1
952434,1,73661.0,10280.81,0,0,245.0,1,2017,3,4,0.0,0.0,0.0,0.0,999.0,0.0,0.0,0.0,0.0,0.0,0.0,0.0,0.0,0.0,0.0,0.0,0.0,0.0,0.0,0.0,0.0,0.0,0.0,0.0,0.0,0.0,0.0,0.0,0.0,0.0,0.0,0.0,0.0,0.2122905027932961,59.00756097560976,0,1,0,1,0,0,0,0,0,1,0,3,1,2,1,1,1
952859,0,73168.0,5639.94,0,0,62.0,1,2017,5,2,0.0,0.0,0.0,0.0,999.0,0.0,0.0,0.0,0.0,0.0,0.0,0.0,0.0,0.0,0.0,0.0,0.0,0.0,0.0,0.0,0.0,0.0,0.0,0.0,0.0,0.0,0.0,0.0,0.0,0.0,0.0,0.0,0.0,0.2122905027932961,59.00756097560976,1,0,0,1,0,0,0,0,0,1,0,3,1,2,1,1,1
954454,0,22012.0,14472.58,0,0,243.0,1,2018,12,1,0.0,0.0,0.0,0.0,999.0,0.0,0.0,0.0,0.0,0.0,0.0,0.0,0.0,0.0,0.0,0.0,0.0,0.0,0.0,0.0,0.0,0.0,0.0,0.0,0.0,0.0,0.0,0.0,0.0,0.0,0.0,0.0,0.0,0.2122905027932961,59.00756097560976,1,0,0,1,0,0,0,0,0,1,0,3,1,2,1,1,1
954599,0,37995.0,5597.12,0,0,780.0,1,2016,9,1,0.0,0.0,0.0,0.0,999.0,0.0,0.0,0.0,0.0,0.0,0.0,0.0,0.0,0.0,0.0,0.0,0.0,0.0,0.0,0.0,0.0,0.0,0.0,0.0,0.0,0.0,0.0,0.0,0.0,0.0,0.0,0.0,0.0,0.2122905027932961,59.00756097560976,0,0,1,1,0,0,0,0,0,1,0,3,1,2,1,1,1
954773,0,22158.0,2758.33,0,0,1009.0,1,2016,2,2,0.0,0.0,0.0,0.0,999.0,0.0,0.0,0.0,0.0,0.0,0.0,0.0,0.0,0.0,0.0,0.0,0.0,0.0,0.0,0.0,0.0,0.0,0.0,0.0,0.0,0.0,0.0,0.0,0.0,0.0,0.0,0.0,0.0,0.2122905027932961,59.00756097560976,0,0,1,0,0,1,0,0,0,1,0,3,1,2,1,1,1
955138,1,0.0,7545.55,0,0,245.0,1,2018,6,3,0.0,0.0,0.0,0.0,999.0,0.0,0.0,0.0,0.0,0.0,0.0,0.0,0.0,0.0,0.0,0.0,0.0,0.0,0.0,0.0,0.0,0.0,0.0,0.0,0.0,0.0,0.0,0.0,0.0,0.0,0.0,0.0,0.0,0.2122905027932961,59.00756097560976,0,1,0,0,1,0,0,0,0,1,0,3,1,2,1,1,1
956233,1,67326.0,19644.76,0,0,243.0,1,2018,8,4,0.0,0.0,0.0,0.0,999.0,0.0,0.0,0.0,0.0,0.0,0.0,0.0,0.0,0.0,0.0,0.0,0.0,0.0,0.0,0.0,0.0,0.0,0.0,0.0,0.0,0.0,0.0,0.0,0.0,0.0,0.0,0.0,0.0,0.2122905027932961,59.00756097560976,0,1,0,1,0,0,0,0,0,1,0,3,1,2,1,1,1
958869,0,24164.0,10972.07,0,0,1056.0,1,2016,8,0,0.0,0.0,0.0,0.0,999.0,0.0,0.0,0.0,0.0,0.0,0.0,0.0,0.0,0.0,0.0,0.0,0.0,0.0,0.0,0.0,0.0,0.0,0.0,0.0,0.0,0.0,0.0,0.0,0.0,0.0,0.0,0.0,0.0,0.2122905027932961,59.00756097560976,0,0,1,1,0,0,0,0,1,0,0,3,1,2,1,1,1
959027,0,24124.0,7150.11,0,0,47.0,0,2021,11,0,0.0,0.0,0.0,0.0,999.0,0.0,0.0,0.0,0.0,0.0,0.0,0.0,0.0,0.0,0.0,0.0,0.0,0.0,0.0,0.0,0.0,0.0,0.0,0.0,0.0,0.0,0.0,0.0,0.0,0.0,0.0,0.0,0.0,0.0,59.00756097560976,0,0,1,1,0,0,0,0,0,1,0,3,1,2,1,1,1
959179,1,33190.0,33473.35,0,0,935.0,1,2016,12,5,0.0,0.0,0.0,0.0,999.0,0.0,0.0,0.0,0.0,0.0,0.0,0.0,0.0,0.0,0.0,0.0,0.0,0.0,0.0,0.0,0.0,0.0,0.0,0.0,0.0,0.0,0.0,0.0,0.0,0.0,0.0,0.0,0.0,0.2122905027932961,59.00756097560976,0,0,1,1,0,0,0,0,1,0,0,3,1,2,1,1,1
960050,0,97361.0,8622.84,0,0,1098.0,0,2018,12,0,0.0,0.0,0.0,0.0,999.0,0.0,0.0,0.0,0.0,0.0,0.0,0.0,0.0,0.0,0.0,0.0,0.0,0.0,0.0,0.0,0.0,0.0,0.0,0.0,0.0,0.0,0.0,0.0,0.0,0.0,0.0,0.0,0.0,0.2122905027932961,59.00756097560976,1,0,0,1,0,0,0,0,0,0,1,3,1,2,1,1,1
960555,1,17343.0,4607.24,0,0,2196.0,0,2015,12,5,0.0,0.0,0.0,0.0,999.0,0.0,0.0,0.0,0.0,0.0,0.0,0.0,0.0,0.0,0.0,0.0,0.0,0.0,0.0,0.0,0.0,0.0,0.0,0.0,0.0,0.0,0.0,0.0,0.0,0.0,0.0,0.0,0.0,0.2122905027932961,59.00756097560976,0,0,1,0,0,1,0,0,0,0,1,3,1,2,1,1,1
960678,1,0.0,4270.03,0,0,71.0,1,2017,8,4,0.0,0.0,0.0,0.0,999.0,0.0,0.0,0.0,0.0,0.0,0.0,0.0,0.0,0.0,0.0,0.0,0.0,0.0,0.0,0.0,0.0,0.0,0.0,0.0,0.0,0.0,0.0,0.0,0.0,0.0,0.0,0.0,0.0,0.2122905027932961,59.00756097560976,0,0,1,0,1,0,0,0,0,1,0,3,1,2,1,1,1
960761,0,17961.0,13881.04,0,0,2219.0,0,2015,12,0,0.0,0.0,0.0,0.0,999.0,0.0,0.0,0.0,0.0,0.0,0.0,0.0,0.0,0.0,0.0,0.0,0.0,0.0,0.0,0.0,0.0,0.0,0.0,0.0,0.0,0.0,0.0,0.0,0.0,0.0,0.0,0.0,0.0,0.2122905027932961,59.00756097560976,0,0,1,0,0,1,0,0,0,1,0,3,1,2,1,1,1
960959,0,0.0,28824.06,0,0,242.0,1,2018,11,4,0.0,0.0,0.0,0.0,999.0,0.0,0.0,0.0,0.0,0.0,0.0,0.0,0.0,0.0,0.0,0.0,0.0,0.0,0.0,0.0,0.0,0.0,0.0,0.0,0.0,0.0,0.0,0.0,0.0,0.0,0.0,0.0,0.0,0.2122905027932961,59.00756097560976,1,0,0,0,1,0,0,0,0,0,1,3,1,2,1,1,1
961264,0,83879.0,19688.32,1,1,303.0,0,2021,3,2,0.0,0.0,0.0,0.0,999.0,0.0,0.0,0.0,0.0,0.0,0.0,0.0,0.0,0.0,0.0,0.0,0.0,0.0,0.0,0.0,0.0,0.0,0.0,0.0,0.0,0.0,0.0,0.0,0.0,0.0,0.0,0.0,0.0,0.0,59.00756097560976,1,0,0,1,0,0,0,0,0,1,0,3,1,2,1,1,1
961440,1,45173.0,32613.69,0,0,698.0,1,2016,2,1,0.0,0.0,0.0,0.0,999.0,0.0,0.0,0.0,0.0,0.0,0.0,0.0,0.0,0.0,0.0,0.0,0.0,0.0,0.0,0.0,0.0,0.0,0.0,0.0,0.0,0.0,0.0,0.0,0.0,0.0,0.0,0.0,0.0,0.2122905027932961,59.00756097560976,1,0,0,1,0,0,0,0,0,1,0,3,1,2,1,1,1
961455,0,57709.0,5073.28,0,0,484.0,1,2018,8,4,0.0,0.0,0.0,0.0,999.0,0.0,0.0,0.0,0.0,0.0,0.0,0.0,0.0,0.0,0.0,0.0,0.0,0.0,0.0,0.0,0.0,0.0,0.0,0.0,0.0,0.0,0.0,0.0,0.0,0.0,0.0,0.0,0.0,0.2122905027932961,59.00756097560976,0,0,1,1,0,0,0,0,0,1,0,3,1,2,1,1,1
961512,1,65538.0,5799.06,0,0,244.0,1,2017,4,4,0.0,0.0,0.0,0.0,999.0,0.0,0.0,0.0,0.0,0.0,0.0,0.0,0.0,0.0,0.0,0.0,0.0,0.0,0.0,0.0,0.0,0.0,0.0,0.0,0.0,0.0,0.0,0.0,0.0,0.0,0.0,0.0,0.0,0.2122905027932961,59.00756097560976,0,0,1,1,0,0,0,0,0,1,0,3,1,2,1,1,1
962055,1,0.0,4490.6,0,0,2385.0,0,2015,6,2,0.0,0.0,0.0,0.0,999.0,0.0,0.0,0.0,0.0,0.0,0.0,0.0,0.0,0.0,0.0,0.0,0.0,0.0,0.0,0.0,0.0,0.0,0.0,0.0,0.0,0.0,0.0,0.0,0.0,0.0,0.0,0.0,0.0,0.2122905027932961,59.00756097560976,0,0,1,0,1,0,0,0,1,0,0,3,1,2,1,1,1
962480,1,58842.0,4362.93,1,0,271.0,0,2021,4,1,0.0,0.0,0.0,0.0,999.0,0.0,0.0,0.0,0.0,0.0,0.0,0.0,0.0,0.0,0.0,0.0,0.0,0.0,0.0,0.0,0.0,0.0,0.0,0.0,0.0,0.0,0.0,0.0,0.0,0.0,0.0,0.0,0.0,0.0,59.00756097560976,0,1,0,1,0,0,0,0,0,1,0,3,1,2,1,1,1
962600,1,32961.0,15014.09,0,0,309.0,1,2016,12,5,0.0,0.0,0.0,0.0,999.0,0.0,0.0,0.0,0.0,0.0,0.0,0.0,0.0,0.0,0.0,0.0,0.0,0.0,0.0,0.0,0.0,0.0,0.0,0.0,0.0,0.0,0.0,0.0,0.0,0.0,0.0,0.0,0.0,0.2122905027932961,59.00756097560976,0,0,1,1,0,0,0,0,0,1,0,3,1,2,1,1,1
963921,0,24409.0,2427.77,0,0,28.0,0,2021,12,1,0.0,0.0,0.0,0.0,999.0,0.0,0.0,0.0,0.0,0.0,0.0,0.0,0.0,0.0,0.0,0.0,0.0,0.0,0.0,0.0,0.0,0.0,0.0,0.0,0.0,0.0,0.0,0.0,0.0,0.0,0.0,0.0,0.0,0.0,59.00756097560976,0,0,1,1,0,0,0,0,0,1,0,3,1,2,1,1,1
965691,1,20815.0,8106.0,0,0,245.0,1,2018,5,1,0.0,0.0,0.0,0.0,999.0,0.0,0.0,0.0,0.0,0.0,0.0,0.0,0.0,0.0,0.0,0.0,0.0,0.0,0.0,0.0,0.0,0.0,0.0,0.0,0.0,0.0,0.0,0.0,0.0,0.0,0.0,0.0,0.0,0.2122905027932961,59.00756097560976,1,0,0,0,0,0,1,0,0,1,0,3,1,2,1,1,1
966688,1,0.0,4836.39,0,0,377.0,1,2018,11,2,0.0,0.0,0.0,0.0,999.0,0.0,0.0,0.0,0.0,0.0,0.0,0.0,0.0,0.0,0.0,0.0,0.0,0.0,0.0,0.0,0.0,0.0,0.0,0.0,0.0,0.0,0.0,0.0,0.0,0.0,0.0,0.0,0.0,0.2122905027932961,59.00756097560976,0,1,0,0,1,0,0,0,1,0,0,3,1,2,1,1,1
966949,1,86132.0,5505.06,0,0,243.0,1,2016,8,5,0.0,0.0,0.0,0.0,999.0,0.0,0.0,0.0,0.0,0.0,0.0,0.0,0.0,0.0,0.0,0.0,0.0,0.0,0.0,0.0,0.0,0.0,0.0,0.0,0.0,0.0,0.0,0.0,0.0,0.0,0.0,0.0,0.0,0.2122905027932961,59.00756097560976,0,1,0,1,0,0,0,0,0,1,0,3,1,2,1,1,1
967233,1,38893.0,8105.91,0,0,19.0,0,2021,12,5,0.0,0.0,0.0,0.0,999.0,0.0,0.0,0.0,0.0,0.0,0.0,0.0,0.0,0.0,0.0,0.0,0.0,0.0,0.0,0.0,0.0,0.0,0.0,0.0,0.0,0.0,0.0,0.0,0.0,0.0,0.0,0.0,0.0,0.0,59.00756097560976,1,0,0,1,0,0,0,0,0,0,1,3,1,2,1,1,1
967738,0,78387.0,5924.67,0,0,2266.0,0,2015,10,3,0.0,0.0,0.0,0.0,999.0,0.0,0.0,0.0,0.0,0.0,0.0,0.0,0.0,0.0,0.0,0.0,0.0,0.0,0.0,0.0,0.0,0.0,0.0,0.0,0.0,0.0,0.0,0.0,0.0,0.0,0.0,0.0,0.0,0.2122905027932961,59.00756097560976,0,1,0,1,0,0,0,0,0,1,0,3,1,2,1,1,1
967819,1,18047.0,36293.15,0,0,2410.0,0,2015,5,4,0.0,0.0,0.0,0.0,999.0,0.0,0.0,0.0,0.0,0.0,0.0,0.0,0.0,0.0,0.0,0.0,0.0,0.0,0.0,0.0,0.0,0.0,0.0,0.0,0.0,0.0,0.0,0.0,0.0,0.0,0.0,0.0,0.0,0.2122905027932961,59.00756097560976,0,1,0,0,0,0,1,0,0,1,0,3,1,2,1,1,1
968867,0,36631.0,2491.32,0,0,200.0,1,2016,12,1,0.0,0.0,0.0,0.0,999.0,0.0,0.0,0.0,0.0,0.0,0.0,0.0,0.0,0.0,0.0,0.0,0.0,0.0,0.0,0.0,0.0,0.0,0.0,0.0,0.0,0.0,0.0,0.0,0.0,0.0,0.0,0.0,0.0,0.2122905027932961,59.00756097560976,0,0,1,1,0,0,0,0,1,0,0,3,1,2,1,1,1
969800,0,63354.0,8343.41,0,0,18.0,0,2021,12,7,0.0,0.0,0.0,0.0,999.0,0.0,0.0,0.0,0.0,0.0,0.0,0.0,0.0,0.0,0.0,0.0,0.0,0.0,0.0,0.0,0.0,0.0,0.0,0.0,0.0,0.0,0.0,0.0,0.0,0.0,0.0,0.0,0.0,0.0,59.00756097560976,1,0,0,1,0,0,0,0,0,0,1,3,1,2,1,1,1
969860,1,0.0,7607.0,0,0,243.0,1,2017,12,4,0.0,0.0,0.0,0.0,999.0,0.0,0.0,0.0,0.0,0.0,0.0,0.0,0.0,0.0,0.0,0.0,0.0,0.0,0.0,0.0,0.0,0.0,0.0,0.0,0.0,0.0,0.0,0.0,0.0,0.0,0.0,0.0,0.0,0.2122905027932961,59.00756097560976,0,0,1,0,1,0,0,0,0,1,0,3,1,2,1,1,1
970401,0,12876.0,7572.24,0,0,374.0,1,2016,10,1,0.0,0.0,0.0,0.0,999.0,0.0,0.0,0.0,0.0,0.0,0.0,0.0,0.0,0.0,0.0,0.0,0.0,0.0,0.0,0.0,0.0,0.0,0.0,0.0,0.0,0.0,0.0,0.0,0.0,0.0,0.0,0.0,0.0,0.2122905027932961,59.00756097560976,0,1,0,0,0,1,0,0,0,1,0,3,1,2,1,1,1
971030,0,0.0,3692.58,0,0,243.0,1,2018,1,2,0.0,0.0,0.0,0.0,999.0,0.0,0.0,0.0,0.0,0.0,0.0,0.0,0.0,0.0,0.0,0.0,0.0,0.0,0.0,0.0,0.0,0.0,0.0,0.0,0.0,0.0,0.0,0.0,0.0,0.0,0.0,0.0,0.0,0.2122905027932961,59.00756097560976,0,0,1,0,1,0,0,0,0,0,1,3,1,2,1,1,1
971902,1,0.0,4376.08,0,0,668.0,1,2017,1,1,0.0,0.0,0.0,0.0,999.0,0.0,0.0,0.0,0.0,0.0,0.0,0.0,0.0,0.0,0.0,0.0,0.0,0.0,0.0,0.0,0.0,0.0,0.0,0.0,0.0,0.0,0.0,0.0,0.0,0.0,0.0,0.0,0.0,0.2122905027932961,59.00756097560976,0,0,1,0,1,0,0,0,0,1,0,3,1,2,1,1,1
972462,0,0.0,13024.13,1,0,44.0,1,2021,3,1,0.0,0.0,0.0,0.0,999.0,0.0,0.0,0.0,0.0,0.0,0.0,0.0,0.0,0.0,0.0,0.0,0.0,0.0,0.0,0.0,0.0,0.0,0.0,0.0,0.0,0.0,0.0,0.0,0.0,0.0,0.0,0.0,0.0,0.0,59.00756097560976,0,1,0,0,1,0,0,0,0,0,1,3,1,2,1,1,1
973070,0,36576.0,9880.39,0,0,244.0,1,2017,4,1,0.0,0.0,0.0,0.0,999.0,0.0,0.0,0.0,0.0,0.0,0.0,0.0,0.0,0.0,0.0,0.0,0.0,0.0,0.0,0.0,0.0,0.0,0.0,0.0,0.0,0.0,0.0,0.0,0.0,0.0,0.0,0.0,0.0,0.2122905027932961,59.00756097560976,1,0,0,1,0,0,0,0,0,1,0,3,1,2,1,1,1
974189,1,16891.0,3359.29,0,0,2196.0,0,2015,12,3,0.0,0.0,0.0,0.0,999.0,0.0,0.0,0.0,0.0,0.0,0.0,0.0,0.0,0.0,0.0,0.0,0.0,0.0,0.0,0.0,0.0,0.0,0.0,0.0,0.0,0.0,0.0,0.0,0.0,0.0,0.0,0.0,0.0,0.2122905027932961,59.00756097560976,0,1,0,0,0,0,1,0,0,0,1,3,1,2,1,1,1
974738,1,39135.0,10745.98,0,0,245.0,1,2019,5,4,0.0,0.0,0.0,0.0,999.0,0.0,0.0,0.0,0.0,0.0,0.0,0.0,0.0,0.0,0.0,0.0,0.0,0.0,0.0,0.0,0.0,0.0,0.0,0.0,0.0,0.0,0.0,0.0,0.0,0.0,0.0,0.0,0.0,0.0,59.00756097560976,0,0,1,1,0,0,0,0,1,0,0,3,1,2,1,1,1
975212,1,94153.0,13576.14,0,0,5.0,0,2021,12,3,0.0,0.0,0.0,0.0,999.0,0.0,0.0,0.0,0.0,0.0,0.0,0.0,0.0,0.0,0.0,0.0,0.0,0.0,0.0,0.0,0.0,0.0,0.0,0.0,0.0,0.0,0.0,0.0,0.0,0.0,0.0,0.0,0.0,0.0,59.00756097560976,0,0,1,1,0,0,0,0,0,1,0,3,1,2,1,1,1
975692,1,32017.0,4834.8,0,0,11.0,0,2021,12,2,0.0,0.0,0.0,0.0,999.0,0.0,0.0,0.0,0.0,0.0,0.0,0.0,0.0,0.0,0.0,0.0,0.0,0.0,0.0,0.0,0.0,0.0,0.0,0.0,0.0,0.0,0.0,0.0,0.0,0.0,0.0,0.0,0.0,0.0,59.00756097560976,0,1,0,1,0,0,0,0,0,1,0,3,1,2,1,1,1
976831,1,64586.0,2978.85,0,0,245.0,1,2016,5,1,0.0,0.0,0.0,0.0,999.0,0.0,0.0,0.0,0.0,0.0,0.0,0.0,0.0,0.0,0.0,0.0,0.0,0.0,0.0,0.0,0.0,0.0,0.0,0.0,0.0,0.0,0.0,0.0,0.0,0.0,0.0,0.0,0.0,0.2122905027932961,59.00756097560976,0,1,0,1,0,0,0,0,0,0,1,3,1,2,1,1,1
978907,1,63288.0,16107.19,0,0,204.0,1,2019,3,1,0.0,0.0,0.0,0.0,999.0,0.0,0.0,0.0,0.0,0.0,0.0,0.0,0.0,0.0,0.0,0.0,0.0,0.0,0.0,0.0,0.0,0.0,0.0,0.0,0.0,0.0,0.0,0.0,0.0,0.0,0.0,0.0,0.0,0.0,59.00756097560976,1,0,0,1,0,0,0,0,0,1,0,3,1,2,1,1,1
978934,0,0.0,10506.77,0,0,1201.0,1,2016,1,5,0.0,0.0,0.0,0.0,999.0,0.0,0.0,0.0,0.0,0.0,0.0,0.0,0.0,0.0,0.0,0.0,0.0,0.0,0.0,0.0,0.0,0.0,0.0,0.0,0.0,0.0,0.0,0.0,0.0,0.0,0.0,0.0,0.0,0.2122905027932961,59.00756097560976,1,0,0,0,1,0,0,0,0,1,0,3,1,2,1,1,1
979168,1,0.0,6042.62,0,0,333.0,1,2017,11,1,0.0,0.0,0.0,0.0,999.0,0.0,0.0,0.0,0.0,0.0,0.0,0.0,0.0,0.0,0.0,0.0,0.0,0.0,0.0,0.0,0.0,0.0,0.0,0.0,0.0,0.0,0.0,0.0,0.0,0.0,0.0,0.0,0.0,0.2122905027932961,59.00756097560976,1,0,0,0,1,0,0,0,0,0,1,3,1,2,1,1,1
980145,1,29723.0,9162.06,0,0,2205.0,0,2015,12,1,0.0,0.0,0.0,0.0,999.0,0.0,0.0,0.0,0.0,0.0,0.0,0.0,0.0,0.0,0.0,0.0,0.0,0.0,0.0,0.0,0.0,0.0,0.0,0.0,0.0,0.0,0.0,0.0,0.0,0.0,0.0,0.0,0.0,0.2122905027932961,59.00756097560976,0,0,1,0,0,0,1,0,0,1,0,3,1,2,1,1,1
982895,0,71186.0,5399.58,0,0,95.0,1,2017,9,3,0.0,0.0,0.0,0.0,999.0,0.0,0.0,0.0,0.0,0.0,0.0,0.0,0.0,0.0,0.0,0.0,0.0,0.0,0.0,0.0,0.0,0.0,0.0,0.0,0.0,0.0,0.0,0.0,0.0,0.0,0.0,0.0,0.0,0.2122905027932961,59.00756097560976,0,1,0,1,0,0,0,0,0,1,0,3,1,2,1,1,1
983353,1,21124.0,4422.88,0,0,143.0,1,2016,5,4,0.0,0.0,0.0,0.0,999.0,0.0,0.0,0.0,0.0,0.0,0.0,0.0,0.0,0.0,0.0,0.0,0.0,0.0,0.0,0.0,0.0,0.0,0.0,0.0,0.0,0.0,0.0,0.0,0.0,0.0,0.0,0.0,0.0,0.2122905027932961,59.00756097560976,0,1,0,1,0,0,0,0,0,1,0,3,1,2,1,1,1
983440,1,0.0,22305.32,1,0,2426.0,0,2015,5,0,0.0,0.0,0.0,0.0,999.0,0.0,0.0,0.0,0.0,0.0,0.0,0.0,0.0,0.0,0.0,0.0,0.0,0.0,0.0,0.0,0.0,0.0,0.0,0.0,0.0,0.0,0.0,0.0,0.0,0.0,0.0,0.0,0.0,0.2122905027932961,59.00756097560976,1,0,0,0,1,0,0,0,0,1,0,3,1,2,1,1,1
983450,1,35592.0,3245.48,0,0,367.0,1,2017,7,1,0.0,0.0,0.0,0.0,999.0,0.0,0.0,0.0,0.0,0.0,0.0,0.0,0.0,0.0,0.0,0.0,0.0,0.0,0.0,0.0,0.0,0.0,0.0,0.0,0.0,0.0,0.0,0.0,0.0,0.0,0.0,0.0,0.0,0.2122905027932961,59.00756097560976,0,1,0,1,0,0,0,0,0,1,0,3,1,2,1,1,1
983810,1,47528.0,3071.78,0,0,110.0,0,2021,9,1,0.0,0.0,0.0,0.0,999.0,0.0,0.0,0.0,0.0,0.0,0.0,0.0,0.0,0.0,0.0,0.0,0.0,0.0,0.0,0.0,0.0,0.0,0.0,0.0,0.0,0.0,0.0,0.0,0.0,0.0,0.0,0.0,0.0,0.0,59.00756097560976,0,1,0,1,0,0,0,0,0,1,0,3,1,2,1,1,1
984180,1,83220.0,4434.03,0,0,4.0,0,2021,12,3,0.0,0.0,0.0,0.0,999.0,0.0,0.0,0.0,0.0,0.0,0.0,0.0,0.0,0.0,0.0,0.0,0.0,0.0,0.0,0.0,0.0,0.0,0.0,0.0,0.0,0.0,0.0,0.0,0.0,0.0,0.0,0.0,0.0,0.0,59.00756097560976,0,1,0,1,0,0,0,0,0,1,0,3,1,2,1,1,1
984968,0,0.0,9015.92,0,0,215.0,1,2019,1,1,0.0,0.0,0.0,0.0,999.0,0.0,0.0,0.0,0.0,0.0,0.0,0.0,0.0,0.0,0.0,0.0,0.0,0.0,0.0,0.0,0.0,0.0,0.0,0.0,0.0,0.0,0.0,0.0,0.0,0.0,0.0,0.0,0.0,0.0,59.00756097560976,0,0,1,0,1,0,0,0,0,0,1,3,1,2,1,1,1
985622,0,45225.0,4787.81,0,0,244.0,1,2018,4,1,0.0,0.0,0.0,0.0,999.0,0.0,0.0,0.0,0.0,0.0,0.0,0.0,0.0,0.0,0.0,0.0,0.0,0.0,0.0,0.0,0.0,0.0,0.0,0.0,0.0,0.0,0.0,0.0,0.0,0.0,0.0,0.0,0.0,0.2122905027932961,59.00756097560976,0,0,1,1,0,0,0,0,0,0,1,3,1,2,1,1,1
986126,0,0.0,6237.51,0,0,2313.0,0,2015,8,4,0.0,0.0,0.0,0.0,999.0,0.0,0.0,0.0,0.0,0.0,0.0,0.0,0.0,0.0,0.0,0.0,0.0,0.0,0.0,0.0,0.0,0.0,0.0,0.0,0.0,0.0,0.0,0.0,0.0,0.0,0.0,0.0,0.0,0.2122905027932961,59.00756097560976,0,0,1,0,1,0,0,0,0,1,0,3,1,2,1,1,1
988234,0,30761.0,10796.45,0,0,85.0,1,2016,8,1,0.0,0.0,0.0,0.0,999.0,0.0,0.0,0.0,0.0,0.0,0.0,0.0,0.0,0.0,0.0,0.0,0.0,0.0,0.0,0.0,0.0,0.0,0.0,0.0,0.0,0.0,0.0,0.0,0.0,0.0,0.0,0.0,0.0,0.2122905027932961,59.00756097560976,0,0,1,1,0,0,0,0,1,0,0,3,1,2,1,1,1
988552,0,21514.0,11981.98,0,0,245.0,1,2017,6,0,0.0,0.0,0.0,0.0,999.0,0.0,0.0,0.0,0.0,0.0,0.0,0.0,0.0,0.0,0.0,0.0,0.0,0.0,0.0,0.0,0.0,0.0,0.0,0.0,0.0,0.0,0.0,0.0,0.0,0.0,0.0,0.0,0.0,0.2122905027932961,59.00756097560976,1,0,0,0,0,0,0,1,0,1,0,3,1,2,1,1,1
988839,0,43358.0,4878.95,0,0,6.0,0,2021,12,0,0.0,0.0,0.0,0.0,999.0,0.0,0.0,0.0,0.0,0.0,0.0,0.0,0.0,0.0,0.0,0.0,0.0,0.0,0.0,0.0,0.0,0.0,0.0,0.0,0.0,0.0,0.0,0.0,0.0,0.0,0.0,0.0,0.0,0.0,59.00756097560976,0,0,1,1,0,0,0,0,0,1,0,3,1,2,1,1,1
988927,0,21020.0,6185.34,0,0,638.0,1,2018,3,2,0.0,0.0,0.0,0.0,999.0,0.0,0.0,0.0,0.0,0.0,0.0,0.0,0.0,0.0,0.0,0.0,0.0,0.0,0.0,0.0,0.0,0.0,0.0,0.0,0.0,0.0,0.0,0.0,0.0,0.0,0.0,0.0,0.0,0.2122905027932961,59.00756097560976,1,0,0,1,0,0,0,0,1,0,0,3,1,2,1,1,1
989040,0,0.0,2348.03,0,0,54.0,0,2021,11,4,0.0,0.0,0.0,0.0,999.0,0.0,0.0,0.0,0.0,0.0,0.0,0.0,0.0,0.0,0.0,0.0,0.0,0.0,0.0,0.0,0.0,0.0,0.0,0.0,0.0,0.0,0.0,0.0,0.0,0.0,0.0,0.0,0.0,0.0,59.00756097560976,0,0,1,0,1,0,0,0,0,1,0,3,1,2,1,1,1
989081,1,0.0,3530.01,0,0,526.0,1,2016,3,1,0.0,0.0,0.0,0.0,999.0,0.0,0.0,0.0,0.0,0.0,0.0,0.0,0.0,0.0,0.0,0.0,0.0,0.0,0.0,0.0,0.0,0.0,0.0,0.0,0.0,0.0,0.0,0.0,0.0,0.0,0.0,0.0,0.0,0.2122905027932961,59.00756097560976,0,1,0,0,1,0,0,0,0,0,1,3,1,2,1,1,1
989220,1,0.0,2586.81,0,0,39.0,1,2018,1,5,0.0,0.0,0.0,0.0,999.0,0.0,0.0,0.0,0.0,0.0,0.0,0.0,0.0,0.0,0.0,0.0,0.0,0.0,0.0,0.0,0.0,0.0,0.0,0.0,0.0,0.0,0.0,0.0,0.0,0.0,0.0,0.0,0.0,0.2122905027932961,59.00756097560976,0,0,1,0,1,0,0,0,0,1,0,3,1,2,1,1,1
989429,1,84731.0,8874.55,0,0,2431.0,0,2015,5,4,0.0,0.0,0.0,0.0,999.0,0.0,0.0,0.0,0.0,0.0,0.0,0.0,0.0,0.0,0.0,0.0,0.0,0.0,0.0,0.0,0.0,0.0,0.0,0.0,0.0,0.0,0.0,0.0,0.0,0.0,0.0,0.0,0.0,0.2122905027932961,59.00756097560976,0,1,0,1,0,0,0,0,0,1,0,3,1,2,1,1,1
989658,0,28564.0,2999.34,0,0,243.0,1,2018,12,0,0.0,0.0,0.0,0.0,999.0,0.0,0.0,0.0,0.0,0.0,0.0,0.0,0.0,0.0,0.0,0.0,0.0,0.0,0.0,0.0,0.0,0.0,0.0,0.0,0.0,0.0,0.0,0.0,0.0,0.0,0.0,0.0,0.0,0.2122905027932961,59.00756097560976,0,0,1,1,0,0,0,0,0,1,0,3,1,2,1,1,1
990122,1,50886.0,7282.22,0,0,216.0,1,2018,7,2,0.0,0.0,0.0,0.0,999.0,0.0,0.0,0.0,0.0,0.0,0.0,0.0,0.0,0.0,0.0,0.0,0.0,0.0,0.0,0.0,0.0,0.0,0.0,0.0,0.0,0.0,0.0,0.0,0.0,0.0,0.0,0.0,0.0,0.2122905027932961,59.00756097560976,1,0,0,1,0,0,0,0,0,0,1,3,1,2,1,1,1
990947,0,60942.0,2584.82,0,0,2362.0,0,2015,7,4,0.0,0.0,0.0,0.0,999.0,0.0,0.0,0.0,0.0,0.0,0.0,0.0,0.0,0.0,0.0,0.0,0.0,0.0,0.0,0.0,0.0,0.0,0.0,0.0,0.0,0.0,0.0,0.0,0.0,0.0,0.0,0.0,0.0,0.2122905027932961,59.00756097560976,0,0,1,1,0,0,0,0,0,1,0,3,1,2,1,1,1
991275,0,59797.0,15261.41,0,0,548.0,1,2016,6,2,0.0,0.0,0.0,0.0,999.0,0.0,0.0,0.0,0.0,0.0,0.0,0.0,0.0,0.0,0.0,0.0,0.0,0.0,0.0,0.0,0.0,0.0,0.0,0.0,0.0,0.0,0.0,0.0,0.0,0.0,0.0,0.0,0.0,0.2122905027932961,59.00756097560976,1,0,0,1,0,0,0,0,0,1,0,3,1,2,1,1,1
991371,0,30817.0,3436.13,0,0,2364.0,0,2015,7,1,0.0,0.0,0.0,0.0,999.0,0.0,0.0,0.0,0.0,0.0,0.0,0.0,0.0,0.0,0.0,0.0,0.0,0.0,0.0,0.0,0.0,0.0,0.0,0.0,0.0,0.0,0.0,0.0,0.0,0.0,0.0,0.0,0.0,0.2122905027932961,59.00756097560976,0,0,1,1,0,0,0,0,1,0,0,3,1,2,1,1,1
992542,0,49746.0,2369.37,0,0,19.0,0,2021,12,1,0.0,0.0,0.0,0.0,999.0,0.0,0.0,0.0,0.0,0.0,0.0,0.0,0.0,0.0,0.0,0.0,0.0,0.0,0.0,0.0,0.0,0.0,0.0,0.0,0.0,0.0,0.0,0.0,0.0,0.0,0.0,0.0,0.0,0.0,59.00756097560976,0,0,1,1,0,0,0,0,0,0,1,3,1,2,1,1,1
992631,1,17576.0,2722.21,0,0,244.0,1,2018,4,4,0.0,0.0,0.0,0.0,999.0,0.0,0.0,0.0,0.0,0.0,0.0,0.0,0.0,0.0,0.0,0.0,0.0,0.0,0.0,0.0,0.0,0.0,0.0,0.0,0.0,0.0,0.0,0.0,0.0,0.0,0.0,0.0,0.0,0.2122905027932961,59.00756097560976,0,0,1,0,0,0,1,0,0,1,0,3,1,2,1,1,1
993350,0,56274.0,2763.52,1,0,298.0,0,2021,3,5,0.0,0.0,0.0,0.0,999.0,0.0,0.0,0.0,0.0,0.0,0.0,0.0,0.0,0.0,0.0,0.0,0.0,0.0,0.0,0.0,0.0,0.0,0.0,0.0,0.0,0.0,0.0,0.0,0.0,0.0,0.0,0.0,0.0,0.0,59.00756097560976,0,0,1,1,0,0,0,0,0,1,0,3,1,2,1,1,1
994803,1,42696.0,17822.56,0,0,285.0,1,2017,4,2,0.0,0.0,0.0,0.0,999.0,0.0,0.0,0.0,0.0,0.0,0.0,0.0,0.0,0.0,0.0,0.0,0.0,0.0,0.0,0.0,0.0,0.0,0.0,0.0,0.0,0.0,0.0,0.0,0.0,0.0,0.0,0.0,0.0,0.2122905027932961,59.00756097560976,0,1,0,1,0,0,0,0,0,0,1,3,1,2,1,1,1
995079,1,54684.0,13167.61,0,0,1208.0,1,2016,1,1,0.0,0.0,0.0,0.0,999.0,0.0,0.0,0.0,0.0,0.0,0.0,0.0,0.0,0.0,0.0,0.0,0.0,0.0,0.0,0.0,0.0,0.0,0.0,0.0,0.0,0.0,0.0,0.0,0.0,0.0,0.0,0.0,0.0,0.2122905027932961,59.00756097560976,0,0,1,1,0,0,0,0,0,1,0,3,1,2,1,1,1
995404,0,0.0,2430.96,0,0,2251.0,0,2015,11,0,0.0,0.0,0.0,0.0,999.0,0.0,0.0,0.0,0.0,0.0,0.0,0.0,0.0,0.0,0.0,0.0,0.0,0.0,0.0,0.0,0.0,0.0,0.0,0.0,0.0,0.0,0.0,0.0,0.0,0.0,0.0,0.0,0.0,0.2122905027932961,59.00756097560976,0,0,1,0,1,0,0,0,0,0,1,3,1,2,1,1,1
995943,1,35945.0,4139.9,0,0,2355.0,0,2015,7,2,0.0,0.0,0.0,0.0,999.0,0.0,0.0,0.0,0.0,0.0,0.0,0.0,0.0,0.0,0.0,0.0,0.0,0.0,0.0,0.0,0.0,0.0,0.0,0.0,0.0,0.0,0.0,0.0,0.0,0.0,0.0,0.0,0.0,0.2122905027932961,59.00756097560976,0,0,1,1,0,0,0,0,1,0,0,3,1,2,1,1,1
996159,0,95697.0,2471.53,0,0,243.0,1,2018,8,4,0.0,0.0,0.0,0.0,999.0,0.0,0.0,0.0,0.0,0.0,0.0,0.0,0.0,0.0,0.0,0.0,0.0,0.0,0.0,0.0,0.0,0.0,0.0,0.0,0.0,0.0,0.0,0.0,0.0,0.0,0.0,0.0,0.0,0.2122905027932961,59.00756097560976,0,0,1,1,0,0,0,0,0,1,0,3,1,2,1,1,1
996231,0,40348.0,3313.01,1,0,297.0,0,2021,3,3,0.0,0.0,0.0,0.0,999.0,0.0,0.0,0.0,0.0,0.0,0.0,0.0,0.0,0.0,0.0,0.0,0.0,0.0,0.0,0.0,0.0,0.0,0.0,0.0,0.0,0.0,0.0,0.0,0.0,0.0,0.0,0.0,0.0,0.0,59.00756097560976,0,0,1,1,0,0,0,0,0,1,0,3,1,2,1,1,1
997008,0,56005.0,5479.56,0,0,2253.0,0,2015,10,1,0.0,0.0,0.0,0.0,999.0,0.0,0.0,0.0,0.0,0.0,0.0,0.0,0.0,0.0,0.0,0.0,0.0,0.0,0.0,0.0,0.0,0.0,0.0,0.0,0.0,0.0,0.0,0.0,0.0,0.0,0.0,0.0,0.0,0.2122905027932961,59.00756097560976,0,1,0,1,0,0,0,0,0,1,0,3,1,2,1,1,1
997857,0,30817.0,3436.13,0,0,41.0,1,2019,6,3,0.0,0.0,0.0,0.0,999.0,0.0,0.0,0.0,0.0,0.0,0.0,0.0,0.0,0.0,0.0,0.0,0.0,0.0,0.0,0.0,0.0,0.0,0.0,0.0,0.0,0.0,0.0,0.0,0.0,0.0,0.0,0.0,0.0,0.0,59.00756097560976,0,0,1,1,0,0,0,0,1,0,0,3,1,2,1,1,1
997912,1,22828.0,16473.17,0,0,98.0,1,2016,8,4,0.0,0.0,0.0,0.0,999.0,0.0,0.0,0.0,0.0,0.0,0.0,0.0,0.0,0.0,0.0,0.0,0.0,0.0,0.0,0.0,0.0,0.0,0.0,0.0,0.0,0.0,0.0,0.0,0.0,0.0,0.0,0.0,0.0,0.2122905027932961,59.00756097560976,0,0,1,0,0,0,0,1,0,1,0,3,1,2,1,1,1
999143,1,36305.0,4861.37,0,0,243.0,1,2018,7,1,0.0,0.0,0.0,0.0,999.0,0.0,0.0,0.0,0.0,0.0,0.0,0.0,0.0,0.0,0.0,0.0,0.0,0.0,0.0,0.0,0.0,0.0,0.0,0.0,0.0,0.0,0.0,0.0,0.0,0.0,0.0,0.0,0.0,0.2122905027932961,59.00756097560976,0,0,1,1,0,0,0,0,0,1,0,3,1,2,1,1,1
999460,0,0.0,11875.9,0,0,63.0,1,2019,7,2,0.0,0.0,0.0,0.0,999.0,0.0,0.0,0.0,0.0,0.0,0.0,0.0,0.0,0.0,0.0,0.0,0.0,0.0,0.0,0.0,0.0,0.0,0.0,0.0,0.0,0.0,0.0,0.0,0.0,0.0,0.0,0.0,0.0,0.0,59.00756097560976,0,0,1,0,1,0,0,0,0,1,0,3,1,2,1,1,1
999911,1,23506.0,8564.77,0,0,2342.0,0,2015,8,6,0.0,0.0,0.0,0.0,999.0,0.0,0.0,0.0,0.0,0.0,0.0,0.0,0.0,0.0,0.0,0.0,0.0,0.0,0.0,0.0,0.0,0.0,0.0,0.0,0.0,0.0,0.0,0.0,0.0,0.0,0.0,0.0,0.0,0.2122905027932961,59.00756097560976,0,1,0,0,0,1,0,0,0,0,1,3,1,2,1,1,1
999987,0,34148.0,5780.18,0,0,0.0,0,2017,3,3,0.0,0.0,0.0,0.0,999.0,0.0389952000453762,0.0400093395844636,0.0546780522379607,0.0489663289902179,0.0588835656116173,0.0750399232176823,0.0796924853680975,0.0732380877058602,0.0616469223867926,0.0594355192309143,0.0579599989545794,0.0796954677231966,0.0,0.0,0.0,0.0,0.0,0.0,0.0,0.0,0.0,0.0,0.0,0.0,37.0,64.6,0.2342419080068143,0.2150971360718403,0.2122905027932961,59.00756097560976,0,0,1,1,0,0,0,0,0,0,1,3,1,2,1,1,1
999988,1,34148.0,5780.18,0,0,0.0,0,2017,8,4,0.0,0.0,0.0,0.0,999.0,0.0389952000453762,0.0400093395844636,0.0546780522379607,0.0489663289902179,0.0588835656116173,0.0750399232176823,0.0796924853680975,0.0732380877058602,0.0616469223867926,0.0594355192309143,0.0579599989545794,0.0796954677231966,0.0,0.0,0.0,0.0,0.0,0.0,0.0,0.0,0.0,0.0,0.0,0.0,37.0,64.6,0.2342419080068143,0.2150971360718403,0.2122905027932961,59.00756097560976,0,0,1,0,1,0,0,0,0,0,1,3,1,2,1,1,1
999989,1,34148.0,5780.18,0,0,0.0,0,2015,9,1,0.0,0.0,0.0,0.0,999.0,0.0389952000453762,0.0400093395844636,0.0546780522379607,0.0489663289902179,0.0588835656116173,0.0750399232176823,0.0796924853680975,0.0732380877058602,0.0616469223867926,0.0594355192309143,0.0579599989545794,0.0796954677231966,0.0,0.0,0.0,0.0,0.0,0.0,0.0,0.0,0.0,0.0,0.0,0.0,37.0,64.6,0.2342419080068143,0.2150971360718403,0.2122905027932961,59.00756097560976,0,0,1,0,1,0,0,0,0,1,0,3,1,2,1,1,1
999990,0,34148.0,5780.18,0,0,0.0,0,2019,6,3,0.0,0.0,0.0,0.0,999.0,0.0389952000453762,0.0400093395844636,0.0546780522379607,0.0489663289902179,0.0588835656116173,0.0750399232176823,0.0796924853680975,0.0732380877058602,0.0616469223867926,0.0594355192309143,0.0579599989545794,0.0796954677231966,0.0,0.0,0.0,0.0,0.0,0.0,0.0,0.0,0.0,0.0,0.0,0.0,37.0,64.6,0.2342419080068143,0.2150971360718403,0.2122905027932961,59.00756097560976,0,0,1,0,1,0,0,0,0,1,0,3,1,2,1,1,1
999991,0,34148.0,5780.18,0,0,0.0,0,2019,7,3,0.0,0.0,0.0,0.0,999.0,0.0389952000453762,0.0400093395844636,0.0546780522379607,0.0489663289902179,0.0588835656116173,0.0750399232176823,0.0796924853680975,0.0732380877058602,0.0616469223867926,0.0594355192309143,0.0579599989545794,0.0796954677231966,0.0,0.0,0.0,0.0,0.0,0.0,0.0,0.0,0.0,0.0,0.0,0.0,37.0,64.6,0.2342419080068143,0.2150971360718403,0.2122905027932961,59.00756097560976,0,0,1,0,1,0,0,0,0,1,0,3,1,2,1,1,1
999992,1,34148.0,5780.18,0,0,0.0,0,2021,3,1,0.0,0.0,0.0,0.0,999.0,0.0389952000453762,0.0400093395844636,0.0546780522379607,0.0489663289902179,0.0588835656116173,0.0750399232176823,0.0796924853680975,0.0732380877058602,0.0616469223867926,0.0594355192309143,0.0579599989545794,0.0796954677231966,0.0,0.0,0.0,0.0,0.0,0.0,0.0,0.0,0.0,0.0,0.0,0.0,37.0,64.6,0.2342419080068143,0.2150971360718403,0.2122905027932961,59.00756097560976,0,0,1,0,1,0,0,0,0,0,1,3,1,2,1,1,1
999993,0,34148.0,5780.18,0,0,0.0,0,2015,1,5,0.0,0.0,0.0,0.0,999.0,0.0389952000453762,0.0400093395844636,0.0546780522379607,0.0489663289902179,0.0588835656116173,0.0750399232176823,0.0796924853680975,0.0732380877058602,0.0616469223867926,0.0594355192309143,0.0579599989545794,0.0796954677231966,0.0,0.0,0.0,0.0,0.0,0.0,0.0,0.0,0.0,0.0,0.0,0.0,37.0,64.6,0.2342419080068143,0.2150971360718403,0.2122905027932961,59.00756097560976,0,0,1,0,1,0,0,0,0,1,0,3,1,2,1,1,1
999994,0,34148.0,5780.18,0,0,0.0,0,2016,5,4,0.0,0.0,0.0,0.0,999.0,0.0389952000453762,0.0400093395844636,0.0546780522379607,0.0489663289902179,0.0588835656116173,0.0750399232176823,0.0796924853680975,0.0732380877058602,0.0616469223867926,0.0594355192309143,0.0579599989545794,0.0796954677231966,0.0,0.0,0.0,0.0,0.0,0.0,0.0,0.0,0.0,0.0,0.0,0.0,37.0,64.6,0.2342419080068143,0.2150971360718403,0.2122905027932961,59.00756097560976,0,0,1,0,1,0,0,0,0,1,0,3,1,2,1,1,1
999995,0,34148.0,5780.18,0,0,0.0,0,2020,3,4,0.0,0.0,0.0,0.0,999.0,0.0389952000453762,0.0400093395844636,0.0546780522379607,0.0489663289902179,0.0588835656116173,0.0750399232176823,0.0796924853680975,0.0732380877058602,0.0616469223867926,0.0594355192309143,0.0579599989545794,0.0796954677231966,0.0,0.0,0.0,0.0,0.0,0.0,0.0,0.0,0.0,0.0,0.0,0.0,37.0,64.6,0.2342419080068143,0.2150971360718403,0.2122905027932961,59.00756097560976,0,0,1,0,1,0,0,0,0,1,0,3,1,2,1,1,1
999996,0,34148.0,5780.18,0,0,0.0,0,2018,9,1,0.0,0.0,0.0,0.0,999.0,0.0389952000453762,0.0400093395844636,0.0546780522379607,0.0489663289902179,0.0588835656116173,0.0750399232176823,0.0796924853680975,0.0732380877058602,0.0616469223867926,0.0594355192309143,0.0579599989545794,0.0796954677231966,0.0,0.0,0.0,0.0,0.0,0.0,0.0,0.0,0.0,0.0,0.0,0.0,37.0,64.6,0.2342419080068143,0.2150971360718403,0.2122905027932961,59.00756097560976,0,0,1,1,0,0,0,0,0,0,1,3,1,2,1,1,1
999997,1,34148.0,5780.18,0,0,0.0,0,2020,1,3,0.0,0.0,0.0,0.0,999.0,0.0389952000453762,0.0400093395844636,0.0546780522379607,0.0489663289902179,0.0588835656116173,0.0750399232176823,0.0796924853680975,0.0732380877058602,0.0616469223867926,0.0594355192309143,0.0579599989545794,0.0796954677231966,0.0,0.0,0.0,0.0,0.0,0.0,0.0,0.0,0.0,0.0,0.0,0.0,37.0,64.6,0.2342419080068143,0.2150971360718403,0.2122905027932961,59.00756097560976,0,0,1,0,1,0,0,0,0,1,0,3,1,2,1,1,1
999998,1,34148.0,5780.18,0,0,0.0,0,2017,1,4,0.0,0.0,0.0,0.0,999.0,0.0389952000453762,0.0400093395844636,0.0546780522379607,0.0489663289902179,0.0588835656116173,0.0750399232176823,0.0796924853680975,0.0732380877058602,0.0616469223867926,0.0594355192309143,0.0579599989545794,0.0796954677231966,0.0,0.0,0.0,0.0,0.0,0.0,0.0,0.0,0.0,0.0,0.0,0.0,37.0,64.6,0.2342419080068143,0.2150971360718403,0.2122905027932961,59.00756097560976,0,0,1,1,0,0,0,0,0,0,1,3,1,2,1,1,1
999999,1,34148.0,5780.18,0,0,0.0,0,2016,3,5,0.0,0.0,0.0,0.0,999.0,0.0389952000453762,0.0400093395844636,0.0546780522379607,0.0489663289902179,0.0588835656116173,0.0750399232176823,0.0796924853680975,0.0732380877058602,0.0616469223867926,0.0594355192309143,0.0579599989545794,0.0796954677231966,0.0,0.0,0.0,0.0,0.0,0.0,0.0,0.0,0.0,0.0,0.0,0.0,37.0,64.6,0.2342419080068143,0.2150971360718403,0.2122905027932961,59.00756097560976,0,0,1,1,0,0,0,0,0,0,1,3,1,2,1,1,1
